t,M
1,0.9782824071513683
2,0.9616944088217443
3,0.9757364825068364
4,0.9801546570045643
5,0.9822526948680268
6,0.9474863740265737
7,0.981035578746888
8,0.9775861525069386
9,0.9716288032190702
10,0.9746698139023368
11,0.9405262064207105
12,0.9479966845271014
13,0.9475402288468073
14,0.9382778209723408
15,0.9697164039510718
16,0.9717522928800165
17,0.9146042041208932
18,0.8667635591764546
19,0.9671222799163463
20,0.8642186413952125
21,0.92491329051561
22,0.9892451304435549
23,0.9335136282288058
24,0.9297989316747892
25,0.9255279327332289
26,0.9775441110604972
27,0.877975371928997
28,0.9787646101194089
29,0.9889372305323352
30,0.942711293569283
31,0.9236125997485682
32,0.962721671430533
33,0.8101292539074038
34,0.9897287057488513
35,0.9713364270608117
36,0.9733794363178865
37,0.8658583301312169
38,0.988800337347262
39,0.957292264150566
40,0.9466226026008342
41,0.989954265681461
42,0.8805390601637121
43,0.9865587906631665
44,0.8698784677506533
45,0.9671818572755723
46,0.9876236159668298
47,0.9831928484955346
48,0.9514542737788115
49,0.7530089889131681
50,0.9083195805340034
51,0.9672132349828129
52,0.9564938442839879
53,0.9648431096638035
54,0.9819789795408166
55,0.9787351743657371
56,0.8226609775036919
57,0.8528466862582379
58,0.9778481153384565
59,0.9559918654393676
60,0.9778791401221623
61,0.945193027292231
62,0.941526779024397
63,0.9503454050241819
64,0.9815073862378071
65,0.9656772331018347
66,0.9593622193442862
67,0.8241627991487762
68,0.958451669780821
69,0.9368950193326239
70,0.9549878957538732
71,0.9280595729395567
72,0.8889481301237839
73,0.9689040729639983
74,0.9786071151613724
75,0.9643103620849671
76,0.9809980336354017
77,0.9833951444686964
78,0.9333426752007504
79,0.9899962727176872
80,0.8963948703215033
81,0.9036352212903269
82,0.9870491627575092
83,0.940234453941373
84,0.7596609919285952
85,0.9879679125685622
86,0.9788880249500966
87,0.9219183509713339
88,0.9573149921242761
89,0.7349422356495483
90,0.8700324465437532
91,0.9835882762197589
92,0.973429950836051
93,0.9813864371587665
94,0.8999032327702743
95,0.9342568912652207
96,0.8779935244415776
97,0.9204299731755128
98,0.9474167597171778
99,0.9815556386081009
100,0.9312728697029895
101,0.98651813796863
102,0.8653755109450088
103,0.9256565388395374
104,0.9273070294305058
105,0.9293625997013664
106,0.9771788463346467
107,0.9529181138768806
108,0.8540877253003533
109,0.9852808173023777
110,0.9553023105104745
111,0.8583085974321568
112,0.9847651884783378
113,0.8436949437744216
114,0.9011419026288958
115,0.9399279890372829
116,0.9146153554430353
117,0.9431806738445877
118,0.930436741167843
119,0.98901368661364
120,0.8302177011601692
121,0.9098277870276837
122,0.8658245201167134
123,0.910728599638773
124,0.9506881180530332
125,0.9600335771907303
126,0.9204636790011287
127,0.9539164382097648
128,0.9278078484640612
129,0.9637207718619889
130,0.9860015252182989
131,0.9833401525989455
132,0.964765498844993
133,0.9889957972164416
134,0.8386551049290493
135,0.9556535940515285
136,0.986006487882044
137,0.8593476878063523
138,0.9837749223126955
139,0.8750278447210522
140,0.9345370460631675
141,0.9550946644477708
142,0.9297608821477734
143,0.9031966489693003
144,0.9046949411932454
145,0.9214003432931368
146,0.9056983316113844
147,0.9170430318223441
148,0.8342264816914968
149,0.8832339755554056
150,0.9859376831427618
151,0.9574836639970952
152,0.9777431748168315
153,0.9819341782809816
154,0.8801713354231624
155,0.9655328877005245
156,0.9896414792867679
157,0.9583420116682566
158,0.9595771620945897
159,0.9657063899564567
160,0.9827024198805228
161,0.9600301755030157
162,0.9173278675458681
163,0.9178816104330422
164,0.9829036344088469
165,0.9600129709911759
166,0.95208007031336
167,0.9646570495433543
168,0.9596226298576289
169,0.8970020659346823
170,0.9633283421055006
171,0.9644255868079036
172,0.9678073729605388
173,0.9454912767347485
174,0.977334171850354
175,0.9660272185537547
176,0.9809481439070394
177,0.9666099904362895
178,0.9832723498254206
179,0.918242233635984
180,0.9542434476237485
181,0.926831452126543
182,0.9892284019351605
183,0.9566072234317443
184,0.9890040520545325
185,0.8441277164173677
186,0.9890735212942071
187,0.9409048832647557
188,0.9532622937158801
189,0.9082149461330643
190,0.9200187184556996
191,0.9260505516814658
192,0.9836173685247833
193,0.9189637676240409
194,0.8500130731458746
195,0.9539138023452225
196,0.9586525820307095
197,0.9775937153541714
198,0.9721938720195048
199,0.9860254788115281
200,0.9767344392098624
201,0.9236109553453671
202,0.9325388332440769
203,0.9368057094547301
204,0.9427924284996942
205,0.9378712530336772
206,0.8703240725299719
207,0.83715220808639
208,0.9750864309125084
209,0.9896544020459686
210,0.9816768658700339
211,0.9762938038388173
212,0.8708529779128626
213,0.9613940445196193
214,0.9182554503211471
215,0.9122056319561005
216,0.9290422704650309
217,0.8422363924345632
218,0.917967445804727
219,0.8298387080534885
220,0.8885064323276404
221,0.9307173853401168
222,0.875966179457711
223,0.9477344285761513
224,0.9804263121645304
225,0.9872174362679625
226,0.886778969930974
227,0.9697735045808733
228,0.9829707832902187
229,0.9464242313530429
230,0.7512801718584088
231,0.9407160160218335
232,0.9464988865672084
233,0.9166309486260421
234,0.9498518426545225
235,0.9081591694084128
236,0.9111789249894263
237,0.9492558763086302
238,0.9480825210553013
239,0.9895218733086458
240,0.9335549745097254
241,0.9815796732051575
242,0.9899235107986831
243,0.9864677351959804
244,0.9282663835189096
245,0.9488119484407975
246,0.9667303498321131
247,0.7936858411587111
248,0.9077973167087251
249,0.9146686048636243
250,0.9701442461034516
251,0.9853503649387946
252,0.9272248262984087
253,0.9803215297942613
254,0.9214088698648498
255,0.9886534773457195
256,0.9872979941821916
257,0.8591360737499655
258,0.9435975329553152
259,0.9826668757708411
260,0.9051467876440995
261,0.9584162774228213
262,0.8889620090776714
263,0.9377824015588585
264,0.9381970666277881
265,0.9787163439784513
266,0.9723617399320386
267,0.9346077375504706
268,0.980035380374195
269,0.988002076621182
270,0.9768743681286679
271,0.8524757249372172
272,0.9509168957805884
273,0.9771236341003389
274,0.9470849404076601
275,0.9273821372093902
276,0.935950927423676
277,0.9561574630075035
278,0.8412771095451632
279,0.9899436931483737
280,0.9420953945452293
281,0.919468363311942
282,0.9781357807711194
283,0.9829623254472069
284,0.9542831974903176
285,0.9656150930578665
286,0.9878813087593709
287,0.8996276542956702
288,0.9816407415052734
289,0.8092277670364058
290,0.8953115562352573
291,0.9760779906185372
292,0.9624523451241127
293,0.9356478537072873
294,0.9512121658778296
295,0.966622014759927
296,0.8796649944638057
297,0.9892600804350308
298,0.9479215263688825
299,0.9239725869358261
300,0.9889666243336512
301,0.7191712990826505
302,0.9557033311938684
303,0.9610568921027822
304,0.9873678073773721
305,0.9479411148421409
306,0.9479404662387663
307,0.971247050808872
308,0.9608880395548485
309,0.9511174624556009
310,0.9617833508733754
311,0.8889907691815079
312,0.9511865574960559
313,0.9882912871436461
314,0.9652762098853642
315,0.9726656915135522
316,0.971615010957218
317,0.9892616658516382
318,0.9190858955701292
319,0.912686455877209
320,0.9600213039219627
321,0.9871137348888965
322,0.8361659598892734
323,0.9136082805754315
324,0.9530761081004238
325,0.8736766358287679
326,0.9446287968485596
327,0.9828187488565833
328,0.9205718404665146
329,0.8711725083074913
330,0.9365584746876617
331,0.9788785539232233
332,0.9257875535008203
333,0.940254159352397
334,0.9892178333519505
335,0.9177248231107726
336,0.937177177600194
337,0.7469953454350674
338,0.9825358088303217
339,0.9728703377246477
340,0.9656847212222377
341,0.9899970395566874
342,0.8915638603165263
343,0.9634011839020422
344,0.9858911163027398
345,0.923324309731313
346,0.9471810409266397
347,0.9848411013125248
348,0.7216421486080745
349,0.9427159518863055
350,0.9648156292725958
351,0.8831159829645047
352,0.9890393702418105
353,0.9891129374542625
354,0.9438398552433731
355,0.9351454530454054
356,0.9871572162762154
357,0.8465654898103058
358,0.9654551565552012
359,0.9135360529874919
360,0.983712513239498
361,0.9805111076893963
362,0.9410398511964302
363,0.9445353230800011
364,0.9267871058448995
365,0.9862407985153978
366,0.9690580943678274
367,0.9814790659161463
368,0.9661659091414245
369,0.8750479032708139
370,0.9601540745368372
371,0.9537551311926027
372,0.8814848780293857
373,0.9794550194565455
374,0.9280428268270097
375,0.9176214836560228
376,0.9895789774972242
377,0.9778486722236847
378,0.8898506316622606
379,0.8963536130278505
380,0.9754892950052106
381,0.9369383700109266
382,0.934673701112955
383,0.8982938992965933
384,0.9825190006315642
385,0.9827636402896778
386,0.9676682302328202
387,0.9128552657248269
388,0.9682750731762063
389,0.9621745854276169
390,0.9497637784546092
391,0.8504226943008568
392,0.8773193269836722
393,0.9816082028711826
394,0.9187827232613189
395,0.9412810973811875
396,0.9257243785069181
397,0.9000902710032365
398,0.893319781717461
399,0.9029003630533516
400,0.9730092220584645
401,0.9201461101755521
402,0.9722530697301682
403,0.8700632064379117
404,0.965368127784703
405,0.9757984670550586
406,0.9632518712062965
407,0.8421080270799874
408,0.9075562039703939
409,0.9773283744194916
410,0.9784690899817092
411,0.9164842802389597
412,0.9091609786574812
413,0.7552357307222126
414,0.9867534196274389
415,0.9564959683481731
416,0.9084601289937176
417,0.9766287843798601
418,0.9885806488343349
419,0.9541242539466641
420,0.7944692301521068
421,0.7124481372892696
422,0.8573979009731484
423,0.9787450200552555
424,0.9840813575440112
425,0.9026564538034378
426,0.8874692415870525
427,0.8986168406049033
428,0.9412754261062464
429,0.9867212017199384
430,0.9575113336819072
431,0.9744048833165336
432,0.9274168188348809
433,0.945109101642382
434,0.9347424069099697
435,0.9869408486727406
436,0.9578190017834293
437,0.9586310608535319
438,0.9677738042975048
439,0.8048513013203454
440,0.9266906685215142
441,0.9496737728376493
442,0.9872699412177014
443,0.9532236937455364
444,0.9776629614979704
445,0.9894542511019048
446,0.9711473155568393
447,0.9256296525806782
448,0.9840623512251968
449,0.987653686768262
450,0.9382854146966261
451,0.9035287036366421
452,0.9891133737276718
453,0.8723590649565439
454,0.976510405806694
455,0.8012243539314393
456,0.9341537937251283
457,0.9749947068952389
458,0.8683844526634985
459,0.9879937231408064
460,0.9107212715672328
461,0.9596082072260452
462,0.9197767019249182
463,0.9811142454031112
464,0.8047783746091485
465,0.9177920793379117
466,0.9074595018074306
467,0.9601507632665184
468,0.8973982954313438
469,0.8228846953948247
470,0.8622477517070031
471,0.976348094876784
472,0.9886792191131052
473,0.9892498799059546
474,0.9025004121468813
475,0.9213365116713863
476,0.9853359355190461
477,0.9331498722481879
478,0.9576288102805174
479,0.9586835125127304
480,0.9704789428867109
481,0.9509897036711846
482,0.9839338310276433
483,0.9740930298013697
484,0.969479190247622
485,0.9833616248178507
486,0.9898374785391917
487,0.9804695627458937
488,0.9397847182004307
489,0.9898132263845916
490,0.9623601836352189
491,0.970049542168552
492,0.8286304788392599
493,0.9608523484385246
494,0.9043674918364815
495,0.9816855788836049
496,0.9845812684265646
497,0.9722063768517156
498,0.9283560447515288
499,0.9643812350867292
500,0.9894429832539428
501,0.9732307273925649
502,0.9492387173669848
503,0.9801346609912356
504,0.9852066389024096
505,0.9665276471474517
506,0.8366302572551493
507,0.9532109442967367
508,0.9582801743122384
509,0.8024256597792223
510,0.982816777789696
511,0.9898080417538032
512,0.8019037291163852
513,0.9372128955966598
514,0.9847645974026189
515,0.9662168889707847
516,0.9899393647429051
517,0.9509074166787217
518,0.9626896350607107
519,0.8650636494307653
520,0.9647495886513348
521,0.8136283894752733
522,0.9881481945090256
523,0.8718416460715532
524,0.9341688985992443
525,0.9741777810256511
526,0.9510616852328285
527,0.9881502642902412
528,0.953902781533625
529,0.9899660494045606
530,0.9525545676688353
531,0.9834419110561993
532,0.8806683788970778
533,0.9700708980227092
534,0.9312765144810532
535,0.8125229845977271
536,0.9883084844792835
537,0.9786149238120897
538,0.9213416060525467
539,0.988345347541881
540,0.6423668243298216
541,0.9001846373480163
542,0.967248336183363
543,0.9666078763117815
544,0.9899315005206589
545,0.931731422087497
546,0.8484809016015961
547,0.9674850385267562
548,0.8656933477931125
549,0.8979115778546236
550,0.8546450095198745
551,0.873340051799418
552,0.9071258212539133
553,0.9866980001854438
554,0.9488779519083975
555,0.9692790319550992
556,0.9534000317038457
557,0.9857291159836065
558,0.9375555962792003
559,0.9742196001388012
560,0.8506701740485525
561,0.8355790258534322
562,0.8605680684560947
563,0.9472800706122713
564,0.9873254067676386
565,0.9582184406759704
566,0.9899671022032001
567,0.9184284727423278
568,0.9117053655570436
569,0.9785468751782755
570,0.9140773051699207
571,0.9710317867516104
572,0.9897142990669697
573,0.9184223685532087
574,0.8579095537422925
575,0.9875147932490391
576,0.9767886709253212
577,0.9381383978389258
578,0.8672805424651402
579,0.9583391608758905
580,0.9199229361860372
581,0.9664349149381756
582,0.9855015933127869
583,0.9666692169476809
584,0.8242042863178256
585,0.9396718263952537
586,0.9295985358891926
587,0.8361811739884706
588,0.9665087883230532
589,0.9316008423870501
590,0.939992286168624
591,0.7758322917603919
592,0.8623469864862743
593,0.9590813747152485
594,0.9666893815493752
595,0.9830298228763519
596,0.987377620299382
597,0.9203628418701642
598,0.9875694166382856
599,0.9708398682691399
600,0.8323885478063638
601,0.8622267695673086
602,0.9787438809417104
603,0.9869314040975431
604,0.9797737945760139
605,0.9808783360243221
606,0.9235105039813943
607,0.9874232805067574
608,0.8521210646701217
609,0.9763524439908081
610,0.9412976000101748
611,0.912121138993721
612,0.9594039546420253
613,0.8644274134832466
614,0.8330830319862641
615,0.9316722902794538
616,0.9872161614857263
617,0.9858250608330359
618,0.8371665298465385
619,0.8990519810397233
620,0.972868457324042
621,0.9785407175760259
622,0.9272659011979164
623,0.9632303947329743
624,0.8833844178906707
625,0.9808641845310101
626,0.9523569332489921
627,0.969183355928427
628,0.9857031430002426
629,0.970932519524407
630,0.9390080831322073
631,0.8905270087390101
632,0.9463746325216208
633,0.9725787590063193
634,0.981732307242639
635,0.9713385814232771
636,0.9534267559644919
637,0.8764350775026957
638,0.6852082083684584
639,0.9428819871853822
640,0.9657135619083707
641,0.9775621321537338
642,0.9783808486041018
643,0.929898336405498
644,0.9899066826559283
645,0.8670531428118331
646,0.9899828962095538
647,0.9528766363646133
648,0.8302027396425741
649,0.9676966229204467
650,0.9156817961569342
651,0.9790512487242508
652,0.8691263445996277
653,0.9859022124658772
654,0.9810670868651861
655,0.9891439851994395
656,0.980088021803292
657,0.8896748345144814
658,0.9834831041006502
659,0.9517008923660949
660,0.9519215271238681
661,0.8859532665316098
662,0.8775213304389776
663,0.9605792610890486
664,0.8776276820288555
665,0.9855931044313658
666,0.9175385773643266
667,0.9556852759340252
668,0.974805922444994
669,0.8987503404640048
670,0.9897728001174656
671,0.9020199117163267
672,0.9853411570561575
673,0.9465194185045452
674,0.9572887981663938
675,0.9600705409381545
676,0.9189724865716301
677,0.9155903500085495
678,0.9450499960119979
679,0.989311206009568
680,0.9005972908409419
681,0.9488190967206536
682,0.8746229495775799
683,0.9831980352321157
684,0.8248337408886665
685,0.989799629872228
686,0.886140137015545
687,0.7450222684041441
688,0.9540227821027671
689,0.9380974922278215
690,0.9492931498546129
691,0.9372253421480753
692,0.9846475349339201
693,0.9587540863791605
694,0.9365706819755779
695,0.8896155973250244
696,0.9117777359472673
697,0.9813776798471134
698,0.9540983238807832
699,0.9595801265841629
700,0.9560196908707431
701,0.969652826245987
702,0.9271521059254376
703,0.9513814737506453
704,0.9522861785863257
705,0.9890751322783629
706,0.9883165255036674
707,0.929324163553668
708,0.9360107465661986
709,0.9818138693308255
710,0.9667216061679851
711,0.9878442343113011
712,0.9891710855807864
713,0.973220948291243
714,0.8978952675846525
715,0.9392460316221566
716,0.9621118622470405
717,0.9840195125238242
718,0.9811638018423857
719,0.9266822292992944
720,0.9828764983901047
721,0.9557377516851286
722,0.9710011201330412
723,0.9792225486839746
724,0.7499765417860357
725,0.9309650981469074
726,0.9273762131217569
727,0.9087885975744654
728,0.9876881925951181
729,0.8279719731714604
730,0.8899149559548913
731,0.9892265209218805
732,0.9730332916195827
733,0.9782602736851004
734,0.9463044930838113
735,0.9899685079335091
736,0.9881488170304218
737,0.9865640493014097
738,0.9844327721294259
739,0.9612562253855311
740,0.9896891615713351
741,0.921193171662428
742,0.9486350820319431
743,0.9536479834047713
744,0.9758558395055773
745,0.9884323248801342
746,0.9611212808263182
747,0.8545193988268123
748,0.8710936294821925
749,0.9558252161846582
750,0.8982074933921703
751,0.9818423190901336
752,0.9864938331020489
753,0.9462643622489383
754,0.989999963455642
755,0.9842642635030308
756,0.9009420759496888
757,0.9695773618380924
758,0.8763392616415542
759,0.9190513548725676
760,0.9405851837561472
761,0.9447820000769438
762,0.8895013402379174
763,0.966335268858401
764,0.9751327110381545
765,0.9895018271379658
766,0.9713188520534722
767,0.9859154459269158
768,0.9589530836821871
769,0.9759995329822284
770,0.9790520412969453
771,0.9832991075323791
772,0.9649681174136696
773,0.9188604307606023
774,0.9356147422522056
775,0.9235908432144732
776,0.841073831297735
777,0.9402470243935759
778,0.9624542499525811
779,0.9801569087188994
780,0.952909859393191
781,0.9591038085824706
782,0.9780377806313528
783,0.6735768937525216
784,0.8997135397066593
785,0.9764560909541381
786,0.9492222151058113
787,0.9552928032263589
788,0.9448810429065038
789,0.9533077029414071
790,0.9262607533902137
791,0.9537737071464483
792,0.9572426841013386
793,0.920263456624521
794,0.9898312001830157
795,0.8152064281216965
796,0.9684448199372103
797,0.855489880002893
798,0.9143588724311639
799,0.9563068522465613
800,0.9813170259787736
801,0.9707188361608264
802,0.97604752983487
803,0.7170206634866257
804,0.984611467706397
805,0.9286256788665818
806,0.9871532230717383
807,0.9895795635111654
808,0.9240038869597136
809,0.8883447162384839
810,0.8791443005220476
811,0.8889433049100475
812,0.8839235212882945
813,0.9433790417708422
814,0.8847984007262881
815,0.9644921636405744
816,0.938915948015703
817,0.9773529574841978
818,0.9778766189651378
819,0.9357221592461394
820,0.9220928243741271
821,0.9546499996929906
822,0.9664484927431942
823,0.9509133333760305
824,0.9610187822036625
825,0.9615455191642436
826,0.924491155824625
827,0.9526528793676965
828,0.9558550794235405
829,0.921272886193024
830,0.9580904943890733
831,0.9241122351062225
832,0.9397335092227952
833,0.9758744329206843
834,0.9655338279428699
835,0.8947454642736002
836,0.9242489941111292
837,0.9407269567316354
838,0.6560661723028866
839,0.971776818764238
840,0.9324768029585514
841,0.9434257516814362
842,0.9724848256776362
843,0.9857926076306754
844,0.9897812137564312
845,0.9546963643325111
846,0.883009047304981
847,0.9691074541588615
848,0.8585232583993967
849,0.968127462377066
850,0.8582498362235605
851,0.9240506689261122
852,0.9730242312823706
853,0.8461506049739317
854,0.9602668302884969
855,0.9887358913470458
856,0.8195517118292507
857,0.9806173174319927
858,0.8889069980096304
859,0.9899040662180706
860,0.9357084999753726
861,0.9768159096572595
862,0.7326741049322002
863,0.9899945125507673
864,0.947121349762983
865,0.8900086255497913
866,0.9896092032136982
867,0.9651629459617556
868,0.9672875990021337
869,0.9562786210403829
870,0.9757286454214
871,0.9896986202287069
872,0.9452082160700408
873,0.9229130453370804
874,0.9302353817705389
875,0.9140234633925765
876,0.9348046502160743
877,0.9215750168844644
878,0.9354264231416574
879,0.9534220761327467
880,0.9335058868293488
881,0.9564664854295847
882,0.9316165415142269
883,0.9714010224184637
884,0.9589538600538007
885,0.9363056059137449
886,0.9720724381211171
887,0.969114996463992
888,0.9832856659701175
889,0.9589813516537087
890,0.9090219528393855
891,0.911498229192183
892,0.9789525756630438
893,0.96153054826573
894,0.9565319213188219
895,0.9243910795041935
896,0.9500068228622773
897,0.9812452793861457
898,0.9682021199121973
899,0.9822114533040287
900,0.9865283262194898
901,0.8051850164283347
902,0.9456564583303857
903,0.9519935853777693
904,0.9712010916431807
905,0.9890245557397171
906,0.9773209960959713
907,0.9640894675762736
908,0.9308675921260555
909,0.9554469368528749
910,0.9404691752600808
911,0.92612111639761
912,0.8632757347487927
913,0.8967978752162294
914,0.9899997344661896
915,0.9019293916948087
916,0.9855849653817319
917,0.8609852097094437
918,0.939387845817805
919,0.988809211888126
920,0.9522797522366213
921,0.9848714404724036
922,0.9218078973123213
923,0.9556080160763479
924,0.9565251436645889
925,0.9797786377449149
926,0.9832194489718151
927,0.9461263905201688
928,0.9493849387771496
929,0.9679509784415241
930,0.9177041219496157
931,0.8805956748858546
932,0.9530180704236435
933,0.9741361276256448
934,0.8542023075115823
935,0.8533724158753565
936,0.9838716505159056
937,0.9095303897268902
938,0.9552853256345406
939,0.9807412232387152
940,0.9063610173751516
941,0.9837066958995729
942,0.8910409892368785
943,0.9778175356155572
944,0.7636406895284826
945,0.9741501734069637
946,0.9777666943358309
947,0.8749152206694158
948,0.9490488048187915
949,0.9250980249805952
950,0.939296110350745
951,0.9607094937285791
952,0.9394499286894206
953,0.9763810858246993
954,0.942370000453894
955,0.9659534687005525
956,0.8753334029789879
957,0.9190344125469725
958,0.9206884329536642
959,0.9735809034517073
960,0.818282160227697
961,0.9892691321085688
962,0.8921546117868568
963,0.9889728660999819
964,0.9673925895121388
965,0.9726532919886983
966,0.9732788979624731
967,0.8780171402623463
968,0.8906471812271883
969,0.9819902844054391
970,0.9142713246574559
971,0.9811155974441248
972,0.9564427713364785
973,0.841103423575754
974,0.9534274765818328
975,0.9338284344630946
976,0.9750253995380752
977,0.9792318598210698
978,0.9520729421874706
979,0.9486767667189278
980,0.9766180977704285
981,0.9895333041714
982,0.8927497117680869
983,0.9834729105158174
984,0.9594189605976796
985,0.971966881565343
986,0.9604164865536845
987,0.9520151998112661
988,0.9545010414023476
989,0.8395469354468267
990,0.9847050856650051
991,0.984145995606348
992,0.885968133721219
993,0.9732683313132237
994,0.9709234292218742
995,0.9845835552222014
996,0.9714861665554779
997,0.9696162572273743
998,0.9895035589213574
999,0.9360957191061549
1000,0.9535661816168398
1001,0.9395520637171678
1002,0.9895151014961865
1003,0.9725176431487955
1004,0.9241255761939368
1005,0.9640270294088173
1006,0.9795532464000297
1007,0.9787181201136267
1008,0.9839281589949758
1009,0.9103578007298655
1010,0.9791798423215956
1011,0.8881743270276573
1012,0.8917756417470785
1013,0.9865610173405126
1014,0.9867513015684839
1015,0.9398257841325368
1016,0.9634135314846025
1017,0.956963709574374
1018,0.959240156045904
1019,0.9804135538948795
1020,0.9566169530135165
1021,0.9874225831537765
1022,0.9673836184916246
1023,0.9858718798763744
1024,0.9800449727838919
1025,0.9650184708905727
1026,0.9140026785846004
1027,0.9782567454793645
1028,0.8939638309749617
1029,0.8129764869174977
1030,0.9886595156224091
1031,0.8485610065164088
1032,0.9718955032488173
1033,0.9894459942385494
1034,0.9622804303949648
1035,0.9672227696801851
1036,0.9875637027157168
1037,0.9720606470980697
1038,0.966420038655612
1039,0.8738767386962787
1040,0.9283702527997216
1041,0.9664147756085563
1042,0.9816252989263591
1043,0.9652960366893277
1044,0.8943014790173147
1045,0.9408909156194
1046,0.97470325634459
1047,0.9610413525648575
1048,0.97546043042194
1049,0.9064036526017579
1050,0.9327141681482731
1051,0.9899915675376167
1052,0.9109404780508912
1053,0.9479992443506823
1054,0.8211858378897353
1055,0.9829240437826745
1056,0.9629176449746538
1057,0.9534204126026803
1058,0.9428851780524321
1059,0.958119992013314
1060,0.9445782938862636
1061,0.9868383848525354
1062,0.9672006227521315
1063,0.8795750132895146
1064,0.9758516682357025
1065,0.8882110372992801
1066,0.9651441943015937
1067,0.9899826981039003
1068,0.9781731448218978
1069,0.9336743434899434
1070,0.9375074959417837
1071,0.9099871564168576
1072,0.9794734897399346
1073,0.8853723987523486
1074,0.9554676152230068
1075,0.9202352478047598
1076,0.9886858461707911
1077,0.9627178701962346
1078,0.9858293056664149
1079,0.9572553844924947
1080,0.9064406381918495
1081,0.9548572267690086
1082,0.9421120273591151
1083,0.9422461274860555
1084,0.9683532368973883
1085,0.8926150081887115
1086,0.9557145372144449
1087,0.9830833513391805
1088,0.9625720097648686
1089,0.9554580040895964
1090,0.980140402752653
1091,0.9879688494128159
1092,0.9721065713406968
1093,0.855627291140906
1094,0.9783323363208701
1095,0.9528813114487934
1096,0.9461348574036288
1097,0.895690974376068
1098,0.9606406908524129
1099,0.9418974674477832
1100,0.9763773991489849
1101,0.8962863819537402
1102,0.8773907929445277
1103,0.9749971443388733
1104,0.9735754471443193
1105,0.9717466331466705
1106,0.9823010222674453
1107,0.9527113396274062
1108,0.9834799381801709
1109,0.9571509579951214
1110,0.9743289335996099
1111,0.9181975369923612
1112,0.8991845276068234
1113,0.9459686338002358
1114,0.8698662247818342
1115,0.895744206998333
1116,0.8364334074705909
1117,0.975486095501178
1118,0.9694975783843827
1119,0.9465456972459709
1120,0.9802042679430119
1121,0.9379663630378207
1122,0.9849308049492913
1123,0.8489808165624554
1124,0.987929826473416
1125,0.9610835685295354
1126,0.9442736497010576
1127,0.8437154952452292
1128,0.9692096313486315
1129,0.9184595069196395
1130,0.8806922067489074
1131,0.982757662550973
1132,0.9383550353665129
1133,0.9846879811133998
1134,0.9647386905724454
1135,0.9631143647406107
1136,0.9503319571385609
1137,0.951576628447413
1138,0.9569295078805136
1139,0.966574560506624
1140,0.9349764798735787
1141,0.9716217034495974
1142,0.9789446004119978
1143,0.9787812640880987
1144,0.9812442382483482
1145,0.9405624700810786
1146,0.9855235302395633
1147,0.9835648411687744
1148,0.9186290266323399
1149,0.9885864290908207
1150,0.9891250890041315
1151,0.9691813112653271
1152,0.9518370443178644
1153,0.9675408380484628
1154,0.9727559894886445
1155,0.9894174009173741
1156,0.9897541984494646
1157,0.9805715753726666
1158,0.9503294342197273
1159,0.9726514524711535
1160,0.9347551799378812
1161,0.954900114115283
1162,0.8089973837832422
1163,0.9256150708117903
1164,0.9899982099036287
1165,0.8254037437877961
1166,0.9323559627085047
1167,0.9679949339437802
1168,0.9743414428956754
1169,0.9293792172970173
1170,0.8958688099754355
1171,0.8307083367162512
1172,0.9039547076142621
1173,0.9835873773175068
1174,0.9565168331745713
1175,0.8686765558655746
1176,0.8845453753491276
1177,0.9126290552997822
1178,0.9594988242483079
1179,0.9247935682672537
1180,0.988714570208784
1181,0.956391343864825
1182,0.9897061033639563
1183,0.9715939690350868
1184,0.9045821510328537
1185,0.987106317033591
1186,0.8996026595469603
1187,0.9881403861733498
1188,0.9818316807518495
1189,0.9732510032673157
1190,0.9889036608865938
1191,0.9507627489631969
1192,0.9894820276571827
1193,0.9216544672237789
1194,0.9462248582426921
1195,0.9516224851261268
1196,0.9728724314563599
1197,0.9776374085644479
1198,0.9817111403508446
1199,0.9713163515490433
1200,0.939001420794174
1201,0.8918204018450938
1202,0.9630685181700717
1203,0.9417152860209681
1204,0.9280365536417938
1205,0.975144896647923
1206,0.961806471533665
1207,0.9196977251826042
1208,0.9404714242000872
1209,0.9294633222650721
1210,0.9566436478299263
1211,0.9762356492965079
1212,0.9889303832924211
1213,0.9787581238784647
1214,0.9571064114477307
1215,0.9827646006857259
1216,0.9803083569840834
1217,0.8982592279020813
1218,0.9812950527514697
1219,0.9859193926908422
1220,0.7780605602095394
1221,0.9550126298232043
1222,0.9896518356536927
1223,0.9718273572661064
1224,0.9214652823850018
1225,0.9771873402600179
1226,0.9565293844600523
1227,0.9513452051499175
1228,0.8154070102133879
1229,0.9421298261727811
1230,0.9548489399498162
1231,0.9806520175817618
1232,0.9776597301384282
1233,0.9331042416997963
1234,0.9608098443133578
1235,0.9637395240655153
1236,0.9819810324395002
1237,0.8965666959504344
1238,0.9410817519292168
1239,0.7190669608972758
1240,0.9670431591771433
1241,0.9821730313759985
1242,0.987871954720444
1243,0.9263501584659357
1244,0.942828023730881
1245,0.9692693203067613
1246,0.8875179815083151
1247,0.9430996756823758
1248,0.972277344306578
1249,0.9763525965367028
1250,0.9698397480072646
1251,0.9601873520714809
1252,0.9895365324463828
1253,0.9519062823669848
1254,0.9330479992836118
1255,0.9745011160789943
1256,0.9338814895666583
1257,0.9748553615612148
1258,0.9494794204167702
1259,0.9768866637969505
1260,0.9838707782437571
1261,0.9425463736503439
1262,0.9805503376688562
1263,0.9783047299970508
1264,0.9536709426093014
1265,0.9895340739728213
1266,0.9490529574603338
1267,0.9729920221797967
1268,0.9748755105047555
1269,0.9884269635043069
1270,0.6717606050877047
1271,0.723469697895876
1272,0.9023956093104785
1273,0.9758749455745006
1274,0.9888408514750743
1275,0.9814151089419278
1276,0.8244035615850783
1277,0.9424897755164942
1278,0.9757212253395642
1279,0.9824663528706169
1280,0.8568612022420958
1281,0.9878430775466401
1282,0.9159052516676089
1283,0.9546595905536294
1284,0.9836387585882395
1285,0.9211342840672112
1286,0.9893639913198033
1287,0.8268078497826479
1288,0.9270911284343659
1289,0.8538145362241286
1290,0.8555721957353557
1291,0.9372441153222933
1292,0.9820636769827634
1293,0.9469425095836262
1294,0.9212355442953313
1295,0.9749011312410207
1296,0.9468252038219518
1297,0.9242558679642985
1298,0.9685356315393808
1299,0.8983744082103775
1300,0.94934728467355
1301,0.9435600241652723
1302,0.9859542332879516
1303,0.8361976284959911
1304,0.9272278250205307
1305,0.9676120073065099
1306,0.9291936861206361
1307,0.9717692445297192
1308,0.9626004646263518
1309,0.9017506457595413
1310,0.9120746480363369
1311,0.9203476959254291
1312,0.8935666867279904
1313,0.9369259627473484
1314,0.9488705120033322
1315,0.8655670027739631
1316,0.8867767852237652
1317,0.8707436983217129
1318,0.9879706325991846
1319,0.9629399268892305
1320,0.9637660661423644
1321,0.9408208483982178
1322,0.9347313132339744
1323,0.8034106987466717
1324,0.9245728996287312
1325,0.968146436329907
1326,0.9728796469168776
1327,0.9829889774935983
1328,0.9711853587511049
1329,0.8774286828063051
1330,0.9369799100300086
1331,0.9300348648143368
1332,0.9877937827330302
1333,0.9550210424022583
1334,0.9196207603422046
1335,0.9369518378899412
1336,0.9813309113125084
1337,0.9256800846314782
1338,0.8887325928157773
1339,0.933178450821999
1340,0.8863692671746447
1341,0.8829529065165798
1342,0.9639315743075526
1343,0.9424711441901253
1344,0.975271743361304
1345,0.8861439089527595
1346,0.9891465240942408
1347,0.9558467978412395
1348,0.9258862098687146
1349,0.9342168229237277
1350,0.9746910953734926
1351,0.9696828011656669
1352,0.9884643435250409
1353,0.9523213854448845
1354,0.9333885655008325
1355,0.890975605460556
1356,0.9885903534700738
1357,0.9003827201454613
1358,0.9891709104959974
1359,0.8567995212201074
1360,0.928085854790775
1361,0.9640650004199239
1362,0.9754622555786648
1363,0.9885779593184519
1364,0.9671805403119073
1365,0.9363477280936516
1366,0.8508172876111996
1367,0.8973850606163503
1368,0.9701607110314425
1369,0.8496619719129554
1370,0.9888107766524277
1371,0.8155186723049034
1372,0.9272609598265534
1373,0.914060870509501
1374,0.8554014015611838
1375,0.8408937734315065
1376,0.9062587408834153
1377,0.9850544995784692
1378,0.9610526937186149
1379,0.9475400003192728
1380,0.8962909768977931
1381,0.9864077350227459
1382,0.9277238973202103
1383,0.9877194075171595
1384,0.9801013450009075
1385,0.9305863291309174
1386,0.9213373524856658
1387,0.9728736038423426
1388,0.9762825013575158
1389,0.946504585847533
1390,0.9833502556172181
1391,0.9405237772323675
1392,0.8961924808485922
1393,0.9692777515838036
1394,0.9877866024151015
1395,0.884836327592374
1396,0.91552377119466
1397,0.9405177364667751
1398,0.9586356439533821
1399,0.9411778141395143
1400,0.9676192646722334
1401,0.9614603161126462
1402,0.9576582424881069
1403,0.9780015642300285
1404,0.9826772928255778
1405,0.9622596518297873
1406,0.9167959709013851
1407,0.9530598491086637
1408,0.968554701590699
1409,0.9033384273459069
1410,0.8839122081236593
1411,0.9889637208096943
1412,0.9896872220575638
1413,0.9560884797129499
1414,0.9830355519341832
1415,0.9774597924024004
1416,0.9093777817852724
1417,0.9667983441014478
1418,0.9600975706706191
1419,0.9574096042229376
1420,0.9877348237390108
1421,0.9716602927514724
1422,0.9053524730748063
1423,0.9775335606771098
1424,0.98962533368765
1425,0.9680068312801662
1426,0.8883554393974534
1427,0.9268690812981525
1428,0.9877841976702567
1429,0.9824568571478346
1430,0.9460779533168374
1431,0.955836289855223
1432,0.9776577629218588
1433,0.9898640229129008
1434,0.9898129407048214
1435,0.9325460107365352
1436,0.9827673132691369
1437,0.9592638574822818
1438,0.9681292288617364
1439,0.9582647520442489
1440,0.9042941259689642
1441,0.6733345806333342
1442,0.9776537497035432
1443,0.9745999194057567
1444,0.9721775317739805
1445,0.9750620491765961
1446,0.9698240916309937
1447,0.98249659608459
1448,0.9814269785187864
1449,0.9603902608401677
1450,0.9136676964987331
1451,0.9797990426281479
1452,0.8777440396352416
1453,0.939175630617804
1454,0.9727885505154753
1455,0.9702499786511188
1456,0.8578565250516028
1457,0.9136708507845868
1458,0.9353094109741775
1459,0.9815238723620004
1460,0.9820674372804711
1461,0.9865688510559955
1462,0.9218765064194566
1463,0.9857943148080508
1464,0.9540502257352916
1465,0.9715073407503135
1466,0.8983858050412755
1467,0.9090153558228367
1468,0.943657947061328
1469,0.9899510154725794
1470,0.9677026467970886
1471,0.9366553471551136
1472,0.9776388931007549
1473,0.8874213675756125
1474,0.9040389045689156
1475,0.7415209662415739
1476,0.9412736745175491
1477,0.9240454787546185
1478,0.9417041770766749
1479,0.9492703763353507
1480,0.9057028222558363
1481,0.946003591811046
1482,0.9678778188302519
1483,0.979700771719727
1484,0.933128963807039
1485,0.7800793393191309
1486,0.9596621174384267
1487,0.947770236803493
1488,0.9882086705679375
1489,0.987611444206583
1490,0.9167799162020394
1491,0.8760553816720742
1492,0.9840227329207945
1493,0.9252176806304735
1494,0.9895563272266047
1495,0.9735474197673033
1496,0.7967483900792932
1497,0.9249841472747634
1498,0.8823158746702933
1499,0.9481672026966999
1500,0.9430028871836229
1501,0.9336201360889641
1502,0.8963009601749914
1503,0.8232120210600626
1504,0.9671709290284152
1505,0.9730535731432987
1506,0.9786898840256508
1507,0.9224515153410735
1508,0.9716685209128086
1509,0.9750200613271143
1510,0.9678515867717938
1511,0.9653078107020421
1512,0.9899837754470731
1513,0.9689526548762765
1514,0.9377473844948225
1515,0.9053183914242828
1516,0.9830156725618333
1517,0.8104142369275414
1518,0.8777026796318401
1519,0.9235831187418986
1520,0.9778565208282882
1521,0.9623136433142271
1522,0.9394796836794433
1523,0.9151558653953503
1524,0.9578300990622315
1525,0.9611153294900373
1526,0.9240739513532858
1527,0.9422829473697989
1528,0.8911514309192937
1529,0.9505798553981626
1530,0.8950057905792734
1531,0.9144399932986945
1532,0.945861434861209
1533,0.9002208905784721
1534,0.9376614017176501
1535,0.9315090861727024
1536,0.9379635420340623
1537,0.9765293362391598
1538,0.8941027677300667
1539,0.9775241938561803
1540,0.9861465024137307
1541,0.9795580451621368
1542,0.957701392011817
1543,0.8302775775717421
1544,0.9163566180826583
1545,0.9652887774819607
1546,0.9553598683314275
1547,0.8586799090085969
1548,0.9890161671293518
1549,0.911342773862043
1550,0.9898720414253506
1551,0.7643047580531486
1552,0.9898969694343124
1553,0.9424234179008162
1554,0.9525645109299834
1555,0.8955522083169071
1556,0.9203009817933793
1557,0.9899679084820507
1558,0.8896265251854444
1559,0.8370519521593999
1560,0.9191374102858654
1561,0.9889898326716889
1562,0.9636193791615758
1563,0.8879526041006003
1564,0.9277283111364903
1565,0.9870666111322125
1566,0.9039220992548191
1567,0.9627758557623182
1568,0.9886725446317542
1569,0.9604056088216392
1570,0.9899791894977881
1571,0.9866059085711859
1572,0.9801709467546184
1573,0.9353554477087058
1574,0.8350558595058609
1575,0.8153335068462596
1576,0.9831475738840494
1577,0.9724393542397489
1578,0.9677492347237796
1579,0.937400359181392
1580,0.8565041275310865
1581,0.8789389231316009
1582,0.9823636011966418
1583,0.8744345736220799
1584,0.8987211467146982
1585,0.9260522870610722
1586,0.9651986578845959
1587,0.7526755463519985
1588,0.9839123324109869
1589,0.9827822329698325
1590,0.9807165994762619
1591,0.977750984808995
1592,0.9180598747592504
1593,0.9520629473758664
1594,0.9006863014550012
1595,0.9703565817511258
1596,0.9477550720264768
1597,0.966364639220243
1598,0.9387350785847367
1599,0.9529891375920414
1600,0.8959833703516975
1601,0.9181921782044229
1602,0.9245117763883148
1603,0.9811833663929576
1604,0.941346171612374
1605,0.919152450792519
1606,0.8264575106301599
1607,0.9863646058678367
1608,0.9021635393393577
1609,0.9257636804262668
1610,0.9086609089763016
1611,0.942982040792289
1612,0.959463983045011
1613,0.967950966598782
1614,0.8936616523265928
1615,0.9830715306297688
1616,0.9369075338272967
1617,0.9723173438868288
1618,0.9897578568065971
1619,0.8771789253907419
1620,0.8160794563806523
1621,0.91528410977245
1622,0.8032653521953113
1623,0.9568887401296031
1624,0.9845986468714717
1625,0.9865658851101898
1626,0.9558021453741826
1627,0.8847398728888185
1628,0.896473696257751
1629,0.9723075260620782
1630,0.9567736954026459
1631,0.7391324818920686
1632,0.9575042784352542
1633,0.9422820744140568
1634,0.9053067877339971
1635,0.8401547901797677
1636,0.9899606547648053
1637,0.9274584366914069
1638,0.9240788662851975
1639,0.9630584012833706
1640,0.9717535025579406
1641,0.8893450520487353
1642,0.9144188707248321
1643,0.9528635971613164
1644,0.9466311240168206
1645,0.9240835554974446
1646,0.9761078368229044
1647,0.974410728615941
1648,0.9819845934214829
1649,0.9050147912871613
1650,0.9827146253269253
1651,0.984577037607952
1652,0.9204129735847603
1653,0.9696705805163088
1654,0.9364645790423193
1655,0.8150205157345304
1656,0.9774687783516585
1657,0.9515074014626171
1658,0.9656126366419088
1659,0.9822646864754065
1660,0.9744008151960043
1661,0.9899743070516561
1662,0.9239962236333936
1663,0.8230424376692396
1664,0.9899105232608701
1665,0.989983315145699
1666,0.9897184230789025
1667,0.8663737283293923
1668,0.7960954739972351
1669,0.9851181255423033
1670,0.9882111722813336
1671,0.9856319993025976
1672,0.9653162167657817
1673,0.8459287098800524
1674,0.9812868564962028
1675,0.9739193122558988
1676,0.88575823980658
1677,0.955105061537985
1678,0.9053099059727047
1679,0.779446802761139
1680,0.9515782796141464
1681,0.9619544137044096
1682,0.9433723076552248
1683,0.9895349927219602
1684,0.8857076118338347
1685,0.9899590728047963
1686,0.9401309617361504
1687,0.9090653957055299
1688,0.9899151153036183
1689,0.9884381396112326
1690,0.9699312172630926
1691,0.8916408947678485
1692,0.9450646708653188
1693,0.8486830753565305
1694,0.8111696727161612
1695,0.7916053802593115
1696,0.9832900747544395
1697,0.9870625985410929
1698,0.9307548048985983
1699,0.9094808442340869
1700,0.9640423139029723
1701,0.919036574994609
1702,0.9185911549403531
1703,0.9825881373699996
1704,0.9812336067940118
1705,0.9561604658506699
1706,0.989997506023321
1707,0.9747250257156763
1708,0.9447525197129497
1709,0.983642637014725
1710,0.9821195971784554
1711,0.9409259097109874
1712,0.9531077659098565
1713,0.9789148827368427
1714,0.9741074140253779
1715,0.9395172768838675
1716,0.9867146557273196
1717,0.9205644679447846
1718,0.9276393888227986
1719,0.9126857390026003
1720,0.984070139973316
1721,0.9603896809846284
1722,0.8494014313216725
1723,0.9814153402685897
1724,0.9898812093702053
1725,0.9095363590411581
1726,0.9762444071098284
1727,0.982336515245583
1728,0.9798702779386841
1729,0.9873861996320191
1730,0.9546567195027533
1731,0.978732739961786
1732,0.9643634451515976
1733,0.988717341103943
1734,0.9572574814533489
1735,0.929803647373614
1736,0.7937466654390931
1737,0.9650654641482737
1738,0.9480058675880831
1739,0.9377115447943792
1740,0.9740580340593122
1741,0.9636140408300052
1742,0.9898901696368411
1743,0.9019398961032021
1744,0.9876313319081219
1745,0.9895048030153603
1746,0.9566315967758144
1747,0.6785106755729867
1748,0.9089132966582222
1749,0.9350454607588999
1750,0.9788663936024684
1751,0.9243211734288653
1752,0.9389456104392101
1753,0.9885153540326165
1754,0.9795565396985373
1755,0.7037714901868671
1756,0.9486159138633966
1757,0.9647011162790935
1758,0.9462877672605772
1759,0.9758284099386064
1760,0.9899014957724896
1761,0.9702105881887001
1762,0.9304840632647063
1763,0.9435107143618893
1764,0.9641232973762185
1765,0.974187042828495
1766,0.8878497712423119
1767,0.9479360554942046
1768,0.9423173314425148
1769,0.9376771566350618
1770,0.9483765796335809
1771,0.93935281146944
1772,0.8188192374746242
1773,0.9034593791786544
1774,0.9813714956212624
1775,0.9693156791692854
1776,0.9590067931915055
1777,0.8802113272574201
1778,0.879286477925911
1779,0.9613646885206723
1780,0.8786592444116478
1781,0.6388496441390883
1782,0.9813167437214222
1783,0.9857299610776672
1784,0.9212459038830711
1785,0.9448784555420426
1786,0.9714798981553837
1787,0.915606812139882
1788,0.9249922419617724
1789,0.9709949506260166
1790,0.9148800733208662
1791,0.9542443905328736
1792,0.8955296523545561
1793,0.9571615521066101
1794,0.989342558231506
1795,0.9719939115218804
1796,0.9695145769532115
1797,0.944350216283147
1798,0.900055221069809
1799,0.9404454877373988
1800,0.9368371465564982
1801,0.9341092150946048
1802,0.9328692386729878
1803,0.9541267389039378
1804,0.9420929947072572
1805,0.9764492683032497
1806,0.8929066057775783
1807,0.9163377051466711
1808,0.985631030288062
1809,0.9387164173732524
1810,0.9884760591857902
1811,0.9600296173266761
1812,0.9342088676309499
1813,0.8365344591434096
1814,0.9224221009904394
1815,0.9080875392558135
1816,0.9696183045864069
1817,0.9123354928140526
1818,0.9745761720821151
1819,0.8797233102022747
1820,0.9316886658670176
1821,0.8491324194501093
1822,0.9683562783534535
1823,0.8870015539622339
1824,0.9898810822940202
1825,0.8656828897222986
1826,0.9193943591925946
1827,0.9899532309402093
1828,0.9574676174711555
1829,0.9833674409358264
1830,0.9682933042699827
1831,0.967458714663913
1832,0.8852874790586291
1833,0.9194552145125484
1834,0.9510455914873595
1835,0.9568394409128327
1836,0.9629358714975368
1837,0.8849035283260633
1838,0.8684030022951964
1839,0.9715324434842365
1840,0.8966752636277207
1841,0.9663088236237605
1842,0.9611552660591777
1843,0.8509643304630903
1844,0.9885450157059497
1845,0.9802009325863997
1846,0.9036421403539049
1847,0.989962107219453
1848,0.9859392729219921
1849,0.9334464493018011
1850,0.9146596391742614
1851,0.9868616944507786
1852,0.9818404734745758
1853,0.9673046117041323
1854,0.9273437970237496
1855,0.9243309341049276
1856,0.8605285167842669
1857,0.905301599359292
1858,0.9782441404980279
1859,0.9836298034803131
1860,0.9369781237551859
1861,0.9897120098087414
1862,0.9668995549083341
1863,0.8807000810454984
1864,0.9428541339327453
1865,0.8372105326602003
1866,0.7757109677109647
1867,0.9883432977989508
1868,0.9787227926165677
1869,0.9889688704725134
1870,0.8838615815683473
1871,0.9123200751994037
1872,0.8581659931380808
1873,0.9531727238203451
1874,0.9484533689481455
1875,0.9412088841430251
1876,0.8843769859209218
1877,0.9893898678722548
1878,0.9827396169887763
1879,0.9628493033479661
1880,0.9899871260216663
1881,0.9243601105163908
1882,0.9896749009425457
1883,0.9885028613651229
1884,0.9613181636115534
1885,0.9797494995335082
1886,0.9056770038157683
1887,0.9895122966660658
1888,0.9749730271925388
1889,0.9895628481861833
1890,0.9688041287137469
1891,0.9448736101331994
1892,0.9831613618149802
1893,0.9876004885998579
1894,0.9837674405851736
1895,0.923356069055464
1896,0.9103777348799508
1897,0.9509162356527908
1898,0.9888326737532996
1899,0.9670234794617927
1900,0.9857536172974602
1901,-0.9558965419212078
1902,-0.9538701359710525
1903,-0.9194202202114028
1904,-0.8612998164647695
1905,-0.9650681986054107
1906,-0.7191799071266364
1907,-0.9407930460745436
1908,-0.8359470320850072
1909,-0.9186125711399654
1910,-0.9492810675101623
1911,-0.8505852316053172
1912,-0.9765606600859594
1913,-0.8546316435278588
1914,-0.9564295915171505
1915,-0.8994918624845648
1916,-0.9621230883461366
1917,-0.9586815096060411
1918,-0.9841564367001903
1919,-0.9701586080558013
1920,-0.9563202509641174
1921,-0.9868017098597892
1922,-0.9745014541339725
1923,-0.8584827442683111
1924,-0.9399367219971261
1925,-0.9899525481587144
1926,-0.9724483838494568
1927,-0.928391766908629
1928,-0.9611817648447502
1929,-0.9082705988253348
1930,-0.8413692226186451
1931,-0.9637308411612662
1932,-0.9500414978335002
1933,-0.8810559539604638
1934,-0.9818178282003321
1935,-0.9095556449197877
1936,-0.9712390918672351
1937,-0.9367496829749252
1938,-0.9510955591939467
1939,-0.9513613059298294
1940,-0.9338299530875833
1941,-0.922416911613162
1942,-0.9512357543462814
1943,-0.9835208889283883
1944,-0.9700657793275442
1945,-0.9387354709156107
1946,-0.9816517940310793
1947,-0.8517216119946732
1948,-0.9830757073263674
1949,-0.9664928054594918
1950,-0.9022556122405776
1951,-0.9600469113754369
1952,-0.9663280174150747
1953,-0.9681123950108679
1954,-0.9898173770439441
1955,-0.8377272324919847
1956,-0.9665376257402197
1957,-0.9828468061954575
1958,-0.9886816724893732
1959,-0.9778623206505944
1960,-0.9189473782693784
1961,-0.9013620465185074
1962,-0.8661932831338353
1963,-0.9395586060817458
1964,-0.9831881127558872
1965,-0.9876367162783419
1966,-0.8624362807211369
1967,-0.9685659050471332
1968,-0.9560398145387589
1969,-0.9704116808626967
1970,-0.9469085487405661
1971,-0.9476043533703725
1972,-0.9053677600611475
1973,-0.9567750176870551
1974,-0.9745388444348518
1975,-0.9440302828030388
1976,-0.7802228375244514
1977,-0.8201321283006986
1978,-0.8454114410249792
1979,-0.9799171591697136
1980,-0.9843905870417208
1981,-0.9538173178060905
1982,-0.9285168190427119
1983,-0.9237673467464218
1984,-0.9898877110278043
1985,-0.9839692431188584
1986,-0.8843457754610066
1987,-0.8596818981978454
1988,-0.9528211787394559
1989,-0.9514134853434612
1990,-0.8554120059650908
1991,-0.9890705425696319
1992,-0.9820989778148583
1993,-0.9447961346317326
1994,-0.8874694030714732
1995,-0.9463564655042598
1996,-0.983442867314057
1997,-0.9734940815187172
1998,-0.9826685407502677
1999,-0.9764901053132771
2000,-0.8307102577357742
2001,0.823553322255811
2002,0.9561051496935994
2003,0.9005369341706062
2004,0.9494085280741914
2005,0.7502137347302179
2006,0.9124190313402425
2007,0.9465032651365953
2008,0.9456163609462785
2009,0.8105844387578642
2010,0.9837082879158082
2011,0.9697146345918409
2012,0.9645754152371564
2013,0.9766818473963232
2014,0.9423943900946857
2015,0.8939815166285621
2016,0.9674305885525842
2017,0.9365365650828353
2018,0.9860093386109814
2019,0.9833964335653017
2020,0.9441850205612565
2021,0.9546975778777665
2022,0.9726096222216497
2023,0.966862099901191
2024,0.9831098382110033
2025,0.9393196057419411
2026,0.5992270520892462
2027,0.9260136916903225
2028,0.9899766331978043
2029,0.9691920587420298
2030,0.9528407640716776
2031,0.8561734078765211
2032,0.7832792649725404
2033,0.9482885999123593
2034,0.9863875505769054
2035,0.9676002271448625
2036,0.9014733450216688
2037,0.93904313641096
2038,0.971124105883813
2039,0.9801195645655207
2040,0.848363726545176
2041,0.9449126117383821
2042,0.9207382503727107
2043,0.8139388584505978
2044,0.9884100056586521
2045,0.9179962012662907
2046,0.9506140867048289
2047,0.9532686584831559
2048,0.9769158479486296
2049,0.9535355302195421
2050,0.9715094092925363
2051,0.9756278796931046
2052,0.940466498504613
2053,0.9231457254685187
2054,0.9773411593327124
2055,0.9201852209926518
2056,0.9628050816390984
2057,0.9807049049589172
2058,0.8768221045251076
2059,0.9644093608839908
2060,0.9428188782400788
2061,0.9432728784128768
2062,0.9648036928809547
2063,0.9301417457848982
2064,0.7771639129706254
2065,0.9189383988392338
2066,0.9896481298464329
2067,0.8601118931101367
2068,0.9794373168169371
2069,0.9170996433045434
2070,0.9002597483098466
2071,0.9247995035332861
2072,0.964914933972538
2073,0.9623491997905966
2074,0.9881497453762093
2075,0.9786335205049855
2076,0.9832331186773384
2077,0.9019936448877938
2078,0.9524893577153926
2079,0.8856253096656301
2080,0.9609518991125655
2081,0.9411994772154644
2082,0.9805277065477301
2083,0.9347514987428193
2084,0.9586686265514486
2085,0.9308011620017728
2086,0.96014206054341
2087,0.9698099242554428
2088,0.9899237592059347
2089,0.9694202075756249
2090,0.9643810610985716
2091,0.974114221799351
2092,0.9732731335845876
2093,0.9476017424626075
2094,0.9859685430889333
2095,0.9732025337639697
2096,0.8998335355751758
2097,0.9873573700383945
2098,0.9232072119000827
2099,0.8907067783964326
2100,0.9506745363069533
2101,0.9128562415162575
2102,0.9808924170310984
2103,0.9663150478798841
2104,0.8984224129498293
2105,0.8118715264888664
2106,0.9899996487910259
2107,0.9502362682541962
2108,0.896805531199233
2109,0.9326692152557771
2110,0.9665585945603132
2111,0.9185916183391083
2112,0.9668138400228735
2113,0.9570857668659061
2114,0.9779616108837087
2115,0.8885688331394888
2116,0.9163386766164762
2117,0.9879264284758967
2118,0.9649097996610525
2119,0.9813551984333618
2120,0.9817093715026726
2121,0.8401639708277066
2122,0.8669691209343587
2123,0.9743723278028497
2124,0.9249934608352695
2125,0.9892009914376497
2126,0.963830488150157
2127,0.8704622313612815
2128,0.9773687244790552
2129,0.9880641504164622
2130,0.9269106632241004
2131,0.8879650686739523
2132,0.989681794042227
2133,0.877090569457843
2134,0.9627974317567448
2135,0.9671673801913866
2136,0.9307348597594665
2137,0.9899990038929196
2138,0.9819202262132563
2139,0.8831386280376093
2140,0.9321090768378474
2141,0.9546343057413982
2142,0.9573898836946665
2143,0.9456267941650542
2144,0.9496762324733145
2145,0.9885060465062817
2146,0.9348899092243512
2147,0.9604897701433757
2148,0.9888020272414463
2149,0.8955751537953175
2150,0.880876121022782
2151,0.9160151672874294
2152,0.8958093119363418
2153,0.9329014034591039
2154,0.9888619524454183
2155,0.9472660607247215
2156,0.9600759582068285
2157,0.9888354509536994
2158,0.9829906201476768
2159,0.9099345397387458
2160,0.9829962064855698
2161,0.9810994992377289
2162,0.9866345409905661
2163,0.8466347346298883
2164,0.9761864476272771
2165,0.8991999509247351
2166,0.8282357633069771
2167,0.9640662739661562
2168,0.9897416188778222
2169,0.8402599926134307
2170,0.8253925121953387
2171,0.8839063305211522
2172,0.9040293573611569
2173,0.9292257752893046
2174,0.9133632189496511
2175,0.9063667064821856
2176,0.9700585777607119
2177,0.9857986292068655
2178,0.9599115899353471
2179,0.8519602824062101
2180,0.9699474857630556
2181,0.9896351539127858
2182,0.8204328744399167
2183,0.9629040689868198
2184,0.9897797748541318
2185,0.9884798788924368
2186,0.9644202322824493
2187,0.8831270145416191
2188,0.9613882856153767
2189,0.9193318198584327
2190,0.9555185235204411
2191,0.9831373820098209
2192,0.9616174640401577
2193,0.9849193098919551
2194,0.9560802311060235
2195,0.9899749834934438
2196,0.8686295280793848
2197,0.9734693323686581
2198,0.9498053394854138
2199,0.9899616173607914
2200,0.9873228690725498
2201,0.7558309322911906
2202,0.9578367272171883
2203,0.9137481516805213
2204,0.9159239993400751
2205,0.9758576575312713
2206,0.8591584802403467
2207,0.8771868622405409
2208,0.9590816727247536
2209,0.9880302199336082
2210,0.8872136531588067
2211,0.9893267341240523
2212,0.9609862710164864
2213,0.9745572930608695
2214,0.9856233801686705
2215,0.9895691737181989
2216,0.9357380450332553
2217,0.9528109938250197
2218,0.9867061825344098
2219,0.9899158821301017
2220,0.9366930122206834
2221,0.9359358837912609
2222,0.9649296144837141
2223,0.9765340713310172
2224,0.875070916243511
2225,0.9754391171117677
2226,0.8096467583530075
2227,0.9880126150092423
2228,0.9555207309821442
2229,0.9738268711814018
2230,0.9722664111341719
2231,0.9846400706337882
2232,0.9442472406380966
2233,0.9443012171466227
2234,0.9057184752605376
2235,0.8582094316286012
2236,0.939111287058507
2237,0.9784928210700367
2238,0.9551482347149527
2239,0.9741797398474156
2240,0.9809855533700105
2241,0.8532033824916647
2242,0.9832363199077251
2243,0.9481614895427054
2244,0.9185499301559951
2245,0.8434920780777511
2246,0.941581420504598
2247,0.9442739221757241
2248,0.9836204108434939
2249,0.9889917858716856
2250,0.9899341992091778
2251,0.892862458617729
2252,0.9035380415165766
2253,0.9628274513775781
2254,0.9870433250897551
2255,0.8224381824629569
2256,0.9152579841292082
2257,0.9627719210785692
2258,0.764223649809322
2259,0.9867762292144017
2260,0.9707811555143393
2261,0.9465218436733114
2262,0.9854820385999262
2263,0.9532716472185988
2264,0.9517561065583671
2265,0.9882885296313542
2266,0.9102289815029245
2267,0.9319075512430641
2268,0.75521792789342
2269,0.8263392908469485
2270,0.9308350835938162
2271,0.9029648424090627
2272,0.9842065439887198
2273,0.9108927777623479
2274,0.9166872399193394
2275,0.9698650630174503
2276,0.9049130126584343
2277,0.9398597990660801
2278,0.988481136483141
2279,0.8477203296577398
2280,0.9462580056072091
2281,0.9552729853750018
2282,0.8841730773165143
2283,0.8830395504621888
2284,0.91160006035975
2285,0.9520877144419518
2286,0.842643351419354
2287,0.9079840875861999
2288,0.9792465720203167
2289,0.85135431846412
2290,0.9836127461277959
2291,0.9778331937645904
2292,0.9683282993084501
2293,0.9698912908714944
2294,0.9646810254495725
2295,0.9362954001679543
2296,0.9735629370018278
2297,0.890264109197029
2298,0.8638955295421573
2299,0.9896230662662859
2300,0.9882522115519072
2301,0.9596273186443848
2302,0.988519129455856
2303,0.9163633613552702
2304,0.9423401043009896
2305,0.9378317731871142
2306,0.8416702185045126
2307,0.962923519674837
2308,0.9742706455265243
2309,0.8980480836565286
2310,0.9191349335297294
2311,0.8957175523044174
2312,0.8431977188499453
2313,0.8772665712416596
2314,0.9309513505074946
2315,0.9769683550205033
2316,0.9785418063021564
2317,0.950072017249217
2318,0.9849285122947041
2319,0.9187575465075548
2320,0.9824845246403663
2321,0.847488453975097
2322,0.949840131098287
2323,0.9066001419738929
2324,0.851774754988401
2325,0.9472545819695732
2326,0.9455296365266476
2327,0.9701761996125577
2328,0.9689870782577068
2329,0.9589608952040369
2330,0.9431333400459915
2331,0.9899758833877096
2332,0.8752476712698606
2333,0.9893486234544328
2334,0.9511538436464355
2335,0.8353228452376527
2336,0.9866964138641554
2337,0.9762581746682278
2338,0.9207522561714327
2339,0.8442785808678374
2340,0.9258499854367415
2341,0.9511963244739702
2342,0.954040966937894
2343,0.9113830183455246
2344,0.964780996582627
2345,0.9187738358438537
2346,0.9438052049533813
2347,0.9594114054572221
2348,0.893449908221644
2349,0.9899991714125507
2350,0.9590306164950259
2351,0.9778004197858612
2352,0.9591936877151781
2353,0.8074766856613161
2354,0.9411959785864447
2355,0.8345659636475303
2356,0.9787638404897715
2357,0.984177472614365
2358,0.9891610063431169
2359,0.9891313132639343
2360,0.9651162317841644
2361,0.9612960608149328
2362,0.9883768786016752
2363,0.9304489338589635
2364,0.9330820490536291
2365,0.9839830276825801
2366,0.9899761778122629
2367,0.8363041308933331
2368,0.7233494646319013
2369,0.9884866700981811
2370,0.9143847607069747
2371,0.9060787584521254
2372,0.9613071107424916
2373,0.9180339184687334
2374,0.9776159572233933
2375,0.9769447673846271
2376,0.9801911757414318
2377,0.9832838396901151
2378,0.9732399499455416
2379,0.9872981937376902
2380,0.8858757724809221
2381,0.9707027100930482
2382,0.9474331204303632
2383,0.9330523786557687
2384,0.9782779368003865
2385,0.9268319064909871
2386,0.9499325829633376
2387,0.9560407381544348
2388,0.9894904363581266
2389,0.9191328077630573
2390,0.9008603499615417
2391,0.9764579996375742
2392,0.8758320956861892
2393,0.9366262087589785
2394,0.8489875460495636
2395,0.9786008824707522
2396,0.9651401848130594
2397,0.9463354366377962
2398,0.9180778959622421
2399,0.8872653522363431
2400,0.9566126398486863
2401,0.9438543620679364
2402,0.8502479674137714
2403,0.9570280711034055
2404,0.9848444528792989
2405,0.9644608956727104
2406,0.9144352059527847
2407,0.9894908764295437
2408,0.8804099922475113
2409,0.9865204916696584
2410,0.9665061289098142
2411,0.9521993069841405
2412,0.9336910758091421
2413,0.9055766524069462
2414,0.9451332228886895
2415,0.8808150328866665
2416,0.8492680285091799
2417,0.9184496211549241
2418,0.988121061356788
2419,0.899257437588637
2420,0.9878361743427551
2421,0.9772135281757464
2422,0.908450948792559
2423,0.91292195973245
2424,0.9857966523690619
2425,0.9892572943612996
2426,0.9674788896626634
2427,0.989999668335527
2428,0.9478300782812137
2429,0.9216106485845419
2430,0.9204675721236742
2431,0.9425745107083398
2432,0.9444156291715992
2433,0.9748002792560954
2434,0.9826028914381213
2435,0.9313316226233469
2436,0.9567907639057034
2437,0.9815076818872727
2438,0.9647379901535421
2439,0.967984021682006
2440,0.9855294712914271
2441,0.949171622305004
2442,0.979281038867078
2443,0.9644523537215187
2444,0.957865051860279
2445,0.9687785498974663
2446,0.9789981363292373
2447,0.9350762297629587
2448,0.8669464654991522
2449,0.8836884124360381
2450,0.9794114233879048
2451,0.9361392913892599
2452,0.9863542752564401
2453,0.9861835754237431
2454,0.9877263276427815
2455,0.9645839084791733
2456,0.9020378905326704
2457,0.9827013337745301
2458,0.9880049063550036
2459,0.9753965898351107
2460,0.921215138651664
2461,0.9064169191527094
2462,0.9183403364494175
2463,0.8449385625574035
2464,0.9545357441870781
2465,0.8685070506522341
2466,0.9869351911178537
2467,0.898905047814576
2468,0.9714732280346778
2469,0.9317887697081052
2470,0.9599121653672643
2471,0.9117215630877935
2472,0.9491313646294575
2473,0.985842543894126
2474,0.8504789820020192
2475,0.9042909362746029
2476,0.9650403875131913
2477,0.9229334432128764
2478,0.9536939244805888
2479,0.901127352093973
2480,0.8474735185598933
2481,0.9899668713906312
2482,0.8434439263922217
2483,0.960751968887228
2484,0.964469929832591
2485,0.8145802861277645
2486,0.9899852761240469
2487,0.8780627378204873
2488,0.8624212469989178
2489,0.9420555093185672
2490,0.9046684964820749
2491,0.9697209623318475
2492,0.9736761774152166
2493,0.9110268499653883
2494,0.9517680505684742
2495,0.9841316796637302
2496,0.9334102707988724
2497,0.9642184697037907
2498,0.9815760861863769
2499,0.9774957290417742
2500,0.9893544303004116
2501,0.9328078393875936
2502,0.9634801945776591
2503,0.9899999049549205
2504,0.8856611940715489
2505,0.9579437821174827
2506,0.8988054309383897
2507,0.9740639186292367
2508,0.9844879653311018
2509,0.9212426157188496
2510,0.895989820625043
2511,0.8324010720397318
2512,0.9718782733788938
2513,0.9787417488689992
2514,0.9747684198039118
2515,0.9723052110161582
2516,0.9541585518364386
2517,0.962551715947474
2518,0.9735524351101462
2519,0.8717274214269923
2520,0.9800591455151886
2521,0.9623745164691917
2522,0.9710908688835014
2523,0.938853371871807
2524,0.9643106727246743
2525,0.9885359934361939
2526,0.9889956142691523
2527,0.9735964123954335
2528,0.8742781643605961
2529,0.9297890740335526
2530,0.8771977720687035
2531,0.8742459199249443
2532,0.9851138598020803
2533,0.9353916667515908
2534,0.8214875335925284
2535,0.8556458082098952
2536,0.9668032841341617
2537,0.8850802924593646
2538,0.9134158069230652
2539,0.9223717223868185
2540,0.9621716785056775
2541,0.9573383758990415
2542,0.9563415468602223
2543,0.9434708638635677
2544,0.9605163104557449
2545,0.9838516622348858
2546,0.9351092068101761
2547,0.9715958425662502
2548,0.9531079125313011
2549,0.9467626342947627
2550,0.9664255064617587
2551,0.9851637782345084
2552,0.9894057930695492
2553,0.9250108188721249
2554,0.9576294141061457
2555,0.9563107490913718
2556,0.8329725325023738
2557,0.9021315502497906
2558,0.9879408854744349
2559,0.8882833168861662
2560,0.9812037565081908
2561,0.9767210754169272
2562,0.9847079636509413
2563,0.9486688285767212
2564,0.924783805974727
2565,0.903280558485045
2566,0.9128269150814078
2567,0.9029917216218678
2568,0.952550972608733
2569,0.9877520914115048
2570,0.9861882660212047
2571,0.8451828627995667
2572,0.9775996586528384
2573,0.9843672611395333
2574,0.9458229692799552
2575,0.9750076068750231
2576,0.9760625202831134
2577,0.9691243526808255
2578,0.9434940750185336
2579,0.9873351750649997
2580,0.9214382834365548
2581,0.8911583063492352
2582,0.9766117967672238
2583,0.9762368417596562
2584,0.9740663613340373
2585,0.9872423027230077
2586,0.9574493236303652
2587,0.8967206174232152
2588,0.966251510528497
2589,0.980378579478233
2590,0.9416839443643754
2591,0.9094687508831084
2592,0.9810466203849723
2593,0.9854579715075457
2594,0.8116129477961644
2595,0.9790007090885158
2596,0.8605706636099987
2597,0.9579321967479022
2598,0.9210327658121834
2599,0.9899867298549591
2600,0.9319386907863215
2601,0.9421914401838049
2602,0.8873551572366685
2603,0.9870406906015332
2604,0.9741174641629122
2605,0.9776897395364028
2606,0.8741266235025219
2607,0.9733976441553904
2608,0.9017343059272318
2609,0.9723534273203466
2610,0.9832173338417356
2611,0.9876835763949722
2612,0.9097295779473228
2613,0.9724604800482936
2614,0.9713369990796764
2615,0.9779879293238759
2616,0.9669773189641058
2617,0.9482427947298265
2618,0.793482548975866
2619,0.7631684301189707
2620,0.83951741178658
2621,0.9875028471954738
2622,0.9855972596299549
2623,0.9891164141835883
2624,0.9618155511518076
2625,0.9666102177886771
2626,0.985704201917421
2627,0.9849450506101312
2628,0.9842261469416619
2629,0.936527993477344
2630,0.9857817280396787
2631,0.9799990505227543
2632,0.8726027397191304
2633,0.9755209261062162
2634,0.9863879342765222
2635,0.9251122602219171
2636,0.9423023014915826
2637,0.9824386050989427
2638,0.8827142496518877
2639,0.8966441999957927
2640,0.9875203174208597
2641,0.8377000872075314
2642,0.9845877797563728
2643,0.8765184685719227
2644,0.9096763224880839
2645,0.8135491354018619
2646,0.9801581780660181
2647,0.8486797940282486
2648,0.9895184549597604
2649,0.9791920117309536
2650,0.9583142315737243
2651,0.9477481489757335
2652,0.9757721379060322
2653,0.8931111146870517
2654,0.9684304675704164
2655,0.9679714474801902
2656,0.9858740471549289
2657,0.9615766419960033
2658,0.946993925406451
2659,0.8438628875325253
2660,0.9106872093241022
2661,0.989997841025275
2662,0.977369397939194
2663,0.9886816848631498
2664,0.8081033666206042
2665,0.9145357337200338
2666,0.9607348704698924
2667,0.9861654393620686
2668,0.9526205165889264
2669,0.9765876433497379
2670,0.9093367332995995
2671,0.9278174298132716
2672,0.9666201684640089
2673,0.9365501672933694
2674,0.9423796386311849
2675,0.9705517653217154
2676,0.9203717456738634
2677,0.9506995372912451
2678,0.9368362006924995
2679,0.9627218039248551
2680,0.951992936052988
2681,0.9832119237794401
2682,0.8973859863773914
2683,0.9441348099734195
2684,0.9787599045716529
2685,0.9682698546826662
2686,0.988081567650178
2687,0.9453966282935078
2688,0.9080604360751384
2689,0.8812865829094931
2690,0.9468530543107375
2691,0.9436736310742508
2692,0.9893776339136924
2693,0.9740693039433255
2694,0.9842354865791514
2695,0.9502587601223377
2696,0.9823557913899335
2697,0.9559613960847277
2698,0.9271042371544366
2699,0.9886330117830481
2700,0.9479638506693762
2701,0.9099920980891477
2702,0.9433063270007297
2703,0.9066886424369675
2704,0.8844174219734389
2705,0.9899306408361792
2706,0.9899991193749388
2707,0.9723090783598993
2708,0.9145411059392232
2709,0.9703386923551237
2710,0.9700625403012871
2711,0.870945557209097
2712,0.9872465321982604
2713,0.7965050855537776
2714,0.978014767992096
2715,0.9764928414640335
2716,0.987729030656761
2717,0.9622031318518693
2718,0.8730034188597702
2719,0.9278366915521026
2720,0.8796078325577997
2721,0.9591579176913865
2722,0.8493494939926363
2723,0.9789330438809692
2724,0.9693479725910004
2725,0.9575338064683216
2726,0.9694549626882303
2727,0.9561116260387909
2728,0.9399294483184352
2729,0.9736588724649975
2730,0.9574536385915445
2731,0.9746075885503568
2732,0.9411544052026223
2733,0.8426583431977742
2734,0.9653076522909426
2735,0.9381741928007576
2736,0.9764662902792741
2737,0.8452415133353433
2738,0.9897272207510682
2739,0.6651623855333035
2740,0.9568599842871868
2741,0.9489676343851837
2742,0.9850356676961446
2743,0.9336756453930026
2744,0.8396036567777212
2745,0.9768513398586656
2746,0.9552853783499636
2747,0.7371213227965293
2748,0.9327050793559053
2749,0.9875050591153491
2750,0.8918935176268717
2751,0.8999313823714324
2752,0.942381261602981
2753,0.9614459423028097
2754,0.9534270518876494
2755,0.9442402510753609
2756,0.922666228201511
2757,0.9869306423978026
2758,0.9783763143299844
2759,0.9424521494937875
2760,0.9688215026382903
2761,0.8928991560373701
2762,0.9291588261822624
2763,0.9715021471237518
2764,0.9530991892903806
2765,0.9622344321824914
2766,0.9846657566639359
2767,0.9713897306099623
2768,0.9590950438226654
2769,0.9897662232697786
2770,0.9753597009470325
2771,0.9780352719666189
2772,0.9521038641847971
2773,0.9893835686846854
2774,0.9370396234468658
2775,0.9630266741215695
2776,0.8947781290826815
2777,0.9742275162019024
2778,0.9656965175664796
2779,0.9691599976038862
2780,0.8970215092074718
2781,0.9498932602218902
2782,0.9684775237269009
2783,0.9615159566484222
2784,0.9878708190620046
2785,0.9878328957354765
2786,0.9784813920793065
2787,0.9500505241215071
2788,0.9241083111703227
2789,0.880160465917229
2790,0.9892389955844285
2791,0.977271046888607
2792,0.9781078831212133
2793,0.9486004270068589
2794,0.8700581434811957
2795,0.9619480472020218
2796,0.9870265882480556
2797,0.9445376005489597
2798,0.970763225784208
2799,0.9899983824233242
2800,0.9833646207972632
2801,0.8696690397132574
2802,0.9850532866480319
2803,0.9423091434450235
2804,0.9873075176968035
2805,0.9297076031202197
2806,0.9224076784904991
2807,0.9646114498213415
2808,0.9713420421065772
2809,0.7538269838800563
2810,0.9737435601795367
2811,0.7997995139913138
2812,0.9076226096610881
2813,0.9805485841448656
2814,0.9748463996452437
2815,0.973280006777334
2816,0.9130833884352966
2817,0.9725848996762764
2818,0.9656158876347843
2819,0.8788004251347338
2820,0.906000109926865
2821,0.8759812927475691
2822,0.8860432522427216
2823,0.8973881540778075
2824,0.9539251541968069
2825,0.8032634856722628
2826,0.9098379731486642
2827,0.8967019496575925
2828,0.9808358001112185
2829,0.9648189246975171
2830,0.9770987892019706
2831,0.9635386181905102
2832,0.8492819597079766
2833,0.9825162344081573
2834,0.9788639435821022
2835,0.967972383540306
2836,0.9511238646798674
2837,0.9626989344005003
2838,0.9470697719997142
2839,0.8400076894244415
2840,0.9482946621711432
2841,0.8220806629121025
2842,0.974247622414822
2843,0.9897484092595903
2844,0.9107615984008495
2845,0.9847500531333714
2846,0.9380202230056841
2847,0.917795753350462
2848,0.8237362176103518
2849,0.9509815899232893
2850,0.9711176677312543
2851,0.9641914307491678
2852,0.989532002937589
2853,0.9688368925612021
2854,0.90444814840406
2855,0.9128879219546248
2856,0.9583350951995179
2857,0.9642059619679337
2858,0.9890669687265979
2859,0.9886338216158086
2860,0.9353926264677621
2861,0.9595198904223479
2862,0.9604523193369102
2863,0.9772224536352307
2864,0.9631969706656444
2865,0.913782816343547
2866,0.9062706444463055
2867,0.9511160958388927
2868,0.9008028639905618
2869,0.9787130688603707
2870,0.850275652389954
2871,0.9891061673890487
2872,0.9086461603726164
2873,0.8890686323182996
2874,0.9623159026096963
2875,0.8780591709838993
2876,0.9534135873772401
2877,0.9564918915966658
2878,0.9877137960081716
2879,0.8640503927314661
2880,0.9795946513761088
2881,0.9614985775449333
2882,0.978938874492261
2883,0.8875857699089343
2884,0.9505259342399319
2885,0.9730662071648694
2886,0.8731415739004328
2887,0.9688778745564541
2888,0.9359189960167009
2889,0.9896510048755223
2890,0.9214082741388451
2891,0.9350717993597444
2892,0.9660915051965852
2893,0.9652885920721739
2894,0.9568886503394297
2895,0.9486306804352646
2896,0.9606103701547207
2897,0.947542582779294
2898,0.9849652742337142
2899,0.9797628463596515
2900,0.955623960615186
2901,0.9334661649376328
2902,0.9695753572818072
2903,0.9239127098001889
2904,0.9881408589851977
2905,0.9402400548349472
2906,0.9622946304758482
2907,0.9844981463321545
2908,0.9893128174209236
2909,0.9649302194954764
2910,0.983210601780896
2911,0.8852617869514479
2912,0.9884745205837948
2913,0.9581702182624563
2914,0.951989387175389
2915,0.8582270233599794
2916,0.9215404415178784
2917,0.9747192063001798
2918,0.8639828647726174
2919,0.9255300918815537
2920,0.8781408769121475
2921,0.9353355117855071
2922,0.9790126521889143
2923,0.961285630778869
2924,0.9683862202640677
2925,0.9535081808811925
2926,0.9872964240035328
2927,0.9887778053244356
2928,0.9820016461979864
2929,0.9574003899117122
2930,0.9416912484338964
2931,0.9887027870241866
2932,0.7717651516511
2933,0.857354439912303
2934,0.9372780718473264
2935,0.9157270654615799
2936,0.9282372836848422
2937,0.9629579586576529
2938,0.9676894116121567
2939,0.9830843893853037
2940,0.9835199151538642
2941,0.9107984896712455
2942,0.8914185112180132
2943,0.8785274341127003
2944,0.9898420594942229
2945,0.9848110022615345
2946,0.9564964752049528
2947,0.985758397743958
2948,0.9880280519608842
2949,0.9489933455898848
2950,0.9701981840230878
2951,0.9742076703189997
2952,0.9594331743403961
2953,0.974791375524744
2954,0.8669668034469312
2955,0.9897607317855179
2956,0.8641251984892302
2957,0.9851846514091633
2958,0.949935134266713
2959,0.9472413562078076
2960,0.9307328498548664
2961,0.9845007522038666
2962,0.9825570906220447
2963,0.9519697675860719
2964,0.9567934623437403
2965,0.9111554706089491
2966,0.9757670592325297
2967,0.9774908639007843
2968,0.8582447182635171
2969,0.8467818103414154
2970,0.9346599309558271
2971,0.7821670727716012
2972,0.9844493812137963
2973,0.9888313591446471
2974,0.9805599182663551
2975,0.9898417956869818
2976,0.9880205837395989
2977,0.9649440692233247
2978,0.9877499705334838
2979,0.8855176386292777
2980,0.883675559024385
2981,0.9636409200372191
2982,0.9883091347333859
2983,0.8926287843147291
2984,0.9885684770788504
2985,0.9786763431004947
2986,0.9352271294680538
2987,0.968488566887124
2988,0.895464730535939
2989,0.8589030922788602
2990,0.9603814277237559
2991,0.7487140440594091
2992,0.8641714081140783
2993,0.9870601405770032
2994,0.9785943822329503
2995,0.955639041566601
2996,0.9899545992546511
2997,0.9694021496920696
2998,0.8857541703148385
2999,0.9723960534658795
3000,0.8975796319244451
3001,0.9506186996679097
3002,0.9784936172348017
3003,0.8442327073509788
3004,0.9130232833569805
3005,0.9821392644341369
3006,0.9340226875052973
3007,0.973529510306658
3008,0.9488344655693097
3009,0.8699036986908169
3010,0.9512426239680883
3011,0.957234134574412
3012,0.9060057911408674
3013,0.8949127942132402
3014,0.9887077620137985
3015,0.9631127060705876
3016,0.8430158812382703
3017,0.9525025012980193
3018,0.9892822775269329
3019,0.9620972687627283
3020,0.9829096580920789
3021,0.7893441532721724
3022,0.8864779034329215
3023,0.9461991146667778
3024,0.9380640486279254
3025,0.9620444648478541
3026,0.9828882816660188
3027,0.9875901072729554
3028,0.9716212213196641
3029,0.9887344062485612
3030,0.9445004022686035
3031,0.9734001723442909
3032,0.9824563620767776
3033,0.9636860158970286
3034,0.9871086111956032
3035,0.9526848485142472
3036,0.9646556831574878
3037,0.963045573077807
3038,0.9870693496313555
3039,0.9350216025945945
3040,0.9883707197486604
3041,0.9273349114145409
3042,0.8346156987281547
3043,0.9463827894980598
3044,0.8320545553561193
3045,0.9871282230847988
3046,0.9518432094954591
3047,0.9714093487521956
3048,0.9481185605953086
3049,0.9813543455069547
3050,0.7997804061734471
3051,0.9329399513168565
3052,0.9625760243624605
3053,0.9521435418155718
3054,0.9097038991421996
3055,0.964489109863779
3056,0.941886155555838
3057,0.8662745808948475
3058,0.9764949696137176
3059,0.9473956360609834
3060,0.8856102567161305
3061,0.9469820353096081
3062,0.9754907666843221
3063,0.9337051493484169
3064,0.9801091495580516
3065,0.9701996507322546
3066,0.987847224655174
3067,0.9847849309830993
3068,0.9661784603523016
3069,0.9407368623687778
3070,0.9262340725723082
3071,0.9735103517351956
3072,0.9357492763607929
3073,0.9037956657426424
3074,0.9725884898912395
3075,0.9703357784742107
3076,0.8744420990557684
3077,0.8913330794171738
3078,0.8868584835358597
3079,0.9833974173629378
3080,0.9796867552823669
3081,0.9496464165926418
3082,0.9597725900297435
3083,0.9870663637172429
3084,0.9898805306128358
3085,0.9260043217043809
3086,0.9601046812921576
3087,0.9047440626793032
3088,0.9331035518579034
3089,0.8818161564407045
3090,0.9690994410201998
3091,0.9582988328260491
3092,0.8647628250562197
3093,0.9189189512852927
3094,0.9836857269480008
3095,0.8749048321532377
3096,0.9616048739760356
3097,0.9831031498193601
3098,0.9841837255838323
3099,0.9301825034473061
3100,0.9420862422218902
3101,0.9330014100569757
3102,0.9899999337697604
3103,0.9802431842753054
3104,0.9613419285309532
3105,0.9676313201934662
3106,0.8406471982575949
3107,0.9880942683885039
3108,0.7189752046474983
3109,0.929495268676677
3110,0.975493910385844
3111,0.9487767726612063
3112,0.9423740658342499
3113,0.8860851085833663
3114,0.921488903892722
3115,0.8099682498321849
3116,0.9631666787435319
3117,0.9816747667892995
3118,0.9543152721229677
3119,0.9881854138522767
3120,0.9188421143910889
3121,0.9167934956986955
3122,0.9887169054551014
3123,0.9815907385875736
3124,0.9549857690586931
3125,0.9805820758955566
3126,0.9825301988067029
3127,0.9714953245343168
3128,0.934599605634023
3129,0.9658461835515996
3130,0.9304885534575406
3131,0.9317773203292234
3132,0.9558185062152684
3133,0.9299532261466512
3134,0.9831085755927078
3135,0.8325856616505107
3136,0.843426183736233
3137,0.9715519368504737
3138,0.8737834656259236
3139,0.9645060853714432
3140,0.9898306914224315
3141,0.959114773279752
3142,0.9657152047830705
3143,0.9874512896351135
3144,0.9561313771085878
3145,0.9603590046212971
3146,0.9841972072307246
3147,0.9248538589854227
3148,0.831280928103792
3149,0.9731624752493597
3150,0.9647777348279788
3151,0.9790952561951644
3152,0.9810798772601661
3153,0.886791442926998
3154,0.885127665674216
3155,0.9886694490166416
3156,0.9545182655414204
3157,0.9766448702164021
3158,0.9420954356993936
3159,0.7412284045972214
3160,0.8539125893322641
3161,0.9438447166316218
3162,0.9809173791367662
3163,0.8387172088952815
3164,0.9233163493294144
3165,0.9756497640826223
3166,0.926440658843562
3167,0.969274287856067
3168,0.8964742084495804
3169,0.8960407487972835
3170,0.9301314534451117
3171,0.9824331971835902
3172,0.8820425528611391
3173,0.868685607237586
3174,0.9886527495702657
3175,0.8441392607241784
3176,0.8672446450548736
3177,0.8753815694906933
3178,0.9464938708018713
3179,0.9661997399827977
3180,0.987079968603577
3181,0.9061637068130891
3182,0.91464628720249
3183,0.9019505859039756
3184,0.9894636974847982
3185,0.8723890186755235
3186,0.9766726127401105
3187,0.9104292104864061
3188,0.9564688162594481
3189,0.9610794744385747
3190,0.8321344244710335
3191,0.8386098051098673
3192,0.9539546144334952
3193,0.8883968185333422
3194,0.9000902429016683
3195,0.9278803584498229
3196,0.8804358412236857
3197,0.9241561938627536
3198,0.9243197275171658
3199,0.7032140439482396
3200,0.9012147198126701
3201,0.8026815835100476
3202,0.9657798639455111
3203,0.8130838381120485
3204,0.965961428548832
3205,0.9513898618003102
3206,0.9877317164609557
3207,0.9538165728185352
3208,0.9164856767188013
3209,0.9607542138271319
3210,0.9557071360744384
3211,0.948482111327608
3212,0.9529750275005932
3213,0.9137855442923254
3214,0.9033286249980608
3215,0.9607366912806808
3216,0.9472982060875043
3217,0.9876164671473361
3218,0.9870592668523929
3219,0.9752088597645189
3220,0.9550323681881994
3221,0.7751052351026688
3222,0.9899064568788358
3223,0.9676718348044088
3224,0.9527178070835699
3225,0.9370461170826725
3226,0.9510265374868835
3227,0.9683169380174355
3228,0.8717744291364367
3229,0.9789644203092484
3230,0.9601190840279012
3231,0.9589029703457213
3232,0.953817926307187
3233,0.9745513207098887
3234,0.976620392249072
3235,0.9850175210021661
3236,0.9871224205352891
3237,0.9654035187413463
3238,0.9784286535485244
3239,0.9880655118294885
3240,0.9869176917681309
3241,0.9614203207205091
3242,0.9492427099060488
3243,0.9317280082712117
3244,0.9821473053250855
3245,0.9713796132962915
3246,0.7796444461116725
3247,0.9392363890174767
3248,0.9741018501977994
3249,0.9857892185314843
3250,0.9549696199845474
3251,0.9468190151704645
3252,0.9821265116685276
3253,0.8816055926055151
3254,0.9132969839543701
3255,0.976539831539204
3256,0.9134374355497485
3257,0.9831679748155712
3258,0.9898332403188159
3259,0.9798122160144497
3260,0.9587584790675947
3261,0.9594721434950034
3262,0.9206194709823275
3263,0.9656730425813419
3264,0.9143059001270493
3265,0.9827106420057241
3266,0.9461541160070206
3267,0.8781852629246224
3268,0.9895820908073312
3269,0.9368054185511593
3270,0.9707791179205321
3271,0.9628859139498647
3272,0.9717701587067975
3273,0.9898210450533453
3274,0.9671617757953019
3275,0.9258394952501849
3276,0.9819977129252281
3277,0.9394878274234949
3278,0.9724858024242479
3279,0.9821803018607859
3280,0.9866678179758261
3281,0.8983771274546418
3282,0.9620565472094229
3283,0.9258709850415335
3284,0.8711599695195146
3285,0.9078245779710714
3286,0.9209685774231985
3287,0.9896142290569143
3288,0.9802205811564237
3289,0.824764322252743
3290,0.9810220434994835
3291,0.9836703006821338
3292,0.988220685376249
3293,0.9695230754278011
3294,0.9530104407762936
3295,0.9818185995623384
3296,0.8666329567412889
3297,0.9721496830842036
3298,0.9259634887949569
3299,0.9287140550392239
3300,0.973226637726793
3301,0.9866013436976782
3302,0.8952126802329686
3303,0.9038110727506806
3304,0.9446475623830383
3305,0.9877192788741362
3306,0.9642384561117808
3307,0.9891111617627285
3308,0.8923498392478464
3309,0.9871738199947651
3310,0.936903453153527
3311,0.9864724768506019
3312,0.9719789659542967
3313,0.904184602239437
3314,0.95804478987803
3315,0.9253018659443362
3316,0.9035826684296769
3317,0.9567080750027417
3318,0.9448860527079244
3319,0.9805522224572784
3320,0.973923423301613
3321,0.974763154739931
3322,0.8794755735190791
3323,0.9714607587598573
3324,0.9875327417025597
3325,0.9864099376880702
3326,0.9680268654403771
3327,0.9034292096894421
3328,0.8634934286997518
3329,0.9560624934019828
3330,0.9708358783770574
3331,0.9768781323779779
3332,0.9525730011338113
3333,0.8465552194664563
3334,0.9819895614815777
3335,0.9824504617751115
3336,0.9878482869798063
3337,0.971676101363597
3338,0.9331275072732509
3339,0.9761547954565571
3340,0.9348072011397283
3341,0.9733615492354138
3342,0.9786894523588096
3343,0.9496814551393158
3344,0.8195247117586385
3345,0.880379554581218
3346,0.9723359516273896
3347,0.9617626767546698
3348,0.8646065928782127
3349,0.9359590859591134
3350,0.9853245863134871
3351,0.9820125319827141
3352,0.9529008334308527
3353,0.891812251428169
3354,0.9641694676089559
3355,0.9635764851821992
3356,0.9826214694122206
3357,0.9133942326450564
3358,0.9884653675230646
3359,0.9794270843850039
3360,0.8474917334360477
3361,0.9683572673752803
3362,0.9128824448546966
3363,0.9769694936549466
3364,0.9822531964473465
3365,0.6638670813162768
3366,0.9778536958025154
3367,0.9608227396807354
3368,0.9896697979412065
3369,0.9646139061113559
3370,0.9737847992489272
3371,0.9379760784248167
3372,0.9885670309202702
3373,0.9286211434786844
3374,0.9344191435151527
3375,0.9167679355683755
3376,0.9706242340400419
3377,0.952469082092
3378,0.9483758292679038
3379,0.9168140558906039
3380,0.8222235755478262
3381,0.8963415543382623
3382,0.9131785499223097
3383,0.9898179930796741
3384,0.9638831425833954
3385,0.9164238363077645
3386,0.91522418917149
3387,0.9862892093502229
3388,0.9144843104626423
3389,0.9899807526462783
3390,0.9772996563642948
3391,0.9064532022004687
3392,0.9617617429706123
3393,0.8715215930940985
3394,0.9710926155133109
3395,0.9695266475277482
3396,0.9120304391752556
3397,0.9419666658886697
3398,0.9550950022015869
3399,0.6941907333345263
3400,0.8922569435686946
3401,0.9249880564518017
3402,0.9226997809821418
3403,0.9614058483306079
3404,0.9623662609400992
3405,0.8399035000752225
3406,0.9247729138218926
3407,0.9801328113148629
3408,0.9803181769019836
3409,0.8969918510311846
3410,0.9897615433641063
3411,0.9846636296217814
3412,0.9189415713204804
3413,0.9839385909048953
3414,0.9628971711657519
3415,0.9411525751054987
3416,0.9445067494940562
3417,0.971851504878068
3418,0.9402353418460326
3419,0.9879126338233496
3420,0.9476872078622167
3421,0.9851881867410939
3422,0.8341043764567619
3423,0.9073569125457948
3424,0.8901437996630078
3425,0.9321769419331191
3426,0.9241514788561149
3427,0.9741539249994869
3428,0.957703857680327
3429,0.980105435001933
3430,0.9898291351234436
3431,0.9476829316323611
3432,0.9616073553606169
3433,0.9760897614677216
3434,0.8641661104564332
3435,0.8818611870452231
3436,0.8881033131598773
3437,0.845547653967389
3438,0.9722931657178057
3439,0.9001577841214538
3440,0.9236199670144924
3441,0.9875475422201129
3442,0.959992187335669
3443,0.8924494548900995
3444,0.980151229134206
3445,0.8069059110075262
3446,0.8903200764987543
3447,0.9609552690102059
3448,0.9788606039689973
3449,0.9408705065727846
3450,0.9362185395471962
3451,0.8727536346930024
3452,0.9806148537001033
3453,0.9681383659672157
3454,0.9670552295828228
3455,0.9874454070051908
3456,0.985845838857444
3457,0.9872822294065771
3458,0.9805841995006551
3459,0.8905338030797018
3460,0.9161888423861546
3461,0.9617793180031003
3462,0.9661372765548396
3463,0.9754094501979866
3464,0.9660718883832792
3465,0.8311956359201121
3466,0.9690617288215795
3467,0.8537208149872016
3468,0.9677465850882816
3469,0.9754322297195818
3470,0.9524347591202144
3471,0.9899089026014801
3472,0.9384672041580092
3473,0.9883039875383289
3474,0.9217645307959387
3475,0.9579675726149224
3476,0.9769282980049704
3477,0.9297763479794616
3478,0.9072902852570239
3479,0.9468774017869618
3480,0.9875242018384326
3481,0.7025512158355274
3482,0.9338658784695925
3483,0.9773761160021248
3484,0.9348545099061613
3485,0.8436236296873028
3486,0.9381732805986445
3487,0.9227479254804121
3488,0.9553949481977579
3489,0.8903743506182346
3490,0.9070572803312548
3491,0.9151101228193472
3492,0.9614232096210409
3493,0.9063009177100014
3494,0.9840509538377629
3495,0.8617819541957921
3496,0.9859675451248097
3497,0.9724394456858395
3498,0.8211251012891069
3499,0.9842488763300197
3500,0.930735744046479
3501,0.9504898878309767
3502,0.9400342455623008
3503,0.846304808139752
3504,0.9267400509501287
3505,0.9624563361350696
3506,0.9183676531073581
3507,0.9892686327806107
3508,0.8070016435096401
3509,0.987177301887212
3510,0.9677384087153869
3511,0.9079922871528668
3512,0.9596871438803996
3513,0.9585776342147071
3514,0.9130391932117762
3515,0.9357344595888343
3516,0.953114567101993
3517,0.9894837370503342
3518,0.7938655995997149
3519,0.8320975162726683
3520,0.9143073732274043
3521,0.9076267796453135
3522,0.9725720653839035
3523,0.9615141336162586
3524,0.9894457620506167
3525,0.8353386061390317
3526,0.9380145952471223
3527,0.9638587484878166
3528,0.8900790550351045
3529,0.9266899657862843
3530,0.9323555366940095
3531,0.9847501051515034
3532,0.9559370977802688
3533,0.9814958487522506
3534,0.984612736398599
3535,0.9344105923762988
3536,0.9680189096168672
3537,0.9129241743814713
3538,0.9618103197953979
3539,0.9644903300855863
3540,0.9896403005101517
3541,0.9458693505641793
3542,0.9254733588963348
3543,0.9841034100606433
3544,0.8370191534990438
3545,0.9498707878321055
3546,0.9891453770983228
3547,0.697165085292636
3548,0.9500664078253637
3549,0.9209000697416413
3550,0.9135581560938214
3551,0.9377798461280678
3552,0.9692331438064412
3553,0.8839746243545548
3554,0.8716225291523861
3555,0.9809802966209947
3556,0.9525742425696553
3557,0.8960768821693756
3558,0.9418847217398134
3559,0.9773044655703382
3560,0.9477042874174723
3561,0.9831978140336171
3562,0.9444940731546754
3563,0.9664070792446344
3564,0.9699712147360868
3565,0.9880509639449078
3566,0.9664775941943072
3567,0.9692619065996056
3568,0.964367871596242
3569,0.9402762802122081
3570,0.9120783672474191
3571,0.972466290871328
3572,0.9892612056775528
3573,0.9321325926890561
3574,0.924856416146461
3575,0.9492731462334741
3576,0.9784415955409754
3577,0.9258779276233767
3578,0.897305009048154
3579,0.793442578724776
3580,0.9757729441085392
3581,0.9589644032518033
3582,0.9873710988471733
3583,0.9753667303627885
3584,0.9208625018411195
3585,0.9530017802602254
3586,0.9687101919145171
3587,0.6935974727959892
3588,0.9873254402067704
3589,0.8648313779368859
3590,0.9677256271997791
3591,0.9132275841607216
3592,0.955323267917694
3593,0.8204516982124527
3594,0.9783968155591789
3595,0.9787075865513538
3596,0.9022918173033347
3597,0.7680382786300051
3598,0.9420411246070374
3599,0.9544583785301728
3600,0.9211200719571445
3601,0.9604586809816018
3602,0.9767335676689558
3603,0.9570948022902063
3604,0.9514961893387872
3605,0.9516731838298433
3606,0.8037682426454574
3607,0.7339237805572288
3608,0.9180744096049119
3609,0.9579092950929681
3610,0.917497950177857
3611,0.8976833493037655
3612,0.8426961889247857
3613,0.9489797995207523
3614,0.9896914190531485
3615,0.9600214855447843
3616,0.8679105514241006
3617,0.8955035109671382
3618,0.8898137608520533
3619,0.8780422660746423
3620,0.8256035248371932
3621,0.9782465367191445
3622,0.9665577278743372
3623,0.8739104697980933
3624,0.9642496794486991
3625,0.9899317674128266
3626,0.9848043763630424
3627,0.9148314034974478
3628,0.9683613392615373
3629,0.9742785302150841
3630,0.9890258828583771
3631,0.9140929685024103
3632,0.9627738145649908
3633,0.9849851589661137
3634,0.9354138813443232
3635,0.964708757635092
3636,0.9777569750233718
3637,0.9797139562690718
3638,0.9523858579070749
3639,0.9826166461951027
3640,0.9177700788454375
3641,0.8859456666177447
3642,0.8631252953607254
3643,0.7937058093037777
3644,0.9769371293350699
3645,0.9632224284078094
3646,0.9544357706793459
3647,0.9493998216716315
3648,0.982426883021667
3649,0.9782467933249402
3650,0.9886675109336324
3651,0.9898607453823779
3652,0.9440486583330392
3653,0.849210901161077
3654,0.9111800336242714
3655,0.9230867635258302
3656,0.9057709956846733
3657,0.868344771676494
3658,0.9082382109919408
3659,0.914310068141806
3660,0.9808700525061749
3661,0.8993987069910127
3662,0.9322550716171819
3663,0.9684774177797256
3664,0.984207385338101
3665,0.9819967499463141
3666,0.9361619820542825
3667,0.92974375530693
3668,0.985106280348037
3669,0.9408543710976838
3670,0.9716540709214602
3671,0.9818802092541031
3672,0.9582859575164518
3673,0.9500252084378307
3674,0.9687920174356668
3675,0.9587048448117558
3676,0.9565405486970708
3677,0.5358277953539237
3678,0.9488855471945914
3679,0.8999171955543597
3680,0.7479544700810256
3681,0.9896742998876509
3682,0.9671773663773627
3683,0.8976100441739482
3684,0.9385892557982162
3685,0.9741148229235886
3686,0.9888069608045339
3687,0.9521599948438682
3688,0.8796347219082362
3689,0.9580566940145256
3690,0.9258234508306471
3691,0.9511345007428658
3692,0.9703630025121531
3693,0.9898150021147647
3694,0.9143759937163166
3695,0.9604378526054499
3696,0.9504788451285827
3697,0.9169788781664959
3698,0.9873015563146749
3699,0.9792997098778776
3700,0.98742503970488
3701,-0.9728945321507169
3702,-0.8762828830491172
3703,-0.9713349223057152
3704,-0.9758327054067653
3705,-0.8659673904510096
3706,-0.9888080618991382
3707,-0.9886002052541258
3708,-0.9478279528797486
3709,-0.9835467229740386
3710,-0.9652513555209755
3711,-0.9893782175848138
3712,-0.9874155413130005
3713,-0.9691844656876465
3714,-0.8319732805895897
3715,-0.8928706404276593
3716,-0.9795938607757262
3717,-0.9179744859629105
3718,-0.8919511202967069
3719,-0.9675590014972321
3720,-0.7856472167332694
3721,-0.9508215830871821
3722,-0.9604119942713171
3723,-0.9426514849430249
3724,-0.9680662331352714
3725,-0.9862615871675505
3726,-0.8322310961994902
3727,-0.9406074002757661
3728,-0.9418596301883247
3729,-0.977980609952241
3730,-0.8609943925334579
3731,-0.8985896529563213
3732,-0.8990145384755496
3733,-0.8985573826528701
3734,-0.9642956857919331
3735,-0.9208240254953134
3736,-0.9504484211138279
3737,-0.989987096989998
3738,-0.892025553098065
3739,-0.9675728167891995
3740,-0.9409177348581726
3741,-0.98999767418865
3742,-0.9430184577111519
3743,-0.9887001148041682
3744,-0.9281729609251708
3745,-0.9844419620729786
3746,-0.9154243533001507
3747,-0.7233482015775009
3748,-0.9723041938129628
3749,-0.9160782196636399
3750,-0.9473197592869004
3751,-0.5350415258133678
3752,-0.9881094585616758
3753,-0.9799907851531324
3754,-0.9463472531582479
3755,-0.9124170940419434
3756,-0.9750898469512357
3757,-0.975731717100261
3758,-0.8538275232932956
3759,-0.9493332543038523
3760,-0.9176875889188055
3761,-0.925572315612752
3762,-0.8812406343115101
3763,-0.9875509623560931
3764,-0.9525557374667332
3765,-0.8450609340979096
3766,-0.9421434454956716
3767,-0.9595808722067897
3768,-0.8357741139338514
3769,-0.932702994902733
3770,-0.7319546349482519
3771,-0.9785318383444817
3772,-0.9835726251980136
3773,-0.9890599443155896
3774,-0.8460420012023186
3775,-0.9186216230842066
3776,-0.9700304161977595
3777,-0.9689459796291646
3778,-0.9560011729676828
3779,-0.9637560264072479
3780,-0.9898834894463953
3781,-0.9817129917206379
3782,-0.9654593219896321
3783,-0.9123992605664104
3784,-0.969255154347361
3785,-0.9785483562356869
3786,-0.9809978148135695
3787,-0.9495121725153459
3788,-0.905065107464747
3789,-0.9603989096873646
3790,-0.9079090683173279
3791,-0.922332953401943
3792,-0.9068800772085016
3793,-0.9691526375031719
3794,-0.9054224837964279
3795,-0.9167288791509168
3796,-0.9897410521663665
3797,-0.8423285451179101
3798,-0.9891682874770715
3799,-0.9809506188756494
3800,-0.9751652049459292
3801,-0.9256722932686691
3802,-0.9718517769470755
3803,-0.9640306156230081
3804,-0.8840272388451853
3805,-0.956115425280512
3806,-0.900160232235352
3807,-0.9825913527791958
3808,-0.9875948217775798
3809,-0.9559935940426604
3810,-0.9489718595938751
3811,-0.9610321807114338
3812,-0.9620854753877075
3813,-0.9872739523713091
3814,-0.9862092150061027
3815,-0.7193835694058467
3816,-0.9790097113003478
3817,-0.9836760343198041
3818,-0.9815538870746038
3819,-0.9435008445513244
3820,-0.9456634991413151
3821,-0.7813403535161172
3822,-0.9756853954658693
3823,-0.9380841847207473
3824,-0.9841120994389528
3825,-0.9637106588149655
3826,-0.9312867284921672
3827,-0.9793888560897887
3828,-0.94822907391717
3829,-0.9351555398594978
3830,-0.9068404279124328
3831,-0.9567278717319094
3832,-0.9800621319278405
3833,-0.9816091496420101
3834,-0.9504348581742662
3835,-0.8942365210735874
3836,-0.9897120241092381
3837,-0.9734162218981114
3838,-0.7908789755416076
3839,-0.8673915411879741
3840,-0.9702358686524457
3841,-0.9778414122394528
3842,-0.9510740345669328
3843,-0.98352819456308
3844,-0.9017167055258499
3845,-0.9772859818706916
3846,-0.9051001394588887
3847,-0.9467719879837784
3848,-0.8334384923923022
3849,-0.978598550342124
3850,-0.8532935193577145
3851,-0.7864598758408579
3852,-0.9067201077135606
3853,-0.9884552460366841
3854,-0.9404938831423775
3855,-0.9563516312161758
3856,-0.9295260631796121
3857,-0.9899796326452002
3858,-0.8675511755758677
3859,-0.9581830788775945
3860,-0.8628211764863174
3861,-0.9498769310923213
3862,-0.9587440769097111
3863,-0.9321769154644739
3864,-0.9387211280702265
3865,-0.9748539029398797
3866,-0.9103030636977679
3867,-0.920078768071787
3868,-0.8799665570788376
3869,-0.97842695893061
3870,-0.9598841999529492
3871,-0.9379209005633539
3872,-0.9838280534196504
3873,-0.9052688223771967
3874,-0.9451158630428026
3875,-0.9598345064417065
3876,-0.9344931744397248
3877,-0.989470230795461
3878,-0.9748783428072876
3879,-0.9423647258813993
3880,-0.9195098691675471
3881,-0.9843667422909363
3882,-0.905941541554691
3883,-0.9835135116315303
3884,-0.9459227375502656
3885,-0.9855222251107143
3886,-0.9609440612915436
3887,-0.971614769558775
3888,-0.9891381049158084
3889,-0.9857164260973305
3890,-0.9810397594118612
3891,-0.9861613544512885
3892,-0.9799026752131601
3893,-0.9424426267989058
3894,-0.9300920830696402
3895,-0.7798649655941822
3896,-0.9830713628076341
3897,-0.982981817880433
3898,-0.8972516744895148
3899,-0.9860719902871751
3900,-0.9699298569011031
3901,0.9077098587397976
3902,0.9535211812215771
3903,0.9296037174304114
3904,0.9596276041035833
3905,0.9149211728390765
3906,0.9659772553121782
3907,0.9611949250559674
3908,0.9441472148918544
3909,0.9591502349895873
3910,0.9898253492947605
3911,0.9301622287947618
3912,0.9877186156618507
3913,0.9889558225055448
3914,0.8978842100869684
3915,0.9019674426325245
3916,0.9335355095646515
3917,0.9498996366574384
3918,0.9303113694603025
3919,0.9570564925453984
3920,0.9024072444554813
3921,0.8152936257828466
3922,0.9877444964783992
3923,0.8741884608808527
3924,0.9822307905897969
3925,0.9479919242895629
3926,0.8299414067239177
3927,0.9510812339227082
3928,0.9335816931503884
3929,0.7918072442062783
3930,0.8196169399835974
3931,0.9672369969712712
3932,0.9500600405668915
3933,0.9764917240393719
3934,0.9091883104113267
3935,0.8830913925233494
3936,0.9213814779161618
3937,0.9781606124640888
3938,0.9274770593072243
3939,0.980291430612824
3940,0.9868273226099875
3941,0.8915672205352126
3942,0.9648700397807441
3943,0.9339633948006847
3944,0.9744671535665749
3945,0.9760455876266511
3946,0.8695975701676159
3947,0.9698316463393287
3948,0.9518386879458739
3949,0.7639172275932976
3950,0.9895040905587148
3951,0.9635967845860169
3952,0.9098462821091552
3953,0.981915972456483
3954,0.9222916961696471
3955,0.9691554941290871
3956,0.98672178751985
3957,0.8616837944929611
3958,0.9059085016464973
3959,0.9188756330456753
3960,0.778671985481416
3961,0.9894369657978286
3962,0.9571610077306615
3963,0.8533632746514938
3964,0.95472849603187
3965,0.9808611988779967
3966,0.9514698688322709
3967,0.9868609242722065
3968,0.9899908942182156
3969,0.842736484048014
3970,0.9857839100580781
3971,0.9356254418628973
3972,0.9899883254244145
3973,0.9719867021148366
3974,0.8713451169199669
3975,0.8699114751007078
3976,0.9385033392181225
3977,0.9804046029572017
3978,0.9763971198033057
3979,0.9591985189943448
3980,0.9778120257709404
3981,0.9236202978377239
3982,0.9882552288930478
3983,0.9544862499852395
3984,0.9871928463213202
3985,0.9471508921380912
3986,0.9556824483323383
3987,0.9224427872312287
3988,0.9891528244686659
3989,0.9582245263323681
3990,0.7822938502578156
3991,0.9853331514571795
3992,0.9270643286330941
3993,0.8998045180407611
3994,0.8802912288071678
3995,0.9681783302196522
3996,0.9600980619064151
3997,0.9654603557588096
3998,0.9329703912507471
3999,0.9651845659925424
4000,0.9064462781439702
4001,0.9530489172214015
4002,0.8493937750089113
4003,0.9570410473391524
4004,0.966288414656362
4005,0.9414640769692902
4006,0.9635423723242666
4007,0.9898949236953711
4008,0.941347766333845
4009,0.8553403001726052
4010,0.9224643293879999
4011,0.9781036929438216
4012,0.940768086620216
4013,0.9379575513717108
4014,0.9358972686386513
4015,0.9247383344400747
4016,0.9203890274379315
4017,0.9320207101363187
4018,0.8919013298550913
4019,0.9808462226867048
4020,0.9180744983843342
4021,0.9850029075239317
4022,0.9737105996954212
4023,0.9345736256226106
4024,0.9731217607854029
4025,0.8725915592118614
4026,0.9356208438613395
4027,0.7636178103918438
4028,0.9500850291041215
4029,0.9722007045922507
4030,0.9827371894129647
4031,0.9824313926563459
4032,0.9348416359957373
4033,0.9682390158685206
4034,0.9306879049518253
4035,0.8428861376614865
4036,0.9873178655413087
4037,0.9763676994887798
4038,0.9837238004912358
4039,0.9490602802922943
4040,0.9695939694135701
4041,0.9807524879647257
4042,0.9894150577019946
4043,0.9751073126340094
4044,0.9615626319229105
4045,0.9764307690461786
4046,0.986122397725197
4047,0.9715357794949229
4048,0.9832465220762063
4049,0.9452477163815086
4050,0.9897102497811597
4051,0.9761812675316579
4052,0.9812221632629181
4053,0.9621544917499553
4054,0.9855960640251067
4055,0.975219679440762
4056,0.973046056756948
4057,0.9843259207260807
4058,0.9858832879270832
4059,0.9400213398071082
4060,0.9804566053671394
4061,0.9644036740386447
4062,0.9874112390242374
4063,0.941418818217581
4064,0.898814271974856
4065,0.9629466219355945
4066,0.9508469102907706
4067,0.9216842032582262
4068,0.9593619265481338
4069,0.9604687128139683
4070,0.9467824552639214
4071,0.9649851343099015
4072,0.9813778760399584
4073,0.9786921026335773
4074,0.982544377515211
4075,0.7896360048073655
4076,0.9710913147033474
4077,0.9897771079590914
4078,0.9864745398783158
4079,0.9598998129432685
4080,0.9413377360085241
4081,0.9753748730027907
4082,0.9462517172594476
4083,0.988642252897875
4084,0.986125804777732
4085,0.9792852584278611
4086,0.9639867268939811
4087,0.9205069712819108
4088,0.916056542919714
4089,0.8022688054547175
4090,0.9809465473223082
4091,0.9899051719168642
4092,0.722022961122526
4093,0.9614796737843495
4094,0.9278029357915886
4095,0.8641712994814443
4096,0.928177411712427
4097,0.9729136633636029
4098,0.9568064320313092
4099,0.9414229623460605
4100,0.9876280865553551
4101,0.8414054853068669
4102,0.9716339007000095
4103,0.9873694615922055
4104,0.9625417334457679
4105,0.8777923354623433
4106,0.9870616840490446
4107,0.9834872923901631
4108,0.9524822775354869
4109,0.871231323780205
4110,0.9875094398474262
4111,0.9797423123916204
4112,0.9051116489265822
4113,0.8898350614770199
4114,0.938095312296796
4115,0.9196101517717877
4116,0.9762091483108151
4117,0.9819709885263591
4118,0.9809356626725638
4119,0.9104685356467805
4120,0.8738400662637316
4121,0.9490431206802927
4122,0.9744217336858961
4123,0.9582099182833526
4124,0.8922139316923787
4125,0.9176460032410948
4126,0.9524240165011814
4127,0.9186493474400603
4128,0.9867817656990876
4129,0.9285562042639798
4130,0.9892584279004224
4131,0.9791496806418507
4132,0.9899996052533131
4133,0.9504135632622194
4134,0.989886413772497
4135,0.9782863820858325
4136,0.9806102853641052
4137,0.9568250392777666
4138,0.9119585417839815
4139,0.901161089276345
4140,0.9750135433782858
4141,0.9603208886239396
4142,0.9196116584246987
4143,0.9534369546417505
4144,0.9001324787992929
4145,0.9247094886077748
4146,0.9892668830279908
4147,0.782229601954959
4148,0.9561733184195493
4149,0.9868845753548874
4150,0.950022376179054
4151,0.6662533162273905
4152,0.943372041782182
4153,0.9757768854401276
4154,0.9839274412621196
4155,0.9117463183042985
4156,0.9640001425399505
4157,0.9191500214522398
4158,0.9207624736783062
4159,0.8153792661806128
4160,0.9880824121340209
4161,0.9670287015751402
4162,0.9423055280289442
4163,0.9850800264270339
4164,0.708058582953887
4165,0.9262221214377578
4166,0.980226053679212
4167,0.9372604480630036
4168,0.9029100586414734
4169,0.954258087933182
4170,0.9009909454082448
4171,0.8678877802903099
4172,0.9384353592552934
4173,0.8743540908964703
4174,0.9663771866999367
4175,0.9464923582540079
4176,0.9834440971350503
4177,0.9896200292533219
4178,0.9895829016573845
4179,0.9898725866394806
4180,0.9615699988490183
4181,0.8716522515364762
4182,0.8775238869218641
4183,0.9748805189646638
4184,0.9891943685555172
4185,0.9891657739062514
4186,0.9569463370544495
4187,0.9031418442697385
4188,0.9534349592506208
4189,0.9659208116222842
4190,0.8434187791908944
4191,0.944060432355227
4192,0.9899441808406685
4193,0.8597485071391477
4194,0.9897433941062872
4195,0.9897862368481679
4196,0.9845912593724612
4197,0.9424982428579133
4198,0.9877992039638742
4199,0.8261805210431634
4200,0.9411236801658143
4201,0.9578464736601452
4202,0.9057557964663219
4203,0.9861005220136625
4204,0.8439897100866457
4205,0.7676451973635281
4206,0.9827489218696781
4207,0.9297980659397939
4208,0.9472173195482627
4209,0.9487749844996165
4210,0.9258453486710749
4211,0.9284730922109415
4212,0.907797072389151
4213,0.9813666647839989
4214,0.9826325404891078
4215,0.938074578361773
4216,0.9872108446993902
4217,0.97820636070055
4218,0.9503397856357118
4219,0.9757150728312587
4220,0.9411750688149646
4221,0.9660251729221371
4222,0.8042656018930819
4223,0.8530209844861043
4224,0.9878684493207498
4225,0.9444960352997397
4226,0.9648699933021521
4227,0.9340798466641282
4228,0.9885354405635589
4229,0.9476712972584846
4230,0.9385684280362917
4231,0.9428800011744002
4232,0.9204274388753659
4233,0.9227885372849054
4234,0.9858574745323722
4235,0.982795263548662
4236,0.9141209652970272
4237,0.9006946872453823
4238,0.9816130153134401
4239,0.9897062211456595
4240,0.9291626121532013
4241,0.9631033030690987
4242,0.9766108189145105
4243,0.9875612654799205
4244,0.9313062629218954
4245,0.9885625380543953
4246,0.9718430068537559
4247,0.9824048866657419
4248,0.980929491217726
4249,0.8582627190239026
4250,0.9234979104548474
4251,0.9497441412664109
4252,0.9288746009502516
4253,0.9865921780631113
4254,0.9074951589140254
4255,0.9443131609185886
4256,0.7965473546341276
4257,0.9851242577250451
4258,0.9890182601810189
4259,0.7846656401761102
4260,0.9795991897476808
4261,0.9801190223024642
4262,0.9328335130900516
4263,0.9770723862647367
4264,0.97975483014426
4265,0.9464509613126423
4266,0.9736199402088372
4267,0.9091706894539612
4268,0.971453472557907
4269,0.9879332620721151
4270,0.9504902683890396
4271,0.8953030742790127
4272,0.9442915216453216
4273,0.8374272067985977
4274,0.9554787147032432
4275,0.9593254507621829
4276,0.8782394482635251
4277,0.9804262378770707
4278,0.9764258041814837
4279,0.9759631111821101
4280,0.9805115205807109
4281,0.8865880226773311
4282,0.9892614257273535
4283,0.9443695765245361
4284,0.9758032149163317
4285,0.9347118372711302
4286,0.972630790170169
4287,0.8796326772698695
4288,0.9870885487471718
4289,0.919956969693557
4290,0.9609910001726967
4291,0.9857032238106594
4292,0.9896365524477532
4293,0.9890551954154385
4294,0.9775561706120086
4295,0.9547600340448437
4296,0.9797546769665888
4297,0.9831580665050526
4298,0.8607940173429871
4299,0.977920748547041
4300,0.984684086020365
4301,-0.777236850523371
4302,-0.9896324940368819
4303,-0.927936295861536
4304,-0.8911176477253272
4305,-0.953714755735187
4306,-0.917298071406395
4307,-0.957970113101933
4308,-0.9812711153823538
4309,-0.9748077176063333
4310,-0.9714450482512194
4311,-0.959010130178025
4312,-0.9758665721218804
4313,-0.9412253456390397
4314,-0.9324459618859537
4315,-0.9820611784915207
4316,-0.9347723146816972
4317,-0.9524090841812625
4318,-0.9491468634136567
4319,-0.8778420481550157
4320,-0.8925978279794292
4321,-0.8686238345466031
4322,-0.8585634927210127
4323,-0.8057694729453684
4324,-0.9436350482128976
4325,-0.8967618483355485
4326,-0.9553195309710241
4327,-0.9725255420057016
4328,-0.891222562143877
4329,-0.9841980301644923
4330,-0.7432191889370008
4331,-0.9632867223030662
4332,-0.9295202335095247
4333,-0.8253063433743184
4334,-0.9552987920057969
4335,-0.9576348127717611
4336,-0.9434690496474761
4337,-0.9897194610386622
4338,-0.8616297363840448
4339,-0.940688703565642
4340,-0.9697073259249244
4341,-0.9895037189194108
4342,-0.9599860435213659
4343,-0.9699324459589012
4344,-0.8721795601429304
4345,-0.9645417001327364
4346,-0.9806378041689681
4347,-0.9729694719241049
4348,-0.9257037361653948
4349,-0.900455372583097
4350,-0.9813166904646824
4351,-0.9825521577765236
4352,-0.9407897010408319
4353,-0.984642279493797
4354,-0.944603341342271
4355,-0.9745116176315508
4356,-0.9767149046864001
4357,-0.9546724552793362
4358,-0.9569329903758088
4359,-0.9583547628194166
4360,-0.9783268822341447
4361,-0.9029017789333527
4362,-0.9083579599097389
4363,-0.9318457501907602
4364,-0.9603291226483868
4365,-0.9804293510659099
4366,-0.9297592015410748
4367,-0.9511577281601854
4368,-0.9339869145915981
4369,-0.9692206353911379
4370,-0.9726385898176679
4371,-0.9680894783251727
4372,-0.8355120461527944
4373,-0.969800270015557
4374,-0.9346850204427667
4375,-0.9856569153373135
4376,-0.9683566738283091
4377,-0.976552371120336
4378,-0.8992187234979436
4379,-0.9788262137519288
4380,-0.9553129863447569
4381,-0.9055208386697736
4382,-0.9622553190939399
4383,-0.9810312217922691
4384,-0.9625335976686583
4385,-0.9880981616138544
4386,-0.9571827274714361
4387,-0.8681725527236588
4388,-0.7615026980900694
4389,-0.9722132838618476
4390,-0.8323737286462609
4391,-0.9309153093575807
4392,-0.9536100645248708
4393,-0.9339442454964323
4394,-0.986586649729905
4395,-0.9234163569728421
4396,-0.9849774311919953
4397,-0.9527889244381774
4398,-0.9832117566258314
4399,-0.9250842236496751
4400,-0.9730324225504715
4401,0.9327427155470949
4402,0.9377098677921042
4403,0.964622326893587
4404,0.956166240386437
4405,0.9871886341966023
4406,0.9656069025009782
4407,0.8932238100381827
4408,0.9797551982629741
4409,0.9624212213252852
4410,0.9437370703299074
4411,0.9678391854658159
4412,0.9523271908816313
4413,0.9329328556245039
4414,0.712343085558007
4415,0.9369187930259649
4416,0.9770074057557433
4417,0.8832454150548726
4418,0.9659461315895647
4419,0.9689867974086621
4420,0.97747301024903
4421,0.9882725750995519
4422,0.9861403790844682
4423,0.9863514199624999
4424,0.9396463652839058
4425,0.976740316772017
4426,0.9841354610501786
4427,0.9890530286858981
4428,0.9765615017645329
4429,0.9425454556720358
4430,0.9899858923465661
4431,0.9666213614776115
4432,0.8338955123737951
4433,0.9637528582624382
4434,0.9628521318196372
4435,0.9757512219500063
4436,0.966904947056009
4437,0.9727389022446364
4438,0.9127563561236723
4439,0.9449770973408599
4440,0.9899157245490178
4441,0.956199362704262
4442,0.9720509841493418
4443,0.9436029405013372
4444,0.9562474585804025
4445,0.9816657311739614
4446,0.9258400605109489
4447,0.9750691057732209
4448,0.8742749868759767
4449,0.967850765689929
4450,0.9857097137480139
4451,0.9677723200930678
4452,0.9893695219161679
4453,0.980247805165601
4454,0.9782063656401752
4455,0.9888068410858661
4456,0.9859870156339876
4457,0.899708310314829
4458,0.9631906366293589
4459,0.8948735521844449
4460,0.983339526814595
4461,0.9561007176530084
4462,0.9576055531093797
4463,0.9706919522696656
4464,0.8594312161016338
4465,0.9316424555052594
4466,0.8911605648406739
4467,0.9863330815739719
4468,0.9545670038986261
4469,0.9889644508219629
4470,0.9895685563038661
4471,0.9776547405440448
4472,0.9052509122927136
4473,0.9895109267188361
4474,0.982127566025454
4475,0.9728344265162128
4476,0.9642508659468713
4477,0.8868813588021598
4478,0.9809931177026474
4479,0.9650461711022164
4480,0.9094970130159119
4481,0.9313823027824119
4482,0.9401880290616429
4483,0.9753937083446108
4484,0.9891429613937424
4485,0.9769138891101227
4486,0.9732886598492992
4487,0.934188038755296
4488,0.9848469062102452
4489,0.9216125938421518
4490,0.9511623909907364
4491,0.9663840464667691
4492,0.9739665909920348
4493,0.9816687835758343
4494,0.9403724924066483
4495,0.8046774236360121
4496,0.8319634951366063
4497,0.9706251306121569
4498,0.9845090085285277
4499,0.9899098775312394
4500,0.9133260170671292
4501,0.9406615150889444
4502,0.9461421884845761
4503,0.9568356051867167
4504,0.9808065486626407
4505,0.9810042553445985
4506,0.8999682191280685
4507,0.9767148275594593
4508,0.9183395288812601
4509,0.9756210279982473
4510,0.9596633812095641
4511,0.9486876314968341
4512,0.9046677447658482
4513,0.8516560753375101
4514,0.8143016805151585
4515,0.9896278743342207
4516,0.8477540476190407
4517,0.9500808721112896
4518,0.8736287770410645
4519,0.92960273469989
4520,0.6899149930484625
4521,0.9663733383709058
4522,0.9548819741211929
4523,0.9597906691517024
4524,0.969353573130063
4525,0.9487096826326807
4526,0.9811915903915784
4527,0.9777711971102087
4528,0.9789841985442668
4529,0.9209354353480513
4530,0.8704038718115565
4531,0.9875561820137754
4532,0.9765814891397949
4533,0.7207566917906133
4534,0.982491981074204
4535,0.9106013937159537
4536,0.9608838017420924
4537,0.8701594849098238
4538,0.9642605245248151
4539,0.9081256770720627
4540,0.9067558083714053
4541,0.9476591399603685
4542,0.9337969287631027
4543,0.980988480604006
4544,0.7931680818777125
4545,0.9043431851907576
4546,0.9504682128972402
4547,0.9737417813361465
4548,0.9896513907476593
4549,0.981775326934833
4550,0.8500573565879445
4551,0.9247988844085134
4552,0.9291304866140166
4553,0.9232859303690552
4554,0.9084110782623968
4555,0.9889476132880081
4556,0.9400618326482436
4557,0.9612131809838284
4558,0.9884862175854782
4559,0.8904290074915325
4560,0.8765924789631938
4561,0.9487971810940826
4562,0.9276370893974885
4563,0.9292366215816684
4564,0.9310586477914065
4565,0.9820292207756312
4566,0.8967860345605452
4567,0.9634179005238389
4568,0.9749688498340979
4569,0.980879245459172
4570,0.8324729784115634
4571,0.9801948332133243
4572,0.9069948413390824
4573,0.9590970988476555
4574,0.7910400031461218
4575,0.9600957686529423
4576,0.8642246871019219
4577,0.7786029812316332
4578,0.9125189706339143
4579,0.9793325364077523
4580,0.9202274583674513
4581,0.7084022341402423
4582,0.9781907349481086
4583,0.9711659170712941
4584,0.9846120416925006
4585,0.9328495312323328
4586,0.986753014038378
4587,0.9871443603549295
4588,0.9861680532087774
4589,0.7925064554998177
4590,0.9792041259537474
4591,0.9670040886542796
4592,0.9024809053069747
4593,0.9318537288854871
4594,0.9069761404714398
4595,0.9678888611798871
4596,0.9284332427208666
4597,0.9352873821432083
4598,0.9872144916653375
4599,0.9226966909183439
4600,0.9712488388207879
4601,0.9442393808883823
4602,0.9671238868141394
4603,0.9439344097266995
4604,0.9243210377193924
4605,0.8622488773961331
4606,0.9328344411372168
4607,0.9433738730221638
4608,0.9786324119317596
4609,0.9887757754827338
4610,0.9255382189416542
4611,0.9854719276393924
4612,0.9054672861043397
4613,0.9451999988841153
4614,0.9580567879001185
4615,0.9889422726168469
4616,0.9273804324190928
4617,0.9062234497444829
4618,0.9899841151027704
4619,0.9728718343631042
4620,0.8250995413720091
4621,0.9542422636156064
4622,0.9834345662311618
4623,0.9619022456651912
4624,0.9186639906175397
4625,0.9817593334845998
4626,0.9892513180807618
4627,0.951039673616836
4628,0.9415348423555234
4629,0.9761128540471568
4630,0.9722202977319562
4631,0.9722162878187415
4632,0.9833732265282862
4633,0.839333918975891
4634,0.9684576315545659
4635,0.9433147464843983
4636,0.9802091462806265
4637,0.9894166140909569
4638,0.9508583235732582
4639,0.925669511005953
4640,0.9787259420597377
4641,0.9792500333377055
4642,0.9389854408717633
4643,0.9449828016444132
4644,0.9304279934277903
4645,0.9805247103679721
4646,0.9639567844622526
4647,0.9547353354857078
4648,0.8869529078630664
4649,0.9469634731575227
4650,0.8872044127096231
4651,0.9848566226158799
4652,0.9203432980639866
4653,0.9397704502738069
4654,0.9025210285532449
4655,0.9776997703823319
4656,0.9521578524839498
4657,0.7486770861530897
4658,0.9894750265441447
4659,0.8799602850237289
4660,0.9894012977749724
4661,0.8975519792242215
4662,0.9666236196488761
4663,0.9891697446355697
4664,0.9543712243138146
4665,0.9867573309254455
4666,0.9489915780405955
4667,0.7760417733691378
4668,0.9236606692180604
4669,0.8778300005087376
4670,0.9781023258287312
4671,0.9883657270795212
4672,0.963557009779735
4673,0.9466272032776021
4674,0.91362470162183
4675,0.9686342814038714
4676,0.9375830190875094
4677,0.9574141853410161
4678,0.9296151311015469
4679,0.9035075060812634
4680,0.9705161691790697
4681,0.9803174891608282
4682,0.9826771052784281
4683,0.8549721712882736
4684,0.9895456411790696
4685,0.9873342323343941
4686,0.8651525809769535
4687,0.9309660870098029
4688,0.9778190614426288
4689,0.9856167591300349
4690,0.984991407656292
4691,0.9717771285292466
4692,0.93635030916253
4693,0.9244833995353098
4694,0.9860568631794282
4695,0.7538182687473838
4696,0.9288059704503399
4697,0.9466293253452897
4698,0.9870460014806892
4699,0.9333672584174628
4700,0.919356106838202
4701,0.9527967026258717
4702,0.7862894595934854
4703,0.9052212471565133
4704,0.9837332144265237
4705,0.9300587992440974
4706,0.8647452950048075
4707,0.9531452758195261
4708,0.9377010323767458
4709,0.967354702085289
4710,0.9615796062050664
4711,0.9641422070281603
4712,0.9684228548456886
4713,0.936074043204827
4714,0.9688163011163335
4715,0.9352423692834488
4716,0.9350899727959593
4717,0.9833455541129191
4718,0.9664808938438748
4719,0.9554644573798061
4720,0.9573149182076434
4721,0.915617943095315
4722,0.9890937109787991
4723,0.9596461395276813
4724,0.9693398773973848
4725,0.9038529133380653
4726,0.9562201020628324
4727,0.9874013375322664
4728,0.9522780701661646
4729,0.9852092574590601
4730,0.9606717049107717
4731,0.9599239715934392
4732,0.9892430162421654
4733,0.9001436362294887
4734,0.9741514481248373
4735,0.9386244987621286
4736,0.9601252642035757
4737,0.9131171954618272
4738,0.9676568988614938
4739,0.950174043340917
4740,0.9045069713261573
4741,0.9006467541953399
4742,0.9864351947956298
4743,0.9739926015964746
4744,0.9391761145565669
4745,0.9271608359686682
4746,0.8873939227317136
4747,0.9544023915911383
4748,0.8569151647427427
4749,0.9416342822455973
4750,0.9716148257748697
4751,0.9734991489443912
4752,0.9668355039561694
4753,0.9402064058782811
4754,0.9728287201596654
4755,0.9768844069035039
4756,0.9551407336959974
4757,0.9026365485199699
4758,0.9681091334872348
4759,0.8966083164198784
4760,0.9397889232173119
4761,0.9135279441763325
4762,0.8673294336273959
4763,0.9116874207582615
4764,0.918068091214835
4765,0.9265619740329507
4766,0.9604880037930864
4767,0.9694430003000567
4768,0.9873214347849084
4769,0.9208539689252577
4770,0.9038878616941132
4771,0.9132943906392118
4772,0.9770337215587869
4773,0.9542844595491815
4774,0.8923608880310526
4775,0.9625858106465348
4776,0.9653187385963101
4777,0.9885243722422331
4778,0.8683266732984973
4779,0.9829717383030772
4780,0.9739308334164106
4781,0.978401967151249
4782,0.932284812142177
4783,0.9848707722571797
4784,0.9367688890441684
4785,0.9213479668650438
4786,0.9590713317293099
4787,0.9899770532045246
4788,0.9758847044856154
4789,0.9464520853448727
4790,0.9515280028532763
4791,0.942326953490474
4792,0.9622604631488553
4793,0.8255396755852403
4794,0.9263667661002105
4795,0.9865768815369956
4796,0.9096778551550713
4797,0.9875734164280724
4798,0.9645845433679904
4799,0.9180694570797538
4800,0.9448758007786913
4801,0.9469106056566958
4802,0.9759255229590182
4803,0.9848259684045166
4804,0.9890530985605017
4805,0.9858736032136896
4806,0.9533229063142808
4807,0.9163986992276492
4808,0.9349391648607294
4809,0.9773840591365989
4810,0.9890729222785299
4811,0.9738325980128384
4812,0.8137008287703907
4813,0.9696863721056741
4814,0.8954178310538178
4815,0.9289849404635698
4816,0.9159904089008222
4817,0.9851848542946471
4818,0.9244804187035115
4819,0.9718909054900571
4820,0.9576830698843826
4821,0.8314874834026205
4822,0.958303283420342
4823,0.9887587935791885
4824,0.9747278514341756
4825,0.9871848468422219
4826,0.9231096439475736
4827,0.7712990831701029
4828,0.9579975698499086
4829,0.8773060486655142
4830,0.9227883414409573
4831,0.8882146807483888
4832,0.9852279279026216
4833,0.9742221160695321
4834,0.9887432657941426
4835,0.9264730284591715
4836,0.9671550400196712
4837,0.909578367816505
4838,0.9757375241921544
4839,0.9134683613326146
4840,0.9696974181835228
4841,0.9804402784718044
4842,0.985445479139376
4843,0.8863546667510038
4844,0.9247557592256471
4845,0.9480010474296205
4846,0.984257442420869
4847,0.9426114512341042
4848,0.9851725517116264
4849,0.9789801045373022
4850,0.9253870817230809
4851,0.9668170148056727
4852,0.8769243162065619
4853,0.938853915282423
4854,0.9899898627779411
4855,0.6899038562591517
4856,0.9898393086482795
4857,0.9593716679315725
4858,0.8638789228699926
4859,0.9497082285758195
4860,0.9653456777494916
4861,0.9882514381866073
4862,0.951735896552724
4863,0.9753790624566644
4864,0.9703631149977929
4865,0.921608133302842
4866,0.9556022203354478
4867,0.9804238475620808
4868,0.9780797823546313
4869,0.9220976946251163
4870,0.9112018101764862
4871,0.9813188325441464
4872,0.9257305965476712
4873,0.9713027240965137
4874,0.967983300715533
4875,0.9090290508731566
4876,0.9596920354248936
4877,0.8645264376385728
4878,0.9857634765476272
4879,0.9689913927650812
4880,0.9724034710009968
4881,0.9773307133372479
4882,0.9800489737075176
4883,0.985626199925947
4884,0.9455799955652643
4885,0.9537316593731112
4886,0.9280646858090027
4887,0.9732991296496878
4888,0.8977796078198024
4889,0.9183676286532874
4890,0.9845276819586777
4891,0.9777650141576726
4892,0.932622044599784
4893,0.8616560916822602
4894,0.927818401350846
4895,0.9492709598301888
4896,0.9873765768730227
4897,0.9181009221376721
4898,0.8891038496777762
4899,0.966835780742263
4900,0.9852084966658838
4901,0.7941223224475944
4902,0.944567576610246
4903,0.8302284767576859
4904,0.9657060765646425
4905,0.9630558413403263
4906,0.9662531199918135
4907,0.9795050171765777
4908,0.8257306221847844
4909,0.911764892784676
4910,0.8953015443616696
4911,0.9316355366513034
4912,0.943104054831671
4913,0.7807048550984266
4914,0.9899491767803119
4915,0.9675200306104189
4916,0.8533254424510052
4917,0.9654179773473985
4918,0.9728119099423469
4919,0.989894402939424
4920,0.8641688557991819
4921,0.9581845631678813
4922,0.9880484643087787
4923,0.9420984631593982
4924,0.9390235850168032
4925,0.9497437941720895
4926,0.958132442580582
4927,0.7977637250510308
4928,0.9494105320872178
4929,0.9395668966809002
4930,0.9810751110118551
4931,0.9761994582873537
4932,0.9833214216182399
4933,0.9868943440683884
4934,0.9840314849058521
4935,0.9401259718559186
4936,0.9895636304053309
4937,0.9870381812132387
4938,0.963868314284977
4939,0.9893862847228033
4940,0.9843686130400541
4941,0.83911091007092
4942,0.9109298928702846
4943,0.8851711820289243
4944,0.8811885999725454
4945,0.8449604375019334
4946,0.9775344275345177
4947,0.9635950181277154
4948,0.9843325189422822
4949,0.9818691542406248
4950,0.88734254762471
4951,0.9663335149667029
4952,0.9533252168579307
4953,0.9734143056754154
4954,0.9826471992561139
4955,0.9221763336438054
4956,0.9866751244260262
4957,0.9350355866682204
4958,0.9718046802482173
4959,0.929986048843558
4960,0.948567280754233
4961,0.9474636193653923
4962,0.9484686748962264
4963,0.924202294798904
4964,0.9466457073264396
4965,0.989274214076108
4966,0.9426876172278044
4967,0.9835989609439779
4968,0.9688203253203971
4969,0.9534580449357817
4970,0.912920585943481
4971,0.9880793397435117
4972,0.9720646271746839
4973,0.9644853605200233
4974,0.9066952794244414
4975,0.9534579339810552
4976,0.9668416794775746
4977,0.9522558928659539
4978,0.9645167194813334
4979,0.9882224850254613
4980,0.9829049965303666
4981,0.9880435531128949
4982,0.9851075138752518
4983,0.972694178087901
4984,0.986576771648808
4985,0.9528383261154773
4986,0.988540685426945
4987,0.9091985924744985
4988,0.9644864193304047
4989,0.965135625420101
4990,0.9739105836754688
4991,0.8430453912227919
4992,0.9642780856304142
4993,0.9789413789942244
4994,0.9602523494413072
4995,0.8440492812546544
4996,0.9660689245592523
4997,0.9826482174187202
4998,0.8785516180652511
4999,0.9893080630219167
5000,0.9326994034451475
5001,0.9580562060484097
5002,0.9899840271523501
5003,0.9564739546888807
5004,0.932204896371814
5005,0.9680092385245368
5006,0.9606417250138205
5007,0.9886003023297533
5008,0.9607384607302999
5009,0.986141523660761
5010,0.9133973435013873
5011,0.9594163487298242
5012,0.973018716322175
5013,0.9553531497346562
5014,0.9582945450776152
5015,0.9531975482149245
5016,0.8944110224557484
5017,0.9806970166876913
5018,0.9281617992574825
5019,0.9334253539869782
5020,0.9829707766198096
5021,0.9438267840266825
5022,0.9887432256122465
5023,0.8091947679726248
5024,0.9688523332802509
5025,0.8967326288338109
5026,0.9458180188396399
5027,0.9289425322005644
5028,0.8740859192664227
5029,0.9142902520681229
5030,0.9382588582500274
5031,0.9363381697976596
5032,0.9898182341955796
5033,0.9818571692814618
5034,0.9828720968134218
5035,0.9374742097013795
5036,0.9842472521586377
5037,0.9403727021852294
5038,0.9340851322309116
5039,0.9647973072873429
5040,0.9589585796743685
5041,0.979332935177705
5042,0.9249904384425635
5043,0.9704706744197069
5044,0.9899338797231978
5045,0.9066463956665727
5046,0.8872337786676362
5047,0.936230494465456
5048,0.988062890809128
5049,0.9798539608982142
5050,0.9480213982076685
5051,0.8637134232021494
5052,0.8973702147086172
5053,0.8581867376191209
5054,0.9701534818279647
5055,0.9625240740981693
5056,0.9892636482972947
5057,0.988166655972151
5058,0.8927129888180062
5059,0.9527716888069526
5060,0.9567753681305523
5061,0.9280678729260855
5062,0.9888145924848584
5063,0.9773838764595671
5064,0.9885504742922111
5065,0.9881242838579861
5066,0.9173912372431661
5067,0.9848891626284668
5068,0.9898163532520278
5069,0.952731670385616
5070,0.9853039201552464
5071,0.9896487364691348
5072,0.8979972378069982
5073,0.9733141850035278
5074,0.8802245134412259
5075,0.9645687083361355
5076,0.9895304249008275
5077,0.9887940310058718
5078,0.9747056814197426
5079,0.8788847328484661
5080,0.9209742829030889
5081,0.9423309261786161
5082,0.9774010307801373
5083,0.9410730369780206
5084,0.9753798360001329
5085,0.9898429376537375
5086,0.9564685825885292
5087,0.920043980761659
5088,0.9883532835558823
5089,0.9174178836315993
5090,0.9419706729379403
5091,0.9415640365201647
5092,0.9273345843318308
5093,0.9706568360467759
5094,0.923235365259862
5095,0.9399006606126279
5096,0.8824292971076071
5097,0.956159588622595
5098,0.9048716952668616
5099,0.9806742945328707
5100,0.957560281552002
5101,0.860414331151828
5102,0.9813207357401215
5103,0.9861216110320541
5104,0.9776408982428473
5105,0.984159886269319
5106,0.9262912683819048
5107,0.9745105778808063
5108,0.9625465309615946
5109,0.95231747621813
5110,0.8974880774163686
5111,0.9884436092301301
5112,0.9296740808893865
5113,0.9140873171876885
5114,0.9847823539821595
5115,0.9802924719610776
5116,0.9801776962659224
5117,0.9181513330888604
5118,0.9779727645745061
5119,0.9603822862171785
5120,0.9552648833832895
5121,0.8556025803249926
5122,0.9601153084864615
5123,0.9733087292218764
5124,0.9820778263358806
5125,0.9752564519906007
5126,0.9882185057951325
5127,0.9761493807157086
5128,0.7919719638712392
5129,0.9560801201146223
5130,0.8654324648695159
5131,0.9264021407192172
5132,0.944177080171076
5133,0.8891411659393718
5134,0.9767578859867551
5135,0.9214868909549204
5136,0.9658587926624441
5137,0.9035318223998867
5138,0.9001248719907112
5139,0.9630301435790315
5140,0.9133055908270311
5141,0.9299577275841094
5142,0.842635578830801
5143,0.9754171931859251
5144,0.9788036210300816
5145,0.9711564693106595
5146,0.9704393839308624
5147,0.9838030547828847
5148,0.9885713143489094
5149,0.9694188415472855
5150,0.982668955322151
5151,0.9632043304770344
5152,0.9217167037304284
5153,0.9742141516052834
5154,0.9810057306705577
5155,0.9569462853074969
5156,0.9356770682223569
5157,0.9899134388395556
5158,0.9562475493624906
5159,0.9596543254962696
5160,0.9889536279251883
5161,0.9505397597192571
5162,0.9808261425151359
5163,0.9309883118517281
5164,0.9525089158493887
5165,0.9858391965144243
5166,0.9788746888403995
5167,0.929102275597604
5168,0.9670558105259284
5169,0.9860599003082331
5170,0.9159103779967915
5171,0.969433947737504
5172,0.9758072597382177
5173,0.9441307972272754
5174,0.8594773036377648
5175,0.9337758560137903
5176,0.989172189276184
5177,0.9720534679561946
5178,0.8325356671191444
5179,0.9532680065610736
5180,0.967785458944195
5181,0.9353204604255934
5182,0.9559240823308504
5183,0.9883800842229459
5184,0.9322447960944263
5185,0.9568146262198958
5186,0.9254611976546588
5187,0.9769178832454875
5188,0.8600887544967837
5189,0.9506974800103504
5190,0.9670857143389834
5191,0.89639135864511
5192,0.9068577702297915
5193,0.9751300277088085
5194,0.9850317174891261
5195,0.9302597929779827
5196,0.7912591475014024
5197,0.9439662911197554
5198,0.9502930570810433
5199,0.9498787770458798
5200,0.9875518072888714
5201,0.9430017477627075
5202,0.9529477476359953
5203,0.9051979267759694
5204,0.9888458053605903
5205,0.9772914734831832
5206,0.9898316965014915
5207,0.9795030270978191
5208,0.9899976334272655
5209,0.9239138233060751
5210,0.9876646866173253
5211,0.9229586729379164
5212,0.9444609717396183
5213,0.9279299097579263
5214,0.9890564079742215
5215,0.9883209823581981
5216,0.9872843711661768
5217,0.8948000244852382
5218,0.9593934720526598
5219,0.9494806601569518
5220,0.9448587122174466
5221,0.944479294535015
5222,0.7945596876519895
5223,0.9829802083314588
5224,0.9775301518068068
5225,0.9715046892160805
5226,0.9620747366137208
5227,0.928567708409395
5228,0.9871279898085823
5229,0.9747743631754672
5230,0.9802706343308317
5231,0.9899897717067503
5232,0.8831552290220783
5233,0.9782073076871337
5234,0.8751799991729096
5235,0.9121226633120183
5236,0.9778670245833989
5237,0.9494391201124474
5238,0.895969921174081
5239,0.9824620783947525
5240,0.8984099670194465
5241,0.9687694143313879
5242,0.9567839705781787
5243,0.9028106177797657
5244,0.8743776398935708
5245,0.9729325151794375
5246,0.919575709246988
5247,0.9592216790442724
5248,0.9727648135037241
5249,0.9571126176488028
5250,0.9421837260607208
5251,0.9487652303032471
5252,0.9417589719931704
5253,0.9063917374080716
5254,0.9897597530550235
5255,0.8181497822052513
5256,0.9875817940179336
5257,0.9566411537556008
5258,0.8861708559883192
5259,0.9835902053541544
5260,0.9482633615845419
5261,0.9521920225942544
5262,0.8956435721353068
5263,0.9632102697756693
5264,0.9400735218563747
5265,0.9891108918653271
5266,0.7969618515318282
5267,0.9648451907018163
5268,0.9419107479361707
5269,0.8720410147905489
5270,0.7768810092326432
5271,0.9461892019254735
5272,0.9689609551552192
5273,0.9635924425298416
5274,0.9806600188404475
5275,0.9661407263661224
5276,0.9717628309346579
5277,0.9535777663431754
5278,0.9091578142282003
5279,0.9091544405385079
5280,0.9782312392453629
5281,0.9542161776167188
5282,0.9883620854366858
5283,0.9874809748952569
5284,0.8708974391457388
5285,0.9279577687643514
5286,0.9391127844353598
5287,0.9778671973540395
5288,0.9621645480480964
5289,0.953617441455896
5290,0.9732741744531077
5291,0.9888811164448633
5292,0.9367225816619507
5293,0.9395206320880904
5294,0.8940726484553155
5295,0.9884107328873912
5296,0.8571441197177992
5297,0.974151491771339
5298,0.8247359224088899
5299,0.9362008301301831
5300,0.9763218873862707
5301,0.9598479326795755
5302,0.9529072515277988
5303,0.9527855169835198
5304,0.9878918635822415
5305,0.8861623472200123
5306,0.9752607883353213
5307,0.9897124988226331
5308,0.9248887773116726
5309,0.9454071352975609
5310,0.9868227438105643
5311,0.9527426085734468
5312,0.9368635858196526
5313,0.9823203842277207
5314,0.9884096620246966
5315,0.9446161578251485
5316,0.9780617814192364
5317,0.8006415169704906
5318,0.8174221926698547
5319,0.9446282634557145
5320,0.9898038256519118
5321,0.9579203874950762
5322,0.9870316322219743
5323,0.9687528325116297
5324,0.9861604780320185
5325,0.9857281051602946
5326,0.9894821137869685
5327,0.9841788059440357
5328,0.916797659070904
5329,0.9604856899845783
5330,0.9461598220905717
5331,0.9292720872517876
5332,0.9866440296917667
5333,0.9530914617485262
5334,0.9839753907973613
5335,0.9881682279923447
5336,0.964506226188808
5337,0.971989458912753
5338,0.989375353443415
5339,0.6227296119307366
5340,0.8774909744240807
5341,0.8422114308503645
5342,0.9551428014303048
5343,0.9674871339653766
5344,0.9224941060010976
5345,0.987780548776257
5346,0.9872396494120562
5347,0.9731432503087899
5348,0.9325891650534295
5349,0.9861050027746711
5350,0.9828588166459009
5351,0.9222051311031848
5352,0.9794352611061891
5353,0.9847933633516631
5354,0.9494986200138251
5355,0.926787972902686
5356,0.9762218235781573
5357,0.9121453763432522
5358,0.98999445222645
5359,0.9896945974323168
5360,0.979943458887778
5361,0.7925353580050531
5362,0.9593163010318714
5363,0.9838263567983727
5364,0.984572050044421
5365,0.9674375090396409
5366,0.9786305035565485
5367,0.9828446828643977
5368,0.844518913745977
5369,0.9895896618700711
5370,0.9738477069612298
5371,0.93757185501214
5372,0.9313805473862338
5373,0.9767418011121048
5374,0.7895226436337027
5375,0.9019062979397551
5376,0.9542663908037111
5377,0.9771794268757439
5378,0.7443506617289324
5379,0.9606258879707168
5380,0.9662686463055712
5381,0.9875691310488169
5382,0.8863652292626744
5383,0.9882206416564785
5384,0.9354936470676112
5385,0.9424541684906063
5386,0.9799150744344393
5387,0.925587740906047
5388,0.9709669753850271
5389,0.9876565788131187
5390,0.9602120317773238
5391,0.9338608306831172
5392,0.988691644039132
5393,0.9769813691638951
5394,0.9899993744622709
5395,0.9138820845494231
5396,0.9635486074062438
5397,0.7951912538072983
5398,0.8243103469050863
5399,0.9883776778940625
5400,0.9709295052562775
5401,0.9693875047874221
5402,0.974369101032043
5403,0.9847776493317619
5404,0.9167681745769479
5405,0.9899593100038471
5406,0.8212450881381586
5407,0.9633688729829025
5408,0.9068803537243337
5409,0.9656604348511405
5410,0.9783526681461772
5411,0.9396380507597154
5412,0.9539128455254422
5413,0.8823359067393332
5414,0.9822976506418414
5415,0.9652255752468908
5416,0.986058971328495
5417,0.9654517268762999
5418,0.9795471358228004
5419,0.987011406514971
5420,0.9325629124349969
5421,0.9774053711147274
5422,0.9422778977831896
5423,0.9652483180308451
5424,0.9086821699413044
5425,0.9389462289396976
5426,0.8456537563201203
5427,0.9407870348569543
5428,0.9590309083002171
5429,0.9659661476940523
5430,0.9790168306373067
5431,0.9838851432070059
5432,0.9365142183629412
5433,0.988747137771436
5434,0.9647146515459657
5435,0.9729665746087346
5436,0.9720841776629461
5437,0.9694917743183367
5438,0.9819616555329334
5439,0.985326475352086
5440,0.9553873448672361
5441,0.9230507382737981
5442,0.9752490139895702
5443,0.967212503320656
5444,0.9899764081573805
5445,0.9260556044457368
5446,0.944293558822258
5447,0.9638211961049807
5448,0.981286983435531
5449,0.7261700282126154
5450,0.942855446929511
5451,0.9053970708520672
5452,0.9899343762138264
5453,0.9895470711521581
5454,0.9835535808589193
5455,0.9766244303118147
5456,0.9649471920583274
5457,0.9819605772419979
5458,0.9284751711397445
5459,0.9281016747782639
5460,0.8341216957404275
5461,0.9712500010361418
5462,0.9886320001013392
5463,0.984214581600236
5464,0.910482205257694
5465,0.9145224975979744
5466,0.8647593190100424
5467,0.9817062106222681
5468,0.9550059342417526
5469,0.9089157171967636
5470,0.9845503138063105
5471,0.9352570349343642
5472,0.9451668412042754
5473,0.901165032322729
5474,0.9892037595147879
5475,0.9594097243211278
5476,0.9873830923089535
5477,0.9716143235236947
5478,0.9680786374275376
5479,0.9777499422686735
5480,0.8729477488590982
5481,0.9442940671137042
5482,0.7997911660241953
5483,0.9599322109854107
5484,0.887864282553391
5485,0.9348101937580442
5486,0.9858440808142311
5487,0.9646467488727989
5488,0.9360292182692747
5489,0.982097874914069
5490,0.9181400747671439
5491,0.9540427502217942
5492,0.9324150589988972
5493,0.955228879206614
5494,0.9039257995209131
5495,0.9686225458413121
5496,0.9757475367010809
5497,0.9794603068095746
5498,0.9547566492767228
5499,0.9337906954026545
5500,0.8311980141851624
5501,0.9764566535089118
5502,0.9680424192923666
5503,0.9804097403375189
5504,0.8784732275890812
5505,0.9750340548481978
5506,0.7125912871307232
5507,0.9572590700092376
5508,0.9691083498719997
5509,0.8414115315852202
5510,0.8950542722146383
5511,0.9749167765387255
5512,0.9404948171379587
5513,0.962564221322455
5514,0.9365270810585571
5515,0.8985766634356621
5516,0.9899126645048045
5517,0.917044565396227
5518,0.8041650037395724
5519,0.839032144866719
5520,0.9660859282851197
5521,0.9700228262915445
5522,0.9231376811154046
5523,0.9242296072540528
5524,0.7913777520352341
5525,0.9679910398643173
5526,0.8130667223023487
5527,0.9470698653295839
5528,0.9899632145312374
5529,0.919369501677537
5530,0.9477595967406522
5531,0.9562986140525246
5532,0.9190798497559933
5533,0.9738116129708078
5534,0.9889814056777816
5535,0.9684896157798657
5536,0.9890525968066779
5537,0.9888448047820623
5538,0.9424665992899451
5539,0.9657197866648454
5540,0.9715388051306891
5541,0.9810854253717552
5542,0.9831838027257763
5543,0.8469019324868254
5544,0.9898982465980246
5545,0.9762987669625993
5546,0.9871869934630083
5547,0.9644851243254213
5548,0.9064810946600917
5549,0.9123904464728675
5550,0.9806474503644427
5551,0.9654555334710507
5552,0.9614211558795458
5553,0.9657644831392211
5554,0.956499271056795
5555,0.8820388179970127
5556,0.9465725478417285
5557,0.9458384717858583
5558,0.9867530425315648
5559,0.9184395313187041
5560,0.9001025633538862
5561,0.981409593503297
5562,0.989645692625674
5563,0.8248434189828957
5564,0.985383851424068
5565,0.8934417677015414
5566,0.9239403910867026
5567,0.972552506913705
5568,0.9866378805049301
5569,0.9304739732764876
5570,0.9367463250684512
5571,0.9374997519803452
5572,0.9483360581551564
5573,0.8492064328589441
5574,0.9880326585868355
5575,0.9266272836759861
5576,0.8346997013140849
5577,0.8680173571598514
5578,0.8379914938075206
5579,0.9888017121545091
5580,0.8588949518495883
5581,0.9166495461497413
5582,0.9778654156865083
5583,0.9023542318354113
5584,0.9230657788835777
5585,0.9297796510347537
5586,0.871924756233289
5587,0.7651917619746149
5588,0.9861690742435822
5589,0.8826871232029153
5590,0.8015950620088846
5591,0.9899999080245441
5592,0.8764099441401386
5593,0.9589793963262514
5594,0.9894002151389784
5595,0.8031218191833336
5596,0.8538786053046638
5597,0.9897701134182496
5598,0.921827153341287
5599,0.9724483063387613
5600,0.985751389342689
5601,0.9484078050384787
5602,0.9886976793602775
5603,0.9611271220910961
5604,0.9524863305070381
5605,0.9789318944459822
5606,0.945096193848267
5607,0.8576256446550442
5608,0.9212983431104282
5609,0.9710859746978241
5610,0.9568635355760682
5611,0.989927844798215
5612,0.8430500494983495
5613,0.9553752268852493
5614,0.9887942176987914
5615,0.8424025667474742
5616,0.9898606016989648
5617,0.9724137678611572
5618,0.9598977445906168
5619,0.9718207654884775
5620,0.9217806418030994
5621,0.985802814087667
5622,0.9835332715538487
5623,0.9862795889485434
5624,0.9242461448891447
5625,0.8976656184825269
5626,0.9437784104338907
5627,0.9314806419392008
5628,0.9711064943649524
5629,0.9888634274849317
5630,0.8482999082963442
5631,0.7971529896074641
5632,0.9545300431657772
5633,0.9029390572122374
5634,0.9462182612752413
5635,0.9540427501708652
5636,0.9699465078963433
5637,0.8730449561856554
5638,0.9770396619185484
5639,0.9890540721725858
5640,0.9760988171081062
5641,0.9622626684780998
5642,0.9666748310302261
5643,0.9110734154473853
5644,0.9368447124351613
5645,0.8920772751064296
5646,0.8590320615442283
5647,0.9786726410831568
5648,0.8572458388710482
5649,0.9868607989607716
5650,0.9443675294336559
5651,0.9725660351101759
5652,0.8352392743865423
5653,0.9424315709005334
5654,0.9527879385512243
5655,0.9560553691542768
5656,0.9097845922584028
5657,0.8801007847204539
5658,0.9382990710349991
5659,0.956765104658598
5660,0.8957371699217391
5661,0.9895938309864791
5662,0.946268303664849
5663,0.8988844350334748
5664,0.9300532928471525
5665,0.8701360904876062
5666,0.881283574248766
5667,0.9096263944871825
5668,0.8487841444251516
5669,0.9787460754926577
5670,0.9895731843247682
5671,0.9239406364361448
5672,0.9531459120545095
5673,0.9621396771126919
5674,0.9747234152555418
5675,0.95875835969285
5676,0.9284998973718168
5677,0.9899952975689296
5678,0.8891038457453571
5679,0.8808274449430357
5680,0.9496122396063414
5681,0.9562487851834784
5682,0.8843855703950725
5683,0.9378516795214246
5684,0.9478320778332169
5685,0.9689399579831569
5686,0.9550728073899011
5687,0.9616595977444584
5688,0.9446890914711488
5689,0.8917826489214871
5690,0.9886684324229682
5691,0.9093994323130656
5692,0.9739329295944786
5693,0.9828642762445454
5694,0.9536375779897706
5695,0.9830164871369543
5696,0.9689571811208559
5697,0.8906299882080643
5698,0.8338369098743263
5699,0.9622649777945207
5700,0.9515583879725038
5701,0.9610951744981516
5702,0.988443579397964
5703,0.8858242830971119
5704,0.9642477755573046
5705,0.8341443622787718
5706,0.9687360855671304
5707,0.9773795620918175
5708,0.8709039285695043
5709,0.9898003307473214
5710,0.9882148884078957
5711,0.9877100886189647
5712,0.9679751731999459
5713,0.8964293331705077
5714,0.8767472558621138
5715,0.9391547488242304
5716,0.9721040481442478
5717,0.9738372518637376
5718,0.9668591921696456
5719,0.8714654073541865
5720,0.9440270789076368
5721,0.9390888904356581
5722,0.8786813877802868
5723,0.9696727279076651
5724,0.6954969183638519
5725,0.967500011883742
5726,0.965033586355121
5727,0.9794573474370609
5728,0.9366204081001823
5729,0.8958736998714197
5730,0.9529793840686854
5731,0.9814356551089684
5732,0.9611908785771422
5733,0.929804602570007
5734,0.9599125020629509
5735,0.9810843777888957
5736,0.9720620842101315
5737,0.847505457208515
5738,0.9732544088922978
5739,0.9513014846254744
5740,0.9724673419608929
5741,0.9352990521062211
5742,0.9004580585825942
5743,0.9899997003899704
5744,0.975907313317301
5745,0.9397198400278491
5746,0.9507663061607015
5747,0.876057031245395
5748,0.9318292357639119
5749,0.9502431958472789
5750,0.931535474234823
5751,0.9813955904602066
5752,0.9891133176649162
5753,0.9863967239322107
5754,0.9204515383234272
5755,0.8528566606462653
5756,0.9557643354558188
5757,0.8769073481093042
5758,0.94505448305354
5759,0.9298423260288244
5760,0.9608214132036887
5761,0.933485512995447
5762,0.9048195890288122
5763,0.9493817049145933
5764,0.9522388135661969
5765,0.9671399721637728
5766,0.9847061435559952
5767,0.9670721854143325
5768,0.9868757511884388
5769,0.979422402489805
5770,0.9579118618898125
5771,0.5267447350893475
5772,0.9242739507923713
5773,0.973772325808751
5774,0.7511428110079166
5775,0.9594246821284047
5776,0.953828907188709
5777,0.9895036559371119
5778,0.8518253363728191
5779,0.9669225469755586
5780,0.8790742244747165
5781,0.9755420773433314
5782,0.9816332112703594
5783,0.9314719149362554
5784,0.9156380267479911
5785,0.9289855042804872
5786,0.9520096499480851
5787,0.9555442193221984
5788,0.9433914083538292
5789,0.9478054213369286
5790,0.9552508213245945
5791,0.9187223817294945
5792,0.975251046005057
5793,0.9602142662490786
5794,0.9259061424969901
5795,0.9740141923469153
5796,0.9828984913715041
5797,0.9544683662048826
5798,0.833830910774772
5799,0.9651931081476081
5800,0.9410427265021076
5801,0.9410613949797012
5802,0.8184026203307392
5803,0.9894162616898531
5804,0.9705279926486543
5805,0.8675766963169159
5806,0.9709182079984054
5807,0.9249802272244698
5808,0.9883206893280747
5809,0.9339960601700324
5810,0.9713358454038661
5811,0.9474156487699426
5812,0.9751331288791568
5813,0.8387883715437232
5814,0.96759572940255
5815,0.9737134695712801
5816,0.982084549594263
5817,0.8147506810780314
5818,0.9890371762642928
5819,0.9735826563082367
5820,0.989937556012116
5821,0.9272858384511463
5822,0.9047852684118637
5823,0.9888354194618719
5824,0.9467275113336234
5825,0.9366283550110827
5826,0.9093208837707873
5827,0.9192256896279885
5828,0.9021473914398069
5829,0.911642417478894
5830,0.9855502038947234
5831,0.98222482552882
5832,0.9530432831955676
5833,0.9483503049290953
5834,0.9899790829345789
5835,0.9702494039329727
5836,0.9891587142451286
5837,0.9644264978831036
5838,0.9461731411715177
5839,0.9748803282085945
5840,0.9675389251960705
5841,0.9761665957933165
5842,0.9697149570400674
5843,0.9236445889944029
5844,0.8271288826350959
5845,0.8336877781403134
5846,0.9230410472015844
5847,0.9734884237371652
5848,0.9870442759682483
5849,0.8928415777028955
5850,0.848818243764323
5851,0.9554937189732691
5852,0.9535948558415868
5853,0.8661090363288229
5854,0.9751332088243381
5855,0.897360863624493
5856,0.9071101427799947
5857,0.9733242701753685
5858,0.9667257409827286
5859,0.9662639057798046
5860,0.9537184500263738
5861,0.9660171197963832
5862,0.9126063382800276
5863,0.989863187715821
5864,0.9553605336382125
5865,0.8839651977914695
5866,0.9707512019871181
5867,0.859992687668752
5868,0.9099088713982013
5869,0.9630150273291803
5870,0.9646485936739513
5871,0.9899423347471987
5872,0.90299097306536
5873,0.8657671677363062
5874,0.9040623178738282
5875,0.9760601748579708
5876,0.9183586529374421
5877,0.8915878671696911
5878,0.9330407729622223
5879,0.95511628643814
5880,0.9256745110420159
5881,0.9575633144137021
5882,0.9462849488014298
5883,0.8536083610183305
5884,0.9899969411350827
5885,0.9831242216758388
5886,0.9010792561384792
5887,0.9840136612902534
5888,0.9102000385834634
5889,0.9491985818297833
5890,0.9784398153865423
5891,0.9748055009745494
5892,0.9861872150432979
5893,0.9698660824481187
5894,0.977584180976966
5895,0.9227679488324249
5896,0.9876090992987775
5897,0.9819747016785357
5898,0.989992347652476
5899,0.9168160726796611
5900,0.9418572046699271
5901,0.9642715110228257
5902,0.9898047773465044
5903,0.8652548924540243
5904,0.9187664606012484
5905,0.9897208593464505
5906,0.9890190119052863
5907,0.9899529274426152
5908,0.9092944756720488
5909,0.9836024087261328
5910,0.9630179540455734
5911,0.917483996693348
5912,0.9359417505033015
5913,0.9861388597566163
5914,0.9899907601303451
5915,0.9842064972003419
5916,0.9474748257107474
5917,0.988801878710033
5918,0.9775338384835263
5919,0.9898189694176105
5920,0.9794291434176555
5921,0.8936988819389139
5922,0.9884517610573189
5923,0.9675584111518354
5924,0.9077442823068956
5925,0.7594216495622041
5926,0.9469447820478712
5927,0.8379478180458483
5928,0.946365094693652
5929,0.923742964551078
5930,0.9796674099485292
5931,0.9284823633876748
5932,0.9725936130595113
5933,0.9747923847384135
5934,0.9221770733705811
5935,0.8150549320831045
5936,0.9166662726750197
5937,0.8630377911533281
5938,0.6587103412514552
5939,0.9771492977279149
5940,0.9838631403297443
5941,0.8720953856205661
5942,0.9628465649136876
5943,0.8478105007508435
5944,0.7713427873172329
5945,0.9619644935809883
5946,0.8818536293865863
5947,0.8796896770752072
5948,0.9774319524035814
5949,0.9442764326667379
5950,0.9755742932825948
5951,0.9599829018226661
5952,0.9630867123461785
5953,0.9741317228217512
5954,0.9559282825054346
5955,0.9869401693054952
5956,0.9855505135937518
5957,0.963844260369796
5958,0.9805710130394376
5959,0.9463404087665882
5960,0.9806756303444988
5961,0.9848916539534116
5962,0.7975943883689671
5963,0.987324392295031
5964,0.9786517231172642
5965,0.9875022798584053
5966,0.9200206228745739
5967,0.9091959750996552
5968,0.911701293178521
5969,0.8223941516513489
5970,0.9760929717982273
5971,0.9450600703661107
5972,0.98200830044694
5973,0.9596436455605486
5974,0.9738249310370477
5975,0.9001574592937032
5976,0.9634053400431744
5977,0.8837144651099276
5978,0.9573273860576377
5979,0.803441047774612
5980,0.9696647743912779
5981,0.9796705903908661
5982,0.9610358665253349
5983,0.985945283853854
5984,0.9752815598415382
5985,0.8408889590162091
5986,0.9236920770789115
5987,0.9705126293252565
5988,0.7996100220477979
5989,0.9167639296554462
5990,0.9645026467961422
5991,0.9377119834654852
5992,0.9262213201550489
5993,0.790077806046989
5994,0.9863011663039197
5995,0.9660917161141378
5996,0.9681490524057818
5997,0.9534904437652559
5998,0.8025656009412498
5999,0.9278465812019848
6000,0.9656747761341807
6001,0.8974320912640642
6002,0.9889921322822535
6003,0.8605820996827709
6004,0.9873959579960789
6005,0.9491461310980771
6006,0.9757683078125626
6007,0.9329648666105075
6008,0.7991932217604159
6009,0.9745924158935242
6010,0.9638973334510517
6011,0.9107738501764508
6012,0.970798665602548
6013,0.9894012919878638
6014,0.8852038546212204
6015,0.9116478875962913
6016,0.9575801849108491
6017,0.9390175370508216
6018,0.9595500978677797
6019,0.8960743792717085
6020,0.9296461972767947
6021,0.8470040101629555
6022,0.9788420439597113
6023,0.9836975388225458
6024,0.97025365361421
6025,0.9712861714012935
6026,0.9893823661308798
6027,0.9896812224574899
6028,0.8009341741737003
6029,0.9518497231436375
6030,0.8027124773533094
6031,0.9500375359896228
6032,0.9752690892742144
6033,0.9292588716818446
6034,0.9899421857905121
6035,0.9169934311279644
6036,0.932948670306849
6037,0.9730824656864665
6038,0.9760641212566012
6039,0.7710675299398231
6040,0.9647863650001918
6041,0.9841990808975208
6042,0.9504604424404288
6043,0.8786668472941918
6044,0.9390324870517673
6045,0.9893272837831805
6046,0.976604397390626
6047,0.9620676312609916
6048,0.8765816318485103
6049,0.9601314674246442
6050,0.8953255837602692
6051,0.9860706303965622
6052,0.9869479737977451
6053,0.9616577791522058
6054,0.9808578930985764
6055,0.9423188849941446
6056,0.9801482716148715
6057,0.9898040242934694
6058,0.9879223192482328
6059,0.9646605901233742
6060,0.987254576227203
6061,0.9096008658228526
6062,0.9878970783329774
6063,0.9892840449702185
6064,0.9834675963938508
6065,0.8968375932715619
6066,0.9171001718741333
6067,0.8964484590100568
6068,0.9772446770030585
6069,0.8697229303343009
6070,0.9864813002103321
6071,0.8732679123942075
6072,0.9637620859546092
6073,0.9514430340185123
6074,0.9880740305371406
6075,0.9895587521003417
6076,0.9507310626650215
6077,0.9450905119004871
6078,0.9037653177814953
6079,0.9793724020934331
6080,0.9368848501110439
6081,0.9397959361378713
6082,0.9341677617718949
6083,0.9512081337799936
6084,0.9700848930981513
6085,0.9457031371473954
6086,0.911057597403881
6087,0.9517327342328054
6088,0.988430158241251
6089,0.8699371832866328
6090,0.9863605394012951
6091,0.9633971013752167
6092,0.9333588512293786
6093,0.877473962778731
6094,0.9393310386448027
6095,0.8756279515266794
6096,0.9863037450249083
6097,0.949616850162533
6098,0.9697032672688475
6099,0.9828858620458675
6100,0.8767763065053671
6101,0.9077073633909827
6102,0.9739217722334966
6103,0.9741602169940925
6104,0.9167357069645998
6105,0.9794970388777959
6106,0.9409369010186034
6107,0.8552683491758218
6108,0.8366572199198888
6109,0.7824235841229524
6110,0.9855116306041487
6111,0.879614138197668
6112,0.9899424708185373
6113,0.9548034503680628
6114,0.9332767698373458
6115,0.8307516836310767
6116,0.9670357278323201
6117,0.9295052238361666
6118,0.905540225646674
6119,0.90954319194591
6120,0.9274924603058428
6121,0.9537861933883204
6122,0.9524032212420176
6123,0.9759653762574793
6124,0.9493033910328733
6125,0.9894237032303419
6126,0.9542888200856025
6127,0.9880278283024888
6128,0.9659892065839238
6129,0.9381870070932691
6130,0.8210235315225195
6131,0.9432122723726308
6132,0.9816429756418091
6133,0.9768169328548041
6134,0.8540053540770883
6135,0.9214315842911133
6136,0.9425520298484968
6137,0.9194094435518299
6138,0.9496840488125333
6139,0.9542089675069146
6140,0.9899920881246517
6141,0.9267493112799737
6142,0.9855565343080277
6143,0.9275157432982422
6144,0.9753587917508041
6145,0.944839999691464
6146,0.8563661055632014
6147,0.9864252284040599
6148,0.8904765623554765
6149,0.9518968580615647
6150,0.8477218821896512
6151,0.9708088407539771
6152,0.8826637151408916
6153,0.9564757672147568
6154,0.9725464421335243
6155,0.9438941352919265
6156,0.9885538172349839
6157,0.9899904348611094
6158,0.9512646616992578
6159,0.9325835367877221
6160,0.9771263705198866
6161,0.9532020050458344
6162,0.9645390757439531
6163,0.9333771520967775
6164,0.9644879085887866
6165,0.9439700358658997
6166,0.9821782904737956
6167,0.9769589431152952
6168,0.989890142480014
6169,0.9697875923412694
6170,0.9637502123292092
6171,0.9897363632776925
6172,0.9753270865460298
6173,0.95943381872372
6174,0.9856341814041794
6175,0.9153070680438232
6176,0.9324012726462254
6177,0.9793159633051798
6178,0.891312378207812
6179,0.9111959270919819
6180,0.9459304423722406
6181,0.9467073584096386
6182,0.989522020280227
6183,0.9011039462912551
6184,0.9753461151772617
6185,0.9423502901595682
6186,0.9448457389278774
6187,0.9335129512370061
6188,0.933609637835594
6189,0.9632359628316527
6190,0.9394589754580694
6191,0.9679444472450802
6192,0.7413862962838816
6193,0.9619666128417014
6194,0.9533732699869553
6195,0.8731700305550972
6196,0.956468610201755
6197,0.9723462276030285
6198,0.964899611056074
6199,0.9357577227814121
6200,0.9692396375532567
6201,0.9635932992075504
6202,0.9851373170585416
6203,0.8564298386932413
6204,0.9699859419366819
6205,0.9827086010982594
6206,0.9760980453205309
6207,0.9295823289918165
6208,0.8829862710430615
6209,0.988005471016297
6210,0.9845951070118896
6211,0.9499151460514108
6212,0.9499010513479862
6213,0.9897642957289766
6214,0.8270572027961388
6215,0.9097739821659891
6216,0.9783451177778529
6217,0.9770652783095077
6218,0.8913294706180731
6219,0.9564166523449644
6220,0.9656258902143773
6221,0.9386633450089504
6222,0.955175835798128
6223,0.9854311028549549
6224,0.9606858130712232
6225,0.9809345829178651
6226,0.9895283255208155
6227,0.9715119415955826
6228,0.926218929485656
6229,0.9188945332106754
6230,0.9514584791963621
6231,0.9615746152893088
6232,0.9336462036774594
6233,0.927043804419999
6234,0.9891119724032084
6235,0.9832713433229016
6236,0.9739849148503917
6237,0.9438886057827249
6238,0.9748572055768204
6239,0.9873127364824034
6240,0.9827275849980595
6241,0.9775813188996404
6242,0.9719016360189061
6243,0.7680155161447951
6244,0.9226144074047666
6245,0.9895499150643366
6246,0.9590162305730238
6247,0.9888905771783763
6248,0.9872847240925037
6249,0.9520930274022659
6250,0.9013196518995125
6251,0.9438746172568473
6252,0.8309025846377714
6253,0.873192315194158
6254,0.9783812987081304
6255,0.9694428130054217
6256,0.98929834998935
6257,0.9652624743592607
6258,0.9832873083707976
6259,0.9791262966262843
6260,0.9876849258877937
6261,0.8732648400204279
6262,0.9570387886632065
6263,0.9768490700090231
6264,0.953962996901837
6265,0.9891773595008787
6266,0.9130929684478738
6267,0.8185679316892839
6268,0.9097501333809498
6269,0.9744495975123524
6270,0.983201463209192
6271,0.9512783924792733
6272,0.9601463752221093
6273,0.9219265295401409
6274,0.903837287526036
6275,0.7675116691354897
6276,0.9696533950241123
6277,0.9671300868284922
6278,0.9566663562912303
6279,0.9581758642636834
6280,0.9570726190951603
6281,0.970416322754198
6282,0.9735922584050363
6283,0.9809301780085407
6284,0.8919552742046292
6285,0.8718035835222961
6286,0.9891293209110623
6287,0.9760571737127637
6288,0.9892501630556362
6289,0.9854721723140187
6290,0.9788081947187164
6291,0.9509221563491934
6292,0.8534207070752688
6293,0.9591013714141943
6294,0.8986066509237621
6295,0.9146645168659814
6296,0.943384718417288
6297,0.9480090851151556
6298,0.9725647213951041
6299,0.915032865213277
6300,0.9774315109327778
6301,0.7230350758147492
6302,0.9568719796047414
6303,0.9579692108222463
6304,0.9874564964607282
6305,0.9890420650984771
6306,0.9499469572993325
6307,0.9878365102555684
6308,0.9827215382880422
6309,0.9093622621008681
6310,0.9761644207035048
6311,0.9873673792599174
6312,0.8647035483826756
6313,0.9292281789242179
6314,0.9124292510300827
6315,0.9804069405496285
6316,0.9899423384391083
6317,0.9443108635229739
6318,0.9525099409339794
6319,0.9895857287630414
6320,0.957429158004572
6321,0.9454996065900121
6322,0.9612577342209383
6323,0.9898109122613419
6324,0.942223900158405
6325,0.9887358827115834
6326,0.8580360655868579
6327,0.9822725503537507
6328,0.9869341447021176
6329,0.9760652118327424
6330,0.953903689463775
6331,0.9498999908620396
6332,0.9341495582274619
6333,0.9667993772203252
6334,0.8258655394135906
6335,0.9819341338165115
6336,0.9313619942342628
6337,0.9296080160175332
6338,0.8804641817013744
6339,0.9270731260313948
6340,0.9895924998401505
6341,0.8546744074173455
6342,0.9268135619061814
6343,0.9386727187231556
6344,0.8413677699116329
6345,0.9389801139980043
6346,0.9899992522121875
6347,0.9103237875208333
6348,0.9878962231569777
6349,0.9646456724035495
6350,0.9727865432300937
6351,0.9738418099416672
6352,0.977808944931432
6353,0.8878590170508142
6354,0.9786497370161802
6355,0.9776892716767505
6356,0.9760746704675937
6357,0.9702606181727081
6358,0.971137202350248
6359,0.9658461173136975
6360,0.986913976658544
6361,0.9543224348085461
6362,0.9549131623144371
6363,0.9708539422938477
6364,0.8951311005562582
6365,0.8565897311101743
6366,0.9579106974090291
6367,0.9740486297948501
6368,0.9127835247192683
6369,0.948351562335457
6370,0.9350739676998359
6371,0.9651328889461858
6372,0.9622318898782939
6373,0.9521146034883902
6374,0.9559604222826593
6375,0.9899983425286791
6376,0.9667024624484106
6377,0.9832908301642312
6378,0.9458795479949478
6379,0.923621390823226
6380,0.9474709471300823
6381,0.9669126999551515
6382,0.9708534274114359
6383,0.9757280059395202
6384,0.9759131357427028
6385,0.9846198081932231
6386,0.9481779366405471
6387,0.8800872411780449
6388,0.933541929136292
6389,0.9437153584160517
6390,0.9367408423103594
6391,0.9762683435085419
6392,0.9715284098161756
6393,0.947303682554676
6394,0.9732277611323414
6395,0.9400922180871393
6396,0.9869810893751924
6397,0.8503885638096474
6398,0.9775297567424659
6399,0.9808016444548028
6400,0.9539941596432443
6401,0.9732233882187183
6402,0.9785212013408664
6403,0.9180054823306557
6404,0.9425165916915668
6405,0.9895612316167006
6406,0.939180880304166
6407,0.9242827974944913
6408,0.861874977247999
6409,0.9595096280525841
6410,0.9356823653915215
6411,0.9847178837492844
6412,0.9870294882496935
6413,0.9692779099891875
6414,0.962392473175465
6415,0.9700908399565746
6416,0.9721239403786521
6417,0.9680764727782729
6418,0.9861018159189112
6419,0.879476657464787
6420,0.987249177040763
6421,0.8991040358511945
6422,0.9294716562896734
6423,0.9501960534036213
6424,0.9765077234142371
6425,0.988173180615072
6426,0.9312484076123112
6427,0.9897907181946589
6428,0.9470996935229385
6429,0.9820894416523869
6430,0.8118792920142555
6431,0.9895589589314486
6432,0.8779418022443428
6433,0.976916462430205
6434,0.9553843343235893
6435,0.8577653534020263
6436,0.9017670073289099
6437,0.9682873761725505
6438,0.9805893591610924
6439,0.9174185133683357
6440,0.9505108663354479
6441,0.9501896860978366
6442,0.8998758455097886
6443,0.9294338057892588
6444,0.9198522341410313
6445,0.9136962862644775
6446,0.6392605071841649
6447,0.9899543631524164
6448,0.8876084507753208
6449,0.9114226116868743
6450,0.9725801965040721
6451,0.9857430314180566
6452,0.9054170232819728
6453,0.9789744224241055
6454,0.9377889371073708
6455,0.8991499089524445
6456,0.9716573707102951
6457,0.9595795074124412
6458,0.7588103975566903
6459,0.9877633470242948
6460,0.912335292825767
6461,0.9747155004922325
6462,0.9733602987787016
6463,0.8486481273376542
6464,0.9550089596859618
6465,0.9773546787407434
6466,0.9800543072386041
6467,0.9879007499769016
6468,0.9364875377103948
6469,0.9136701459464274
6470,0.9264182089440133
6471,0.9700751097943401
6472,0.9898168854867407
6473,0.9830253093611835
6474,0.9774698116182255
6475,0.9736979679215875
6476,0.8535453781997059
6477,0.9328839017591078
6478,0.8221695504685999
6479,0.9256931666295533
6480,0.984689280505223
6481,0.8396348660703425
6482,0.914941175255366
6483,0.8434184284139061
6484,0.9842395847055503
6485,0.9535898693222454
6486,0.9779524366400646
6487,0.8680342824814614
6488,0.8703285378224318
6489,0.9568590221179295
6490,0.9888964090375187
6491,0.9048522710651167
6492,0.9818677689139006
6493,0.9273671522737157
6494,0.9299903270427463
6495,0.7733311338317387
6496,0.9642468054600042
6497,0.8848288439044697
6498,0.9659589198034328
6499,0.89989895172851
6500,0.9728430020197425
6501,0.9634034278338267
6502,0.9771366107538965
6503,0.7976388616225728
6504,0.925654637805515
6505,0.9723820193489123
6506,0.9652747142449125
6507,0.9432680539982687
6508,0.9233144676900253
6509,0.9860215397186909
6510,0.9737404912438976
6511,0.989963984097224
6512,0.9834558733225981
6513,0.9172694569653118
6514,0.9874237351716204
6515,0.9509909270851903
6516,0.98429395824133
6517,0.9006525334663529
6518,0.9480578255287865
6519,0.968529020853669
6520,0.9629372924388651
6521,0.9499162836454617
6522,0.8361782206923332
6523,0.9895764640848912
6524,0.9899942676774532
6525,0.8973477429513356
6526,0.9127435058721283
6527,0.986679610806427
6528,0.8819634717794764
6529,0.9619895185138462
6530,0.8940730144525383
6531,0.8958062396414465
6532,0.9611128689799531
6533,0.9892502987376613
6534,0.8960939157088603
6535,0.9662970020420999
6536,0.9061964468055389
6537,0.9895237797775969
6538,0.9769847074093195
6539,0.95834997036602
6540,0.972882427234828
6541,0.9030701475154395
6542,0.9524929063617303
6543,0.9583768566808264
6544,0.9857602917507294
6545,0.9462741637577775
6546,0.9679187108340311
6547,0.9898533723385908
6548,0.9722245100304902
6549,0.9516472724761341
6550,0.9776785323640158
6551,0.9768046615193611
6552,0.8408933252155124
6553,0.944647240505455
6554,0.9350890754602758
6555,0.9417491557616432
6556,0.9477638059014416
6557,0.9476863868469823
6558,0.9866630890322025
6559,0.9798732852914915
6560,0.9668962677855434
6561,0.9265404643590514
6562,0.9899435581391149
6563,0.8816832817477018
6564,0.9543912093137592
6565,0.9818447351753129
6566,0.9184297078961781
6567,0.9793027779021655
6568,0.9644391421937747
6569,0.9891534396707808
6570,0.7819545508576776
6571,0.9286683933092961
6572,0.9804755556913904
6573,0.9833726013174917
6574,0.9690285977364086
6575,0.8048211245601103
6576,0.9445379446893883
6577,0.8813107631886631
6578,0.9313221582195707
6579,0.8595966347503703
6580,0.9735490336668314
6581,0.9249236081549689
6582,0.971874144471419
6583,0.9689782573624628
6584,0.9803660208880781
6585,0.9794131927332766
6586,0.9312841323067583
6587,0.9203345669201057
6588,0.7984951470439665
6589,0.7856338750413313
6590,0.935631199435046
6591,0.9301408328637327
6592,0.9577963915327177
6593,0.9652554261676615
6594,0.9875496259004034
6595,0.9483139498958034
6596,0.9357836147910249
6597,0.9354070031594834
6598,0.9786710126195773
6599,0.9848249092414187
6600,0.9576252405104534
6601,0.9882169388508478
6602,0.79444526356081
6603,0.9093778262180573
6604,0.9455197262397872
6605,0.9544562561116613
6606,0.9733689505355935
6607,0.9610516547421646
6608,0.8647602121515519
6609,0.876719463868845
6610,0.9466874671146636
6611,0.9738311273242709
6612,0.969002183121392
6613,0.9101781683060611
6614,0.9185046695418648
6615,0.905896887820551
6616,0.9846660628282028
6617,0.8673418501446881
6618,0.9748794898251586
6619,0.9828795639633268
6620,0.9769209218055643
6621,0.9783715553158291
6622,0.9892626248868307
6623,0.976545110635933
6624,0.9808151247651934
6625,0.8744908915741912
6626,0.959851458109277
6627,0.9792652528426841
6628,0.9714772326885744
6629,0.9679427373780253
6630,0.9318874875010038
6631,0.9520210440497215
6632,0.6973985806285765
6633,0.9618642924085745
6634,0.9793393821755386
6635,0.7598899116810331
6636,0.9146154001830996
6637,0.8968219864983575
6638,0.9850464894406911
6639,0.9537056878997094
6640,0.9715305255572555
6641,0.9340348380310478
6642,0.922765176728899
6643,0.9746431891871067
6644,0.9636875765068914
6645,0.9793563766928318
6646,0.9844424343310219
6647,0.9888936105756357
6648,0.9334273388056313
6649,0.9251624289552126
6650,0.951950654156953
6651,0.9673331567542832
6652,0.9766092883780185
6653,0.9831157009266464
6654,0.6424392855913368
6655,0.9262625179057024
6656,0.9612334604209868
6657,0.9513827401091706
6658,0.9806644978196154
6659,0.9578426443734444
6660,0.9835619713431079
6661,0.9584194372520963
6662,0.9899985657587689
6663,0.9643253437021482
6664,0.9493873022101298
6665,0.9749275527531318
6666,0.934212581928865
6667,0.9597717404795393
6668,0.9744357921937324
6669,0.815252000713986
6670,0.8796364865035252
6671,0.975356191788979
6672,0.9746802002824342
6673,0.9770252916859922
6674,0.8540337097580243
6675,0.9685505577931355
6676,0.9135700634062355
6677,0.9329505621882447
6678,0.9757140669850352
6679,0.9075126819337315
6680,0.9666644193503369
6681,0.9625948097995101
6682,0.9833677510857354
6683,0.9840838350940483
6684,0.879281933036781
6685,0.9649789696488505
6686,0.9685465120325023
6687,0.98967949988553
6688,0.984246416237038
6689,0.9536776895994893
6690,0.9818637862059901
6691,0.9329312699709694
6692,0.9776834337704531
6693,0.8350187343689435
6694,0.9741971030863733
6695,0.9843046124009164
6696,0.9667319570308419
6697,0.97193281859531
6698,0.9667289959531359
6699,0.8106814850217372
6700,0.9275106300368319
6701,0.9371610475039105
6702,0.899603841748383
6703,0.9699073015325642
6704,0.7410016325314994
6705,0.9495092746808091
6706,0.7836565400173781
6707,0.9887839920697165
6708,0.913819873559865
6709,0.9899813857536113
6710,0.9242861783919257
6711,0.8430960270974234
6712,0.9218493121411907
6713,0.8136083913992939
6714,0.9586972002596291
6715,0.8310222435272575
6716,0.9408135018441772
6717,0.9775987899951736
6718,0.9398595833258568
6719,0.9487792137329256
6720,0.8731281095818366
6721,0.9583919670741804
6722,0.9430771955967027
6723,0.926263965768436
6724,0.9204377004995782
6725,0.9669964633002068
6726,0.9619066696280129
6727,0.930121774727845
6728,0.7177096480892164
6729,0.9794842166751485
6730,0.9421304612207899
6731,0.9832731138212008
6732,0.9664002429250269
6733,0.8929247687787017
6734,0.8659385594936793
6735,0.8393774434874414
6736,0.9275792167941248
6737,0.9897643632514409
6738,0.9715699729975917
6739,0.8960524901417978
6740,0.9830850390621839
6741,0.7370461528643119
6742,0.9669296776197496
6743,0.9527177964792326
6744,0.8906114523848728
6745,0.9072777147001253
6746,0.8277529724661535
6747,0.9869936716039667
6748,0.8296448615619895
6749,0.9249828504142952
6750,0.85260565243415
6751,0.9330144253430803
6752,0.9321989069098561
6753,0.9669610127157445
6754,0.9755984125135241
6755,0.9425397373119072
6756,0.9501550308774659
6757,0.955599755325796
6758,0.7646423783267561
6759,0.9302638397013279
6760,0.9582695786297847
6761,0.9376460156557991
6762,0.9561682932632176
6763,0.9053353176874579
6764,0.8959594515521967
6765,0.9899745219257854
6766,0.7093506055033173
6767,0.9214195291032906
6768,0.9841759829092722
6769,0.8503073255990006
6770,0.9007688656703186
6771,0.944726856190337
6772,0.9690073880431311
6773,0.905623617606292
6774,0.962418431259129
6775,0.9620338719384179
6776,0.9556262654900851
6777,0.6103664619218249
6778,0.9824814067020161
6779,0.9582909797461929
6780,0.8933835795904337
6781,0.9726101323621317
6782,0.9654847215105937
6783,0.9896346891539688
6784,0.9579338411860648
6785,0.9645075357971771
6786,0.9739571188397848
6787,0.9815995367204002
6788,0.9824906701990479
6789,0.7419852302572333
6790,0.9343273887890969
6791,0.8961299997672769
6792,0.9264699285802153
6793,0.9308584684012863
6794,0.9081512576104489
6795,0.8243198812026159
6796,0.9500196970785079
6797,0.8557131549317913
6798,0.9398572209859004
6799,0.9128890110844342
6800,0.9761411352044669
6801,0.9793593816629313
6802,0.9647169466643499
6803,0.907643745566416
6804,0.978391663671388
6805,0.7177805991970041
6806,0.9529970532696929
6807,0.9588888107445842
6808,0.9248410474245439
6809,0.9208614311500553
6810,0.9735914960205769
6811,0.978823068452749
6812,0.9088131486148866
6813,0.9490243410148216
6814,0.8375250965823987
6815,0.9102374349760105
6816,0.8788804755399848
6817,0.9254854383906153
6818,0.845231214183318
6819,0.9179075403059482
6820,0.9692466101047899
6821,0.9841368961276387
6822,0.9301575052976755
6823,0.8154829705938861
6824,0.9879956615563308
6825,0.9565448633299769
6826,0.9816689626009144
6827,0.9891105479263991
6828,0.9652477070238656
6829,0.9886366845221681
6830,0.8660968891779518
6831,0.9878424061018803
6832,0.9891073411082331
6833,0.9664978740771317
6834,0.9895919494943364
6835,0.8696979244918123
6836,0.9545713583640448
6837,0.9521882512076624
6838,0.9815165244975823
6839,0.8871993573002606
6840,0.895220043821672
6841,0.9479614569658458
6842,0.9587301247627245
6843,0.9418993485014626
6844,0.9677923355396573
6845,0.96743721171274
6846,0.9591400054279208
6847,0.9275745621594791
6848,0.9583436657910674
6849,0.9415933786512176
6850,0.9155379839230313
6851,0.9794342943051924
6852,0.9898143053443913
6853,0.9662277336884456
6854,0.9346093218756965
6855,0.9121404950849133
6856,0.9658826266730185
6857,0.8119274776573647
6858,0.9260558867420311
6859,0.986649978893862
6860,0.9818317119562531
6861,0.9169060316004722
6862,0.9861776082002678
6863,0.8698320353923203
6864,0.9423773216004523
6865,0.9897099069070224
6866,0.9798096108154667
6867,0.9867173867176092
6868,0.9427783321193357
6869,0.9645150560657233
6870,0.9899656764814092
6871,0.9688399493572689
6872,0.9877050833154786
6873,0.8141956626969306
6874,0.8420457140688988
6875,0.8718376969439426
6876,0.9152458873356114
6877,0.9767856713682231
6878,0.9502782886711074
6879,0.9777935574141884
6880,0.9583505161111493
6881,0.9753087387306472
6882,0.9410751141257975
6883,0.9413491045749324
6884,0.8762077162478475
6885,0.9374890163751254
6886,0.8999432690629193
6887,0.8780034025843011
6888,0.9295295535772902
6889,0.9777906315962344
6890,0.9135222925393013
6891,0.9837681724251812
6892,0.9084858417550068
6893,0.988970635999453
6894,0.9899988678652833
6895,0.9326111739251853
6896,0.9848850042428726
6897,0.9888500767854975
6898,0.9356120694374697
6899,0.8594678763216325
6900,0.9656006685184222
6901,0.9416457929855927
6902,0.9422224956003877
6903,0.9540442744713068
6904,0.9475375123753375
6905,0.9642751349709489
6906,0.9859268429903402
6907,0.9719240836820076
6908,0.9432558325349922
6909,0.9520877275581006
6910,0.9887649111758041
6911,0.7040405109888911
6912,0.9291821735350484
6913,0.9540862834212732
6914,0.9887787647398315
6915,0.9406553618692949
6916,0.9891354366944765
6917,0.975614986284286
6918,0.9767742259015413
6919,0.9107594337584203
6920,0.9641092538930072
6921,0.748907448616546
6922,0.9728515559996738
6923,0.9223340199183836
6924,0.8407856917028189
6925,0.9422896887746858
6926,0.9897923401819911
6927,0.9613206348874059
6928,0.9265934133545675
6929,0.927308312028461
6930,0.9291817169410345
6931,0.904997483225913
6932,0.984811254402365
6933,0.91584540169576
6934,0.9414103936730044
6935,0.8380131991683086
6936,0.9672815658106477
6937,0.9477931283157763
6938,0.8570546906700767
6939,0.9476268563242478
6940,0.9411260500369009
6941,0.9581427941548369
6942,0.9618344802705161
6943,0.9419646873558196
6944,0.9823067057920517
6945,0.9820233932726928
6946,0.8877887617113658
6947,0.7575604417994614
6948,0.976813628060959
6949,0.9288657173805591
6950,0.979181563045418
6951,0.8175956941502728
6952,0.9876086740894263
6953,0.9878021437039746
6954,0.986071357114779
6955,0.9808698827030238
6956,0.976214253907203
6957,0.9554709593630701
6958,0.8771589087387673
6959,0.9899992852985675
6960,0.9879093818654568
6961,0.9897803248133159
6962,0.965025535552037
6963,0.9412184617974656
6964,0.9893245843462394
6965,0.9499512905663806
6966,0.986653703047893
6967,0.9268799463108626
6968,0.968480969323986
6969,0.9138126345492921
6970,0.9683927728911622
6971,0.841730330235173
6972,0.9564287652530064
6973,0.9896793172570397
6974,0.9245406476955765
6975,0.9550415550469211
6976,0.7064916042895987
6977,0.9881520673502456
6978,0.9719403276299801
6979,0.9300591206484239
6980,0.947603321012035
6981,0.9670222892583574
6982,0.955706061467166
6983,0.861334283242963
6984,0.9256497704955897
6985,0.8426253724444591
6986,0.9816117024075973
6987,0.9481314400093843
6988,0.9520048307215464
6989,0.9071224458469728
6990,0.9524542481885755
6991,0.9878898620813176
6992,0.9633830865703511
6993,0.9831732559587765
6994,0.9802618124280054
6995,0.9440370976854046
6996,0.9552502193546029
6997,0.9743650344860321
6998,0.9525391583398114
6999,0.8545953266177697
7000,0.8825612260641554
7001,0.8327413570556544
7002,0.891278456165874
7003,0.9383408118248346
7004,0.9867963385075667
7005,0.9705806709505067
7006,0.9704025241568388
7007,0.9380338334524453
7008,0.948906621529636
7009,0.9756332363202777
7010,0.9802098271448587
7011,0.9862926465932168
7012,0.9480161835733131
7013,0.8961839333705577
7014,0.9594571043884481
7015,0.9889768081550272
7016,0.9693628556106667
7017,0.9431592501281232
7018,0.9376430447131627
7019,0.9477319633427483
7020,0.8747209530595416
7021,0.9656111329954773
7022,0.9896233424066957
7023,0.8969311128342239
7024,0.923070013491447
7025,0.9518228966150863
7026,0.9318222063601359
7027,0.8749721467321079
7028,0.9638668888624671
7029,0.7230378369340598
7030,0.9618127445191752
7031,0.9003310328700681
7032,0.8649141344753551
7033,0.9668109711140822
7034,0.9616930208202892
7035,0.8802917415384585
7036,0.8927475687111148
7037,0.9718894054082345
7038,0.917756880724304
7039,0.9665684918934508
7040,0.9402020203307775
7041,0.9833907247466219
7042,0.9418517059352043
7043,0.8101055079722991
7044,0.9737558513636209
7045,0.8999779222578311
7046,0.9296343573992761
7047,0.9870579112391876
7048,0.9895035927850858
7049,0.9767545716166007
7050,0.9606718639565961
7051,0.9568841098994672
7052,0.9805734075151008
7053,0.9115958217414271
7054,0.9605411326058003
7055,0.9069944972688805
7056,0.8066726939247116
7057,0.8420155910553808
7058,0.9472655707712154
7059,0.9640717631567953
7060,0.9121965865217647
7061,0.9126723737419449
7062,0.9037106104005697
7063,0.9538598706006104
7064,0.9745633645410862
7065,0.8879242038314501
7066,0.921547790564372
7067,0.9571418461974771
7068,0.9851960290616519
7069,0.9742522154693868
7070,0.9899397482428998
7071,0.9582019817724081
7072,0.7889294185443786
7073,0.9638083285434452
7074,0.9500506052872624
7075,0.8370073031561439
7076,0.984543070271915
7077,0.9637328016319857
7078,0.9340223652495414
7079,0.7859383987189703
7080,0.9479922474659355
7081,0.9804212807922458
7082,0.9597365614075668
7083,0.9695708026664869
7084,0.9813043530015463
7085,0.9010459755762532
7086,0.9741212853346014
7087,0.9562342903590852
7088,0.9382612682328616
7089,0.9175605378820705
7090,0.9838812105727834
7091,0.9459668640535712
7092,0.9642809515534201
7093,0.9060011204018348
7094,0.9451340057461575
7095,0.9837794469399904
7096,0.9820715149844995
7097,0.9897344113487527
7098,0.932398539300142
7099,0.9653588486001886
7100,0.9685495620504481
7101,0.9687703883316222
7102,0.8871771904019213
7103,0.8677135525908666
7104,0.981605462969055
7105,0.8629212974001874
7106,0.9584073895330215
7107,0.9671634877046883
7108,0.9673632577169347
7109,0.9837978105322861
7110,0.981500281185862
7111,0.9684175244938366
7112,0.9430269284558227
7113,0.9142272231275859
7114,0.9790049081216888
7115,0.9042421215581741
7116,0.9887054695362653
7117,0.9592760531056088
7118,0.9660675229982874
7119,0.9460517398530786
7120,0.9347688927118211
7121,0.8423943984523594
7122,0.9791769574205348
7123,0.7074798497572959
7124,0.9882482877400484
7125,0.9827193742893152
7126,0.9521843502229107
7127,0.9186492466721493
7128,0.9745932881293998
7129,0.905520687270655
7130,0.9624686035160134
7131,0.9725040654751247
7132,0.978003363776667
7133,0.9783138751474768
7134,0.9350343629271977
7135,0.905962362844184
7136,0.9451246313825807
7137,0.711912333494022
7138,0.9611286550498962
7139,0.9633302481279461
7140,0.973160893830696
7141,0.9700646999601459
7142,0.864202189870477
7143,0.9896872122440493
7144,0.9009341428991929
7145,0.9302008062651236
7146,0.8812958655214701
7147,0.9818200132720217
7148,0.9787836682683395
7149,0.9024374314670037
7150,0.9680754629481724
7151,0.9889148082505753
7152,0.9798659176410676
7153,0.7270355861699063
7154,0.897754836268814
7155,0.9128919650567842
7156,0.989503586232445
7157,0.9530665633126052
7158,0.9648731909686593
7159,0.9166377758835449
7160,0.9101795564414328
7161,0.7917056091592546
7162,0.9541071508029738
7163,0.9171822435982644
7164,0.9747644351291754
7165,0.9313579583545264
7166,0.9763670298442466
7167,0.9496077636477563
7168,0.9578982012425369
7169,0.9349157119329835
7170,0.9898275449497448
7171,0.8807165057128179
7172,0.9875662120985698
7173,0.8711001678950262
7174,0.9628120890880117
7175,0.9032111863487321
7176,0.9809406464735968
7177,0.863232710042641
7178,0.9680794407461389
7179,0.9667928231860566
7180,0.9512488521213149
7181,0.9117264047940176
7182,0.9115480061493467
7183,0.9669642163275581
7184,0.9171843203472361
7185,0.9267363089896584
7186,0.9785951277504031
7187,0.9712240969194964
7188,0.907920572023562
7189,0.9824380057986444
7190,0.897083297002987
7191,0.7957998467079795
7192,0.9885522389529371
7193,0.9600061761561005
7194,0.989563942195239
7195,0.9334767815500651
7196,0.9358382689563205
7197,0.952585569591896
7198,0.8885996349376997
7199,0.9460251017211251
7200,0.9172703105540037
7201,0.9328813372680571
7202,0.9670984399413038
7203,0.968895964125792
7204,0.9554361095780688
7205,0.9532691046030448
7206,0.9770734650597593
7207,0.86832035850182
7208,0.8829536791579274
7209,0.9352105182067777
7210,0.9792143582403288
7211,0.935718615939607
7212,0.9748934011951249
7213,0.9755489781148641
7214,0.9425857925298163
7215,0.983374408777889
7216,0.9870823901804551
7217,0.8905322631830489
7218,0.9592540791437215
7219,0.8841707042633771
7220,0.9189847133430358
7221,0.845908069891874
7222,0.8644867419011057
7223,0.9486308295364205
7224,0.9866081880271236
7225,0.8877878217083072
7226,0.98777569952453
7227,0.9150771657228941
7228,0.9678437030373779
7229,0.9596302105374382
7230,0.9318420365478852
7231,0.9898721160565302
7232,0.8160759781675242
7233,0.9811806473419044
7234,0.9791745804731563
7235,0.9747865693142717
7236,0.7991787468889604
7237,0.81350353429252
7238,0.9634870209063023
7239,0.8672018384450572
7240,0.9262201418999189
7241,0.952825354409827
7242,0.9410977599781399
7243,0.9403022600591053
7244,0.8816231481946569
7245,0.7965277922439494
7246,0.8392900263127682
7247,0.9335864619116212
7248,0.9659244295912212
7249,0.9653888200435404
7250,0.9742351382143618
7251,0.979150190425982
7252,0.7557301947834977
7253,0.9792378981852624
7254,0.9112237285806688
7255,0.9072412804201151
7256,0.8864297142922427
7257,0.9196052588547374
7258,0.8925567546736616
7259,0.9894981246244191
7260,0.7572203831715125
7261,0.9562171705613624
7262,0.9899674580166917
7263,0.9323408101945815
7264,0.8605230451137795
7265,0.9404991754075213
7266,0.9039424032805109
7267,0.9503581641293524
7268,0.9784215788067441
7269,0.7990017053983715
7270,0.9619085183818782
7271,0.9553221593768547
7272,0.9727638166563689
7273,0.9871569000551779
7274,0.9655828555652234
7275,0.9731989535952659
7276,0.9883612461736505
7277,0.986737199111614
7278,0.9201430738292342
7279,0.9672457449969447
7280,0.8555367184367685
7281,0.8524790264325243
7282,0.9679606503644256
7283,0.9377235178836798
7284,0.9021120915782085
7285,0.9088270066701926
7286,0.9634492918568331
7287,0.9537070236382208
7288,0.9578785775381191
7289,0.9870747457315416
7290,0.9240296389672168
7291,0.9376341761740137
7292,0.9602932093861397
7293,0.8972647974477819
7294,0.9528446155428596
7295,0.951326430873761
7296,0.9707658149114587
7297,0.9746302675762415
7298,0.9447237058076625
7299,0.9599377651472146
7300,0.9774796924001377
7301,0.9568794437456255
7302,0.9608822060947781
7303,0.9883510740153564
7304,0.9507214017266244
7305,0.9726344510005722
7306,0.9535168380491584
7307,0.9506120731850051
7308,0.9229380133254923
7309,0.9285417857450134
7310,0.9420054466753235
7311,0.9850613394277018
7312,0.9817761399216464
7313,0.9899642531436912
7314,0.973700404277606
7315,0.989420886105022
7316,0.9859356914346161
7317,0.9883332329425275
7318,0.9374207032410389
7319,0.8522261164922732
7320,0.7915908409651656
7321,0.9708873909628775
7322,0.9859538437634626
7323,0.9668651699414805
7324,0.9678271067828839
7325,0.988093211429345
7326,0.8887124669753484
7327,0.9725151087822783
7328,0.989887776217708
7329,0.9532627507842636
7330,0.9898465970462168
7331,0.9558025717813529
7332,0.9817992035331503
7333,0.939501909589033
7334,0.9479834942828241
7335,0.9211757538084351
7336,0.934024667495789
7337,0.8996345943205292
7338,0.9885650605804857
7339,0.9851729571556382
7340,0.9432066245841398
7341,0.9635892934111936
7342,0.9232179347938412
7343,0.907027817342295
7344,0.839254132011234
7345,0.9893759690023226
7346,0.9230402660624215
7347,0.9103577775094829
7348,0.9563245674867773
7349,0.9457875317272503
7350,0.9482557299926744
7351,0.9777640823778941
7352,0.9669726501715994
7353,0.9698920629016465
7354,0.9293853579675682
7355,0.9444481960364044
7356,0.9616435937526481
7357,0.8944230889686561
7358,0.9617548027275141
7359,0.9681592974229204
7360,0.9328487902761486
7361,0.9697941801222266
7362,0.9223235318045593
7363,0.9830531683650481
7364,0.9469935430432359
7365,0.9718676452935342
7366,0.9746994371414683
7367,0.962357769629613
7368,0.9615812474202274
7369,0.8968735373606161
7370,0.9271361251675806
7371,0.9683364037905148
7372,0.9625192418615961
7373,0.9246076294971767
7374,0.9523240855617073
7375,0.9752615034867181
7376,0.9110085021989754
7377,0.9478666777762271
7378,0.9111743999710412
7379,0.8827940277820903
7380,0.868806472616923
7381,0.9895498860647425
7382,0.9893901073754019
7383,0.8687020319873262
7384,0.9109446210082836
7385,0.9899234407696198
7386,0.9003350713157602
7387,0.9515785561222982
7388,0.9312774406664055
7389,0.835836757486179
7390,0.9742317962574999
7391,0.9267345104661854
7392,0.9138709185681303
7393,0.9102832870481747
7394,0.9869873270782876
7395,0.9822104427887878
7396,0.9504322684401072
7397,0.9724863650470598
7398,0.9141254880130414
7399,0.9689467356282159
7400,0.9565475714355942
7401,0.9881538481623798
7402,0.926266357451886
7403,0.9563832883040345
7404,0.9125626358746839
7405,0.9408630373046751
7406,0.9658003581809982
7407,0.9702602598945372
7408,0.9844313920849406
7409,0.8526234412197435
7410,0.963142900114278
7411,0.9886818173172442
7412,0.9687397911070019
7413,0.9693355424685671
7414,0.9630460445179405
7415,0.9005234432054946
7416,0.9059205490363277
7417,0.9710260280069134
7418,0.9756877639525048
7419,0.9599025727199632
7420,0.9576879043965952
7421,0.9897968598828647
7422,0.9023151747532413
7423,0.920881588238147
7424,0.9428250351651234
7425,0.9507243331025942
7426,0.9094723951613908
7427,0.9690701625053887
7428,0.8791217189085604
7429,0.9866392402867831
7430,0.9779619225870984
7431,0.9762377556062258
7432,0.9871189895081379
7433,0.9665042868340976
7434,0.9389618876381376
7435,0.9123574747955212
7436,0.9809132332735753
7437,0.9552842807842751
7438,0.9696367217487598
7439,0.949976150378629
7440,0.9756639235072427
7441,0.9549894008809053
7442,0.9043380542091374
7443,0.9533719929069231
7444,0.9083127722207182
7445,0.9197138398317168
7446,0.9449771986783281
7447,0.9573215793551437
7448,0.9251070021231055
7449,0.9387191190068345
7450,0.9702900916888231
7451,0.9552238309207042
7452,0.9588920171659588
7453,0.9694851819508228
7454,0.9462567813816479
7455,0.9532669484319745
7456,0.5661791773212946
7457,0.9661518057461244
7458,0.9303947741604939
7459,0.8882697874128243
7460,0.9701344899483169
7461,0.9712841801877672
7462,0.9032635460959397
7463,0.9897797279990938
7464,0.927862590756439
7465,0.8987503635011168
7466,0.9606948930543378
7467,0.9485249090023319
7468,0.946567009919168
7469,0.8957919161768184
7470,0.966694734121459
7471,0.9831251985599778
7472,0.9888662328832911
7473,0.8998993979593773
7474,0.9876110343266146
7475,0.985070547082493
7476,0.9183112104319283
7477,0.8311179026952934
7478,0.9878859663258488
7479,0.9515760375424088
7480,0.9730533002799976
7481,0.9396160348081763
7482,0.988844103289721
7483,0.9705516897448645
7484,0.979130180549987
7485,0.9775327272220085
7486,0.9565093894584672
7487,0.8504385284064312
7488,0.9777744656481173
7489,0.811681331227196
7490,0.9642295578723112
7491,0.9550646737062762
7492,0.9651182137916233
7493,0.8787783037288238
7494,0.832851730609506
7495,0.9306032082665381
7496,0.9742482708316649
7497,0.9413290685351055
7498,0.9869214746219859
7499,0.924039505932156
7500,0.9310809857411717
7501,0.9866452481432653
7502,0.9714387328140417
7503,0.9608833704649189
7504,0.9679260526690956
7505,0.902321255230313
7506,0.9878058961099395
7507,0.8536970879762129
7508,0.9058325916623983
7509,0.9698078738538511
7510,0.9663626970734581
7511,0.9854846120139992
7512,0.984863344373776
7513,0.8819035939018565
7514,0.9569267805198768
7515,0.9677318926366272
7516,0.8553399395185581
7517,0.8978878985942895
7518,0.966835180453426
7519,0.9859514750680435
7520,0.939086550812715
7521,0.9094533134932323
7522,0.8494062913974691
7523,0.9479606272805611
7524,0.942452846122336
7525,0.6700277720237758
7526,0.9798213182166785
7527,0.9534116472633523
7528,0.959119317701253
7529,0.9881857722204463
7530,0.8514076617502777
7531,0.892364017304369
7532,0.8537238947484977
7533,0.8936317632812422
7534,0.9506864618851751
7535,0.9870498390908176
7536,0.9024294428321659
7537,0.9511000895912305
7538,0.9835732486847928
7539,0.9725327910135205
7540,0.9864763809932012
7541,0.9737727393639287
7542,0.9841088468312212
7543,0.9402726107441078
7544,0.9850554782553208
7545,0.877469948451414
7546,0.9004754738332111
7547,0.9338663903203855
7548,0.9553311296105541
7549,0.9824568115262253
7550,0.9797164199080929
7551,0.8858837741158505
7552,0.9864148403594388
7553,0.9887462110367439
7554,0.8938150422727633
7555,0.9712323553961535
7556,0.980934828596474
7557,0.9752484366737826
7558,0.8374550558028176
7559,0.9372824072294572
7560,0.9887966342548239
7561,0.9076528290095166
7562,0.9746445535984641
7563,0.9618416278424379
7564,0.9529749434794343
7565,0.9564546164160583
7566,0.9655525170775815
7567,0.9677962088858726
7568,0.8572074694682281
7569,0.8467397384521805
7570,0.9401127849132682
7571,0.9718950732514287
7572,0.8821538759982966
7573,0.8840069137022233
7574,0.963378501507172
7575,0.6822318274005058
7576,0.7521085397452678
7577,0.9480860070443634
7578,0.9825131852509289
7579,0.9866549101395743
7580,0.9360496864003389
7581,0.98914778306035
7582,0.9458016175654818
7583,0.9365108179694088
7584,0.977473951311095
7585,0.954884927196883
7586,0.9244108639619818
7587,0.9286931056043966
7588,0.968979328834935
7589,0.9604598727427226
7590,0.9349687214961038
7591,0.9433673681299201
7592,0.9732026189525275
7593,0.8839034866843217
7594,0.7315425273936178
7595,0.9897808901995377
7596,0.9053040405491782
7597,0.9880327292582998
7598,0.975138454834177
7599,0.9461039213116271
7600,0.9871226667971352
7601,0.6226592854368003
7602,0.9104725969896598
7603,0.9692587911618777
7604,0.9891211207855166
7605,0.9684959731353898
7606,0.9515552003018134
7607,0.8747069845441187
7608,0.9559483013475507
7609,0.8868736775197492
7610,0.925809502108029
7611,0.9116996803906513
7612,0.9897864154986477
7613,0.9899985479104657
7614,0.9747337566616405
7615,0.8746471902654922
7616,0.8958342117263889
7617,0.9797564505165459
7618,0.9519218317930634
7619,0.9737718185968238
7620,0.9856552019053202
7621,0.9395254902794211
7622,0.9272495210852083
7623,0.9325281000424267
7624,0.8698926782665185
7625,0.9283814609444486
7626,0.942153459541314
7627,0.9717102356598276
7628,0.9855281337763293
7629,0.9745595359209243
7630,0.9713111962162739
7631,0.8871475750763994
7632,0.9227019900116076
7633,0.9843779229448967
7634,0.9718709438861036
7635,0.9576203309840289
7636,0.9792136383828901
7637,0.9412258418446295
7638,0.9774882610930644
7639,0.9372009887508659
7640,0.9452718202985285
7641,0.9601948065538528
7642,0.9451564592548584
7643,0.9549946882382437
7644,0.8523452808829903
7645,0.8555253736925641
7646,0.935629934048241
7647,0.979981092204793
7648,0.8821399963796105
7649,0.9631630639712039
7650,0.9875931516223894
7651,0.9444513638329025
7652,0.9194832256815478
7653,0.9094537057444672
7654,0.9506605081203886
7655,0.933645328119674
7656,0.951259962659932
7657,0.9514338691097346
7658,0.9288332951045174
7659,0.9833518100968952
7660,0.9607365816987347
7661,0.9763567232182306
7662,0.8877095561330441
7663,0.9641164173577693
7664,0.9610072546028685
7665,0.8971582454037552
7666,0.9861414129862578
7667,0.9606606676927927
7668,0.9208553052199016
7669,0.9220065026492688
7670,0.9594431152255198
7671,0.9528074740483085
7672,0.9626135714711529
7673,0.9633511695165614
7674,0.9076880933414769
7675,0.931862852744944
7676,0.988927942103751
7677,0.9676467692326053
7678,0.9771850125875146
7679,0.9852154185810099
7680,0.9377319334930243
7681,0.8731872977960594
7682,0.9440146137052874
7683,0.9536629830881207
7684,0.9623201523986901
7685,0.9892126873848986
7686,0.972297315821318
7687,0.9765083662579861
7688,0.9547681999479627
7689,0.9852425081836642
7690,0.9444967771395633
7691,0.9492649633368537
7692,0.9881737135652441
7693,0.9448943836330257
7694,0.9789499722069059
7695,0.8928481131639037
7696,0.9878754129519974
7697,0.9670535948103207
7698,0.97902518303587
7699,0.9619742183374831
7700,0.9276074268073156
7701,0.9554797724221952
7702,0.9450761585325574
7703,0.9887268964590169
7704,0.8914115875939678
7705,0.9495408335628688
7706,0.9363867272749501
7707,0.9637376336187978
7708,0.9528904879086085
7709,0.9400450051962118
7710,0.9811148237310074
7711,0.9665811438052565
7712,0.8436043365396848
7713,0.9453113022277055
7714,0.9899379206669434
7715,0.8795853492807669
7716,0.9636782488870211
7717,0.9210013412829313
7718,0.9865548839362991
7719,0.9899820073890694
7720,0.9528672746800081
7721,0.9871205088450887
7722,0.9639364444994142
7723,0.9586551776289798
7724,0.9744919886269077
7725,0.9448006790568672
7726,0.9287574386910157
7727,0.9477867786490738
7728,0.9677825893069191
7729,0.9830424369247683
7730,0.9747991336239308
7731,0.938431309648154
7732,0.9629797368591548
7733,0.9792342598865196
7734,0.9710404174259583
7735,0.9528612850759047
7736,0.9561680350249586
7737,0.9546982793404657
7738,0.9529434024365182
7739,0.9194044741976971
7740,0.8857334400179354
7741,0.9707410484703222
7742,0.9326594631324062
7743,0.8718913050677168
7744,0.898450014001313
7745,0.9128875292409834
7746,0.9212216610429959
7747,0.9428087220031122
7748,0.7927587126116047
7749,0.9298017449717925
7750,0.950331330033725
7751,0.9806226736467408
7752,0.8935304877790139
7753,0.9617964635042598
7754,0.9705600176901233
7755,0.9621809301652744
7756,0.9770602917960906
7757,0.9500767353481743
7758,0.9303471056082098
7759,0.8920524438657205
7760,0.9863092642636324
7761,0.9515728352555939
7762,0.9728116395288045
7763,0.9689111310011312
7764,0.969303484332145
7765,0.9885626028075978
7766,0.8099776401070341
7767,0.9741004940466266
7768,0.964158931451383
7769,0.9452324031447082
7770,0.9892338049316692
7771,0.9785729567941235
7772,0.9376706519427407
7773,0.9768260286205437
7774,0.8605939251048442
7775,0.9738043456832371
7776,0.9878714062910089
7777,0.9568987488863774
7778,0.9890081687713811
7779,0.9492790839412061
7780,0.9635692361102735
7781,0.9898691564298255
7782,0.9865228645738027
7783,0.9343204019726079
7784,0.971494798501286
7785,0.9894005237272767
7786,0.9357872113160683
7787,0.9476942902943768
7788,0.970168455416725
7789,0.9831777502490519
7790,0.9572640489528372
7791,0.9698469469320801
7792,0.9447077654473343
7793,0.8569462511760272
7794,0.9680790877246997
7795,0.8726961370738163
7796,0.9663826164820165
7797,0.987564432046673
7798,0.9664070637345138
7799,0.9715374400348371
7800,0.9797322120529136
7801,0.9204748981498104
7802,0.9419024131417494
7803,0.9175347949369013
7804,0.9724273155665776
7805,0.9844458957826542
7806,0.9705083183838505
7807,0.7307531646990494
7808,0.9367308883403129
7809,0.9190022071131557
7810,0.9391878904639436
7811,0.9087015532782163
7812,0.9640226457599462
7813,0.9890317071481453
7814,0.9785946210519028
7815,0.9347780273083428
7816,0.9839599898260569
7817,0.9502584897097615
7818,0.8622688017134195
7819,0.9586887850750027
7820,0.9039372123500501
7821,0.8958392878083941
7822,0.8910899202728129
7823,0.9527264246387352
7824,0.9895347030663433
7825,0.9689116678177225
7826,0.9612622322865648
7827,0.9606454897362343
7828,0.9548035941664984
7829,0.9626509819983072
7830,0.8847615357998707
7831,0.9760261377169702
7832,0.7769593672472124
7833,0.9410708767013302
7834,0.9553656428772375
7835,0.988638092530271
7836,0.9639308789054485
7837,0.8846930207023782
7838,0.9197945433177667
7839,0.9899602067566379
7840,0.8412804591285548
7841,0.9591578989671188
7842,0.9382549282468596
7843,0.9505598478830305
7844,0.9665503582345566
7845,0.9097626542961913
7846,0.9184216431765488
7847,0.9253665265484828
7848,0.9758877593295764
7849,0.9438878436557586
7850,0.9854275272446383
7851,0.9479177327366303
7852,0.9880315296595702
7853,0.9562058331049098
7854,0.9209174472024216
7855,0.9768442024224636
7856,0.9770271159593107
7857,0.9846394054431132
7858,0.928703990388769
7859,0.9391373443332425
7860,0.9683318664087078
7861,0.96865365373715
7862,0.9015951603320538
7863,0.9242099423801731
7864,0.9877513856506447
7865,0.9740618626493014
7866,0.9764986956154955
7867,0.959250539527672
7868,0.9898159994520894
7869,0.9270026448463503
7870,0.9402329837438065
7871,0.8939394204999311
7872,0.8614207113174989
7873,0.9855856452068109
7874,0.9600065512370338
7875,0.8509566430277544
7876,0.8202015004198298
7877,0.9414628113900279
7878,0.9782572160914383
7879,0.9380833423563458
7880,0.9332250753617217
7881,0.980789382169866
7882,0.8534784514114565
7883,0.8460249483290098
7884,0.968337588299703
7885,0.8619184895900764
7886,0.9633523190528526
7887,0.8905005748352676
7888,0.8926582693342936
7889,0.9337006102711376
7890,0.974757458930265
7891,0.974514247519598
7892,0.84117820332476
7893,0.9753762520089212
7894,0.9815814225514151
7895,0.9856340515339628
7896,0.9833944277826613
7897,0.988907732448103
7898,0.988993724610953
7899,0.962347752048073
7900,0.9371021714648529
7901,0.9861082488508907
7902,0.972772653485608
7903,0.9162688555782629
7904,0.9542545087123671
7905,0.9868733130948214
7906,0.9883226346859014
7907,0.8910212802482859
7908,0.9655661500098327
7909,0.9436732556215798
7910,0.922836527412903
7911,0.9858072619759912
7912,0.720318770433286
7913,0.9223480861334665
7914,0.9672552982423352
7915,0.989080581811258
7916,0.8621301797796519
7917,0.8696097768414844
7918,0.9550788741505896
7919,0.8956554266692769
7920,0.7441997424424939
7921,0.989745133586398
7922,0.9631186178307853
7923,0.9535222449923747
7924,0.9028941942800807
7925,0.9649180344741934
7926,0.9668641829650445
7927,0.90069343735735
7928,0.9276159117541044
7929,0.9898981793037867
7930,0.9456695095203496
7931,0.9461722284093553
7932,0.9451969445453479
7933,0.9767963463035284
7934,0.8638232362137909
7935,0.895188232548148
7936,0.9327267590783723
7937,0.9729803079333915
7938,0.8405319327153495
7939,0.9144736771783115
7940,0.9532793852551195
7941,0.988731507007651
7942,0.9883292682514365
7943,0.9218382934303708
7944,0.9653682302123074
7945,0.9266794441874425
7946,0.9844767699355526
7947,0.8732226478615466
7948,0.9215014509470272
7949,0.8846798511481954
7950,0.9737291759359051
7951,0.9719391875641341
7952,0.9404675940534204
7953,0.9552659786668763
7954,0.944852518886276
7955,0.9772551636164242
7956,0.9589399779364548
7957,0.9790009233503401
7958,0.9500947873985243
7959,0.9445912731086358
7960,0.9637587470060287
7961,0.8893969645670388
7962,0.9754253097127081
7963,0.9104234173311768
7964,0.9582560106077879
7965,0.7983019034142301
7966,0.9337098970931254
7967,0.9464724522756779
7968,0.9748962625239085
7969,0.9381757355635398
7970,0.9629328776894519
7971,0.9486286921324399
7972,0.9215418806112493
7973,0.9801257543024657
7974,0.9899507645244907
7975,0.9802681295922817
7976,0.9756802026610508
7977,0.9294533098438134
7978,0.9183095244764091
7979,0.8828324529889064
7980,0.9783300162596875
7981,0.9552395823437033
7982,0.9535080639826213
7983,0.8990575271698281
7984,0.8627176127763531
7985,0.9480443803016321
7986,0.8722712876201696
7987,0.9586463071624817
7988,0.9407274709283688
7989,0.8890570749130127
7990,0.9196681058614694
7991,0.9010735880748745
7992,0.9651160687785846
7993,0.9395870099418941
7994,0.9825967831597765
7995,0.9704825433047614
7996,0.9645611199200095
7997,0.9641812165898882
7998,0.9086330534192134
7999,0.96333402779931
8000,0.9440881666088898
8001,0.9689193465848165
8002,0.9781412638962725
8003,0.9887717753455247
8004,0.9640002402426998
8005,0.8675851218035202
8006,0.9845021303607889
8007,0.8936690108946521
8008,0.7992211252685874
8009,0.8933623488904384
8010,0.988804607023352
8011,0.977926381788196
8012,0.9047352888380795
8013,0.9142500283488129
8014,0.9465560438731448
8015,0.9585635603471111
8016,0.978966941798624
8017,0.9895925437429189
8018,0.9832923094492636
8019,0.9759434140873328
8020,0.9899844173194504
8021,0.9381155160428319
8022,0.9874626898790247
8023,0.9678266473719155
8024,0.8527344867585055
8025,0.8623873147571331
8026,0.9502152792254992
8027,0.9285105541386685
8028,0.7914863712283425
8029,0.9895553175948537
8030,0.9670883193972433
8031,0.9889579961447926
8032,0.9696195291016173
8033,0.986646813954869
8034,0.9695193541170567
8035,0.9229757117428364
8036,0.9430740596924774
8037,0.9650005542127086
8038,0.9533382691310698
8039,0.9725674596663005
8040,0.9899519905496338
8041,0.9119282520257297
8042,0.9671069799464999
8043,0.9241348823895963
8044,0.9326874081549641
8045,0.9533673623308586
8046,0.9464141769538049
8047,0.9153847929959482
8048,0.9578341117928864
8049,0.9283088984228366
8050,0.9899354853946639
8051,0.9623997483074306
8052,0.9040937650171504
8053,0.958445080907646
8054,0.9323223219339587
8055,0.986111381020923
8056,0.9763045859697838
8057,0.9466411268424276
8058,0.921004841250131
8059,0.9684226480523083
8060,0.864092841018394
8061,0.8358339403619218
8062,0.9678654695625372
8063,0.9485793480927767
8064,0.954073732476206
8065,0.8899529280385695
8066,0.9039452110284847
8067,0.9438213241308879
8068,0.9661908436927397
8069,0.9251303671002264
8070,0.9888677236898971
8071,0.9898376461063629
8072,0.9515363646320469
8073,0.9898415503314631
8074,0.9472305309901043
8075,0.9828709509969955
8076,0.979195186765708
8077,0.9701162237697714
8078,0.9475211416597815
8079,0.87777357599552
8080,0.9663111050868759
8081,0.8850826217468835
8082,0.9592878006929957
8083,0.8583174647853543
8084,0.9580572651154877
8085,0.9673470828274183
8086,0.9373395925615144
8087,0.9102358671590193
8088,0.9652060717376897
8089,0.9586773776504065
8090,0.9899972621631057
8091,0.9293959072863005
8092,0.9766801826628708
8093,0.9832212090730115
8094,0.8973140253645606
8095,0.9308084610018417
8096,0.8776054179157083
8097,0.9716798844902328
8098,0.9241320944587682
8099,0.9862178467096513
8100,0.9682394707111948
8101,0.982116519749921
8102,0.9667925518589537
8103,0.9834753660554784
8104,0.9893377276445879
8105,0.8873704426222299
8106,0.9845824405397223
8107,0.9581387740371377
8108,0.9092723582393764
8109,0.940327414727392
8110,0.922725998321505
8111,0.9877188716777987
8112,0.8841812867173723
8113,0.971215265154062
8114,0.9519454766371941
8115,0.988524757945835
8116,0.9460386231338604
8117,0.9537746612437779
8118,0.9765129809067499
8119,0.7768558645087226
8120,0.9751149441354987
8121,0.9003435595562904
8122,0.9806934597106209
8123,0.9858173398947828
8124,0.9848221416422929
8125,0.9893321127351206
8126,0.9788148951529315
8127,0.9152570081386631
8128,0.8550173489791714
8129,0.9879254917753897
8130,0.9714535131025865
8131,0.9641765344258726
8132,0.9857303448284878
8133,0.9759059693204802
8134,0.854703182664445
8135,0.9083982410962889
8136,0.8881679056258334
8137,0.9546667647613681
8138,0.9347255537523561
8139,0.9461690074305578
8140,0.9329089072817407
8141,0.9219091971691746
8142,0.9350772373091202
8143,0.972476769569713
8144,0.9300018875493276
8145,0.9442194575617235
8146,0.8006203074591937
8147,0.9279752430630291
8148,0.9009866342261157
8149,0.9665779823221533
8150,0.9018916311068603
8151,0.9561920185661289
8152,0.9778138452750328
8153,0.9793461397415455
8154,0.9867315086530986
8155,0.9249133749586393
8156,0.9748849440907138
8157,0.9170030171763823
8158,0.8758403221390763
8159,0.9840940556457044
8160,0.9838477180846638
8161,0.9299462460137368
8162,0.9836827863565473
8163,0.9830971412440637
8164,0.975918543227009
8165,0.9457441063288553
8166,0.9509431954462798
8167,0.9695615571659362
8168,0.9897068942857203
8169,0.9698700630114393
8170,0.9426673645990264
8171,0.9872701097030148
8172,0.8941323499934731
8173,0.8655073549287117
8174,0.9177898385356391
8175,0.9610885110836662
8176,0.9876297504233909
8177,0.9030990281646991
8178,0.9248198409066712
8179,0.980089687357199
8180,0.9672753054698331
8181,0.9011118218129711
8182,0.8831800097187399
8183,0.9339605116157066
8184,0.9242184507039682
8185,0.9354193326911984
8186,0.9374193614677478
8187,0.9736944526325713
8188,0.950518590043667
8189,0.9431170367397644
8190,0.9893303529095682
8191,0.9232408526662148
8192,0.9508601024133309
8193,0.9328494854289963
8194,0.9347376725298749
8195,0.965706118989329
8196,0.9612626412237688
8197,0.9585005952212701
8198,0.9899841875368922
8199,0.9024595562633505
8200,0.9778448991718268
8201,0.9020187288511387
8202,0.9744583055395456
8203,0.9418622615324665
8204,0.9399313146102786
8205,0.8958805378295954
8206,0.9077324633379137
8207,0.9218166732167815
8208,0.9680275642194817
8209,0.8026890035455799
8210,0.859574558037604
8211,0.9700723975412204
8212,0.9156457598267373
8213,0.9451393259671773
8214,0.9787427829758165
8215,0.7829232648842072
8216,0.9840049682910552
8217,0.9326636559214772
8218,0.9243065657404457
8219,0.9495402771874865
8220,0.9594190227568052
8221,0.9556069942628563
8222,0.9781586091090473
8223,0.9769247081586682
8224,0.9052593926668455
8225,0.9538391347913212
8226,0.9798655536456607
8227,0.9351930993807083
8228,0.8128027048045299
8229,0.9670091332516187
8230,0.8911310626919385
8231,0.730956786642143
8232,0.974597372124114
8233,0.9800784540569992
8234,0.9444252187388007
8235,0.9097989421735726
8236,0.9841655564448881
8237,0.9152981740427645
8238,0.8430594178519601
8239,0.9563972116759772
8240,0.949590376082662
8241,0.9017554435244212
8242,0.9781083720637783
8243,0.9319543383093711
8244,0.9117214802592922
8245,0.9780647272214911
8246,0.8119486864939262
8247,0.9276224180675107
8248,0.9644402589056792
8249,0.9657289918314471
8250,0.9560599385045242
8251,0.974204839526819
8252,0.8300510506285087
8253,0.9729002021070654
8254,0.9881573357786675
8255,0.9272726165306997
8256,0.9806538072008092
8257,0.9531757421758474
8258,0.9484311708065879
8259,0.9894579988627578
8260,0.9806399970241092
8261,0.9764064873138829
8262,0.8752836667344923
8263,0.9707345409323729
8264,0.9509374340693798
8265,0.8753342334447949
8266,0.9698840007045616
8267,0.9690406036500965
8268,0.93237449075133
8269,0.933540009337227
8270,0.9766717349965655
8271,0.9623011298429257
8272,0.910824677993436
8273,0.8772226058856682
8274,0.9826788488598299
8275,0.9439804468958314
8276,0.9868900539649003
8277,0.9347584793531918
8278,0.9634467963299775
8279,0.9882145200204567
8280,0.7051487780337974
8281,0.9861263676682575
8282,0.9705307432589089
8283,0.9867819464333594
8284,0.9671145871089674
8285,0.9528589256015914
8286,0.8811180245646898
8287,0.9733523815891143
8288,0.968473771708485
8289,0.9402201555545681
8290,0.8918014905245206
8291,0.8971309026039461
8292,0.9773262287741623
8293,0.9045695903972566
8294,0.8764222325989687
8295,0.9671831013546923
8296,0.9885897165816369
8297,0.9452339466144601
8298,0.9778298075151061
8299,0.9486669874091366
8300,0.8481885218620154
8301,0.8916269735269088
8302,0.7627934463085789
8303,0.9836841883514791
8304,0.8228810480094084
8305,0.9895075837684756
8306,0.951577875661568
8307,0.9560213048039333
8308,0.9853538229018364
8309,0.9735478207905797
8310,0.9558178767349291
8311,0.9875128210670815
8312,0.9890183508445604
8313,0.9683840843899351
8314,0.9513505200882824
8315,0.9764495664417507
8316,0.946263154721657
8317,0.9615175108530118
8318,0.9651134150874852
8319,0.911651711821544
8320,0.8717764076279985
8321,0.8211097267350765
8322,0.9494721337626116
8323,0.9672302477979953
8324,0.8592566872282322
8325,0.8987742228676313
8326,0.9880362184547403
8327,0.93530362273255
8328,0.986660917060796
8329,0.9794880914676702
8330,0.9651964228449105
8331,0.9100686481026751
8332,0.9318231595976391
8333,0.8587732350211003
8334,0.9431939650059015
8335,0.9733939838302617
8336,0.9572835260160326
8337,0.9785129397643687
8338,0.9378096887264512
8339,0.9222059916964724
8340,0.989173125032312
8341,0.989523828802579
8342,0.9856111804797882
8343,0.9251449950445579
8344,0.9271027951156743
8345,0.9898777767468718
8346,0.9786153434953331
8347,0.9557010769859028
8348,0.8797867738167754
8349,0.9755205876959019
8350,0.9433760325746645
8351,0.9597827179855144
8352,0.9760072586975581
8353,0.9275492796067031
8354,0.9697925507502558
8355,0.9899057617051379
8356,0.9425572029025913
8357,0.9128141985097418
8358,0.9794886169225548
8359,0.9419344037361667
8360,0.8482054834240101
8361,0.9884532005396578
8362,0.9895621469638662
8363,0.6781729834835917
8364,0.9823552885291991
8365,0.9896121920685403
8366,0.9435373200206552
8367,0.9714739763954102
8368,0.9270218658524513
8369,0.9765618708102709
8370,0.9860216262820277
8371,0.9846623711185475
8372,0.8860096640404584
8373,0.9379290068284237
8374,0.9807906902085354
8375,0.9537505790427698
8376,0.9687312944549533
8377,0.9739124939672903
8378,0.959781297866902
8379,0.9040735081317298
8380,0.940411530483952
8381,0.9670328516184344
8382,0.9831194212828321
8383,0.64494464552492
8384,0.8970208442368087
8385,0.9797548824247178
8386,0.8627970405076577
8387,0.8412743245349869
8388,0.967541518603739
8389,0.9592778553488301
8390,0.9705655498536677
8391,0.9477337827210836
8392,0.9476818217716602
8393,0.9684394114158744
8394,0.9652812664289209
8395,0.9292439671407211
8396,0.9826726405615019
8397,0.9794073520749026
8398,0.9549474811419005
8399,0.9837374089100442
8400,0.9867087571916628
8401,0.8319995675376742
8402,0.7558001160351692
8403,0.9284807066099411
8404,0.9130834449376639
8405,0.9417393246856828
8406,0.9454813459053992
8407,0.9440752969495634
8408,0.949298116200973
8409,0.9133628651001453
8410,0.9024965917142728
8411,0.9842573986069907
8412,0.8737390308863142
8413,0.9761889838035682
8414,0.885190008348493
8415,0.9673892030847135
8416,0.9149735352621504
8417,0.957476700702397
8418,0.9850407154622538
8419,0.9685961698786415
8420,0.9892253101590439
8421,0.9384122678824139
8422,0.9300190486850625
8423,0.9888527743107017
8424,0.9379187399647484
8425,0.8452936875872167
8426,0.9232949096728796
8427,0.9756638326927393
8428,0.8715417495887063
8429,0.9850135814303609
8430,0.9854496329306323
8431,0.8462715980862118
8432,0.9855511861241525
8433,0.9835295636896922
8434,0.8726688316455345
8435,0.9306003696993763
8436,0.9803738402265374
8437,0.8168429854369139
8438,0.9525712875324378
8439,0.9347929084526602
8440,0.8386329843193281
8441,0.8940523864642994
8442,0.9851867551732381
8443,0.9640871515791953
8444,0.8057732022502866
8445,0.9552811696163398
8446,0.9694919288361333
8447,0.9528002840710945
8448,0.46975403056779425
8449,0.702500885002264
8450,0.9894909566749583
8451,0.9747381530330155
8452,0.949592112501029
8453,0.8661487182387676
8454,0.9774290069815198
8455,0.9443715230192384
8456,0.9616104949070556
8457,0.9471869554199179
8458,0.884337090069007
8459,0.9540404714333012
8460,0.8272070997973936
8461,0.9770961345138925
8462,0.9756374370442741
8463,0.972851270170897
8464,0.9720856022513007
8465,0.9558577245296652
8466,0.9851565657777479
8467,0.9359955922035166
8468,0.8986287226924841
8469,0.9489588021433422
8470,0.899385131764674
8471,0.9177722295505285
8472,0.9865483779642683
8473,0.8612843664468535
8474,0.8775372253128001
8475,0.8790555515136107
8476,0.9495957809333647
8477,0.9276763821672608
8478,0.9147085948992014
8479,0.970639784387632
8480,0.9886892146185859
8481,0.9646189320627081
8482,0.7872398981856628
8483,0.9071595529694568
8484,0.9246825435703774
8485,0.9826719923287431
8486,0.959909321962123
8487,0.9889626734856044
8488,0.9848196940874161
8489,0.9777372136629614
8490,0.9893689399989477
8491,0.9468091689140931
8492,0.9399738303188868
8493,0.9383789395978438
8494,0.9324466765728738
8495,0.9601277627835884
8496,0.9775455639792889
8497,0.9045029917333187
8498,0.9587652386522879
8499,0.9769155286974373
8500,0.9808250545424496
8501,0.9675726122301719
8502,0.9335211288587764
8503,0.9582056214406941
8504,0.9322069916693351
8505,0.9891319994347008
8506,0.8490444716332834
8507,0.9484508206273313
8508,0.983856699965172
8509,0.9315795430729061
8510,0.9724881403028811
8511,0.9278160008958578
8512,0.9861455095526097
8513,0.9815567218606425
8514,0.9665195235992041
8515,0.9091318357079694
8516,0.8856814714727487
8517,0.974330469419775
8518,0.9630264589122596
8519,0.9325372643865109
8520,0.9888495765768216
8521,0.935303147665437
8522,0.8940447315645735
8523,0.9672443833641844
8524,0.963456363116411
8525,0.962643938732757
8526,0.9597858878515413
8527,0.9838404419264356
8528,0.9419734953930866
8529,0.9003162148758755
8530,0.9293873823406456
8531,0.9531340853357708
8532,0.9648412597749357
8533,0.9702767836181244
8534,0.9297021312673465
8535,0.7314997116345157
8536,0.9856128362172599
8537,0.9871258238526965
8538,0.9867247947898574
8539,0.9844881356154506
8540,0.9894620752448444
8541,0.847400219442351
8542,0.9817056342421602
8543,0.962314450266594
8544,0.9684276671204136
8545,0.738783169176682
8546,0.923524450583851
8547,0.9498712786321509
8548,0.9888721680159789
8549,0.9722203359344467
8550,0.9518276158424622
8551,0.9544428486837779
8552,0.9378856165294842
8553,0.9216866819993442
8554,0.9185250635655309
8555,0.9575159043157391
8556,0.9895939908749214
8557,0.6004948756704452
8558,0.971797132008393
8559,0.8522682082294217
8560,0.8906872377133709
8561,0.8094836114675479
8562,0.9448631432440174
8563,0.9636592883380176
8564,0.9826821801774879
8565,0.8866735985309231
8566,0.9687687279348361
8567,0.9099592830834652
8568,0.91605827949659
8569,0.9286520839714252
8570,0.8989911736849456
8571,0.8220112515408284
8572,0.98996476848368
8573,0.8634494060371383
8574,0.9396129006432593
8575,0.8866363951152723
8576,0.936841569140158
8577,0.9597617273110665
8578,0.9773535533746237
8579,0.936419529286261
8580,0.9764314507451338
8581,0.9715637586279091
8582,0.9689393331425667
8583,0.9851949152941057
8584,0.9663601329916722
8585,0.9329552426914367
8586,0.9777946252535418
8587,0.9677047456832854
8588,0.96136177707339
8589,0.9449175997341909
8590,0.9523858063057877
8591,0.9803949171778691
8592,0.9389159629173638
8593,0.9674337067074373
8594,0.8630700860734112
8595,0.8963210095214905
8596,0.939236345974195
8597,0.9671012996499367
8598,0.9873124577003768
8599,0.9750242217409478
8600,0.9807421708872208
8601,0.9184273672579611
8602,0.8665433477288513
8603,0.9430008158223725
8604,0.9744739425802258
8605,0.9695386491777401
8606,0.9083692442275013
8607,0.8781645809874621
8608,0.9149039761774319
8609,0.9763741420169172
8610,0.9804429625515535
8611,0.9776194587017195
8612,0.8759251953192042
8613,0.9613298769590441
8614,0.821479085160793
8615,0.9837880246658324
8616,0.9547653595244691
8617,0.9268001922224627
8618,0.9823686644323212
8619,0.9174291849135804
8620,0.9385782730979917
8621,0.9415113627074405
8622,0.98515788750534
8623,0.9600930919392787
8624,0.9877162180615927
8625,0.8331051958044405
8626,0.9526515514062571
8627,0.920487879604336
8628,0.9753931799777477
8629,0.9356472563629264
8630,0.9607607576336499
8631,0.9460166860485935
8632,0.9870453836230186
8633,0.9656887799911374
8634,0.9306904681068213
8635,0.8497208438148582
8636,0.8790589201439885
8637,0.9894774871313932
8638,0.9670519284697862
8639,0.8999206576960396
8640,0.9509874389092218
8641,0.9783711324440924
8642,0.9638016000511046
8643,0.9248382703745834
8644,0.835162496616169
8645,0.9869406955654775
8646,0.9382895668125389
8647,0.9672076171520787
8648,0.9340734102147702
8649,0.9447405733306479
8650,0.9677561364432985
8651,0.9855926980173199
8652,0.9891360120218363
8653,0.8993376273603172
8654,0.92737506491789
8655,0.8926276211726044
8656,0.9540393525023468
8657,0.9697541928124792
8658,0.9669744282335365
8659,0.980004543220218
8660,0.9096685489701333
8661,0.9457951680028571
8662,0.9836604939406327
8663,0.9367132202897422
8664,0.8889961487149027
8665,0.98981124485223
8666,0.9581973431713364
8667,0.9730559746022988
8668,0.9227908715635372
8669,0.9727387708575211
8670,0.9346320089374017
8671,0.9661149939658792
8672,0.9217614322874582
8673,0.9697297641802383
8674,0.9709065237355797
8675,0.9881245937984589
8676,0.9435341783912315
8677,0.9870587052718247
8678,0.9556485448567338
8679,0.8451849290216865
8680,0.9048720577671885
8681,0.9023748117292929
8682,0.6522286374738194
8683,0.9235911057961653
8684,0.9814581848602468
8685,0.9655907577635966
8686,0.9839920452574125
8687,0.9369589610030363
8688,0.9554286854872804
8689,0.9005757776517633
8690,0.9130493545732804
8691,0.9871477197666237
8692,0.8920459527859101
8693,0.9845409555711727
8694,0.9511895269166224
8695,0.9893692468479236
8696,0.9898037637192657
8697,0.9859671509483621
8698,0.9899740798960941
8699,0.9845951150267955
8700,0.7921269848148627
8701,-0.9073274921306106
8702,-0.8848204775310317
8703,-0.8518537626948987
8704,-0.8896029317925522
8705,-0.9562488066152117
8706,-0.9856613774675101
8707,-0.9598280207867221
8708,-0.9776904275250989
8709,-0.9765844030860987
8710,-0.9119718757466235
8711,-0.9868573933130983
8712,-0.842803690860912
8713,-0.9010234514695064
8714,-0.9890230209135126
8715,-0.9247007110532162
8716,-0.9874828908973102
8717,-0.9797795810512138
8718,-0.9507232805765383
8719,-0.9803378552186537
8720,-0.9811762770777138
8721,-0.8799817750063004
8722,-0.9881404395466207
8723,-0.8814770578221338
8724,-0.9437462718805218
8725,-0.9416991712634921
8726,-0.7254821248894497
8727,-0.9277757004639351
8728,-0.9815154267487821
8729,-0.9288476493214299
8730,-0.8856273448240467
8731,-0.9898598749593612
8732,-0.9897097905634324
8733,-0.9367422151402318
8734,-0.9769110910457229
8735,-0.879852290627288
8736,-0.9866107951687945
8737,-0.9254930945989076
8738,-0.9753732502576482
8739,-0.9899628164107733
8740,-0.9441706709898811
8741,-0.9812067166875594
8742,-0.8250958952319628
8743,-0.9595899157209471
8744,-0.9361195154778698
8745,-0.9603380156514518
8746,-0.9889570458208329
8747,-0.9803784094632292
8748,-0.970850888735025
8749,-0.9426873565502905
8750,-0.9366346714712677
8751,-0.8187231818720325
8752,-0.9865452390412045
8753,-0.9285824927735258
8754,-0.932149497429561
8755,-0.9709168453153364
8756,-0.9854126992799068
8757,-0.9231395098607204
8758,-0.9664097741014587
8759,-0.9015955563538773
8760,-0.9655001704622093
8761,-0.9622180223229911
8762,-0.9868152409438229
8763,-0.9625177462248152
8764,-0.9155998286300168
8765,-0.945186603409162
8766,-0.8662718420154344
8767,-0.9399641782311202
8768,-0.9433999504643076
8769,-0.9051352818459941
8770,-0.9452574853537659
8771,-0.9491559836097163
8772,-0.9424345256014813
8773,-0.9552205613229625
8774,-0.9783523191249358
8775,-0.9833309418047682
8776,-0.8816412910803509
8777,-0.9366567471997594
8778,-0.9640428794182723
8779,-0.9051196201288523
8780,-0.9656796029842593
8781,-0.9468642853365922
8782,-0.9165787337908644
8783,-0.9446142170740962
8784,-0.9454158998309599
8785,-0.9832518313017822
8786,-0.7831380923542498
8787,-0.904524741221015
8788,-0.9584207873632594
8789,-0.9792495192259845
8790,-0.9138209312924059
8791,-0.9855634830582402
8792,-0.9896696352584542
8793,-0.9738741433877733
8794,-0.966287417273521
8795,-0.9619585583452425
8796,-0.9434354992006194
8797,-0.8344656470556114
8798,-0.9887962360651855
8799,-0.7746981758717741
8800,-0.9173295363533436
8801,0.953552490302295
8802,0.9471838130267058
8803,0.9362196722302969
8804,0.8810912970240421
8805,0.9455920247697106
8806,0.9771432335812356
8807,0.9166082007387376
8808,0.9012068401699473
8809,0.9771203756789356
8810,0.9604109768150185
8811,0.9896647158839278
8812,0.8730667650537021
8813,0.9823406662141021
8814,0.8462723302223691
8815,0.9044602843356304
8816,0.9457085064036167
8817,0.9717923248803405
8818,0.9897368425257365
8819,0.9039425272951632
8820,0.9265232535961307
8821,0.9108459859236014
8822,0.9802226273931364
8823,0.926704887800596
8824,0.8146246555436004
8825,0.9248227275322023
8826,0.9643583090609319
8827,0.9475573456685877
8828,0.9891863798997925
8829,0.9575274817476052
8830,0.9829416633865162
8831,0.9700049339185637
8832,0.8547396802648912
8833,0.9439460444625533
8834,0.9480867505077114
8835,0.9819618471378049
8836,0.871076184030911
8837,0.8611432653327926
8838,0.9899259247451481
8839,0.9684321233798554
8840,0.9778357090110563
8841,0.8388146185785661
8842,0.9887236689206053
8843,0.9857316194477376
8844,0.8378803082555949
8845,0.8041496110171257
8846,0.9025707516635789
8847,0.9064537306637045
8848,0.9486878925047109
8849,0.9782607726397624
8850,0.9729086432157485
8851,0.9332874771884558
8852,0.9052907163470861
8853,0.9641485022907312
8854,0.8201933181137161
8855,0.9606588844968855
8856,0.9472430058868089
8857,0.8716843377432306
8858,0.979419993171871
8859,0.8977108129630212
8860,0.9450041181649953
8861,0.9368682361010717
8862,0.959956752893465
8863,0.9781119955216822
8864,0.9658180939166724
8865,0.9261848528908668
8866,0.9868903541265067
8867,0.8994195866845178
8868,0.8781698480595996
8869,0.9809495981072219
8870,0.9146308120517767
8871,0.9449363640008096
8872,0.7932676692112867
8873,0.9739706124477492
8874,0.9535543775691014
8875,0.9892660346515669
8876,0.9105744393578591
8877,0.7723965340161236
8878,0.9383285109263335
8879,0.9780559101284818
8880,0.9892864285727037
8881,0.9587842322976067
8882,0.9111359005676428
8883,0.9118296208109086
8884,0.9190188834962265
8885,0.978075773681187
8886,0.9409043871976417
8887,0.9731193166625122
8888,0.9492103484781187
8889,0.9785581528631087
8890,0.9799066407026868
8891,0.7614592087947848
8892,0.9897344301516049
8893,0.79822429860012
8894,0.8970532946426397
8895,0.9847772095300771
8896,0.9184513586659108
8897,0.9887906652378035
8898,0.9670937827400832
8899,0.9669504028025921
8900,0.8407346357347021
8901,0.9218850167540682
8902,0.9480586117878211
8903,0.8782940302170871
8904,0.8630767544203904
8905,0.8934981747594541
8906,0.9366159658532494
8907,0.9177519481332584
8908,0.8855614325178961
8909,0.9798759649004763
8910,0.9701567102756642
8911,0.9007005149781352
8912,0.9628758664489048
8913,0.8835366567968951
8914,0.9198208050796879
8915,0.9879181740975183
8916,0.8631936376963226
8917,0.958562216158389
8918,0.9895447001913211
8919,0.9668509307176025
8920,0.8957635351583608
8921,0.8906359395790535
8922,0.967326062412705
8923,0.9681843438851554
8924,0.9718196172578093
8925,0.9817039375575094
8926,0.9674505130874945
8927,0.9746770467712871
8928,0.9762338293232016
8929,0.9443666703274566
8930,0.9221700769126644
8931,0.9619762164171304
8932,0.9768453784300188
8933,0.8588752080747877
8934,0.8841579040610211
8935,0.9552961232918012
8936,0.783812552378124
8937,0.8174092714239698
8938,0.763457633646006
8939,0.9061699419790477
8940,0.9559978164907852
8941,0.9698163152256513
8942,0.9493105603991296
8943,0.7475658686072787
8944,0.9347268814918365
8945,0.9628463030537243
8946,0.8873217864612057
8947,0.8947517598756581
8948,0.986282521949236
8949,0.9764789278364902
8950,0.9130336125377919
8951,0.9609952187048619
8952,0.9074459701684157
8953,0.9684862688526468
8954,0.9297367164790109
8955,0.8813174679368919
8956,0.9823673739238377
8957,0.9807443874992423
8958,0.989993105012758
8959,0.908500300893701
8960,0.8965699393470324
8961,0.9407351234447635
8962,0.8061590084794159
8963,0.973791248812447
8964,0.9436796469567473
8965,0.9743614352846944
8966,0.9306895954773949
8967,0.9104656236454245
8968,0.9214242449324778
8969,0.97534964946647
8970,0.9014652065337009
8971,0.9594251816480313
8972,0.9626290909060757
8973,0.9716835523091597
8974,0.9528970755806665
8975,0.987312870252893
8976,0.8404881707054541
8977,0.9566802132766936
8978,0.968626586939803
8979,0.8541993399263272
8980,0.9761593778014933
8981,0.9767186858432054
8982,0.9755386059763619
8983,0.8969735536109374
8984,0.9629300760795988
8985,0.8907163308997335
8986,0.9689527679071283
8987,0.9612387743195718
8988,0.9509673802891108
8989,0.9715020282792846
8990,0.9677217303897984
8991,0.8726837848816649
8992,0.94797603841308
8993,0.9850945349033631
8994,0.9195525807864892
8995,0.839186423495689
8996,0.9817640190672959
8997,0.9781012143054945
8998,0.8831943541580293
8999,0.983319864559202
9000,0.8911260186125102
9001,-0.7689006040798424
9002,-0.9654601135695
9003,-0.8496657228290386
9004,-0.9759787426220585
9005,-0.7480774942787893
9006,-0.9380639028469281
9007,-0.9457073259066727
9008,-0.9831048060159705
9009,-0.9260053036953495
9010,-0.9711352083476682
9011,-0.9514665604362157
9012,-0.8347858204846916
9013,-0.9076099245052441
9014,-0.9245100595939777
9015,-0.9538415330746561
9016,-0.9187311030974743
9017,-0.9595352982083856
9018,-0.9725732100411523
9019,-0.9737315886561297
9020,-0.9274082597224577
9021,-0.9779392081646994
9022,-0.9572790507189235
9023,-0.9823897947701605
9024,-0.9580290722712863
9025,-0.9407402879049279
9026,-0.942486410800116
9027,-0.989999978807755
9028,-0.9335589065118391
9029,-0.9692477123919007
9030,-0.982457629452434
9031,-0.9511871971268073
9032,-0.9276296719902933
9033,-0.9120757807465377
9034,-0.9848730107876779
9035,-0.9835403557127714
9036,-0.9490295855178333
9037,-0.9430348294794391
9038,-0.9212096377978608
9039,-0.9853286106883703
9040,-0.9869833517380167
9041,-0.9088422215429723
9042,-0.9521643331536644
9043,-0.9354379646496396
9044,-0.9890712408687453
9045,-0.9137569436572591
9046,-0.9636302155322641
9047,-0.9698633438079095
9048,-0.9495323945293629
9049,-0.9353123325287743
9050,-0.9877245659115651
9051,-0.9581266406866028
9052,-0.9342116877190392
9053,-0.8839577974542094
9054,-0.9692778795668269
9055,-0.8302072835652996
9056,-0.9160769522456266
9057,-0.9899404936245081
9058,-0.9899948189528333
9059,-0.9542725438807725
9060,-0.9724301945505124
9061,-0.9711380376065755
9062,-0.9534454900860131
9063,-0.9729156855393691
9064,-0.9761160357158595
9065,-0.9855138066086995
9066,-0.855392416140184
9067,-0.9641236825284156
9068,-0.9565725730240836
9069,-0.945546088640981
9070,-0.9239486417599648
9071,-0.9857655185245741
9072,-0.9468251408396237
9073,-0.9431200076316759
9074,-0.9129478022168526
9075,-0.9899803609904996
9076,-0.9898304632379409
9077,-0.9087900850015254
9078,-0.987538201674903
9079,-0.9843698771978778
9080,-0.9879076004010633
9081,-0.8962052955689964
9082,-0.9541667821151674
9083,-0.9743340612055795
9084,-0.9882654549980803
9085,-0.8817007688886063
9086,-0.9565692132587222
9087,-0.988882345729414
9088,-0.9808448878543242
9089,-0.9178232655666322
9090,-0.9887360466940749
9091,-0.9710603518054786
9092,-0.9657547301776838
9093,-0.8974876711325153
9094,-0.9227553362249107
9095,-0.9798226582120406
9096,-0.9396462633337148
9097,-0.9692363718829555
9098,-0.9778146628671089
9099,-0.9778126399240754
9100,-0.9844881343360146
9101,0.9138100003401166
9102,0.8506829661856004
9103,0.9158252345849023
9104,0.9301499900466115
9105,0.9408532456460287
9106,0.9654715195223982
9107,0.9849191208727085
9108,0.9821794825745482
9109,0.9677312484546284
9110,0.9753945432734006
9111,0.9732571291844747
9112,0.9874256105690024
9113,0.9864384128331727
9114,0.9719382787626405
9115,0.9787169237232209
9116,0.9366840440840853
9117,0.9643909830014006
9118,0.9534696815977322
9119,0.9183548593027447
9120,0.9883958118564177
9121,0.9799046037202634
9122,0.9411544321905707
9123,0.9888783475213725
9124,0.939542533948938
9125,0.9761970366105669
9126,0.9121212768783492
9127,0.9888235743331022
9128,0.7834916327025975
9129,0.977810794348806
9130,0.9807704939826879
9131,0.9492440356915856
9132,0.9443573736652339
9133,0.9123597808918708
9134,0.9243545804910813
9135,0.9469764028487992
9136,0.9235737304947544
9137,0.9311903944969255
9138,0.8808096713781457
9139,0.9809850268982329
9140,0.8004660843006576
9141,0.9177735676211219
9142,0.9167019454969557
9143,0.9000077666709533
9144,0.9896480494227993
9145,0.8783011966265515
9146,0.9662691696858984
9147,0.9657340200171056
9148,0.8580391030792658
9149,0.9855476978847596
9150,0.9635768600595329
9151,0.9325838122630928
9152,0.9751593340546543
9153,0.8286727692634447
9154,0.9584365211098739
9155,0.9642776115346611
9156,0.9479900807875552
9157,0.9428496656083386
9158,0.9662941830815971
9159,0.967769029116398
9160,0.768187216843353
9161,0.9540067507468364
9162,0.9888979926051242
9163,0.9760147891344103
9164,0.9839224774481784
9165,0.9548503969547827
9166,0.9139924717254901
9167,0.871367635480939
9168,0.9590123050870725
9169,0.9679025027619963
9170,0.9543075072810812
9171,0.9896282574662537
9172,0.9508676815194179
9173,0.9851027500408056
9174,0.9898394854139475
9175,0.9305099794998961
9176,0.9776518201007065
9177,0.9647703386731302
9178,0.9640015881627118
9179,0.9531520381641138
9180,0.7906475677452762
9181,0.9514493357181164
9182,0.9721801805549639
9183,0.9815486949609294
9184,0.9666188719871894
9185,0.9786552562206005
9186,0.9853159271443284
9187,0.9824363104350157
9188,0.9679452643810138
9189,0.9461076185239432
9190,0.9610088590583302
9191,0.8493213821047778
9192,0.9816488132247115
9193,0.9471261198031962
9194,0.8533235961393082
9195,0.9667060521223548
9196,0.967363280530525
9197,0.9766450601708543
9198,0.878480240087283
9199,0.8095198088143205
9200,0.9835846451241506
9201,0.9016798744968438
9202,0.9497467494856959
9203,0.7902964547352087
9204,0.9086702369639506
9205,0.9897488246213848
9206,0.9386720159323368
9207,0.9814014972657599
9208,0.9139918630418675
9209,0.954737507840313
9210,0.8893347650509543
9211,0.8578897291562333
9212,0.9655395831149804
9213,0.8864760670386559
9214,0.9769164850710919
9215,0.9587544123853882
9216,0.9775264514865218
9217,0.9622179874197452
9218,0.9382880671300512
9219,0.9126527993646558
9220,0.888336203573205
9221,0.957845810057609
9222,0.9835209489638651
9223,0.9097249002590744
9224,0.9454079126250086
9225,0.9539106644812626
9226,0.9679103942351106
9227,0.9413464208335495
9228,0.952920308434555
9229,0.9516503777285663
9230,0.9886681691464625
9231,0.9704167421994244
9232,0.978453717621736
9233,0.9230171936918068
9234,0.9671823625848998
9235,0.9460357496912725
9236,0.9798493136680348
9237,0.9471390311880068
9238,0.9606882368569886
9239,0.988903023547483
9240,0.9446008273557198
9241,0.961934074722077
9242,0.9333595092384948
9243,0.9472350470221891
9244,0.977355017612595
9245,0.9896521960268074
9246,0.8734612037948775
9247,0.9260321137261862
9248,0.9881568504708707
9249,0.9574627733955033
9250,0.9801565281248669
9251,0.9465632529379754
9252,0.9764112229750944
9253,0.9286533388499978
9254,0.875544310173925
9255,0.9605036648106127
9256,0.9890029945042678
9257,0.9301670149150683
9258,0.9896908431843254
9259,0.9496242981524945
9260,0.9497617093147134
9261,0.9752064452556661
9262,0.9872587768931027
9263,0.9724086059022807
9264,0.8912132520080301
9265,0.9823828818543081
9266,0.9395056395556011
9267,0.9814204872209105
9268,0.8305797929490435
9269,0.9399257713258518
9270,0.9465183523402825
9271,0.8896217495774896
9272,0.9538066658933632
9273,0.9165155261456394
9274,0.8223749330525624
9275,0.8884410693045353
9276,0.928115975718371
9277,0.984297054407486
9278,0.9733633649205018
9279,0.9510110853792394
9280,0.9736929941873216
9281,0.9314728449511701
9282,0.8742602062777809
9283,0.9340968864341352
9284,0.8108217288566185
9285,0.984750765809005
9286,0.9426301423851907
9287,0.8647208396010442
9288,0.8797160069226353
9289,0.9557919218950662
9290,0.9756244898174741
9291,0.9323354352774407
9292,0.9895834861972341
9293,0.9777752241871458
9294,0.8601517508636718
9295,0.9816506632755742
9296,0.9260723957028483
9297,0.9478828127154858
9298,0.9573326541620782
9299,0.8260030213755133
9300,0.9823880841232439
9301,0.9476005747263179
9302,0.919543359509438
9303,0.9891278987767196
9304,0.8548496943236915
9305,0.9891040686058538
9306,0.9650125982385127
9307,0.9658806809369235
9308,0.968521900807168
9309,0.9588558387039056
9310,0.9760662422729848
9311,0.9637841851863522
9312,0.8147309158309954
9313,0.9748663759428253
9314,0.9699430422728558
9315,0.8897955145363754
9316,0.9840225837507283
9317,0.9127113294458598
9318,0.9136818832176017
9319,0.9040948737376193
9320,0.847045517777594
9321,0.9814876799335273
9322,0.9634476167394981
9323,0.8835769971925533
9324,0.9713485281031371
9325,0.8504848498420223
9326,0.8954253628722314
9327,0.946079887072911
9328,0.9876578453744256
9329,0.953629271743255
9330,0.9893057489027755
9331,0.9655598182966646
9332,0.9875098456266577
9333,0.7225528579781284
9334,0.9779117067808931
9335,0.9665905391743979
9336,0.9517022701049124
9337,0.9883478802996456
9338,0.919247837238144
9339,0.902911333588019
9340,0.8324881106792009
9341,0.9348681254507479
9342,0.9878347219377269
9343,0.9881141818909918
9344,0.9250682325340891
9345,0.8657392565461722
9346,0.9830438909180662
9347,0.8215093255296695
9348,0.9685039533665333
9349,0.9766475467540796
9350,0.8589337329839266
9351,0.9507955335843252
9352,0.8476182159639082
9353,0.961312977253394
9354,0.9589459425470496
9355,0.9618471388443454
9356,0.9846773627202628
9357,0.9447375043718372
9358,0.9120260316880135
9359,0.9708367695946449
9360,0.8184660632554052
9361,0.9729258227836414
9362,0.9349291502382859
9363,0.9336554785832437
9364,0.985861191191887
9365,0.9605432920221987
9366,0.973113244133572
9367,0.8496305904239145
9368,0.9469439436092725
9369,0.9650782267384379
9370,0.9614286080594497
9371,0.9845187018060783
9372,0.983122459556743
9373,0.9729014010453169
9374,0.9678181746096064
9375,0.9786335381294614
9376,0.9625428986702839
9377,0.9299463685869911
9378,0.8874608527637082
9379,0.9851410668370908
9380,0.9541917360481003
9381,0.9372057608982957
9382,0.9642066551138789
9383,0.9891273280967612
9384,0.9539523694072903
9385,0.9034011234022665
9386,0.9899673697894069
9387,0.8856095466905639
9388,0.937480209372876
9389,0.9328438182159554
9390,0.9836910959167465
9391,0.9797128103978859
9392,0.9687665638688387
9393,0.9194976622225361
9394,0.9885953095922193
9395,0.9690752387466076
9396,0.9127363780476451
9397,0.8835106647462432
9398,0.9649448130084443
9399,0.9219018015979251
9400,0.9787377273761911
9401,0.9852292526521146
9402,0.9134396740808443
9403,0.9628524815397955
9404,0.8448856274387555
9405,0.9595103906065158
9406,0.9845173918866117
9407,0.9557729390870235
9408,0.9864784060127041
9409,0.9894869141518975
9410,0.7719755713121224
9411,0.8864318901116085
9412,0.9609785883785675
9413,0.9885458138823293
9414,0.8715269697711854
9415,0.8910222762983654
9416,0.9804565279972947
9417,0.9209318497863449
9418,0.9240452269411042
9419,0.915166688184845
9420,0.9443950168111603
9421,0.9776714247568892
9422,0.9301908281153449
9423,0.9678623440505131
9424,0.9121611669384997
9425,0.9896937732896554
9426,0.9862611372229072
9427,0.9776750888448111
9428,0.9567186856424782
9429,0.878184184792802
9430,0.9668783980958036
9431,0.9623816415620801
9432,0.9405561816197837
9433,0.9453233745446479
9434,0.9704522415174271
9435,0.9880784286178128
9436,0.8737787235907643
9437,0.9791335338986696
9438,0.9875243941277407
9439,0.9895504392137919
9440,0.9697568470528625
9441,0.9551433593807536
9442,0.8862822743185771
9443,0.939360415251122
9444,0.9881710649387212
9445,0.9811627418264257
9446,0.9671486767856912
9447,0.9442641093636246
9448,0.7723538055442447
9449,0.953277266946134
9450,0.9791874993047679
9451,0.9436666132637943
9452,0.8303795102649789
9453,0.9360805272564572
9454,0.9533873351378898
9455,0.8873167564514397
9456,0.7523562735850728
9457,0.9497856279762428
9458,0.9528855346753143
9459,0.9704377417692296
9460,0.9899907711791012
9461,0.9836769396345388
9462,0.9540699925010774
9463,0.9194273415614536
9464,0.9886673768098411
9465,0.906114238754603
9466,0.9871422501246764
9467,0.9839400992823012
9468,0.8137106520356702
9469,0.8745166074262626
9470,0.9714282391667263
9471,0.9744341375371629
9472,0.9750500783141333
9473,0.9088310209871446
9474,0.9628452588457462
9475,0.813630210930821
9476,0.9382819643255264
9477,0.8753196136178175
9478,0.9513783286803333
9479,0.9250013426652531
9480,0.9590097633138799
9481,0.98272875871919
9482,0.9868266484343966
9483,0.9173394967597125
9484,0.9852011535841027
9485,0.8263857896375982
9486,0.8741891645949432
9487,0.9441000200136399
9488,0.8881330609372259
9489,0.9603241105904118
9490,0.9536444199353918
9491,0.979485168270963
9492,0.9255521278179265
9493,0.9612107649203969
9494,0.9860242893691402
9495,0.8440263037399149
9496,0.9550320564503619
9497,0.9898814967173526
9498,0.9892813439075383
9499,0.9642256692441373
9500,0.9685806273130328
9501,0.9643618258620187
9502,0.9759287894422329
9503,0.9544768153118119
9504,0.9630160284785714
9505,0.9048283443876665
9506,0.9864756749721505
9507,0.9089644888212464
9508,0.9739073094702928
9509,0.9571661178721058
9510,0.8909595632419391
9511,0.9374310035046332
9512,0.9630872376818068
9513,0.8818121608965562
9514,0.984194237661421
9515,0.9555121851427142
9516,0.987194109538769
9517,0.9818664820575527
9518,0.9893613354987577
9519,0.9360176616949581
9520,0.8995738024833086
9521,0.9004790310360793
9522,0.987624511755391
9523,0.9873396296664501
9524,0.9322791673992639
9525,0.9191059308135542
9526,0.9195558333961943
9527,0.9538802741493111
9528,0.889986383693292
9529,0.8445419662474967
9530,0.9637792306678713
9531,0.9580559176841841
9532,0.9600459108535444
9533,0.9329084188877935
9534,0.8721584310268825
9535,0.9764680794458327
9536,0.9235950799654867
9537,0.9842677197121187
9538,0.9268491733057264
9539,0.8244900935015371
9540,0.9857068300018882
9541,0.9491937447203119
9542,0.9580496347039177
9543,0.9628426917602987
9544,0.8618043407866169
9545,0.9659605663310153
9546,0.9569619559145334
9547,0.9627830312255845
9548,0.9357639156339764
9549,0.9891303053629953
9550,0.9408686000970149
9551,0.9717133726509175
9552,0.945337775028692
9553,0.9633457055458391
9554,0.9871186950011703
9555,0.98404920885092
9556,0.8546214892230308
9557,0.976177941410134
9558,0.9567378232467718
9559,0.9085628446643251
9560,0.9797047180647421
9561,0.9786974883375432
9562,0.9685288583861829
9563,0.8645572792708438
9564,0.8648562375089738
9565,0.9899149239727598
9566,0.9790873587510514
9567,0.9691800074494289
9568,0.9440727506502818
9569,0.9630630985874604
9570,0.9631984577160526
9571,0.9749093002825503
9572,0.9809967713235913
9573,0.9519039310189936
9574,0.891121738187033
9575,0.9149910707597746
9576,0.8923022632637515
9577,0.9876316965363708
9578,0.8608680006728257
9579,0.8584417024429499
9580,0.8921708991387868
9581,0.9370992474511922
9582,0.9760632335835359
9583,0.9866506710159624
9584,0.9389603265437514
9585,0.9738571484971986
9586,0.9264464651324953
9587,0.9625896092193619
9588,0.8175496845680226
9589,0.8412946500202504
9590,0.9896265786432499
9591,0.9334390298773765
9592,0.9822828808117645
9593,0.912968086875208
9594,0.9377668961265342
9595,0.9713289991328516
9596,0.9837856501361358
9597,0.8776167454028814
9598,0.960639077603401
9599,0.9795509078271256
9600,0.9769456994802336
9601,0.8969145240270101
9602,0.9323000718367523
9603,0.9861537133638443
9604,0.9527738646372763
9605,0.9517036121856859
9606,0.9449153421623664
9607,0.9315583865087854
9608,0.9763755911179691
9609,0.8551138771131012
9610,0.8682036554917055
9611,0.9889856788581475
9612,0.9865546951123983
9613,0.9809097402452179
9614,0.9020245894941159
9615,0.965449074422958
9616,0.8390618024279465
9617,0.8850257286268145
9618,0.9852284669841943
9619,0.9744611798865044
9620,0.9283048659480412
9621,0.9781802362868898
9622,0.9706190512451752
9623,0.9710902390222629
9624,0.9819872744045448
9625,0.8621414910330519
9626,0.9672691224903154
9627,0.9710983435627227
9628,0.954656404596294
9629,0.9353460641143623
9630,0.852823731860132
9631,0.9876237795049838
9632,0.9639366805081008
9633,0.9182001259879906
9634,0.9733213623204544
9635,0.8388459220015531
9636,0.9538485617377609
9637,0.9243566488712286
9638,0.962494873144101
9639,0.8813117343404299
9640,0.9864534178620744
9641,0.9789314538793362
9642,0.961004241133747
9643,0.9889403233695298
9644,0.9891258717754338
9645,0.9686825040883819
9646,0.9899848873583695
9647,0.988359210685568
9648,0.9864937283486601
9649,0.9875374469659558
9650,0.9793396990891915
9651,0.9856987793237769
9652,0.9896015204911004
9653,0.9371883624113327
9654,0.9184597625934432
9655,0.9895099095514314
9656,0.9761561412595274
9657,0.886691764961472
9658,0.9898954270856182
9659,0.9857904728149107
9660,0.9828364453718973
9661,0.9648580162213067
9662,0.9404685017129559
9663,0.9606229946087328
9664,0.8648259222350078
9665,0.9381723433789163
9666,0.9535450544315116
9667,0.983045000369742
9668,0.9646321202889587
9669,0.9560071769892466
9670,0.9676201188605666
9671,0.9897034739922197
9672,0.9329933410994509
9673,0.945997074700197
9674,0.972626603743148
9675,0.9617292050112561
9676,0.8465509159014205
9677,0.8220474201920488
9678,0.9015842803073661
9679,0.9757227830827546
9680,0.965065581550423
9681,0.9797592085848081
9682,0.9749968109665902
9683,0.9898948778779006
9684,0.9832354776448751
9685,0.8965745405481634
9686,0.9595789207402118
9687,0.9209027824242915
9688,0.9875573269398884
9689,0.9274292058279011
9690,0.9851521921597739
9691,0.9454735692756485
9692,0.8945540396449676
9693,0.9693307659224165
9694,0.9696718562771253
9695,0.88452041417105
9696,0.8800207758419301
9697,0.8727543874230851
9698,0.9751924515214204
9699,0.9647340967222031
9700,0.986360143924888
9701,0.8906457209556876
9702,0.9894746175854654
9703,0.9173683582922514
9704,0.9716356854140903
9705,0.9350053334220861
9706,0.9583047583884368
9707,0.9094433031310186
9708,0.7598288861327868
9709,0.817778880034098
9710,0.9652672249374384
9711,0.9270118335579812
9712,0.9660224176396173
9713,0.8879982986194647
9714,0.975527166176137
9715,0.8938780910677104
9716,0.9748201931288973
9717,0.8226260288884476
9718,0.9716095324219223
9719,0.9590164055016663
9720,0.9697629605635137
9721,0.8568784347073457
9722,0.94025240428915
9723,0.930532217159672
9724,0.9827379173357538
9725,0.9798019370190729
9726,0.9232726594178784
9727,0.8884453583977329
9728,0.8583226487141375
9729,0.9004579559289068
9730,0.974883315984981
9731,0.9588783871463307
9732,0.9126316124866017
9733,0.936658018932179
9734,0.7211812224261819
9735,0.9568041510842792
9736,0.9465065126694631
9737,0.9451943850516082
9738,0.9898092879128205
9739,0.9836897182154145
9740,0.9481905846466313
9741,0.9829887541683516
9742,0.9322709618003635
9743,0.8836518673924741
9744,0.9531485048079614
9745,0.9720720207124924
9746,0.9104999345652548
9747,0.7449757870024815
9748,0.9589111873602846
9749,0.9307536622951551
9750,0.9757370236770804
9751,0.973098121721013
9752,0.9285235235984308
9753,0.9877574383176536
9754,0.9807015269411953
9755,0.946052409081481
9756,0.9395269742944117
9757,0.9473215128478236
9758,0.9874463352747707
9759,0.9774887584822876
9760,0.9604634868509204
9761,0.9505671414328601
9762,0.9574575357602251
9763,0.9882305071964893
9764,0.9899590174017657
9765,0.9279767041955496
9766,0.9395203838229406
9767,0.9681271888584742
9768,0.9800181825590889
9769,0.9783035971714799
9770,0.9379310229390301
9771,0.9352303780600824
9772,0.9399738672003016
9773,0.9046912621709744
9774,0.8527403097588361
9775,0.8915512222340989
9776,0.9752225541713967
9777,0.9378932282401954
9778,0.9802340453894379
9779,0.8814762068314513
9780,0.9519802300479209
9781,0.9486185116188487
9782,0.6889014798774901
9783,0.9687125003333094
9784,0.9736001668349181
9785,0.9325073906450151
9786,0.9879259670227494
9787,0.9858197471130739
9788,0.9805518417509594
9789,0.9613030058722969
9790,0.8834570881792131
9791,0.9775532589859693
9792,0.9497993147183584
9793,0.8132044940763414
9794,0.9001440718557258
9795,0.9511806317922155
9796,0.8519230745407987
9797,0.9767948145115714
9798,0.9487063061382986
9799,0.8938762885818522
9800,0.9303541201869902
9801,0.9709346802201076
9802,0.9660604442283133
9803,0.9893698989803009
9804,0.9766356991312408
9805,0.9888907864963367
9806,0.9308003392803968
9807,0.9793639040453764
9808,0.8972995920816225
9809,0.9159678243498411
9810,0.9807453245064675
9811,0.9748454069232086
9812,0.8935832112407421
9813,0.9595431299073238
9814,0.9461222390789387
9815,0.9552795640983697
9816,0.9270698807752109
9817,0.9796210588466303
9818,0.9886057465016767
9819,0.9797632722534068
9820,0.9145752536270421
9821,0.9722646663359185
9822,0.9630993336786352
9823,0.9898902556408986
9824,0.9659891809093405
9825,0.9411895756652294
9826,0.9724280200953995
9827,0.9693956868595238
9828,0.9187683826428992
9829,0.9127388430314869
9830,0.9347074189125757
9831,0.9390393977842093
9832,0.9235628503066667
9833,0.8422740055079195
9834,0.9384419001789147
9835,0.9695001234137453
9836,0.8864249698074955
9837,0.9807687318763063
9838,0.9266694235355141
9839,0.8797663464008334
9840,0.9649130237150744
9841,0.977191924730901
9842,0.7997160615209521
9843,0.8456094307180704
9844,0.9786032085844272
9845,0.9689744086036208
9846,0.9065294338412523
9847,0.9005314864761073
9848,0.7992923894123622
9849,0.9701185729517247
9850,0.9260097413222761
9851,0.9890458642352165
9852,0.909689793136561
9853,0.6606088438335209
9854,0.9460000743793106
9855,0.9765455836259286
9856,0.9329892222261432
9857,0.7711947671701723
9858,0.9568265954380623
9859,0.9449573041654488
9860,0.7654470636721347
9861,0.9148772986689828
9862,0.9702080439390137
9863,0.981162559947633
9864,0.885756935720413
9865,0.9532283990965977
9866,0.9567016222739237
9867,0.9845569616124714
9868,0.9635179527110265
9869,0.9124160617701926
9870,0.9523090092522886
9871,0.9203662229992146
9872,0.8960064697891329
9873,0.9837252991796623
9874,0.9151324431829514
9875,0.9285592488179903
9876,0.979667805626642
9877,0.9845100827209917
9878,0.9755434757597752
9879,0.9753826873790225
9880,0.9872997156251797
9881,0.9492668577317623
9882,0.9843041587515902
9883,0.8038115867011567
9884,0.9131085173455369
9885,0.971381132866742
9886,0.9480152398166096
9887,0.8954638426630301
9888,0.9594876279779625
9889,0.9633617476590759
9890,0.9277523803754943
9891,0.8918858094385917
9892,0.9822050833527392
9893,0.9899031833516653
9894,0.9242675471042004
9895,0.7724394347427107
9896,0.9748088595202576
9897,0.8819917367240463
9898,0.9621961553070439
9899,0.9023078139043496
9900,0.9825591304301775
9901,0.9604605022818042
9902,0.8068418863206498
9903,0.9248810357304911
9904,0.9241599991054327
9905,0.9630414911232885
9906,0.9806701954423753
9907,0.9663011168730605
9908,0.8864488162022998
9909,0.9719023937443979
9910,0.9726874634129612
9911,0.9772674473567987
9912,0.950645334159782
9913,0.949286881746029
9914,0.9440389388732687
9915,0.9844474225448712
9916,0.9891007654389841
9917,0.9334892401470303
9918,0.9854662698369024
9919,0.989992077823348
9920,0.9145219993646505
9921,0.8916542246219927
9922,0.987136070590539
9923,0.9768711925099608
9924,0.7310414553229072
9925,0.9694767145530407
9926,0.8373866091986419
9927,0.983890046374875
9928,0.9464318614775549
9929,0.9538294916180351
9930,0.9121013963988976
9931,0.9022267259804089
9932,0.9235334238367168
9933,0.9878202825658445
9934,0.9883272085402665
9935,0.9691780078398723
9936,0.9711678538847074
9937,0.8973567628512298
9938,0.9863090980787158
9939,0.9899984072570891
9940,0.9551842175525393
9941,0.8538842732469066
9942,0.9660041592813006
9943,0.9512166830138249
9944,0.9897648201635671
9945,0.9880720295147504
9946,0.8268079644135122
9947,0.9372153651301793
9948,0.9710736166654461
9949,0.9183797854686025
9950,0.9385112160750944
9951,0.7316749052589702
9952,0.8650180823375568
9953,0.8239852013824442
9954,0.9574721508130617
9955,0.9080216859359317
9956,0.860570652891051
9957,0.9894444258406994
9958,0.9469161385819124
9959,0.9798848081783038
9960,0.9571672363285209
9961,0.9337714200727975
9962,0.9899346130002364
9963,0.9836095555155496
9964,0.9761069761152329
9965,0.9149030172105065
9966,0.949481362659463
9967,0.9700179971888196
9968,0.9583552876416802
9969,0.9731590811397596
9970,0.9643485245529634
9971,0.9495871076815465
9972,0.9648771661586425
9973,0.8926790412401029
9974,0.9798963800948185
9975,0.9683392375731604
9976,0.933570430561715
9977,0.9009799338241182
9978,0.9176592870564464
9979,0.9549286331293411
9980,0.8508823945902315
9981,0.8224025425835441
9982,0.9399690427455009
9983,0.9249526729631853
9984,0.9643228347050511
9985,0.9650202295570357
9986,0.9781634681108073
9987,0.9796201824555523
9988,0.9768236807752939
9989,0.9878651099295682
9990,0.861490499529505
9991,0.9849372805809298
9992,0.9638970000384136
9993,0.9712547495046799
9994,0.9460933283379386
9995,0.9453762695988818
9996,0.9566489904766137
9997,0.9695357557169478
9998,0.9592188558050354
9999,0.932345466345057
10000,0.9736421200659114
