final,best
-1044.2686767578125,-1045.908203125
