final,best,alpha
-609.6765747070312,-810.7042846679688,115
-616.2579956054688,-674.30517578125,150
-575.1962280273438,-717.5904541015625,101
-760.5623168945312,-790.9743041992188,335
-712.1312866210938,-825.1884765625,297
