final,best,alpha
-657.9649658203125,-890.4921264648438,12
