tau,alpha,m_value
100,0.8,0.006641853501748685
100,0.8,-0.06396657500652313
100,0.8,0.2377130857407595
100,0.8,0.07023513049220718
100,0.8,0.19863336208453344
100,0.8,-0.02147670752704478
100,0.8,0.05175482804127754
100,0.8,0.13943371027305726
100,0.8,0.3550075057955033
100,0.8,-0.12005854578207603
100,0.8,-0.23875017955365277
100,0.8,0.20724555071305062
100,0.8,-0.05134758292150146
100,0.8,0.01737083145202103
100,0.8,-0.05146722474016388
100,0.8,0.15165725236153113
100,0.8,-0.13856540935693076
100,0.8,-0.03862716209988646
100,0.8,-0.09003540980449767
100,0.8,0.24885814250274318
100,0.8,0.2964498492666756
100,0.8,-0.15003540498866752
100,0.8,0.29404055742858887
100,0.8,0.17577287724276563
100,0.8,-0.3115192753015292
100,0.8,-0.011196141105538616
100,0.8,-0.3653835203264688
100,0.8,-0.2540273254440386
100,0.8,0.41135314328682215
100,0.8,0.17645283918954374
100,0.8,-0.04166397913772153
100,0.8,0.1195120626575834
100,0.8,0.018822318306963307
100,0.8,-0.2850369401297738
100,0.8,-0.1918280292374023
100,0.8,0.19006780125961084
100,0.8,-0.334699884827115
100,0.8,-0.059465520962702814
100,0.8,0.18959050654619977
100,0.8,0.008914576556494325
100,0.8,0.2305848678433069
100,0.8,-0.29671362584218713
100,0.8,0.28377285750098763
100,0.8,0.020897163010667977
100,0.8,-0.18479975591541545
100,0.8,-0.001150101648358337
100,0.8,0.3023868500155077
100,0.8,-0.25694821774010085
100,0.8,-0.027416384273953032
100,0.8,0.2995667123193137
100,0.8,0.21339798100592786
100,0.8,0.08180594830624006
100,0.8,0.271865805908498
100,0.8,0.3763671963095222
100,0.8,0.3120595700970242
100,0.8,-0.13813268105283535
100,0.8,0.15910995209040896
100,0.8,0.2569548196688764
100,0.8,0.08414771112946973
100,0.8,0.11921674927985643
100,0.8,-0.10434238490946549
100,0.8,0.41856463949882416
100,0.8,0.09561080060652022
100,0.8,0.1225724905600961
100,0.8,-0.12188468819814187
100,0.8,-0.08757665558605794
100,0.8,0.07593384858330482
100,0.8,0.1448153472299337
100,0.8,0.060236992380735724
100,0.8,0.016693917132273663
100,0.8,0.18491105679865055
100,0.8,0.16173183896177523
100,0.8,0.1445942022643706
100,0.8,0.02005132880418934
100,0.8,0.06981348552524498
100,0.8,0.3021481637471881
100,0.8,0.17423615625600758
100,0.8,0.20859133910749642
100,0.8,-0.16233383571812735
100,0.8,-0.283839395009994
100,0.8,-0.42960284873203797
100,0.8,0.1977965716700318
100,0.8,0.13237160404574802
100,0.8,0.029085159524851002
100,0.8,-0.26878124416450566
100,0.8,-0.22766000085185623
100,0.8,0.34127133765133827
100,0.8,0.2512797142792444
100,0.8,0.12645146521855857
100,0.8,-0.10078495853672953
100,0.8,0.22151985681615152
100,0.8,0.2882725239327149
100,0.8,0.19513148907390487
100,0.8,-0.3272093895735651
100,0.8,0.20580059491836203
100,0.8,0.294106589347008
100,0.8,0.04550813631958235
100,0.8,0.03953026770514825
100,0.8,0.13946872707126498
100,0.8,0.2323939110018154
100,0.8,0.03740909097628915
100,0.8,-0.04148314453022115
100,0.8,0.2474958604670169
100,0.8,0.08134718524641667
100,0.8,0.21200113814993174
100,0.8,-0.05070149007545242
100,0.8,0.0472766963117925
100,0.8,0.14093044690045584
100,0.8,0.2927842977337596
100,0.8,-0.0957036959759705
100,0.8,-0.2610833986157543
100,0.8,0.23046176652496425
100,0.8,-0.07792018545681972
100,0.8,0.01879170640043011
100,0.8,-0.0329181964351549
100,0.8,0.1517531038645805
100,0.8,-0.13680940237532094
100,0.8,-0.020714941294414937
100,0.8,-0.06437559034116047
100,0.8,0.22727907101870032
100,0.8,0.28658640421612136
100,0.8,-0.1480027661008652
100,0.8,0.23644095190710512
100,0.8,0.16075510317366534
100,0.8,-0.2966952739299524
100,0.8,-0.010440363869033666
100,0.8,-0.3765230410022438
100,0.8,-0.2732853882431794
100,0.8,0.4161060522126867
100,0.8,0.20205288819944994
100,0.8,-0.05113859759169497
100,0.8,0.09187696913787811
100,0.8,0.03324868027924843
100,0.8,-0.2873861738405596
100,0.8,-0.19095625492371965
100,0.8,0.20335090757691834
100,0.8,-0.33258883296247777
100,0.8,-0.009538375389155274
100,0.8,0.18547435284789487
100,0.8,0.06640355317843287
100,0.8,0.2124092857299969
100,0.8,-0.25372441053985684
100,0.8,0.3169231999873315
100,0.8,0.05012636589334925
100,0.8,-0.18265168173155708
100,0.8,-0.042989012665645455
100,0.8,0.27481394215717964
100,0.8,-0.16133805909426402
100,0.8,-0.05586426166918806
100,0.8,0.33073151574542425
100,0.8,0.21032399449820025
100,0.8,0.05936983722102003
100,0.8,0.20239039591894398
100,0.8,0.340537751178567
100,0.8,0.2811002388751126
100,0.8,-0.15381868714113242
100,0.8,0.1589916481237543
100,0.8,0.2791007519619358
100,0.8,0.10722856896622696
100,0.8,0.09165826987892133
100,0.8,-0.09760237813014526
100,0.8,0.4389972051728947
100,0.8,0.10103954084961977
100,0.8,0.14257912828004288
100,0.8,-0.10767679318696377
100,0.8,-0.12420255745486078
100,0.8,0.06875065327387518
100,0.8,0.12903271500841493
100,0.8,0.043866657711507884
100,0.8,0.016116118981203974
100,0.8,0.19904238792267198
100,0.8,0.19180037246592774
100,0.8,0.11493575488849839
100,0.8,0.02151291161034692
100,0.8,0.09389745041371961
100,0.8,0.31976584192530827
100,0.8,0.15523174038904594
100,0.8,0.1722447284545206
100,0.8,-0.1785450965494028
100,0.8,-0.27242649904504174
100,0.8,-0.4351841950948485
100,0.8,0.19605303881822886
100,0.8,0.12106836443112955
100,0.8,0.0402886057868642
100,0.8,-0.2748668448477963
100,0.8,-0.22307212569073942
100,0.8,0.35556634266577714
100,0.8,0.2461699240387752
100,0.8,0.14216089284440692
100,0.8,-0.11898315027763334
100,0.8,0.23188066102063232
100,0.8,0.25867886145131946
100,0.8,0.17423690862541968
100,0.8,-0.2951033903415385
100,0.8,0.2595510989010338
100,0.8,0.26688106771450626
100,0.8,0.043923741293233225
100,0.8,0.024832523010833718
100,0.8,0.1541676355128283
100,0.8,0.19735321023084254
100,0.8,0.07125404501575137
100,0.8,-0.02925452442104559
100,0.8,0.23114603036764497
100,0.8,0.12426791567926845
100,0.8,0.21482407310794172
100,0.8,-0.02096273295455733
100,0.8,-0.00939287734364287
100,0.8,0.15057826950156078
100,0.8,0.3011059457053552
100,0.8,-0.05488166514362254
100,0.8,-0.2600809931893472
100,0.8,0.21677881767127227
100,0.8,-0.08053395354404742
100,0.8,-0.014609928492651037
100,0.8,-0.019449087574933
100,0.8,0.1398942411379492
100,0.8,-0.09862449298878771
100,0.8,-0.042676788634846835
100,0.8,-0.07565388384721877
100,0.8,0.20164887573836518
100,0.8,0.282006307376944
100,0.8,-0.1854572093122
100,0.8,0.23713867514376175
100,0.8,0.16978059163677486
100,0.8,-0.3183747098090528
100,0.8,-0.01285160534911416
100,0.8,-0.3765633831916154
100,0.8,-0.2689870818667954
100,0.8,0.3782899032720952
100,0.8,0.20515126591154864
100,0.8,-0.06320180490144134
100,0.8,0.07169664133346192
100,0.8,0.017950229544133122
100,0.8,-0.2546274833186278
100,0.8,-0.237723301876962
100,0.8,0.18768932401031507
100,0.8,-0.28741918238059333
100,0.8,0.05705649888162015
100,0.8,0.19173485911271015
100,0.8,0.08460590983063838
100,0.8,0.1871671859865609
100,0.8,-0.21923805845940808
100,0.8,0.33767233199767904
100,0.8,0.03466370997261699
100,0.8,-0.195863573779676
100,0.8,-0.0003184823694038386
100,0.8,0.28518084899800356
100,0.8,-0.1829304037594077
100,0.8,-0.10114783727869235
100,0.8,0.32165538558312845
100,0.8,0.239716763949132
100,0.8,0.049262505690933094
100,0.8,0.17895830615489922
100,0.8,0.3318155092815769
100,0.8,0.25065374014362923
100,0.8,-0.12999986880435604
100,0.8,0.1651535097824393
100,0.8,0.30344703344220075
100,0.8,0.11951877449461037
100,0.8,0.07822904831856477
100,0.8,-0.09205736519832204
100,0.8,0.44767388271899233
100,0.8,0.07397736352417432
100,0.8,0.1171859958810634
100,0.8,-0.09282982348379952
100,0.8,-0.1369161882946564
100,0.8,0.05969805000529132
100,0.8,0.10528883761549679
100,0.8,0.013887686809141188
100,0.8,-0.02203988479847148
100,0.8,0.18942912558224753
100,0.8,0.1703930408583416
100,0.8,0.14198354591313295
100,0.8,0.030710029362092328
100,0.8,0.12301295916666799
100,0.8,0.3536279254481718
100,0.8,0.14440216138017342
100,0.8,0.17819785518770567
100,0.8,-0.1855194987343758
100,0.8,-0.26445336200014147
100,0.8,-0.42355064353946903
100,0.8,0.22786638525791825
100,0.8,0.07090664314561028
100,0.8,0.026210224032702636
100,0.8,-0.2591432399433932
100,0.8,-0.25104689715579526
100,0.8,0.33186199680661893
100,0.8,0.27384617972467495
100,0.8,0.15278895360199238
100,0.8,-0.11075276654676491
100,0.8,0.25993811454805676
100,0.8,0.2704411139812617
100,0.8,0.12044361966017672
100,0.8,-0.24009269340286324
100,0.8,0.24420255856295583
100,0.8,0.2632495835722088
100,0.8,0.05717827176973245
100,0.8,0.01398247016858072
100,0.8,0.09950200694947178
100,0.8,0.200703624361166
100,0.8,0.09707618494857968
100,0.8,-0.053033443632867265
100,0.8,0.18445846383051664
100,0.8,0.1299460262716627
100,0.8,0.21045924431910415
100,0.8,-0.027484605570406464
100,0.8,0.011826274162028128
100,0.8,0.1298303295870932
100,0.8,0.303584418516609
100,0.8,-0.06026839719814286
100,0.8,-0.23035402216709777
100,0.8,0.1875302824887829
100,0.8,-0.03897688074073918
100,0.8,-0.0019313577266188986
100,0.8,0.0012020165504251779
100,0.8,0.15874557001767134
100,0.8,-0.13602172229840478
100,0.8,-0.002799735843792739
100,0.8,-0.06434416468439164
100,0.8,0.1975486008192748
100,0.8,0.277558118945621
100,0.8,-0.13362397266294082
100,0.8,0.20270636336203687
100,0.8,0.14813847577778214
100,0.8,-0.33495872580079705
100,0.8,-0.013003581305554146
100,0.8,-0.38785164763159197
100,0.8,-0.20941176886529514
100,0.8,0.36015561501836224
100,0.8,0.18612286480187487
100,0.8,-0.0815521725948699
100,0.8,0.08376072191865447
100,0.8,0.06350772674319725
100,0.8,-0.2633242980963914
100,0.8,-0.23378338367178753
100,0.8,0.20240459105329728
100,0.8,-0.26695409807225773
100,0.8,0.062009853189990416
100,0.8,0.22046100984928466
100,0.8,0.11036186461746329
100,0.8,0.14879167633121515
100,0.8,-0.20653462528630176
100,0.8,0.367955071758011
100,0.8,0.03858592860311703
100,0.8,-0.18507167691388757
100,0.8,-0.035257446952484985
100,0.8,0.30503208308141866
100,0.8,-0.16321370701401197
100,0.8,-0.1094089343099368
100,0.8,0.31268322691689543
100,0.8,0.19595361086252083
100,0.8,0.018252848348397067
100,0.8,0.1564256095549439
100,0.8,0.3052449857753248
100,0.8,0.23188715358249504
100,0.8,-0.13774049286236298
100,0.8,0.18936487727874898
100,0.8,0.30665017644306
100,0.8,0.11946345992350214
100,0.8,0.03319812682031866
100,0.8,-0.08606648913838236
100,0.8,0.40916784325871536
100,0.8,0.08618631407365562
100,0.8,0.11266155588085987
100,0.8,-0.09578612384049318
100,0.8,-0.14170594623177468
100,0.8,0.05085293098905855
100,0.8,0.04835440607619912
100,0.8,0.0024232388316917765
100,0.8,-0.02820921244208412
100,0.8,0.18975124437595847
100,0.8,0.1862317063989119
100,0.8,0.1327824164271977
100,0.8,0.01868178756876784
100,0.8,0.11642462524984563
100,0.8,0.344170967007414
100,0.8,0.17852709816968845
100,0.8,0.18494882879974775
100,0.8,-0.2073842426927313
100,0.8,-0.28571383831914376
100,0.8,-0.39224404806715674
100,0.8,0.26690321682311907
100,0.8,0.03283823277164508
100,0.8,0.04439553827493495
100,0.8,-0.281478226516795
100,0.8,-0.24787053972933235
100,0.8,0.32099424901006607
100,0.8,0.25567728529305817
100,0.8,0.16941800265919832
100,0.8,-0.10626434701898752
100,0.8,0.20587232219815235
100,0.8,0.27641791971509394
100,0.8,0.07300349862155357
100,0.8,-0.25675164800244554
100,0.8,0.22917957576871847
100,0.8,0.24781191133218422
100,0.8,0.03627307493255767
100,0.8,0.06080734298216548
100,0.8,0.029237190603382503
100,0.8,0.21793235884820883
100,0.8,0.134968426536871
100,0.8,-0.036371268121995204
100,0.8,0.18758856901759505
100,0.8,0.0794710943843354
100,0.8,0.21052385530813034
100,0.8,-0.020871419752607603
100,0.8,0.02011349702489991
100,0.8,0.13970823628769882
100,0.8,0.24337481300566355
100,0.8,-0.06749276323107214
100,0.8,-0.237576700146324
100,0.8,0.1445877915202125
100,0.8,-0.04653862110009151
100,0.8,0.040070858969870574
100,0.8,0.028600822018431418
100,0.8,0.18215467375113656
100,0.8,-0.14860747056666046
100,0.8,0.04357120188428301
100,0.8,-0.013407704678448963
100,0.8,0.15671937975832562
100,0.8,0.24228579241722648
100,0.8,-0.15852228681717176
100,0.8,0.23144715831903184
100,0.8,0.15293767618094822
100,0.8,-0.306333516809112
100,0.8,-0.050015878759519516
100,0.8,-0.3711053640163884
100,0.8,-0.19503268061529502
100,0.8,0.37733773400394277
100,0.8,0.14146299437019447
100,0.8,-0.032337047492144326
100,0.8,0.11666162002816005
100,0.8,0.03655121980685063
100,0.8,-0.27464041431735825
100,0.8,-0.22532947980274978
100,0.8,0.20122594527986185
100,0.8,-0.2387346530058303
100,0.8,0.042753731555529306
100,0.8,0.19986905991136386
100,0.8,0.09297314154644756
100,0.8,0.1345876662756707
100,0.8,-0.16481860078903746
100,0.8,0.36810921296809096
100,0.8,0.061364137391284504
100,0.8,-0.17559422128904523
100,0.8,-0.021443552591096895
100,0.8,0.3107512749937989
100,0.8,-0.15641149464186077
100,0.8,-0.0805981183240009
100,0.8,0.33312828251271065
100,0.8,0.23100008872619623
100,0.8,0.00838046304869664
100,0.8,0.16533799794246917
100,0.8,0.30775737721238966
100,0.8,0.24859628344455198
100,0.8,-0.10668077089607292
100,0.8,0.20269063610319782
100,0.8,0.3297572122587612
100,0.8,0.1572129662135307
100,0.8,0.02587136255229332
100,0.8,-0.1126681831800191
100,0.8,0.421429251972268
100,0.8,0.12666135421610855
100,0.8,0.11489021074487518
100,0.8,-0.08582027992774438
100,0.8,-0.09381473985644347
100,0.8,0.082506308626159
100,0.8,0.08274152064845773
100,0.8,-0.0396275201156934
100,0.8,-0.017197111995726645
100,0.8,0.1946899384147825
100,0.8,0.1805908322019425
100,0.8,0.14597049415560495
100,0.8,0.021297438903649102
100,0.8,0.07126359133748786
100,0.8,0.27134088272091095
100,0.8,0.18499403737278133
100,0.8,0.16430408780080585
100,0.8,-0.23900057499960925
100,0.8,-0.29860075485838594
100,0.8,-0.34413409171492115
100,0.8,0.2775719743928448
100,0.8,-0.004657312862345897
100,0.8,0.037411250649331505
100,0.8,-0.2626566853176366
100,0.8,-0.20910907577282584
100,0.8,0.32238669772255035
100,0.8,0.2674538959176271
100,0.8,0.12274303889338559
100,0.8,-0.04361114644521633
100,0.8,0.2225640332189144
100,0.8,0.2754310462890858
100,0.8,0.05727662020853135
100,0.8,-0.2841383901353092
100,0.8,0.2145948930188455
100,0.8,0.2890042777444748
100,0.8,0.045829953179695876
100,0.8,0.06137490791510772
100,0.8,0.039523932077442585
100,0.8,0.15885816575404502
100,0.8,0.12110542155277547
100,0.8,-0.06515744584293452
100,0.8,0.21832941947521045
100,0.8,0.08634192866417223
100,0.8,0.2101497523005481
100,0.8,-0.05199189131327993
100,0.8,-0.0003906412029676787
100,0.8,0.11460610131896908
100,0.8,0.26195449930294007
100,0.8,-0.04674684765022752
100,0.8,-0.19727695676538026
100,0.8,0.11835519210591468
100,0.8,-0.029621007483670605
100,0.8,0.024917986956658568
100,0.8,0.014049611468594314
100,0.8,0.1610272146819222
100,0.8,-0.15212333090267993
100,0.8,0.08911102298337942
100,0.8,0.0015273134467227224
100,0.8,0.14962576420197707
100,0.8,0.19116886782862946
100,0.8,-0.1309429701113329
100,0.8,0.256955231283894
100,0.8,0.15979952580428575
100,0.8,-0.3533343488972122
100,0.8,-0.005821931079240273
100,0.8,-0.3653703314256202
100,0.8,-0.17787287377973993
100,0.8,0.3698595787394691
100,0.8,0.17325601560584902
100,0.8,0.0003156306737434278
100,0.8,0.13307707943909844
100,0.8,-0.016616869802710443
100,0.8,-0.2939855466805807
100,0.8,-0.2328505961089861
100,0.8,0.25823382360027447
100,0.8,-0.2150307571621422
100,0.8,0.054083538075480324
100,0.8,0.15186578439505835
100,0.8,0.11011522936461465
100,0.8,0.1375769084386967
100,0.8,-0.16612254425860398
100,0.8,0.3250437751399126
100,0.8,0.036506793831548916
100,0.8,-0.14311173559948537
100,0.8,-0.03169443251227229
100,0.8,0.2943825917178243
100,0.8,-0.1703242795167003
100,0.8,-0.10564094019077563
100,0.8,0.32108129853688205
100,0.8,0.23973001470016692
100,0.8,-0.00563464059310288
100,0.8,0.16837993901167378
100,0.8,0.314303710639223
100,0.8,0.2131271719945735
100,0.8,-0.09929022766911261
100,0.8,0.18628476878056244
100,0.8,0.33000945220717637
100,0.8,0.12429439504904814
100,0.8,0.011630468611632595
100,0.8,-0.06611721308359586
100,0.8,0.39779366092585317
100,0.8,0.13047479327423003
100,0.8,0.11409973532497092
100,0.8,-0.056629573255710414
100,0.8,-0.11865634178625495
100,0.8,0.07109765595519715
100,0.8,0.0659107607824982
100,0.8,-0.05099180246158719
100,0.8,-0.005059100857249721
100,0.8,0.22471623504464822
100,0.8,0.17430064537238615
100,0.8,0.1303045168205479
100,0.8,0.029612022372844216
100,0.8,0.07813725325916768
100,0.8,0.2599442428832072
100,0.8,0.21167436623031666
100,0.8,0.1606878905191337
100,0.8,-0.21483018236255325
100,0.8,-0.3013289543508467
100,0.8,-0.3738346465266614
100,0.8,0.27379950139093
100,0.8,-0.023267357490449572
100,0.8,0.019432368032764203
100,0.8,-0.25358858971247406
100,0.8,-0.21872777992588077
100,0.8,0.3230819152105001
100,0.8,0.2764253050571705
100,0.8,0.1445903799575632
100,0.8,-0.06406384823889653
100,0.8,0.17445063398322935
100,0.8,0.26339332295189893
100,0.8,0.047604133809875826
100,0.8,-0.26561354287997274
100,0.8,0.19213218359527817
100,0.8,0.24608856652991148
100,0.8,0.011203655267709679
100,0.8,0.07553285010566953
100,0.8,0.02475279463011191
100,0.8,0.15767900879904673
100,0.8,0.08740293694024218
100,0.8,-0.09160888301196622
100,0.8,0.20079257720821797
100,0.8,0.07500594938429846
100,0.8,0.19864227833598438
100,0.8,-0.012380365705203468
100,0.8,-0.021998359532245982
100,0.8,0.10804106618752894
100,0.8,0.2473221201850013
100,0.8,-0.018081242869750904
100,0.8,-0.1634338259222762
100,0.8,0.14142471791122002
100,0.8,-0.03801545198818088
100,0.8,0.030581024884877905
100,0.8,-0.020761867126804213
100,0.8,0.1659672810072296
100,0.8,-0.15295668251169714
100,0.8,0.08996142652520422
100,0.8,0.031193606923158337
100,0.8,0.16698592249056682
100,0.8,0.16947503093557081
100,0.8,-0.13431548460515294
100,0.8,0.21186948786181736
100,0.8,0.11635792817124849
100,0.8,-0.3675247684049617
100,0.8,0.024667321820193957
100,0.8,-0.4086371183645833
100,0.8,-0.19286813461944627
100,0.8,0.3663830128117589
100,0.8,0.14744771117405958
100,0.8,-0.028942903850177972
100,0.8,0.11194503455560004
100,0.8,-0.030939703619640824
100,0.8,-0.2998380669489948
100,0.8,-0.2736973657258644
100,0.8,0.25061317958785506
100,0.8,-0.21827458876898564
100,0.8,0.0576773571003308
100,0.8,0.15726368628339424
100,0.8,0.07491937962581208
100,0.8,0.11077438956545507
100,0.8,-0.10164748859022295
100,0.8,0.35732500246839866
100,0.8,0.05425244354642267
100,0.8,-0.15663444312234243
100,0.8,-0.011717644030199904
100,0.8,0.31689669128482356
100,0.8,-0.17414399021769278
100,0.8,-0.10528069758540069
100,0.8,0.3239697187064744
100,0.8,0.23991744421612538
100,0.8,0.016977562271254954
100,0.8,0.20233800085935344
100,0.8,0.2694002688089276
100,0.8,0.20825721819758256
100,0.8,-0.009767119859934947
100,0.8,0.21255872411140225
100,0.8,0.35377518525756513
100,0.8,0.13246823590535292
100,0.8,-0.0061094024041052465
100,0.8,-0.09287778274369707
100,0.8,0.39830531003210423
100,0.8,0.13800213896761965
100,0.8,0.09873901854242516
100,0.8,-0.035667521878042584
100,0.8,-0.09565165205264262
100,0.8,0.08393086073670304
100,0.8,0.09228720648328821
100,0.8,0.0034487304405695697
100,0.8,-0.024496561574518606
100,0.8,0.2548298472813585
100,0.8,0.16989819194953243
100,0.8,0.14310122409242929
100,0.8,0.07956484630168106
100,0.8,0.12082259475180468
100,0.8,0.23554338164453395
100,0.8,0.22042080904754027
100,0.8,0.1669191548392359
100,0.8,-0.1855658004223793
100,0.8,-0.3359709595381971
100,0.8,-0.36970611220122074
100,0.8,0.2518340453272613
100,0.8,0.0026768157948026785
100,0.8,0.023937009517288922
100,0.8,-0.2489376462513996
100,0.8,-0.2765926315867861
100,0.8,0.3438504225402159
100,0.8,0.26311390067795576
100,0.8,0.14556146435267367
100,0.8,-0.07846163902176535
100,0.8,0.19151908042718147
100,0.8,0.23400330809333492
100,0.8,0.04924336584631686
100,0.8,-0.2632243026930601
100,0.8,0.18027793058129493
100,0.8,0.2848739918004323
100,0.8,0.03105134257740474
100,0.8,0.09503942036020768
100,0.8,0.02155597911740799
100,0.8,0.2088017753448247
100,0.8,0.029789071394897528
100,0.8,-0.0844958320155679
100,0.8,0.21668991019801143
100,0.8,0.07069677258503741
100,0.8,0.1616704000028225
100,0.8,-0.07329492771848259
100,0.8,-0.006962488325452743
100,0.8,0.07849654022507001
100,0.8,0.21381875181131368
100,0.8,-0.0318759764076626
100,0.8,-0.2085854621586524
100,0.8,0.15864136140984864
100,0.8,-0.030394356296312444
100,0.8,0.07674318854588957
100,0.8,-0.027911804823362196
100,0.8,0.14433849676748736
100,0.8,-0.11969360917533178
100,0.8,0.03597056473653435
100,0.8,0.031764208862332666
100,0.8,0.16083751594185253
100,0.8,0.18036189469198424
100,0.8,-0.13868873240687468
100,0.8,0.2123449142206898
100,0.8,0.13827627812436136
100,0.8,-0.34524949850594383
100,0.8,-0.0016581327958137494
100,0.8,-0.3780966720069264
100,0.8,-0.20152411348768898
100,0.8,0.3921803863467572
100,0.8,0.114177475937084
100,0.8,0.0077056195856751945
100,0.8,0.1332948011086895
100,0.8,-0.009426584786084026
100,0.8,-0.3203778041612486
100,0.8,-0.27213898646758355
100,0.8,0.2606341265842362
100,0.8,-0.22428814806650774
100,0.8,-0.00166575239998501
100,0.8,0.19174145319384978
100,0.8,0.051103661548200036
100,0.8,0.13548877456998448
100,0.8,-0.08668229589918229
100,0.8,0.3711111480748427
100,0.8,0.08156375690167739
100,0.8,-0.16101966069517976
100,0.8,-0.03000921810593047
100,0.8,0.3189837461967976
100,0.8,-0.18456261713640806
100,0.8,-0.11329192233795321
100,0.8,0.28879496610188354
100,0.8,0.21546975424395073
100,0.8,0.020284177273162386
100,0.8,0.21309932256301709
100,0.8,0.2750650027366328
100,0.8,0.21825389982585275
100,0.8,0.04044300082770516
100,0.8,0.19741388213102307
100,0.8,0.3452265019320603
100,0.8,0.1354359354005041
100,0.8,-0.032552658961927515
100,0.8,-0.05317560480565336
100,0.8,0.40801464635148954
100,0.8,0.14696199567444043
100,0.8,0.11758768373159789
100,0.8,-0.06522562852222338
100,0.8,-0.10548908151229625
100,0.8,0.08121686561075735
100,0.8,0.12456768691754566
100,0.8,-0.005868406910434754
100,0.8,-0.048989775319331935
100,0.8,0.25735731192036654
100,0.8,0.19348296819146446
100,0.8,0.10877399218678825
100,0.8,0.12145236825302419
100,0.8,0.10197490677579815
100,0.8,0.19562047916215006
100,0.8,0.15995464973059514
100,0.8,0.18237998823974275
100,0.8,-0.12000683730259523
100,0.8,-0.38022311983414625
100,0.8,-0.35025063342621215
100,0.8,0.23694776938623274
100,0.8,-0.02333299286791837
100,0.8,0.027145359577987627
100,0.8,-0.2856526882474517
100,0.8,-0.27704468685354533
100,0.8,0.3729541670243046
100,0.8,0.25188995400455133
100,0.8,0.15715161309462236
100,0.8,-0.05659465488770765
100,0.8,0.20409973259998787
100,0.8,0.25960854321135435
100,0.8,0.026377279143672185
100,0.8,-0.2651477796898002
100,0.8,0.19568086035276266
100,0.8,0.31994344192979585
100,0.8,0.023045783504316478
100,0.8,0.1494514951497962
100,0.8,0.039534343374612924
100,0.8,0.19568289795117177
100,0.8,0.04136028521375295
100,0.8,-0.09179372925078617
100,0.8,0.21337405580753543
100,0.8,0.07907265060086016
100,0.8,0.161362932680993
100,0.8,-0.12228098446420335
100,0.8,-0.018692815816645593
100,0.8,0.058643016358577604
100,0.8,0.22093407012513158
100,0.8,-0.04332544065110833
100,0.8,-0.20569326726771253
100,0.8,0.15954296912224333
100,0.8,-0.06683939347550875
100,0.8,0.07082173364794002
100,0.8,0.015977756179192327
100,0.8,0.1570340812911674
100,0.8,-0.13688762234685356
100,0.8,0.0744351879620492
100,0.8,0.027919316479493084
100,0.8,0.17383255707196066
100,0.8,0.19370792716957902
100,0.8,-0.15481209637780957
100,0.8,0.181127986365928
100,0.8,0.12796387841499543
100,0.8,-0.3434779653253373
100,0.8,0.03946236932524752
100,0.8,-0.3863639240212264
100,0.8,-0.18528956358100024
100,0.8,0.38655467023804757
100,0.8,0.07683221358026576
100,0.8,0.020134423902036503
100,0.8,0.10759866158900203
100,0.8,-0.03512655335392125
100,0.8,-0.3209340728824547
100,0.8,-0.23588271218718299
100,0.8,0.21034416320558158
100,0.8,-0.23147219558629706
100,0.8,0.011274082153353149
100,0.8,0.1627600470912013
100,0.8,0.019854342968593387
100,0.8,0.15229777491802673
100,0.8,-0.06414938355066911
100,0.8,0.340706913765473
100,0.8,0.08859548403626079
100,0.8,-0.13495645212599774
100,0.8,-0.027274257170083607
100,0.8,0.31973800027683996
100,0.8,-0.16794825958025694
100,0.8,-0.11736541596695745
100,0.8,0.26342753845931366
100,0.8,0.19786138291051822
100,0.8,0.017552103344320003
100,0.8,0.19581196136239518
100,0.8,0.27884760983097684
100,0.8,0.2274317057435095
100,0.8,0.03808306954846028
100,0.8,0.23506452500792907
100,0.8,0.3567926075510952
100,0.8,0.11061967380243232
100,0.8,-0.04461521370219588
100,0.8,-0.03682241206793151
100,0.8,0.3890433061192193
100,0.8,0.13394383635195517
100,0.8,0.10649125404671303
100,0.8,-0.03238051138960261
100,0.8,-0.08194160652977366
100,0.8,0.06139099129951671
100,0.8,0.10124925455283088
100,0.8,-0.019094076902610002
100,0.8,-0.05933642994016744
100,0.8,0.2371066707653224
100,0.8,0.1912324399635951
100,0.8,0.086738447185407
100,0.8,0.12627962785697786
100,0.8,0.09425628719412825
100,0.8,0.1654591399714491
100,0.8,0.18770448064364376
100,0.8,0.18126569431367712
100,0.8,-0.09712175961753414
100,0.8,-0.3616729447123561
100,0.8,-0.33474866637171274
100,0.8,0.17539574951594422
100,0.8,-0.021637890710095677
100,0.8,0.02630455791588542
100,0.8,-0.30042100026059765
100,0.8,-0.2663497830050012
100,0.8,0.3800770020703043
100,0.8,0.21680494702516528
100,0.8,0.17126446171055676
100,0.8,-0.09203074087922136
100,0.8,0.1857819441017611
100,0.8,0.24908292639483456
100,0.8,0.02632700843695801
100,0.8,-0.25681142299532667
100,0.8,0.20691093931210586
100,0.8,0.3056470161367381
100,0.8,-0.00585439640281491
100,0.8,0.17710190668493855
100,0.8,0.036610727729087425
100,0.8,0.23427567830867027
100,0.8,0.020331267228495344
100,0.8,-0.1107728769684515
100,0.8,0.19766583868538207
100,0.8,0.029404998966021802
100,0.8,0.12470065712845867
100,0.8,-0.11529686681174676
100,0.8,-0.050061173099588886
100,0.8,0.08231393549241589
100,0.8,0.19936988986844142
100,0.8,-0.035509770464302995
100,0.8,-0.21876685670734597
100,0.8,0.1314383874621836
100,0.8,-0.06218725979234252
100,0.8,0.06576095043375751
100,0.8,0.000601024542926254
100,0.8,0.12857888382067345
100,0.8,-0.1576126073092816
100,0.8,0.06867009894452032
100,0.8,0.003456125146514211
100,0.8,0.17346744230269576
100,0.8,0.17991703164207387
100,0.8,-0.12239537865736044
100,0.8,0.17635638132316275
100,0.8,0.1475893225287541
100,0.8,-0.37198947674873806
100,0.8,0.03092224856357184
100,0.8,-0.39773013628008747
100,0.8,-0.21466891053435397
100,0.8,0.3801140450846683
100,0.8,0.09809992342957496
100,0.8,-0.01695991739668914
100,0.8,0.050211380143012546
100,0.8,-0.027001679210439014
100,0.8,-0.2887473027086417
100,0.8,-0.2552847579229806
100,0.8,0.19623973530468197
100,0.8,-0.19754065155955694
100,0.8,0.05727676952044352
100,0.8,0.18288546141454845
100,0.8,0.05267352640113057
100,0.8,0.18480953175365028
100,0.8,-0.031788959892503854
100,0.8,0.29240398999211853
100,0.8,0.07223416061194908
100,0.8,-0.08003866727834615
100,0.8,0.03834060532677413
100,0.8,0.32411926982359845
100,0.8,-0.18690049733711966
100,0.8,-0.10602870688748736
100,0.8,0.25235485082671244
100,0.8,0.17800337665395105
100,0.8,0.030292002834798028
100,0.8,0.2129077528025233
100,0.8,0.2328812406109666
100,0.8,0.22600672272779523
100,0.8,0.039196564857957306
100,0.8,0.24184594721218283
100,0.8,0.38559764147931497
100,0.8,0.12847213167946167
100,0.8,-0.03272626766911575
100,0.8,-0.03065433469615435
100,0.8,0.3496507174125766
100,0.8,0.12478220208860052
100,0.8,0.14497081007170784
100,0.8,0.01781150448876918
100,0.8,-0.090659331080058
100,0.8,0.028728849656111423
100,0.8,0.13836766726269153
100,0.8,0.018172028229833437
100,0.8,-0.06865039829520621
100,0.8,0.27669126879239647
100,0.8,0.2062207312040176
100,0.8,0.0634262293055274
100,0.8,0.16141236115642066
100,0.8,0.06867048160049212
100,0.8,0.1621815446400996
100,0.8,0.15659325347225916
100,0.8,0.1630243340326171
100,0.8,-0.08164173205055186
100,0.8,-0.3531226362340622
100,0.8,-0.28771144964488304
100,0.8,0.17107119845795787
100,0.8,0.015290857836818895
100,0.8,0.020338308605060543
100,0.8,-0.29002430462930023
100,0.8,-0.29644820539083483
100,0.8,0.38920536944448314
100,0.8,0.2447196201647618
100,0.8,0.16118507254116957
100,0.8,-0.09083292979323608
100,0.8,0.16847009996464932
100,0.8,0.259508206911549
100,0.8,0.07285732520144883
100,0.8,-0.22550132735026135
100,0.8,0.19072728125270402
100,0.8,0.33778164575
100,0.8,-0.020657120395965834
100,0.8,0.1611947135635612
100,0.8,0.061859685889235655
100,0.8,0.21287779210603672
100,0.8,0.03691826229838942
100,0.8,-0.09651419078198442
100,0.8,0.18841674569137493
100,0.8,0.07201618233957152
100,0.8,0.1450738806462777
100,0.8,-0.08279929592013913
100,0.8,-0.041114366281158526
100,0.8,0.08002144753997804
100,0.8,0.1866474055633429
100,0.8,-0.0008171096533233779
100,0.8,-0.25801746331911035
100,0.8,0.13801388054328356
100,0.8,-0.10254589065258478
100,0.8,0.05479151682546757
100,0.8,0.03282801411449299
100,0.8,0.09426660677564841
100,0.8,-0.16105482601726023
100,0.8,0.07075572860642243
100,0.8,-0.014703678335797755
100,0.8,0.16601070373871868
100,0.8,0.10409549438882255
100,0.8,-0.13002295839632325
100,0.8,0.22013557314652116
100,0.8,0.15673033243448523
100,0.8,-0.35569526370232324
100,0.8,0.034066267099009374
100,0.8,-0.42046406034769607
100,0.8,-0.19094992528185328
100,0.8,0.368389740399951
100,0.8,0.11165625171938487
100,0.8,-0.010719920034265674
100,0.8,0.06866895531653992
100,0.8,-0.006227497027839136
100,0.8,-0.3076213097227569
100,0.8,-0.2099808070411637
100,0.8,0.16115799248588925
100,0.8,-0.18900815379965855
100,0.8,0.04702846629311637
100,0.8,0.2119711875887429
100,0.8,0.025695781641571894
100,0.8,0.17223911391745067
100,0.8,-0.033151897578906464
100,0.8,0.28465549273605717
100,0.8,0.07059439475904679
100,0.8,-0.08150016815023804
100,0.8,0.040263556822956306
100,0.8,0.35332719222524783
100,0.8,-0.16598342168052566
100,0.8,-0.07808324705541461
100,0.8,0.23821130806458407
100,0.8,0.1672919995807595
100,0.8,0.005620811262455661
100,0.8,0.22453087282872383
100,0.8,0.23123097245681912
100,0.8,0.19643536954807317
100,0.8,0.05365473074518175
100,0.8,0.20214865194183212
100,0.8,0.4233312306330202
100,0.8,0.10772211266775003
100,0.8,-0.06556180747387828
100,0.8,-0.045930239307428344
100,0.8,0.348822646608989
100,0.8,0.1226848181185508
100,0.8,0.1504051495052192
100,0.8,0.011943652936139415
100,0.8,-0.09096654223988515
100,0.8,0.003702726465913209
100,0.8,0.15800584355411706
100,0.8,0.048387710436236735
100,0.8,-0.056968090877004586
100,0.8,0.27036041539139666
100,0.8,0.18210294362081747
100,0.8,0.07527501462862052
100,0.8,0.12946191802310061
100,0.8,0.0794020365082595
100,0.8,0.22025838482777438
100,0.8,0.14856283704951193
100,0.8,0.18027144171402867
100,0.8,-0.11002325271599132
100,0.8,-0.3565556721662688
100,0.8,-0.27111127477550234
100,0.8,0.14957331035646446
100,0.8,0.0331337456138094
100,0.8,-0.004022177370058344
100,0.8,-0.2955333248997703
100,0.8,-0.314588119679181
100,0.8,0.38958154773332315
100,0.8,0.21675739900909063
100,0.8,0.11500906958696078
100,0.8,-0.11336275380152383
100,0.8,0.1574273984785906
100,0.8,0.25845839353886824
100,0.8,0.07113356241253187
100,0.8,-0.2266600423033066
100,0.8,0.18192761196711268
100,0.8,0.3798691414409799
100,0.8,-0.015302532906526879
100,0.8,0.14999070226999117
100,0.8,0.08805328889601416
100,0.8,0.18434636709725094
100,0.8,0.0487246549400453
100,0.8,-0.13696861849030065
100,0.8,0.18633331578375484
100,0.8,0.01961079544040896
100,0.8,0.12457952874887734
100,0.8,-0.09580388390138062
100,0.8,-0.015643680810721785
100,0.8,0.07363452816184904
100,0.8,0.21486163740407083
100,0.8,0.03287701950348687
100,0.8,-0.26042879392190027
100,0.8,0.15886906466594386
100,0.8,-0.11686705425522509
100,0.8,0.014586497242268416
100,0.8,0.025741720497622113
100,0.8,0.07025313388840751
100,0.8,-0.1725188665529454
100,0.8,0.09841333850809414
100,0.8,0.022816273182017534
100,0.8,0.15275820112950456
100,0.8,0.09731175316233642
100,0.8,-0.07995950171138455
100,0.8,0.22951267770226577
100,0.8,0.1541413749830449
100,0.8,-0.2875322842570444
100,0.8,0.01887846494031589
100,0.8,-0.41122716247102853
100,0.8,-0.14452727238268456
100,0.8,0.3957703291063789
100,0.8,0.10846656389248199
100,0.8,-0.05943224319238292
100,0.8,0.04150552837224826
100,0.8,-0.04771052925613102
100,0.8,-0.3112660898079111
100,0.8,-0.20232868402218218
100,0.8,0.15496419938435368
100,0.8,-0.2138472526404807
100,0.8,0.05506012200282129
100,0.8,0.24261838433453048
100,0.8,0.02709809902565894
100,0.8,0.1399294666318772
100,0.8,-0.035407592338564164
100,0.8,0.2791993658029542
100,0.8,0.09463070433879146
100,0.8,-0.05322845842048647
100,0.8,0.03431920542898901
100,0.8,0.38348304873899863
100,0.8,-0.1701443730467795
100,0.8,-0.01900262834907576
100,0.8,0.25943818952992714
100,0.8,0.14438163892508982
100,0.8,-0.029049534172980174
100,0.8,0.23705451325555807
100,0.8,0.19462341514630577
100,0.8,0.20565102392567347
100,0.8,0.0969383517387147
100,0.8,0.23296253114529347
100,0.8,0.4461724074563133
100,0.8,0.10552752533794277
100,0.8,-0.023321384602485118
100,0.8,0.00925527575742784
100,0.8,0.3930506070735456
100,0.8,0.10958078178706909
100,0.8,0.11816248542331316
100,0.8,-0.003132965894169182
100,0.8,-0.0782068888214945
100,0.8,0.030984274396546854
100,0.8,0.18509063468693335
100,0.8,0.06186050685271649
100,0.8,-0.09908052414258295
100,0.8,0.26833800350458753
100,0.8,0.14993139270707498
100,0.8,0.06246396999529651
100,0.8,0.14959167147165717
100,0.8,0.0577320085141718
100,0.8,0.1975894183898353
100,0.8,0.18418008953128862
100,0.8,0.16795298390763805
100,0.8,-0.10065396373227405
100,0.8,-0.29913611977402016
100,0.8,-0.28861935394005656
100,0.8,0.181421837236039
100,0.8,0.032588858941570466
100,0.8,0.01321110486685857
100,0.8,-0.31064736221084654
100,0.8,-0.24811958939686551
100,0.8,0.4169510280938251
100,0.8,0.2400873617447699
100,0.8,0.11839282422928542
100,0.8,-0.14759583618010827
100,0.8,0.16924702805384673
100,0.8,0.1897897636391619
100,0.8,0.07283719749728111
100,0.8,-0.2063507840844208
100,0.8,0.15095926128075093
100,0.8,0.31368813750643415
100,0.8,0.022595226660449264
100,0.8,0.1277156466527801
100,0.8,0.10867124745633827
100,0.8,0.1750330806889748
100,0.8,0.06944726265498745
100,0.8,-0.10637812007600322
100,0.8,0.23423587693343162
100,0.8,0.044025053358520694
100,0.8,0.11280369585741035
100,0.8,-0.05971449149360142
100,0.8,-0.0241230527507323
100,0.8,0.07947339186277898
100,0.8,0.16925066429392982
100,0.8,0.05464549667291596
100,0.8,-0.2636587616693922
100,0.8,0.1330689334976043
100,0.8,-0.1071939132622485
100,0.8,0.0525379426485662
100,0.8,0.04824676205433409
100,0.8,0.08908254203086532
100,0.8,-0.1839703635786057
100,0.8,0.08483354686084095
100,0.8,0.05969673939596483
100,0.8,0.13961335629118157
100,0.8,0.12733344317969417
100,0.8,-0.09825084285508164
100,0.8,0.2166889387351308
100,0.8,0.16584239752109087
100,0.8,-0.26892253428055124
100,0.8,0.041143927833955554
100,0.8,-0.4089899521111627
100,0.8,-0.1410027411688402
100,0.8,0.40902859157125776
100,0.8,0.08644329051126576
100,0.8,-0.06954374247916358
100,0.8,0.03608487960066533
100,0.8,-0.05670496598427058
100,0.8,-0.3051425505724882
100,0.8,-0.1714062703283127
100,0.8,0.14371655184251467
100,0.8,-0.2304275989162604
100,0.8,0.049076007720540285
100,0.8,0.24387528188443977
100,0.8,-0.006271621528972826
100,0.8,0.13686054378606888
100,0.8,-0.005470858140455271
100,0.8,0.27607460074756623
100,0.8,0.08329623843332659
100,0.8,-0.02087246144509569
100,0.8,-0.00910176015729185
100,0.8,0.3465466723061962
100,0.8,-0.16934473301987474
100,0.8,0.00836945333370025
100,0.8,0.25999639491993193
100,0.8,0.11813465598711465
100,0.8,-0.015159465098538494
100,0.8,0.2528674109374558
100,0.8,0.171471158547498
100,0.8,0.18947826658680303
100,0.8,0.08898024413709625
100,0.8,0.24767030001067847
100,0.8,0.41356209174659253
100,0.8,0.10517576229958384
100,0.8,-0.022847462726935053
100,0.8,0.023287935331663512
100,0.8,0.3647063063334637
100,0.8,0.1013928951252888
100,0.8,0.1582094123259278
100,0.8,-0.013014604905352202
100,0.8,-0.08060177343417801
100,0.8,0.024638387669474328
100,0.8,0.21074986399876253
100,0.8,0.015323265552718192
100,0.8,-0.11493048187195819
100,0.8,0.2439131316790043
100,0.8,0.15178112029313218
100,0.8,0.10976871818246021
100,0.8,0.15971000903969979
100,0.8,0.05069317240352689
100,0.8,0.21665725321501592
100,0.8,0.15301054032115716
100,0.8,0.19505908802239968
100,0.8,-0.12703432255093078
100,0.8,-0.30705639054156686
100,0.8,-0.2899916771422381
100,0.8,0.1757398869230361
100,0.8,-0.024087497693413607
100,0.8,-0.0027082921585233066
100,0.8,-0.2816744635515888
100,0.8,-0.24978154731870675
100,0.8,0.38763472010645494
100,0.8,0.25559780831073786
100,0.8,0.11811663533544135
100,0.8,-0.12007465525836265
100,0.8,0.17712095965320884
100,0.8,0.18271147036341695
100,0.8,0.0916841763468689
100,0.8,-0.1954319684931008
100,0.8,0.1534314190277744
100,0.8,0.31309501134371215
100,0.8,0.05048607292435712
100,0.8,0.13848522893218843
100,0.8,0.13539407412453972
100,0.8,0.16932961412640674
100,0.8,0.07863186763034485
100,0.8,-0.0955664102295212
100,0.8,0.2608230579200198
100,0.8,0.05512971466539973
100,0.8,0.11498321639952938
100,0.8,-0.04997788203893867
100,0.8,0.006979078062948396
100,0.8,0.07024387830327772
100,0.8,0.16215221331003848
100,0.8,0.01618242631842044
100,0.8,-0.23414077048795248
100,0.8,0.12106919538064727
100,0.8,-0.16028264007412496
100,0.8,0.04721662032832672
100,0.8,0.05422034564420706
100,0.8,0.06310902679977755
100,0.8,-0.21496740011741028
100,0.8,0.12216549369610341
100,0.8,0.08337831625523028
100,0.8,0.11676195343477058
100,0.8,0.1115397471284819
100,0.8,-0.0854879895614193
100,0.8,0.21223106420160873
100,0.8,0.13420222174101878
100,0.8,-0.27400382899717757
100,0.8,0.0656048499225296
100,0.8,-0.4267535967735704
100,0.8,-0.13860684123588501
100,0.8,0.41699395627375274
100,0.8,0.07593191435417541
100,0.8,-0.052993507824797975
100,0.8,0.006894714356132959
100,0.8,-0.04731196825622189
100,0.8,-0.3248777981094003
100,0.8,-0.19727953216879054
100,0.8,0.14638716009223404
100,0.8,-0.22472101362941885
100,0.8,0.05905565505430435
100,0.8,0.252178609700975
100,0.8,-0.03416400629926715
100,0.8,0.14250735802267958
100,0.8,-0.016784464165818937
100,0.8,0.3112431803537081
100,0.8,0.07816752497447209
100,0.8,-0.017418257217011936
100,0.8,-0.02742397129803749
100,0.8,0.3483344041305646
100,0.8,-0.14773980594267463
100,0.8,0.008148556387947536
100,0.8,0.2556234426760394
100,0.8,0.13916013939126567
100,0.8,-0.06038467556231293
100,0.8,0.2639088792348904
100,0.8,0.12853040803767649
100,0.8,0.21815670770486248
100,0.8,0.1150704470688357
100,0.8,0.2377615225202032
100,0.8,0.4375695975945412
100,0.8,0.04992896214668399
100,0.8,-0.020259997960313927
100,0.8,0.023236985969075797
100,0.8,0.35852005264719494
100,0.8,0.10591341254516068
100,0.8,0.17155819072320036
100,0.8,-0.0399992638090084
100,0.8,-0.05530051728129797
100,0.8,0.022920379347850607
100,0.8,0.200472954516364
100,0.8,0.047497326295344956
100,0.8,-0.07003094449089753
100,0.8,0.2399638114597904
100,0.8,0.1559395929967886
100,0.8,0.13424709862717227
100,0.8,0.14020545679949575
100,0.8,0.058850226892345425
100,0.8,0.2050588522220192
100,0.8,0.14806802174586783
100,0.8,0.1911816623525125
100,0.8,-0.11757952631904126
100,0.8,-0.306843451721064
100,0.8,-0.3046085205266157
100,0.8,0.22232206133747143
100,0.8,-0.03630959340763482
100,0.8,0.03235287743257836
100,0.8,-0.2849250511039794
100,0.8,-0.22473736880462739
100,0.8,0.41312158256284626
100,0.8,0.28015726223483245
100,0.8,0.09204616172072964
100,0.8,-0.09242746212588733
100,0.8,0.1782421548203491
100,0.8,0.1633297471202834
100,0.8,0.102306100554428
100,0.8,-0.21735606063500434
100,0.8,0.14164530174094256
100,0.8,0.343833950199536
100,0.8,0.041498267276157644
100,0.8,0.1285536805925501
100,0.8,0.0944990289434312
100,0.8,0.16816215869743323
100,0.8,0.07243402785490752
100,0.8,-0.08891305035514777
100,0.8,0.2530819447256457
100,0.8,0.06474328843354638
100,0.8,0.06481963841354528
100,0.8,-0.02926826179870892
100,0.8,0.0037563228176583866
100,0.8,0.07791068879350593
100,0.8,0.1604536691679268
100,0.8,0.002529352262375717
100,0.8,-0.241728272218755
100,0.8,0.12223814320240188
100,0.8,-0.1475027794575249
100,0.8,0.029474691271291143
100,0.8,0.022193122310809523
100,0.8,0.07184473221631738
100,0.8,-0.18131793049835024
100,0.8,0.15375409824970473
100,0.8,0.09136949882710842
100,0.8,0.1193039421531566
100,0.8,0.07344128492226201
100,0.8,-0.06426661690911813
100,0.8,0.220839438214683
100,0.8,0.09555136916987426
100,0.8,-0.30568597851279505
100,0.8,0.05924543262316835
100,0.8,-0.41783586855025434
100,0.8,-0.14029160794420675
100,0.8,0.4363169705687939
100,0.8,0.04024622685782014
100,0.8,-0.033074900206520395
100,0.8,-0.035420527473118656
100,0.8,-0.028597922540655407
100,0.8,-0.2964128482052746
100,0.8,-0.15183944975595534
100,0.8,0.1346437068745889
100,0.8,-0.2194729142631382
100,0.8,0.06863905058187961
100,0.8,0.2167077928187089
100,0.8,-0.04505725790703714
100,0.8,0.18594215882971793
100,0.8,0.010762989551398051
100,0.8,0.29666953310859107
100,0.8,0.11421094357833415
100,0.8,-0.001301827949548784
100,0.8,-0.03844242084765668
100,0.8,0.3472529728314774
100,0.8,-0.14754972460954294
100,0.8,0.03490440690218897
100,0.8,0.288272177499144
100,0.8,0.12542132077792517
100,0.8,-0.06856700427390204
100,0.8,0.2814562094599385
100,0.8,0.15813915030669534
100,0.8,0.1841201410952742
100,0.8,0.1481957282223368
100,0.8,0.21677328980581337
100,0.8,0.4284232347235037
100,0.8,0.032129911489955275
100,0.8,-0.05952219825207825
100,0.8,0.047593282570368524
100,0.8,0.33977951998456907
100,0.8,0.07067181274571653
100,0.8,0.14338490172776694
100,0.8,-0.0368210016738753
100,0.8,-0.03760175431875617
100,0.8,0.007999897109096389
100,0.8,0.2112918835097073
100,0.8,0.01551654818524213
100,0.8,-0.06385608601407836
100,0.8,0.22088025980040255
100,0.8,0.11492049328456062
100,0.8,0.12175923822907714
100,0.8,0.11547027105998442
100,0.8,0.08088538787300444
100,0.8,0.18811578641572935
100,0.8,0.17742685354295099
100,0.8,0.2041577565644083
100,0.8,-0.1207385192977406
100,0.8,-0.322672399476567
100,0.8,-0.2636972140359184
100,0.8,0.191061840439936
100,0.8,-0.020542366923022914
100,0.8,0.03009053399514752
100,0.8,-0.2612302993174714
100,0.8,-0.19129553925800613
100,0.8,0.37584743262133036
100,0.8,0.27064351026539485
100,0.8,0.07295203825771868
100,0.8,-0.1252195622439552
100,0.8,0.13372345718339726
100,0.8,0.10956991583692588
100,0.8,0.109189212999053
100,0.8,-0.21400210963159205
100,0.8,0.11681043937619916
100,0.8,0.327504247807193
100,0.8,0.04937892138766902
100,0.8,0.1172249939814833
100,0.8,0.06049770913736943
100,0.8,0.1391346076072665
100,0.8,0.05972259224120986
100,0.8,-0.06709462391529435
100,0.8,0.2726443706168631
100,0.8,0.09453829536602001
100,0.8,0.09678728072872184
100,0.8,-0.04642892948896149
100,0.8,0.01719830248932617
100,0.8,0.015338180701062853
100,0.8,0.19577440595906756
100,0.8,0.02863738972451966
100,0.8,-0.23027549775137582
100,0.8,0.1778393143642319
100,0.8,-0.15860674668690758
100,0.8,0.024405887448708974
100,0.8,0.018069996111466046
100,0.8,0.06518872641580024
100,0.8,-0.1934964499257907
100,0.8,0.1630035583212898
100,0.8,0.12092104685993324
100,0.8,0.14556972312650363
100,0.8,0.02598602584713543
100,0.8,-0.08133143916374497
100,0.8,0.21783295368924183
100,0.8,0.13128090922939004
100,0.8,-0.29407595005828185
100,0.8,0.09142106204373945
100,0.8,-0.45935108997298396
100,0.8,-0.15018453259446504
100,0.8,0.4117623317963105
100,0.8,0.07639655992156272
100,0.8,-0.053740062024990466
100,0.8,-0.045868544865451534
100,0.8,0.0017442606412512163
100,0.8,-0.244057519537943
100,0.8,-0.1489426118219168
100,0.8,0.1793045796567423
100,0.8,-0.21797304685096047
100,0.8,0.0733422905933148
100,0.8,0.20717731225028918
100,0.8,-0.06335303219757789
100,0.8,0.1612686551686478
100,0.8,0.04926760818617613
100,0.8,0.27382213948631196
100,0.8,0.14538389993979273
100,0.8,-0.04157395220650511
100,0.8,0.005908889465079881
100,0.8,0.3347639929890116
100,0.8,-0.17073518266734916
100,0.8,0.09131506860642631
100,0.8,0.2800879289777242
100,0.8,0.1461751702051389
100,0.8,-0.06684977992258921
100,0.8,0.2949887901949211
100,0.8,0.20054816339535986
100,0.8,0.17758634151745448
100,0.8,0.16498177660307187
100,0.8,0.17062127995128692
100,0.8,0.40941882974038857
100,0.8,-0.029163506518095163
100,0.8,-0.047086557994772266
100,0.8,0.04359199995065258
100,0.8,0.32347187955229106
100,0.8,0.07659237065167251
100,0.8,0.11395868906635834
100,0.8,0.007892973887227228
100,0.8,-0.060990829089100806
100,0.8,0.08085837669569554
100,0.8,0.2572189763289277
100,0.8,0.01541295233881197
100,0.8,-0.10049918697953064
100,0.8,0.18727943352186857
100,0.8,0.1618941835190583
100,0.8,0.1358254477292242
100,0.8,0.12896257336009
100,0.8,0.09708954616323258
100,0.8,0.14244663273937128
100,0.8,0.19993208218316064
100,0.8,0.21511223169592616
100,0.8,-0.0823886871721788
100,0.8,-0.3266290025835772
100,0.8,-0.24380166397498595
100,0.8,0.2039869896553336
100,0.8,-0.04045607466719528
100,0.8,0.03388278920197063
100,0.8,-0.2987814860209322
100,0.8,-0.16893274201167596
100,0.8,0.3744955979464534
100,0.8,0.2550930236902939
100,0.8,0.0538167269774533
100,0.8,-0.13092361980491107
100,0.8,0.12880300263931907
100,0.8,0.11992502483252743
100,0.8,0.08497151704116367
100,0.8,-0.20870740508458818
100,0.8,0.13124857428276418
100,0.8,0.3341038312624145
100,0.8,0.05098029024649034
100,0.8,0.16399496780895115
100,0.8,0.05330489997687309
100,0.8,0.14662516875678852
100,0.8,0.08442208629988796
100,0.8,-0.001038694691336417
100,0.8,0.2120339660462799
100,0.8,0.11256444688204913
100,0.8,0.12926634920814825
100,0.8,-0.057284083036861944
100,0.8,0.07053766534780781
100,0.8,0.025962289833764807
100,0.8,0.16276213794318065
100,0.8,-0.00395205245584247
100,0.8,-0.17424914055889318
100,0.8,0.18457635154568808
100,0.8,-0.15489621761793304
100,0.8,0.04194980249712543
100,0.8,0.029286017663943478
100,0.8,0.057360512498650706
100,0.8,-0.20129442526416474
100,0.8,0.20388565368435485
100,0.8,0.09502694382331534
100,0.8,0.18833805055357972
100,0.8,0.03735768384572076
100,0.8,-0.039088770396484576
100,0.8,0.25406645045358295
100,0.8,0.14464409174764228
100,0.8,-0.2760381673717979
100,0.8,0.09735653848528561
100,0.8,-0.4481768486568097
100,0.8,-0.13343895129157576
100,0.8,0.4220601141508553
100,0.8,0.09871061931029086
100,0.8,-0.09386513348874043
100,0.8,-0.04046111122001417
100,0.8,-0.040913530383132016
100,0.8,-0.247871829296097
100,0.8,-0.12166023110484368
100,0.8,0.10103466480427965
100,0.8,-0.26361213873376377
100,0.8,0.09231663520248078
100,0.8,0.21461295787139287
100,0.8,-0.07197331798762888
100,0.8,0.12801793938239
100,0.8,0.0861624991397429
100,0.8,0.27634814623704307
100,0.8,0.10172743218448926
100,0.8,-0.0379271302075094
100,0.8,0.01815680465640366
100,0.8,0.3560453666092464
100,0.8,-0.12046306793792959
100,0.8,0.11360385528494099
100,0.8,0.32295539416852237
100,0.8,0.128796611585088
100,0.8,-0.044721769269910984
100,0.8,0.29228328323382674
100,0.8,0.19232143127269907
100,0.8,0.11690848735429854
100,0.8,0.1890732552330439
100,0.8,0.15470494248732738
100,0.8,0.33958002992111214
100,0.8,-0.05380989757538455
100,0.8,-0.043368212392058236
100,0.8,-0.01809753197321635
100,0.8,0.36136682439888407
100,0.8,0.06816888269131419
100,0.8,0.10042563358760877
100,0.8,0.03729372561298821
100,0.8,-0.03919944731846297
100,0.8,0.10168032399422505
100,0.8,0.2556462778461871
100,0.8,0.0028722289097329323
100,0.8,-0.07415380535774051
100,0.8,0.18213350475405365
100,0.8,0.17222906312475034
100,0.8,0.15329848942995952
100,0.8,0.1027260240425358
100,0.8,0.13283523669354588
100,0.8,0.1869965095590052
100,0.8,0.21070392995455034
100,0.8,0.22439406929066338
100,0.8,-0.1187341725265787
100,0.8,-0.3030960344065052
100,0.8,-0.2022007982653518
100,0.8,0.2684718742558431
100,0.8,0.023370464250473334
100,0.8,0.030129329830444897
100,0.8,-0.2996635672741766
100,0.8,-0.1925207318693695
100,0.8,0.3329291543457309
100,0.8,0.2569387329110203
100,0.8,0.07756116779298061
100,0.8,-0.07034061352403036
100,0.8,0.12981441382105868
100,0.8,0.15106685961584
100,0.8,0.162333132323713
100,0.8,-0.1707036888791163
100,0.8,0.09150605845585585
100,0.8,0.33087140221875466
100,0.8,0.03323005549956193
100,0.8,0.07702932278230588
100,0.8,0.06296052148885636
100,0.8,0.14591096179775498
100,0.8,0.12181290150364142
100,0.8,0.009429031509976406
100,0.8,0.17641420074927794
100,0.8,0.12724619413582944
100,0.8,0.11803816587731114
100,0.8,-0.06394268121744916
100,0.8,0.04673558288346538
100,0.8,0.02588913550527057
100,0.8,0.13455450115295609
100,0.8,0.01078959203520995
100,0.8,-0.15776609716557985
100,0.8,0.1566939062772919
100,0.8,-0.1388638123461182
100,0.8,0.06927092604458913
100,0.8,0.041923027052018474
100,0.8,0.03929926318099924
100,0.8,-0.18272228474026317
100,0.8,0.16888321815233542
100,0.8,0.08470182501473432
100,0.8,0.21682849415860234
100,0.8,0.018150374837418326
100,0.8,-0.047242848273699956
100,0.8,0.24853737512960203
100,0.8,0.15842992060312186
100,0.8,-0.26094005264669556
100,0.8,0.07647342079493172
100,0.8,-0.4250994569753548
100,0.8,-0.13914789809013914
100,0.8,0.4263182473082857
100,0.8,0.11963338902752874
100,0.8,-0.10359569069615732
100,0.8,-0.04699198411081112
100,0.8,-0.022484879726423126
100,0.8,-0.24000080542774374
100,0.8,-0.09345027767723729
100,0.8,0.12158865896016202
100,0.8,-0.2976472876252951
100,0.8,0.07987318470170202
100,0.8,0.19513432364321517
100,0.8,-0.07763547497901557
100,0.8,0.11645098734410252
100,0.8,0.08246538729557945
100,0.8,0.24975602840685465
100,0.8,0.10920579714479822
100,0.8,-0.04567546823379605
100,0.8,-0.011253166320618391
100,0.8,0.3530135566665788
100,0.8,-0.1531418395598353
100,0.8,0.13141468806667886
100,0.8,0.2958480194365855
100,0.8,0.14708845049084812
100,0.8,-0.02970619265453074
100,0.8,0.2949769952593064
100,0.8,0.20524994928991128
100,0.8,0.08185101080408952
100,0.8,0.2020228031991879
100,0.8,0.1431638228928984
100,0.8,0.3392541377107785
100,0.8,-0.07448145605627543
100,0.8,-0.0827485304765653
100,0.8,-0.011692424348785924
100,0.8,0.3680568065316996
100,0.8,0.05788907572636255
100,0.8,0.07465306530929076
100,0.8,0.03580963287682284
100,0.8,-0.06593330168859764
100,0.8,0.10696958745486995
100,0.8,0.2747470161188272
100,0.8,0.033371920679343074
100,0.8,-0.08423122925724513
100,0.8,0.19583304854299863
100,0.8,0.11383479289744064
100,0.8,0.15816169724314477
100,0.8,0.1385023416198525
100,0.8,0.1242170885690202
100,0.8,0.15542018964967516
100,0.8,0.21968737320631818
100,0.8,0.20723667492179382
100,0.8,-0.1361710754435518
100,0.8,-0.3149257877435284
100,0.8,-0.18161783798454936
100,0.8,0.26981326697668456
100,0.8,-0.006524970774081585
100,0.8,0.024009377807304413
100,0.8,-0.29148156880569837
100,0.8,-0.21928411124603198
100,0.8,0.27782358736437623
100,0.8,0.24992526231926462
100,0.8,0.07969333812458733
100,0.8,-0.06894504033325743
100,0.8,0.14865976399822697
100,0.8,0.1518668045592193
100,0.8,0.13557747698891004
100,0.8,-0.16602288941717847
100,0.8,0.09517175708570386
100,0.8,0.27540828965190034
100,0.8,0.013040404137370488
100,0.8,0.08767739316285202
100,0.8,0.09583632776803981
100,0.8,0.14496171973966465
100,0.8,0.09916585928971387
100,0.8,-0.0037882456806934252
100,0.8,0.20240041225149952
100,0.8,0.15708331477513404
100,0.8,0.12279418599208416
100,0.8,-0.07049478804048014
100,0.8,0.05486953552334875
100,0.8,0.0371303120070241
100,0.8,0.09654636455882121
100,0.8,-0.01593731858220355
100,0.8,-0.14385615797325935
100,0.8,0.15731119104897787
100,0.8,-0.1425271336771317
100,0.8,0.05043672807234234
100,0.8,0.05195483183761845
100,0.8,0.03593368846160292
100,0.8,-0.18225821119354357
100,0.8,0.1545241635397428
100,0.8,0.07709953226577682
100,0.8,0.18507879857310014
100,0.8,0.01673124382673219
100,0.8,-0.06976615866712717
100,0.8,0.26750574522041876
100,0.8,0.17299835955918752
100,0.8,-0.26667998697416495
100,0.8,0.08478148458050275
100,0.8,-0.4286025666935562
100,0.8,-0.15651540143020864
100,0.8,0.3755392434008174
100,0.8,0.13549132176954384
100,0.8,-0.10720241177987583
100,0.8,-0.015845235613012855
100,0.8,-0.04801708433947836
100,0.8,-0.23328784049005372
100,0.8,-0.07216952966138344
100,0.8,0.15142378456687544
100,0.8,-0.2723331936901035
100,0.8,0.0732253356909263
100,0.8,0.16629215222865687
100,0.8,-0.0851580093052224
100,0.8,0.12138213591241431
100,0.8,0.0890634422010276
100,0.8,0.254346226336229
100,0.8,0.11367838584109419
100,0.8,-0.054652230520982226
100,0.8,-0.02548061480949944
100,0.8,0.36446602018624186
100,0.8,-0.15507509663061436
100,0.8,0.13425111341764975
100,0.8,0.2848217401828901
100,0.8,0.14765067987660638
100,0.8,-0.06778254203449877
100,0.8,0.25667323413808457
100,0.8,0.18794481428253995
100,0.8,0.10224018537858673
100,0.8,0.17259034803292492
100,0.8,0.13003112405836426
100,0.8,0.33866467971505987
100,0.8,-0.09428174190650927
100,0.8,-0.049381169296027407
100,0.8,-0.05128643832618884
100,0.8,0.3503839792562149
100,0.8,0.05310924354720151
100,0.8,0.0961287088511602
100,0.8,0.032670748307707956
100,0.8,-0.07350516751486928
100,0.8,0.09758159534289704
100,0.8,0.26510299291844536
100,0.8,0.016609377351813316
100,0.8,-0.0622470086724654
100,0.8,0.16628368337131916
100,0.8,0.13083043890484483
100,0.8,0.17075665164088216
100,0.8,0.16690431501244413
100,0.8,0.08674258441944681
100,0.8,0.14208457802584373
100,0.8,0.2277416248246576
100,0.8,0.24315670643789247
100,0.8,-0.13688930530000523
100,0.8,-0.3285620679474863
100,0.8,-0.18062776669880273
100,0.8,0.3005882410258739
100,0.8,0.02066451582214466
100,0.8,-0.018906664366148098
100,0.8,-0.320836429101594
100,0.8,-0.2146760645288116
100,0.8,0.21453021304813708
100,0.8,0.25625208436731717
100,0.8,0.0884831623097428
100,0.8,-0.04904081258649402
100,0.8,0.1378857356900923
100,0.8,0.11294121053582451
100,0.8,0.138162014605836
100,0.8,-0.1652880468202267
100,0.8,0.08610540560122555
100,0.8,0.2927261573941518
100,0.8,0.01279803092585059
100,0.8,0.0942148701534963
100,0.8,0.12877233786466108
100,0.8,0.1051733367342333
100,0.8,0.10632457788713659
100,0.8,0.00158416804916115
100,0.8,0.2059475667648533
100,0.8,0.12410776582126122
100,0.8,0.1392860719078989
100,0.8,-0.12530224590975153
100,0.8,0.06726201556855216
100,0.8,0.04877323360025674
100,0.8,0.10426741375373433
100,0.8,-0.026000813770622955
100,0.8,-0.11722890399560493
100,0.8,0.18945083043241803
100,0.8,-0.157338149833679
100,0.8,0.028364391256809007
100,0.8,0.03304807621045996
100,0.8,0.017070828008974106
100,0.8,-0.21147719830568798
100,0.8,0.16798848667223842
100,0.8,0.11474855057090459
100,0.8,0.18513818496632695
100,0.8,0.028745899103705244
100,0.8,-0.08041622279997523
100,0.8,0.1995757854430652
100,0.8,0.17577074237670465
100,0.8,-0.2776224823146258
100,0.8,0.11960371181144823
100,0.8,-0.448095576325383
100,0.8,-0.17074771724783366
100,0.8,0.40174670798892953
100,0.8,0.156757634181259
100,0.8,-0.08264045270501086
100,0.8,0.003140119916482576
100,0.8,-0.03140442469207088
100,0.8,-0.24323426409459908
100,0.8,-0.0781670886402349
100,0.8,0.1363107489421962
100,0.8,-0.2622612542942075
100,0.8,0.09981079620145757
100,0.8,0.14376284826658417
100,0.8,-0.09454950707886747
100,0.8,0.10887843509983189
100,0.8,0.0779195997403658
100,0.8,0.2363103639542084
100,0.8,0.17916477874174852
100,0.8,-0.021660473599856546
100,0.8,-0.007767520124709027
100,0.8,0.36285897557990215
100,0.8,-0.139289639509395
100,0.8,0.10970268754342333
100,0.8,0.319178874606647
100,0.8,0.1339060501416027
100,0.8,-0.06357701888736847
100,0.8,0.26322155314673806
100,0.8,0.18824448854468995
100,0.8,0.07423479556922122
100,0.8,0.21867623493534102
100,0.8,0.10338194555816216
100,0.8,0.35381259511677643
100,0.8,-0.04953096899870673
100,0.8,-0.00993467903856713
100,0.8,-0.03392683957347353
100,0.8,0.36555874470774125
100,0.8,0.05441165718639756
100,0.8,0.08358335333317371
100,0.8,0.05082118709268535
100,0.8,-0.11475232670146092
100,0.8,0.15104381628191438
100,0.8,0.2391060733684631
100,0.8,-0.0030327016949600605
100,0.8,-0.03421254398103848
100,0.8,0.1656971948161445
100,0.8,0.1316173882316388
100,0.8,0.19810844687282875
100,0.8,0.1712012558198806
100,0.8,0.12405530842895658
100,0.8,0.17280558180077607
100,0.8,0.20849348858656055
100,0.8,0.2825093997809896
100,0.8,-0.10201974755908756
100,0.8,-0.3606183653214437
100,0.8,-0.1749101863792576
100,0.8,0.3339472664690794
100,0.8,0.04991903086447583
100,0.8,-0.06147482112475311
100,0.8,-0.3049245247451573
100,0.8,-0.18616370190200718
100,0.8,0.21141428688765257
100,0.8,0.20410669039551443
100,0.8,0.11320943067489538
100,0.8,-0.06960535560347605
100,0.8,0.13109907482154134
100,0.8,0.12986512536171677
100,0.8,0.1330078095421557
100,0.8,-0.19264971636721953
100,0.8,0.052012265903973544
100,0.8,0.2835682600872133
100,0.8,0.010184806637624179
100,0.8,0.08938410174113774
100,0.8,0.08165749694122174
100,0.8,0.08995915615577542
100,0.8,0.08220875837934472
100,0.8,0.01389418449525941
100,0.8,0.20005183753948172
100,0.8,0.12761274580144485
100,0.8,0.14123487729523082
100,0.8,-0.13169424255096818
100,0.8,0.0989400732986054
100,0.8,0.044810768704051186
100,0.8,0.09144118824679488
100,0.8,-0.0010453569633416039
100,0.8,-0.1714875892137874
100,0.8,0.13900227007568552
100,0.8,-0.13391484872168827
100,0.8,0.0264943681484489
100,0.8,-0.008424086152820821
100,0.8,0.01976530174738791
100,0.8,-0.18324881126044534
100,0.8,0.14694139725443486
100,0.8,0.13461639073081724
100,0.8,0.16343081039837185
100,0.8,0.04032387962927597
100,0.8,-0.11500747563430727
100,0.8,0.17449559196430597
100,0.8,0.19628642552632627
100,0.8,-0.1828811706544049
100,0.8,0.05623682687849616
100,0.8,-0.4525393481876687
100,0.8,-0.1656891001307372
100,0.8,0.39721513231482586
100,0.8,0.16276035256005647
100,0.8,-0.06015809760330342
100,0.8,-0.004498327203040375
100,0.8,0.0079583401478331
100,0.8,-0.26237953831466143
100,0.8,-0.06193051285294518
100,0.8,0.14975624169536134
100,0.8,-0.21836034277932798
100,0.8,0.1282765175923725
100,0.8,0.13787841188819402
100,0.8,-0.07345760901148433
100,0.8,0.13642629523627736
100,0.8,0.0554673500210873
100,0.8,0.23114735817241494
100,0.8,0.20432582407703492
100,0.8,-0.002657392630120903
100,0.8,-0.028505617638967886
100,0.8,0.3678598071341364
100,0.8,-0.1248887299298393
100,0.8,0.11411522334897911
100,0.8,0.36847565481206335
100,0.8,0.1588879231102201
100,0.8,-0.08459094596855055
100,0.8,0.23723731138463916
100,0.8,0.17777360780153711
100,0.8,0.12133210695351303
100,0.8,0.20369745372257653
100,0.8,0.07520646748804385
100,0.8,0.361862437006025
100,0.8,-0.08316350145428553
100,0.8,0.03821798096105003
100,0.8,-0.0362396551800142
100,0.8,0.3645752338310745
100,0.8,0.019358382242722173
100,0.8,0.10998408671788092
100,0.8,0.06555688115638159
100,0.8,-0.03670947906300235
100,0.8,0.19040276513625598
100,0.8,0.18194108053207483
100,0.8,0.041361397593782635
100,0.8,-0.05249243070981979
100,0.8,0.19084963989778833
100,0.8,0.18757657089846785
100,0.8,0.20381555136421473
100,0.8,0.1812317070971135
100,0.8,0.12104669543068046
100,0.8,0.17687604601757592
100,0.8,0.2038879404669455
100,0.8,0.22700504630427432
100,0.8,-0.12239784417812222
100,0.8,-0.36648154714669223
100,0.8,-0.14062325361760514
100,0.8,0.3166041823310224
100,0.8,0.06939931320866961
100,0.8,-0.05961672058290679
100,0.8,-0.2967462319802975
100,0.8,-0.15861289211075436
100,0.8,0.18760269577253724
100,0.8,0.19599280518685358
100,0.8,0.11662980437161324
100,0.8,-0.1126921543139373
100,0.8,0.17237811531949065
100,0.8,0.12553033783013134
100,0.8,0.16063058154336557
100,0.8,-0.2387849083763575
100,0.8,-0.013146789093756795
100,0.8,0.27540981051335134
100,0.8,0.03260413935228588
100,0.8,0.12735398097719824
100,0.8,0.1390101525717018
100,0.8,0.07708608079847945
100,0.8,0.0766790870681584
100,0.8,0.031055444553753555
100,0.8,0.19231604827119783
100,0.8,0.1057954769782123
100,0.8,0.14565952567819274
100,0.8,-0.12157587903361877
100,0.8,0.08682373193222351
100,0.8,0.06386879329567528
100,0.8,0.05874399533072392
100,0.8,0.01763839528761668
100,0.8,-0.17106065822616925
100,0.8,0.14181929826351922
100,0.8,-0.09865706361071602
100,0.8,0.02326234019337772
100,0.8,-0.03716015568033822
100,0.8,0.028890538890369123
100,0.8,-0.12851124070893657
100,0.8,0.1446612380103284
100,0.8,0.12705191172220848
100,0.8,0.21204320356162062
100,0.8,0.005954468010645364
100,0.8,-0.11330262642645739
100,0.8,0.13845682350491728
100,0.8,0.16704174340576916
100,0.8,-0.17527052608417454
100,0.8,0.05697528763827649
100,0.8,-0.4263143877050539
100,0.8,-0.1554975700728358
100,0.8,0.3760418234993765
100,0.8,0.156715926263567
100,0.8,-0.07074587183067375
100,0.8,0.0240492252485355
100,0.8,0.032396428216610755
100,0.8,-0.22561461251578419
100,0.8,-0.05814694741476947
100,0.8,0.12425101515055684
100,0.8,-0.21203428672730837
100,0.8,0.11625316359272375
100,0.8,0.13393678552766614
100,0.8,-0.08391470531345863
100,0.8,0.14525645294872191
100,0.8,0.07330856993268445
100,0.8,0.22452389384338664
100,0.8,0.210607839964581
100,0.8,0.009813423338053085
100,0.8,-0.05625016159013985
100,0.8,0.3625383055418658
100,0.8,-0.1590053564582605
100,0.8,0.10498295175346879
100,0.8,0.38831439899358017
100,0.8,0.17285561201242602
100,0.8,-0.04596753000485468
100,0.8,0.22341041086337832
100,0.8,0.1472590970821841
100,0.8,0.13451759706666097
100,0.8,0.2438444255534604
100,0.8,0.0588407645224736
100,0.8,0.3894078510699108
100,0.8,-0.10531447422318951
100,0.8,0.04335370656072044
100,0.8,-0.02949664480242653
100,0.8,0.35438331410760626
100,0.8,0.03797946801776018
100,0.8,0.08959485251687163
100,0.8,0.06829661321571
100,0.8,-0.03706969637561182
100,0.8,0.20870619797182038
100,0.8,0.18626489048903477
100,0.8,0.05544824937682513
100,0.8,-0.10055805129866179
100,0.8,0.18192629846859615
100,0.8,0.2003583829843347
100,0.8,0.2490097679538142
100,0.8,0.14266182286315274
100,0.8,0.13171693336723678
100,0.8,0.1829596641184427
100,0.8,0.2218727273908698
100,0.8,0.24096968258602552
100,0.8,-0.09271113750805
100,0.8,-0.376597523819326
100,0.8,-0.17826860546940654
100,0.8,0.31782536506670916
100,0.8,0.0281573928572362
100,0.8,-0.04909123847120061
100,0.8,-0.3019186336967077
100,0.8,-0.1749772146674002
100,0.8,0.137492991341961
100,0.8,0.1869754370571407
100,0.8,0.09281419088739079
100,0.8,-0.11591604893076682
100,0.8,0.15215626750254643
100,0.8,0.13832780616577908
100,0.8,0.17585416019105118
100,0.8,-0.1916761575386543
100,0.8,0.011041630700846206
100,0.8,0.2943606779584091
100,0.8,0.01180774833180891
100,0.8,0.1939516120186145
100,0.8,0.12758719872683974
100,0.8,0.06266056612376314
100,0.8,0.07397353422095225
100,0.8,0.017641813266125083
100,0.8,0.1859466519074994
100,0.8,0.10497285468420757
100,0.8,0.11649342883115993
100,0.8,-0.11366196414314783
100,0.8,0.08089470005038263
100,0.8,0.06104654438164783
100,0.8,0.04151452007969674
100,0.8,0.0353007455382194
100,0.8,-0.15319998340497173
100,0.8,0.1324797088024864
100,0.8,-0.09601067626774853
100,0.8,-0.010560741038844147
100,0.8,-0.0037212134188886027
100,0.8,0.04011004907044544
100,0.8,-0.14585781574159712
100,0.8,0.12070766523679258
100,0.8,0.10558151111109898
100,0.8,0.18752536637014697
100,0.8,0.05556864710245364
100,0.8,-0.08766282876768416
100,0.8,0.17127715766834087
100,0.8,0.15546802603508994
100,0.8,-0.2057284534762709
100,0.8,0.0830789488387465
100,0.8,-0.40283145689241673
100,0.8,-0.20410618121388158
100,0.8,0.387839931797866
100,0.8,0.1585126135765215
100,0.8,-0.06979147444957183
100,0.8,0.07768145553308514
100,0.8,0.04680829984867572
100,0.8,-0.23549853757904496
100,0.8,-0.017726225078252167
100,0.8,0.15012915552341133
100,0.8,-0.21868963257059423
100,0.8,0.15290655896560035
100,0.8,0.12961802465071184
100,0.8,-0.08588383590117382
100,0.8,0.12150820353836914
100,0.8,0.05267032239927652
100,0.8,0.2537685914245779
100,0.8,0.24629685619146377
100,0.8,0.04045311428866647
100,0.8,-0.060877906762433924
100,0.8,0.3758749984158854
100,0.8,-0.18982817527873977
100,0.8,0.10819375427101452
100,0.8,0.33489957991114605
100,0.8,0.16901045456011143
100,0.8,-0.061295188653834036
100,0.8,0.24988861374243837
100,0.8,0.09986496054622354
100,0.8,0.10679198013481202
100,0.8,0.28144765735756005
100,0.8,0.042594491442368466
100,0.8,0.39791246338122443
100,0.8,-0.09902515427669432
100,0.8,0.03451233894449129
100,0.8,-0.019815041815310953
100,0.8,0.31106932802963244
100,0.8,0.05561700680976252
100,0.8,0.08327802046403132
100,0.8,0.028599370289065895
100,0.8,-0.016806185027980813
100,0.8,0.23474878812539332
100,0.8,0.18008965132358537
100,0.8,0.11117143196383826
100,0.8,-0.09438410936403407
100,0.8,0.21174407344106516
100,0.8,0.19049653661000968
100,0.8,0.24546135056335494
100,0.8,0.1242901106483842
100,0.8,0.16751444281503627
100,0.8,0.17933964374261624
100,0.8,0.1886642431758249
100,0.8,0.25562397965561046
100,0.8,-0.13058166462392268
100,0.8,-0.34700805106155974
100,0.8,-0.14424533484479776
100,0.8,0.3203832204871308
100,0.8,0.07025432862910073
100,0.8,-0.05610720373820924
100,0.8,-0.2665299212521651
100,0.8,-0.1445604733442278
100,0.8,0.17038487018819115
100,0.8,0.16720187532452846
100,0.8,0.16083134662563037
100,0.8,-0.10246683532834969
100,0.8,0.10256469240227713
100,0.8,0.13571385410016976
100,0.8,0.1403634363774378
100,0.8,-0.20294752867180385
100,0.8,0.02839646208981037
100,0.8,0.2598358630323347
100,0.8,0.06150932999939034
100,0.8,0.19515619505878787
100,0.8,0.13660626285991526
100,0.8,0.04210873208608952
100,0.8,0.016692677143186608
100,0.8,0.04015305426866167
100,0.8,0.1925815815230264
100,0.8,0.10159697231454921
100,0.8,0.09791750310336092
100,0.8,-0.10920078507603392
100,0.8,0.06783345050072179
100,0.8,0.12137369756670431
100,0.8,0.05811984591507002
100,0.8,0.03780623427458583
100,0.8,-0.12586857649234276
100,0.8,0.1401993935683594
100,0.8,-0.07898906429504127
100,0.8,0.002625348435710251
100,0.8,0.008098307789862248
100,0.8,0.015261913104982129
100,0.8,-0.1381411492098704
100,0.8,0.09360956747516927
100,0.8,0.0866062979838679
100,0.8,0.19936998213883703
100,0.8,0.04203010779183014
100,0.8,-0.1134461540606723
100,0.8,0.20623386952341854
100,0.8,0.16119172891827277
100,0.8,-0.17789082988517801
100,0.8,0.08451431592277565
100,0.8,-0.41435650924641954
100,0.8,-0.20453141234786473
100,0.8,0.3874215011916894
100,0.8,0.15486669503519065
100,0.8,-0.038683170380478415
100,0.8,0.06780222666893519
100,0.8,0.0354247968721225
100,0.8,-0.20601757886876176
100,0.8,-0.009155072818323262
100,0.8,0.10106900910632231
100,0.8,-0.19020276670447356
100,0.8,0.14730115532811877
100,0.8,0.09622892521088477
100,0.8,-0.04368829751466122
100,0.8,0.09057962576179968
100,0.8,0.026383326097249162
100,0.8,0.27944249515965414
100,0.8,0.22960964891926886
100,0.8,0.0029736583908004377
100,0.8,-0.07391911846079564
100,0.8,0.3815925144891944
100,0.8,-0.19033813329781576
100,0.8,0.1216758685963006
100,0.8,0.3353802866903193
100,0.8,0.1595772607467051
100,0.8,-0.05322908914925302
100,0.8,0.23263348367652004
100,0.8,0.0831602368795183
100,0.8,0.08829369175323586
100,0.8,0.2878168811785495
100,0.8,0.04618926150218403
100,0.8,0.36574806182710073
100,0.8,-0.10903642872884395
100,0.8,0.035712681289980175
100,0.8,-0.043521156791785566
100,0.8,0.3310626595543189
100,0.8,0.0728739381132618
100,0.8,0.13607593611946367
100,0.8,0.05985334865436265
100,0.8,-0.022869790509560506
100,0.8,0.22017866245681167
100,0.8,0.18308947152143898
100,0.8,0.1116009430748532
100,0.8,-0.09295062477234338
100,0.8,0.1824445318532357
100,0.8,0.11976658563405565
100,0.8,0.2602309714784816
100,0.8,0.10645054215126404
100,0.8,0.1713553866883295
100,0.8,0.197033447555045
100,0.8,0.16333794535253965
100,0.8,0.28174260887960456
100,0.8,-0.12470714152259124
100,0.8,-0.3411447170793701
100,0.8,-0.15256378372457535
100,0.8,0.3254270060212605
100,0.8,0.02588732955054898
100,0.8,-0.05688020401388077
100,0.8,-0.2301480821520654
100,0.8,-0.12048246843323157
100,0.8,0.19070676876235026
100,0.8,0.16465281263555767
100,0.8,0.13796240075255017
100,0.8,-0.06764295635553826
100,0.8,0.09545955309947196
100,0.8,0.12037264609851768
100,0.8,0.1002698477229867
100,0.8,-0.24959183859324885
100,0.8,0.0046218485916643464
100,0.8,0.2551115953214053
100,0.8,0.10734799745215735
100,0.8,0.22212571129998349
100,0.8,0.1337217353431413
100,0.8,0.030046080729084147
100,0.8,0.04847264166641257
100,0.8,0.021378580329988496
100,0.8,0.16850531101572255
100,0.8,0.1237275395796269
100,0.8,0.05501201030442893
100,0.8,-0.1317418157036406
100,0.8,0.04333508784780005
100,0.8,0.11505597635504597
100,0.8,0.05823522307681106
100,0.8,-0.029949546205801793
100,0.8,-0.10869154386528078
100,0.8,0.1504907139296135
100,0.8,-0.041094334298820194
100,0.8,0.04535574356000858
100,0.8,-0.02316250592355225
100,0.8,0.047648922872102165
100,0.8,-0.15008637634976152
100,0.8,0.09733850539526578
100,0.8,0.049985846117654026
100,0.8,0.1949227733649128
100,0.8,0.005510525238599052
100,0.8,-0.10221362183178231
100,0.8,0.16972159938191603
100,0.8,0.19720858251925508
100,0.8,-0.14911941347590016
100,0.8,0.08425052468727118
100,0.8,-0.40446511798976864
100,0.8,-0.19184496697729383
100,0.8,0.4273742601975018
100,0.8,0.09345797671246014
100,0.8,-0.038866992978647374
100,0.8,0.06436388170662842
100,0.8,0.028052458321920604
100,0.8,-0.21310465910059462
100,0.8,0.0023029955827119863
100,0.8,0.10964664897713856
100,0.8,-0.19483077673978091
100,0.8,0.19455891383013935
100,0.8,0.12048377743286505
100,0.8,-0.08206017702077989
100,0.8,0.06463998365153555
100,0.8,0.03999973243927642
100,0.8,0.27112630003913324
100,0.8,0.22648907611225672
100,0.8,0.004694105318569797
100,0.8,-0.08445970984832557
100,0.8,0.34185584562544186
100,0.8,-0.16758237816750565
100,0.8,0.1387539058615259
100,0.8,0.2914958299152165
100,0.8,0.13950312009173854
100,0.8,-0.0535018543483714
100,0.8,0.23068682724962386
100,0.8,0.06745557835885929
100,0.8,0.10759528458320329
100,0.8,0.29378758751275813
100,0.8,0.07670368328709412
100,0.8,0.37683267920042046
100,0.8,-0.07745135556897056
100,0.8,0.051676261003638584
100,0.8,-0.04119564062375787
100,0.8,0.3283098887762467
100,0.8,0.045768231078446145
100,0.8,0.10895971840202918
100,0.8,0.06685112893873804
100,0.8,0.001785077245036959
100,0.8,0.23604835455089185
100,0.8,0.2251584046625361
100,0.8,0.12021575051070635
100,0.8,-0.10063044454042203
100,0.8,0.1978928764292796
100,0.8,0.10459584999082683
100,0.8,0.26965115946693335
100,0.8,0.07309559120356345
100,0.8,0.20455131837966967
100,0.8,0.19994807415217153
100,0.8,0.18471190749157904
100,0.8,0.2739799741954583
100,0.8,-0.08665231020555889
100,0.8,-0.3131760984030474
100,0.8,-0.17383579742262595
100,0.8,0.34328466769326627
100,0.8,0.011362786450283303
100,0.8,-0.07880530089522085
100,0.8,-0.2194968760243124
100,0.8,-0.07924644070405265
100,0.8,0.15995303939943106
100,0.8,0.1477064097188329
100,0.8,0.10879043498613257
100,0.8,-0.09279291180895939
100,0.8,0.08735524715626966
100,0.8,0.1110821666965471
100,0.8,0.12299742412526077
100,0.8,-0.20910845278909315
100,0.8,0.0013505990427514548
100,0.8,0.25232931974634987
100,0.8,0.14850050670473555
100,0.8,0.22111013972277346
100,0.8,0.11290360228288172
100,0.8,0.013146104496208367
100,0.8,0.025718341345380938
100,0.8,0.029707688560883485
100,0.8,0.1483762900595938
100,0.8,0.1465905158323869
100,0.8,0.062430764643514006
100,0.8,-0.114291579919297
100,0.8,0.09396490742822686
100,0.8,0.1362430486334045
100,0.8,0.09262314744014528
100,0.8,0.0417087278969845
100,0.8,-0.13370857024878244
100,0.8,0.14543501198263337
100,0.8,0.001698991656450488
100,0.8,0.0148414459203833
100,0.8,-0.04338519130464205
100,0.8,0.06571868012148059
100,0.8,-0.15664644883493156
100,0.8,0.10805155924309329
100,0.8,0.10080256436838138
100,0.8,0.1827412112466533
100,0.8,-0.010925519965650388
100,0.8,-0.08607839314466857
100,0.8,0.16278962396182203
100,0.8,0.24345954518473098
100,0.8,-0.15665649486126823
100,0.8,0.1265874790305892
100,0.8,-0.34861055654924383
100,0.8,-0.17678948212680112
100,0.8,0.37760421972858843
100,0.8,0.12635943997774834
100,0.8,-0.009395051709924652
100,0.8,0.09326223425077185
100,0.8,-0.013414357689203805
100,0.8,-0.19421166437535542
100,0.8,0.017310258965998138
100,0.8,0.03449326651580318
100,0.8,-0.22552164061130117
100,0.8,0.2109539398449597
100,0.8,0.16413003898725426
100,0.8,-0.09125790760338043
100,0.8,0.002164489982749096
100,0.8,0.08874702177655731
100,0.8,0.2520725123513472
100,0.8,0.17583333947923416
100,0.8,0.014274074131336613
100,0.8,-0.08573529611861304
100,0.8,0.35604433956599024
100,0.8,-0.12808566371264093
100,0.8,0.10979831792712638
100,0.8,0.29364615525693266
100,0.8,0.1658982812561618
100,0.8,-0.025372404351774593
100,0.8,0.2043322069001393
100,0.8,0.10929705795119454
100,0.8,0.13926541555007574
100,0.8,0.30449023016038146
100,0.8,0.039532833314505744
100,0.8,0.376572500969113
100,0.8,-0.020533537029915117
100,0.8,0.007761879498380964
100,0.8,0.005018017910742323
100,0.8,0.32048043649344304
100,0.8,0.052162112225552275
100,0.8,0.1194797914268717
100,0.8,0.11483239271636468
100,0.8,0.011934192535704291
100,0.8,0.2279124662289739
100,0.8,0.2331926571435135
100,0.8,0.14869833406679547
100,0.8,-0.09743270835346288
100,0.8,0.23280237756305483
100,0.8,0.11640888405556532
100,0.8,0.24500673027203065
100,0.8,0.0617601399896655
100,0.8,0.16065699426081964
100,0.8,0.15024184120765832
100,0.8,0.17860514687988813
100,0.8,0.28472659121844224
100,0.8,-0.08194614410960321
100,0.8,-0.2840866193608452
100,0.8,-0.1589369010620236
100,0.8,0.3172250698543785
100,0.8,0.008161261821261867
100,0.8,-0.05851219651402709
100,0.8,-0.23115170680074357
100,0.8,-0.08805075135740835
100,0.8,0.1474578074124194
100,0.8,0.167875251449925
100,0.8,0.13587418204494953
100,0.8,-0.12683197351831862
100,0.8,0.07548012823603933
100,0.8,0.0777672880085044
100,0.8,0.10101998083913344
100,0.8,-0.2127476690428856
100,0.8,-0.0268664136493058
100,0.8,0.2111250703874683
100,0.8,0.14056076677453364
100,0.8,0.21064575796641716
100,0.8,0.07807830333999935
100,0.8,0.0680433836135702
100,0.8,-0.0010704119728446315
100,0.8,0.03223465076858112
100,0.8,0.1948378198753872
100,0.8,0.1284244279152242
100,0.8,0.04884078937718855
100,0.8,-0.12571855968648543
100,0.8,0.14273521588480395
100,0.8,0.14145668622710145
100,0.8,0.0945127769891892
100,0.8,0.05686065309810271
100,0.8,-0.15181772290339604
100,0.8,0.13856676378641525
100,0.8,0.019653728077005363
100,0.8,0.04606753195742322
100,0.8,-0.03359468603539373
100,0.8,0.0687299511435219
100,0.8,-0.13733904648374048
100,0.8,0.14238194001442164
100,0.8,0.11208076092000692
100,0.8,0.18540842130346802
100,0.8,-0.03356340099081621
100,0.8,-0.07374030753929849
100,0.8,0.1456260751785532
100,0.8,0.20436689623411208
100,0.8,-0.14028730632683004
100,0.8,0.11939997501284322
100,0.8,-0.33267248980724684
100,0.8,-0.2068045809374054
100,0.8,0.37573282612301945
100,0.8,0.1515158736122004
100,0.8,0.023773073502491828
100,0.8,0.10484252604620768
100,0.8,-0.008342950810278183
100,0.8,-0.20092553035696004
100,0.8,0.010907903220090987
100,0.8,-0.012325438284265645
100,0.8,-0.23547475075163354
100,0.8,0.2368461726920268
100,0.8,0.15142271986689462
100,0.8,-0.06315967497343591
100,0.8,-0.028834027553460918
100,0.8,0.10173672908514977
100,0.8,0.2505934139411496
100,0.8,0.16981709613053583
100,0.8,0.019238374599261657
100,0.8,-0.10762954275419566
100,0.8,0.3403880758451404
100,0.8,-0.16013237488904092
100,0.8,0.12857356579133603
100,0.8,0.28266396373494906
100,0.8,0.16782432596804872
100,0.8,-0.05436125546202719
100,0.8,0.18106211510381237
100,0.8,0.11956786619389899
100,0.8,0.09400838466959822
100,0.8,0.29310940088944587
100,0.8,0.01894031617657124
100,0.8,0.38715308814891697
100,0.8,-0.020652274799608517
100,0.8,-0.025737471031943838
100,0.8,-0.0022620920161695148
100,0.8,0.3203523083646358
100,0.8,0.02393593949391857
100,0.8,0.14223790014427992
100,0.8,0.10978994903115212
100,0.8,-0.012531825049129353
100,0.8,0.21240050399432775
100,0.8,0.23144552359043136
100,0.8,0.1810135179977076
100,0.8,-0.07744920780199688
100,0.8,0.2171147119021841
100,0.8,0.110033856023151
100,0.8,0.2682623412832616
100,0.8,0.09979033984786093
100,0.8,0.17804863410788452
100,0.8,0.18039485889140075
100,0.8,0.16001907301223872
100,0.8,0.3181733700396331
100,0.8,-0.05620370948314726
100,0.8,-0.2774827046445597
100,0.8,-0.1597388370907778
100,0.8,0.2837711371799134
100,0.8,-0.02348827975118306
100,0.8,-0.07134158828352835
100,0.8,-0.23453306497312926
100,0.8,-0.10878793349853338
100,0.8,0.13959619296835513
100,0.8,0.17696234822205864
100,0.8,0.1317113626965222
100,0.8,-0.10014234342463926
100,0.8,0.08556583484590537
100,0.8,0.09427201397131882
100,0.8,0.1243344777543701
100,0.8,-0.20377670387602267
100,0.8,-0.04281881346895205
100,0.8,0.1746840078360398
100,0.8,0.14537995762594208
100,0.8,0.21106370453950626
100,0.8,0.07540073228701215
100,0.8,0.04413974971324084
100,0.8,-0.0015278642802983634
100,0.8,0.02432664274225509
100,0.8,0.17914737238347575
100,0.8,0.13257980285742282
100,0.8,0.056649609090129616
100,0.8,-0.06887923823810481
100,0.8,0.12835243557034223
100,0.8,0.11877298069153107
100,0.8,0.08218803448931117
100,0.8,0.06973505924784221
100,0.8,-0.13293475931598514
100,0.8,0.14581666805660573
100,0.8,-0.01543711403403254
100,0.8,0.05410993286748625
100,0.8,-0.029927123952258407
100,0.8,0.07327907769535909
100,0.8,-0.12210327328804392
100,0.8,0.15908385539838862
100,0.8,0.08401976418741484
100,0.8,0.19387016540300925
100,0.8,-0.013378248735144017
100,0.8,-0.08137996181566615
100,0.8,0.16293096295588133
100,0.8,0.20388064920985993
100,0.8,-0.15894939856080922
100,0.8,0.12837894561923574
100,0.8,-0.3748308437913759
100,0.8,-0.17739904836417228
100,0.8,0.381517353133207
100,0.8,0.15626545360189664
100,0.8,0.005726477624088489
100,0.8,0.11505793800154258
100,0.8,-0.03049193953193399
100,0.8,-0.24194219783144666
100,0.8,0.005133953986431905
100,0.8,0.014028071727050319
100,0.8,-0.27363262608681593
100,0.8,0.2256126838353236
100,0.8,0.1547213160924894
100,0.8,-0.06738458068118246
100,0.8,0.027091541456346138
100,0.8,0.08476716483799791
100,0.8,0.22019525266902243
100,0.8,0.15765060269533643
100,0.8,0.018799156113981398
100,0.8,-0.09876107561239547
100,0.8,0.31766003946849275
100,0.8,-0.12575524444576916
100,0.8,0.14962710852894698
100,0.8,0.27285628474776474
100,0.8,0.17210010243055224
100,0.8,-0.050275243075427856
100,0.8,0.15906269956748265
100,0.8,0.12553000000375222
100,0.8,0.11051143880023205
100,0.8,0.2534881940601425
100,0.8,-0.005052301235626455
100,0.8,0.39631386812623526
100,0.8,-0.01855980112573725
100,0.8,0.035726824367800704
100,0.8,-0.002876061773074401
100,0.8,0.29602242849592336
100,0.8,0.03393758348019276
100,0.8,0.1428060938171191
100,0.8,0.11416087518718321
100,0.8,-0.010637188454092606
100,0.8,0.19122004224228883
100,0.8,0.22726718841219498
100,0.8,0.16987124882041726
100,0.8,-0.12898723168261128
100,0.8,0.20047132075792523
100,0.8,0.06699981875150539
100,0.8,0.2903587647269847
100,0.8,0.08989324961894188
100,0.8,0.1752427725929362
100,0.8,0.14670586085051004
100,0.8,0.20451587174809413
100,0.8,0.3291399010011544
100,0.8,-0.01760553076140292
100,0.8,-0.29300611621314676
100,0.8,-0.17651545098803992
100,0.8,0.31710406643739014
100,0.8,-0.03993701684628377
100,0.8,-0.0808275666460248
100,0.8,-0.25892132598950035
100,0.8,-0.10889664182302079
100,0.8,0.10858493292714169
100,0.8,0.1605877912042317
100,0.8,0.09090069485773906
100,0.8,-0.07228274454744454
100,0.8,0.08965413128312943
100,0.8,0.07417039985589628
100,0.8,0.08667498128573517
100,0.8,-0.1808240764036204
100,0.8,-0.03978458867237542
100,0.8,0.1912344538683259
100,0.8,0.16540174552886563
100,0.8,0.20755392044763907
100,0.8,0.07191296615115271
100,0.8,0.015174133836228166
100,0.8,0.010703741476472928
100,0.8,0.021719987395094977
100,0.8,0.14619917165339072
100,0.8,0.14001313192599837
100,0.8,0.049638858233108256
100,0.8,-0.03832580443222904
100,0.8,0.1329351226694435
100,0.8,0.12478432071962242
100,0.8,0.10735778648991356
100,0.8,0.06010630608545462
100,0.8,-0.13718797817072598
100,0.8,0.1510558585799677
100,0.8,-0.029455829147147575
100,0.8,0.06626996265889816
100,0.8,-0.043100572939782825
100,0.8,0.08723191638571476
100,0.8,-0.14177354144190898
100,0.8,0.16451781849623703
100,0.8,0.08040516032765305
100,0.8,0.12205437636489336
100,0.8,-0.026548472068673768
100,0.8,-0.08059663094025815
100,0.8,0.14713511395090126
100,0.8,0.19060405076135148
100,0.8,-0.20350659539197746
100,0.8,0.09194739520214448
100,0.8,-0.3839236275684659
100,0.8,-0.1788091138492347
100,0.8,0.3941637877567466
100,0.8,0.14243067225527392
100,0.8,0.03665977105021678
100,0.8,0.08810510897239698
100,0.8,-0.014237337166565656
100,0.8,-0.21993835909462184
100,0.8,0.0014535231717552222
100,0.8,0.0003898039996759195
100,0.8,-0.2562967588661742
100,0.8,0.25865639883879793
100,0.8,0.16946444149817008
100,0.8,-0.10538929636452413
100,0.8,0.04414738443279198
100,0.8,0.11073697846990332
100,0.8,0.21727107743454735
100,0.8,0.16308918107046894
100,0.8,0.0777987271341024
100,0.8,-0.11079375474264613
100,0.8,0.3226809978773327
100,0.8,-0.10094690903827797
100,0.8,0.17654500315354832
100,0.8,0.29561749589710884
100,0.8,0.13579915446558158
100,0.8,-0.0752614120265661
100,0.8,0.15785353040522773
100,0.8,0.12394968846918619
100,0.8,0.039631335166688514
100,0.8,0.24471675996825742
100,0.8,-0.005015207775594011
100,0.8,0.42042040742912956
100,0.8,0.0028431000620363633
100,0.8,0.04819151134169655
100,0.8,0.011474019397999413
100,0.8,0.28371320649134585
100,0.8,0.04866397979894828
100,0.8,0.17525599497792346
100,0.8,0.13077223371448063
100,0.8,0.023168674140159596
100,0.8,0.16994607430107322
100,0.8,0.2076573392677581
100,0.8,0.13688116811063492
100,0.8,-0.08377832073257939
100,0.8,0.21625331881561058
100,0.8,0.07327619091562756
100,0.8,0.2667846616736581
100,0.8,0.0876164679223205
100,0.8,0.1275125677672607
100,0.8,0.14992874761812872
100,0.8,0.21759599982614652
100,0.8,0.2845101117912627
100,0.8,-0.009496028411568337
100,0.8,-0.27922143699000346
100,0.8,-0.22086615576532403
100,0.8,0.322048554681162
100,0.8,-0.039002443325817815
100,0.8,-0.08581108928265523
100,0.8,-0.2689783912220607
100,0.8,-0.09716938558015259
100,0.8,0.08421307425334756
100,0.8,0.19042797894096603
100,0.8,0.10713602942973531
100,0.8,-0.08929361479967356
100,0.8,0.06773220155636643
100,0.8,0.07327543199927096
100,0.8,0.06730352761725769
100,0.8,-0.22529713682580488
100,0.8,-0.06894412869120865
100,0.8,0.20787019955250408
100,0.8,0.16876379535940167
100,0.8,0.20381442623576015
100,0.8,0.06270479103494075
100,0.8,-0.0006203621096184443
100,0.8,-0.018079760751160644
100,0.8,-0.008429701018288415
100,0.8,0.16285250019988365
100,0.8,0.16918767666999646
100,0.8,0.016978697545395605
100,0.8,-0.020941316331117933
100,0.8,0.1513981804120908
100,0.8,0.12834818549670005
100,0.8,0.08351531907254728
100,0.8,0.04064069876832832
100,0.8,-0.18262054354735852
100,0.8,0.16723891922395495
100,0.8,-0.04049245619724831
100,0.8,0.07392117977606923
100,0.8,-0.055526348650854644
100,0.8,0.08014993576968782
100,0.8,-0.14565380018268145
100,0.8,0.1793578720051391
100,0.8,0.11351778017511371
100,0.8,0.1095857579047431
100,0.8,-0.010657603865493127
100,0.8,-0.1040924368465138
100,0.8,0.1180568502348443
100,0.8,0.1307295939458568
100,0.8,-0.21531138803317093
100,0.8,0.12783441972439588
100,0.8,-0.3607512563453088
100,0.8,-0.17299943723632288
100,0.8,0.38638030481244834
100,0.8,0.1430777629311784
100,0.8,0.016976376536704585
100,0.8,0.06618834581988527
100,0.8,-0.05617621333902774
100,0.8,-0.20029377292383216
100,0.8,0.004408920860453059
100,0.8,0.016173529395204157
100,0.8,-0.23339948034425087
100,0.8,0.23778510868567065
100,0.8,0.16800674909184699
100,0.8,-0.0799363887117056
100,0.8,0.042069492569472726
100,0.8,0.12894944342025152
100,0.8,0.19963102724381301
100,0.8,0.1928773400427467
100,0.8,0.08520274540988454
100,0.8,-0.1425647460070473
100,0.8,0.3082709615596404
100,0.8,-0.12221510680719608
100,0.8,0.148580723924675
100,0.8,0.29905888460535585
100,0.8,0.10979896821055402
100,0.8,-0.08285736423049084
100,0.8,0.1581542102234515
100,0.8,0.14338134058374177
100,0.8,0.06615971383829732
100,0.8,0.23763890590757342
100,0.8,-0.04861580756022335
100,0.8,0.4377701520832135
100,0.8,0.045822418588948644
100,0.8,0.029219555709975788
100,0.8,0.012090753401850663
100,0.8,0.2316676084280129
100,0.8,0.0443971393915211
100,0.8,0.13216178088335084
100,0.8,0.16198215396873528
100,0.8,0.007771798693709009
100,0.8,0.1517822281172192
100,0.8,0.21908770744408967
100,0.8,0.15224595187726353
100,0.8,-0.06026955253012725
100,0.8,0.23571166039846825
100,0.8,0.02517628270035388
100,0.8,0.27254669787288693
100,0.8,0.09155350935832729
100,0.8,0.1458406449290713
100,0.8,0.17985701743655033
100,0.8,0.23917825278768703
100,0.8,0.273302822795171
100,0.8,0.007586784952031068
100,0.8,-0.24116075561212869
100,0.8,-0.22913544629719163
100,0.8,0.279373768188454
100,0.8,-0.03517369505467443
100,0.8,-0.07924388425983536
100,0.8,-0.25793884052194765
100,0.8,-0.1161447971152966
100,0.8,0.06611684336354262
100,0.8,0.2021611099941307
100,0.8,0.125467280792026
100,0.8,-0.09466551543459395
100,0.8,0.03206086296773183
100,0.8,0.08062841695194739
100,0.8,0.07575410512751635
100,0.8,-0.1926183303778186
100,0.8,-0.033388775661593866
100,0.8,0.24679465849439186
100,0.8,0.11082724507518851
100,0.8,0.15831521532940818
100,0.8,0.04379983851970906
100,0.8,0.014689079980712984
100,0.8,-0.026082116494911392
100,0.8,-0.003391616957225896
100,0.8,0.20753256996431305
100,0.8,0.16690452167072678
100,0.8,-0.0046137196439853595
100,0.8,-0.026434148336504926
100,0.8,0.12584590508744178
100,0.8,0.08332850505082234
100,0.8,0.07578901797940905
100,0.8,0.02357657366407402
100,0.8,-0.21362157796874995
100,0.8,0.19832552456716712
100,0.8,-0.06976512573691372
100,0.8,0.0366101889922728
100,0.8,-0.08674415083383079
100,0.8,0.03963618976129091
100,0.8,-0.1010434971995366
100,0.8,0.19393090543801642
100,0.8,0.06663876685819652
100,0.8,0.12838652908182677
100,0.8,0.00585376801534423
100,0.8,-0.12811776114281878
100,0.8,0.14115118381570363
100,0.8,0.11388348966300016
100,0.8,-0.2415565549130193
100,0.8,0.10821814663851566
100,0.8,-0.37374687479893165
100,0.8,-0.14902830378289852
100,0.8,0.3834940671831678
100,0.8,0.16502782642058716
100,0.8,-0.002718921429630239
100,0.8,0.07959369495325426
100,0.8,-0.04784955836814682
100,0.8,-0.1943218552449305
100,0.8,0.05276897514564425
100,0.8,0.04272703208545536
100,0.8,-0.2117129731130084
100,0.8,0.2577842305720015
100,0.8,0.17268377746394192
100,0.8,-0.10074582180323324
100,0.8,0.05640228523884812
100,0.8,0.11981911881351232
100,0.8,0.18954879066510452
100,0.8,0.20602673221195575
100,0.8,0.09691495183641977
100,0.8,-0.11236928476311388
100,0.8,0.31472030232807563
100,0.8,-0.08039143070488636
100,0.8,0.1523406445214267
100,0.8,0.27835800752200585
100,0.8,0.05132786598659642
100,0.8,-0.05508637335903872
100,0.8,0.1639692893993054
100,0.8,0.10940369763433218
100,0.8,0.06988415586365147
100,0.8,0.1731935758727234
100,0.8,-0.042634885785451895
100,0.8,0.4567488546380736
100,0.8,0.06194189705063611
100,0.8,0.015899625464352952
100,0.8,-0.004357379659076699
100,0.8,0.17893667283864617
100,0.8,0.03438126057946036
100,0.8,0.12283419977633017
100,0.8,0.11043983167513574
100,0.8,0.040065960518748694
100,0.8,0.16980304376290914
100,0.8,0.19230124963968562
100,0.8,0.15367791824405705
100,0.8,-0.07997613806257249
100,0.8,0.23995926454036562
100,0.8,0.002817493672511695
100,0.8,0.21328307347126893
100,0.8,0.07024354455895736
100,0.8,0.19368049103630583
100,0.8,0.1681250082353076
100,0.8,0.23662816742207335
100,0.8,0.25089202764708746
100,0.8,0.022410081623485924
100,0.8,-0.23733856564891198
100,0.8,-0.20346413128200283
100,0.8,0.315455638135451
100,0.8,-0.04676753051348035
100,0.8,-0.014721246064814952
100,0.8,-0.2826814796630496
100,0.8,-0.09783612546890197
100,0.8,0.0598544059133884
100,0.8,0.20627004272192873
100,0.8,0.1298458839260766
100,0.8,-0.08075529019327671
100,0.8,0.049767152362253424
100,0.8,0.09368899588481289
100,0.8,0.051346748461952356
100,0.8,-0.16621986741486108
100,0.8,-0.10505735150138965
100,0.8,0.28519656507265356
100,0.8,0.06405745934479316
100,0.8,0.16051465291622335
100,0.8,0.006581315718898396
100,0.8,0.03558879446463586
100,0.8,0.013679274660745477
100,0.8,0.018783545862259745
100,0.8,0.1969803954784732
100,0.8,0.20111087665117502
100,0.8,-0.025597594567057236
100,0.8,-0.09041751236268798
100,0.8,0.14607688869168722
100,0.8,0.11015676007238735
100,0.8,0.09057030176540355
100,0.8,-0.025702348098275075
100,0.8,-0.23185721871434037
100,0.8,0.2183062441001276
100,0.8,-0.09683732520359865
100,0.8,-0.020880741759916877
100,0.8,-0.05385855056415228
100,0.8,0.0567875673698147
100,0.8,-0.1570960204922578
100,0.8,0.18010461459345795
100,0.8,0.09451666074029888
100,0.8,0.09716030422620553
100,0.8,-0.002108086595324643
100,0.8,-0.09421093209828185
100,0.8,0.1375341088538786
100,0.8,0.102307290284182
100,0.8,-0.24332130100330113
100,0.8,0.12319462524796272
100,0.8,-0.3707820945559509
100,0.8,-0.1366942409208005
100,0.8,0.34136762715368507
100,0.8,0.17905418141038007
100,0.8,0.015376129053206001
100,0.8,0.07995036528643987
100,0.8,-0.002562037308355869
100,0.8,-0.15056545408168356
100,0.8,-0.013736868944156289
100,0.8,0.0174137547851128
100,0.8,-0.21296327082535882
100,0.8,0.22446859938840938
100,0.8,0.1670740465724112
100,0.8,-0.08520032412481299
100,0.8,0.01102908810763701
100,0.8,0.09550556925132661
100,0.8,0.20414389681446998
100,0.8,0.2257646524683784
100,0.8,0.06069994748857202
100,0.8,-0.09173930479039455
100,0.8,0.27956311257320243
100,0.8,-0.10886802463830048
100,0.8,0.15845757795144558
100,0.8,0.30015054849284745
100,0.8,0.06528851731246554
100,0.8,-0.07369483402981923
100,0.8,0.14437432589956672
100,0.8,0.137496171081351
100,0.8,0.10279095718831677
100,0.8,0.1363985005356952
100,0.8,-0.00048634527583582
100,0.8,0.4650114260110309
100,0.8,0.06054891604104356
100,0.8,0.02260226919420969
100,0.8,-0.0017857868613250895
100,0.8,0.1662362741079546
100,0.8,0.011363920747669454
100,0.8,0.16388074961749624
100,0.8,0.0889919012681057
100,0.8,0.05560771892169605
100,0.8,0.1793196912809922
100,0.8,0.19015595179070247
100,0.8,0.1450633073982317
100,0.8,-0.027872537104822383
100,0.8,0.2687796396350219
100,0.8,0.023982137175504903
100,0.8,0.226402978391544
100,0.8,0.08617725571716672
100,0.8,0.1802816858870175
100,0.8,0.181839669057832
100,0.8,0.26502536185904385
100,0.8,0.2464595017031293
100,0.8,0.00019521274482485753
100,0.8,-0.24710756705484346
100,0.8,-0.1797092541320362
100,0.8,0.34490409552005946
100,0.8,-0.03364612334589232
100,0.8,-0.017678639286840526
100,0.8,-0.303736308648264
100,0.8,-0.06341554568814854
100,0.8,0.07870793324068669
100,0.8,0.23921878300900856
100,0.8,0.1235852847854929
100,0.8,-0.06219554154024953
100,0.8,0.08142492323568487
100,0.8,0.07813040836520511
100,0.8,0.03474464377007998
100,0.8,-0.14580406820942954
100,0.8,-0.10162708552856065
100,0.8,0.25224127670168656
100,0.8,0.05663073248365898
100,0.8,0.19734681203853643
100,0.8,-0.01604333944387948
100,0.8,0.055322291938542635
100,0.8,-0.00391180123241206
100,0.8,-0.011408868075685686
100,0.8,0.19632947040169046
100,0.8,0.20324590608754678
100,0.8,-0.06922904435749792
100,0.8,-0.11385293925005549
100,0.8,0.1635253876945404
100,0.8,0.11895077196167314
100,0.8,0.10013986893825422
100,0.8,-0.020109370389088357
100,0.8,-0.20240597148061773
100,0.8,0.22364742489546252
100,0.8,-0.11915550387342932
100,0.8,-0.036557770222799046
100,0.8,-0.07340908455048005
100,0.8,0.09771546145567189
100,0.8,-0.16628912979765867
100,0.8,0.22295045883556242
100,0.8,0.10964484833617193
100,0.8,0.09033702546650471
100,0.8,0.016641990565825892
100,0.8,-0.06576686588032983
100,0.8,0.1309436787996127
100,0.8,0.09197199897670992
100,0.8,-0.24618105388349518
100,0.8,0.1500854419568695
100,0.8,-0.396771192794523
100,0.8,-0.13181657682423414
100,0.8,0.3548358786083453
100,0.8,0.18003655639180335
100,0.8,0.03815210844004629
100,0.8,0.06090399983278978
100,0.8,-0.02037869445792966
100,0.8,-0.13380659860980967
100,0.8,0.005698931588629108
100,0.8,0.0050933741519028075
100,0.8,-0.1951198864027658
100,0.8,0.2629602153887154
100,0.8,0.09436397043391676
100,0.8,-0.09623702982041255
100,0.8,-0.014232579798709911
100,0.8,0.07719069427846464
100,0.8,0.2168444079652236
100,0.8,0.2244787776971279
100,0.8,0.08033989115183769
100,0.8,-0.07209137762761407
100,0.8,0.2732088845510711
100,0.8,-0.12391150650934604
100,0.8,0.16154941876279505
100,0.8,0.2917349525896265
100,0.8,0.013341923699095481
100,0.8,-0.04779894848345254
100,0.8,0.11364193234232989
100,0.8,0.14312875302495395
100,0.8,0.13948460799380344
100,0.8,0.14142587450668972
100,0.8,0.005150696373639185
100,0.8,0.44794664817995944
100,0.8,0.05681789000905688
100,0.8,-0.012506730205263673
100,0.8,0.029365985677186582
100,0.8,0.14085110322394315
100,0.8,0.02789627911090591
100,0.8,0.14449600871227625
100,0.8,0.11918989288845108
100,0.8,0.041370205647912967
100,0.8,0.16095739494621705
100,0.8,0.2040568473836901
100,0.8,0.11829817972591794
100,0.8,-0.04003242296048955
100,0.8,0.2517200010099416
100,0.8,0.07992211195297934
100,0.8,0.17731718001016328
100,0.8,0.1066764969138303
100,0.8,0.19512682731594033
100,0.8,0.169414102342998
100,0.8,0.24910708691581576
100,0.8,0.25459622078649674
100,0.8,-0.01729877364213257
100,0.8,-0.2574625460071266
100,0.8,-0.19897695266525234
100,0.8,0.3858061082960726
100,0.8,-0.03373635061405649
100,0.8,-0.04788498080041981
100,0.8,-0.24502277559702623
100,0.8,-0.0263572504370865
100,0.8,0.04908245667006011
100,0.8,0.2612972418292442
100,0.8,0.10185619871821974
100,0.8,-0.042307722952830674
100,0.8,0.09693886985014384
100,0.8,0.08086181845825653
100,0.8,0.0500828985651669
100,0.8,-0.12910615615271306
100,0.8,-0.12459923236443658
100,0.8,0.27536918789035686
100,0.8,0.005742767333861032
100,0.8,0.16188768192025
100,0.8,0.016420055524595866
100,0.8,0.09239972944532333
100,0.8,-0.01700046149413117
100,0.8,-0.03793233671313541
100,0.8,0.19205561064987045
100,0.8,0.18620519211919095
100,0.8,-0.03530537235639804
100,0.8,-0.13029592725859765
100,0.8,0.14872029404376957
100,0.8,0.13632521170008402
100,0.8,0.07631394120403812
100,0.8,-0.05888558106150663
100,0.8,-0.17157302713457145
100,0.8,0.20427876074847548
100,0.8,-0.11113055572568742
100,0.8,-0.06094943480788589
100,0.8,-0.08123894019073141
100,0.8,0.11642812013563741
100,0.8,-0.16609145736799358
100,0.8,0.21793464717785282
100,0.8,0.1291738226477861
100,0.8,0.06971728642090139
100,0.8,0.015983159693120898
100,0.8,-0.0717927146722948
100,0.8,0.10490586435558154
100,0.8,0.09831453542972231
100,0.8,-0.25219301530733756
100,0.8,0.1780825055619939
100,0.8,-0.40338350392684674
100,0.8,-0.11984543115494253
100,0.8,0.37929614044973586
100,0.8,0.17756652321184047
100,0.8,0.032794255660061646
100,0.8,0.042335212560899296
100,0.8,-0.016854232586568152
100,0.8,-0.13673038521069786
100,0.8,-0.02178391099834025
100,0.8,0.004876883533496291
100,0.8,-0.17873873343577557
100,0.8,0.28204990776185696
100,0.8,0.09973081112251735
100,0.8,-0.07437164427187
100,0.8,-0.013421292277593456
100,0.8,0.057462344167406344
100,0.8,0.2383975284900231
100,0.8,0.20477544018941993
100,0.8,0.0592947784674232
100,0.8,-0.03874311385459306
100,0.8,0.2772383779569433
100,0.8,-0.15391814898604705
100,0.8,0.2158650167509098
100,0.8,0.26684311109389525
100,0.8,0.026281937990575877
100,0.8,-0.04257914495563808
100,0.8,0.10430446613862934
100,0.8,0.14415651402536103
100,0.8,0.12721854666229238
100,0.8,0.14259850633616136
100,0.8,0.030432708878214854
100,0.8,0.43766051265903827
100,0.8,0.010852418182682833
100,0.8,-0.025386510119751016
100,0.8,0.05394303054487999
100,0.8,0.1969275914342278
100,0.8,-0.0004231810802442837
100,0.8,0.10471640925303537
100,0.8,0.13613969819396488
100,0.8,0.0378408879006253
100,0.8,0.1610213262880681
100,0.8,0.15994290295660873
100,0.8,0.13605491649858534
100,0.8,-0.03818978885169449
100,0.8,0.23046067278363103
100,0.8,0.05931932337876625
100,0.8,0.134411237472154
100,0.8,0.06967060411867064
100,0.8,0.1925069324939008
100,0.8,0.16763062000927037
100,0.8,0.21460271828627261
100,0.8,0.2601004116271229
100,0.8,-0.0029708060532376737
100,0.8,-0.27515037988722285
100,0.8,-0.20872584800203386
100,0.8,0.36628572018155076
100,0.8,-0.07123351818325876
100,0.8,-0.017631653705787897
100,0.8,-0.2249346587740651
100,0.8,-0.037655435201925075
100,0.8,0.05885663692648535
100,0.8,0.28019262913799814
100,0.8,0.1202165879710183
100,0.8,-0.03896601106386282
100,0.8,0.07442132748197938
100,0.8,0.07309598345416327
100,0.8,0.0599099861065282
100,0.8,-0.1451482802543744
100,0.8,-0.13957897979178205
100,0.8,0.27915756253801227
100,0.8,0.0038186072045908407
100,0.8,0.1486439290474113
100,0.8,0.015689432392210278
100,0.8,0.07060413130213376
100,0.8,-0.027104960832924088
100,0.8,-0.05412432127883609
100,0.8,0.1892889651321184
100,0.8,0.21711000850510073
100,0.8,-0.06412304350490076
100,0.8,-0.08449674948595948
100,0.8,0.15172682242372293
100,0.8,0.13681249325134834
100,0.8,0.09049973346781073
100,0.8,-0.0464276976181977
100,0.8,-0.14313864111151606
100,0.8,0.18226322464993316
100,0.8,-0.12671305919586304
100,0.8,-0.034743637944554796
100,0.8,-0.10755572604893678
100,0.8,0.1048730554118075
100,0.8,-0.1776750320067073
100,0.8,0.2729990756064705
100,0.8,0.09884862801488747
100,0.8,0.08979484571517454
100,0.8,0.04294988578311934
100,0.8,-0.04420155977182869
100,0.8,0.14350174325402368
100,0.8,0.08827316103452709
100,0.8,-0.2602678651952828
100,0.8,0.19655304216704952
100,0.8,-0.4114924431004962
100,0.8,-0.15518348740992316
100,0.8,0.35405903557411506
100,0.8,0.18928868200404328
100,0.8,0.07707774164309829
100,0.8,0.01965027742291614
100,0.8,-0.004483868743798159
100,0.8,-0.1180425240895347
100,0.8,-0.05385618095937579
100,0.8,0.03252988674622479
100,0.8,-0.16807490261285737
100,0.8,0.2550100754651878
100,0.8,0.0901974815726895
100,0.8,-0.0549334956031073
100,0.8,-0.01003428691991175
100,0.8,0.05386865578195632
100,0.8,0.2499432849118607
100,0.8,0.1951035137235868
100,0.8,0.0690029563363181
100,0.8,-0.04469355391568115
100,0.8,0.2846174665955015
100,0.8,-0.09377961285747888
100,0.8,0.21734510559337147
100,0.8,0.2585217553718861
100,0.8,0.05666347432972288
100,0.8,-0.018904018068456277
100,0.8,0.10839781131437026
100,0.8,0.16407904459326517
100,0.8,0.09789042877784998
100,0.8,0.12999256516876212
100,0.8,0.04447620206787768
100,0.8,0.43108224967391745
100,0.8,0.02334435530726733
100,0.8,-0.017640342564861734
100,0.8,0.04902111395880571
100,0.8,0.20619980555076972
100,0.8,-0.007832926959401654
100,0.8,0.12448269156471242
100,0.8,0.1335840213824877
100,0.8,0.02199130378164149
100,0.8,0.11915171345631848
100,0.8,0.18994747978584794
100,0.8,0.11854709385490435
100,0.8,-0.016245229012426598
100,0.8,0.23615469130082847
100,0.8,0.053183039256065004
100,0.8,0.13750621613427969
100,0.8,0.06514685286232406
100,0.8,0.1756592584909715
100,0.8,0.1630406388731238
100,0.8,0.2222028336379731
100,0.8,0.26720992833895924
100,0.8,-0.012305370720100317
100,0.8,-0.26242197558112546
100,0.8,-0.21088131503820878
100,0.8,0.37282539926668135
100,0.8,-0.10581659731924048
100,0.8,-0.009385916317061583
100,0.8,-0.2217623125366286
100,0.8,-0.012555245765218893
100,0.8,0.07139557002091923
100,0.8,0.2867529459308976
100,0.8,0.11405750928534034
100,0.8,-0.08344035431160918
100,0.8,0.08796309195429348
100,0.8,0.0993814036445734
100,0.8,0.05762493292750932
100,0.8,-0.1192983127024177
100,0.8,-0.15700296207475947
100,0.8,0.27004177017824293
100,0.8,-0.030544775497344648
100,0.8,0.13475830498604877
100,0.8,0.005998830673660294
100,0.8,0.045327481106989434
100,0.8,-0.049927045611733334
100,0.8,-0.0641256636833627
100,0.8,0.17375118980047619
100,0.8,0.21370708028921825
100,0.8,-0.05924223455048692
100,0.8,-0.10529782274783157
100,0.8,0.18007514776826028
100,0.8,0.14056808261090642
100,0.8,0.0977597673463567
100,0.8,-0.0674206849966649
100,0.8,-0.17197518368878503
100,0.8,0.20880783116102197
100,0.8,-0.15687028226994215
100,0.8,-0.0473249255028378
100,0.8,-0.08333245076792464
100,0.8,0.11167300321335089
100,0.8,-0.17720332205531586
100,0.8,0.25179722723390885
100,0.8,0.11630999394082729
100,0.8,0.07121284054133224
100,0.8,0.05345827813934232
100,0.8,-0.02644950876955772
100,0.8,0.12906654933125683
100,0.8,0.08302973398690039
100,0.8,-0.24005469615555652
100,0.8,0.20861248405627625
100,0.8,-0.43134465247627196
100,0.8,-0.1707695706429979
100,0.8,0.3222123921488237
100,0.8,0.13169403743260996
100,0.8,0.07003794296005701
100,0.8,-0.01115219013359292
100,0.8,-0.03322508972405265
100,0.8,-0.06589767422273259
100,0.8,-0.05128188459841372
100,0.8,0.07147304840054396
100,0.8,-0.2091719624834325
100,0.8,0.260338234836844
100,0.8,0.08066039838684756
100,0.8,-0.009783162580117822
100,0.8,-0.0634846082592337
100,0.8,0.07839995879842371
100,0.8,0.25664572242908806
100,0.8,0.1672750520768636
100,0.8,0.04707841776339183
100,0.8,-0.04016035216902756
100,0.8,0.24841430570888523
100,0.8,-0.12444280588057328
100,0.8,0.24034751193376655
100,0.8,0.23539448234869376
100,0.8,0.04033635906230462
100,0.8,-0.029104433880077087
100,0.8,0.1137686902521617
100,0.8,0.16147006293402255
100,0.8,0.047697804937735636
100,0.8,0.1067330586749856
100,0.8,0.05543391681070791
100,0.8,0.42270577016864874
100,0.8,0.023005306395000605
100,0.8,-0.01393448865725615
100,0.8,0.016834131528555042
100,0.8,0.22971869452205704
100,0.8,0.033439904992624746
100,0.8,0.15252853114061526
100,0.8,0.08029618835959679
100,0.8,0.02147042876755876
100,0.8,0.12085510115773596
100,0.8,0.1856193365923156
100,0.8,0.09639165150339153
100,0.8,0.010036673751815429
100,0.8,0.22770174614640715
100,0.8,0.06307691119125068
100,0.8,0.07066945804275963
100,0.8,0.07401708096720512
100,0.8,0.18901378648480716
100,0.8,0.1615739330016167
100,0.8,0.20403007036405488
100,0.8,0.2559914701855943
100,0.8,-0.012605228492541266
100,0.8,-0.2682425258261983
100,0.8,-0.20707401255992217
100,0.8,0.40924086510459967
100,0.8,-0.054895861217950516
100,0.8,-0.007049820026028897
100,0.8,-0.17404447967088243
100,0.8,0.003314262511841193
100,0.8,0.05399649914396481
100,0.8,0.24626581657266639
100,0.8,0.0929691967402965
100,0.8,-0.11866919629716853
100,0.8,0.06958966685768857
100,0.8,0.09261971208391291
100,0.8,0.05087765633658919
100,0.8,-0.12428911011822202
100,0.8,-0.14457019640774868
100,0.8,0.27178700247092796
100,0.8,-0.05227419958853883
100,0.8,0.15172033797392023
100,0.8,0.0065816762324512725
100,0.8,0.0435340131894634
100,0.8,-0.05829638901384709
100,0.8,-0.10256790886894561
100,0.8,0.15658777165326576
100,0.8,0.21007071901265492
100,0.8,-0.08604855691432185
100,0.8,-0.12452673620478
100,0.8,0.16800486696471406
100,0.8,0.12719755513937567
100,0.8,0.08984718339410964
100,0.8,-0.03372589466521427
100,0.8,-0.18485270950303256
100,0.8,0.1710325838037724
100,0.8,-0.13756228887560953
100,0.8,-0.017147945755490925
100,0.8,-0.06332162159664999
100,0.8,0.10138171448334657
100,0.8,-0.21975659932090352
100,0.8,0.2243452794085048
100,0.8,0.12475712758372702
100,0.8,0.06704138550777383
100,0.8,0.09042972713799316
100,0.8,-0.05227140338779606
100,0.8,0.16456897970405748
100,0.8,0.11796919326157732
100,0.8,-0.22092434780539785
100,0.8,0.20227533782529258
100,0.8,-0.46551052238650004
100,0.8,-0.1583448536643256
100,0.8,0.31677253836444863
100,0.8,0.1475327055918955
100,0.8,0.059342513697080615
100,0.8,-0.007152623224955246
100,0.8,-0.0631601829033099
100,0.8,-0.05833024032876715
100,0.8,-0.047152667113660666
100,0.8,0.06579141732029221
100,0.8,-0.17939061295079597
100,0.8,0.26368971764453825
100,0.8,0.08770187643978176
100,0.8,0.003173527636678486
100,0.8,-0.07697121620016274
100,0.8,0.02980589277339192
100,0.8,0.2612521272916027
100,0.8,0.1687628521460347
100,0.8,0.07141259691048561
100,0.8,-0.06773462010206464
100,0.8,0.22214112855409296
100,0.8,-0.14478094708330458
100,0.8,0.2286966588466946
100,0.8,0.17225063560227555
100,0.8,0.004433509788576729
100,0.8,-0.05827981710862869
100,0.8,0.11939431867947495
100,0.8,0.17937870333530076
100,0.8,0.03864868271053634
100,0.8,0.09621635783256242
100,0.8,0.07911056889591031
100,0.8,0.41192066059517884
100,0.8,-0.02437176340724552
100,0.8,-0.015336171884183259
100,0.8,0.014618156957182117
100,0.8,0.22627770328281882
100,0.8,0.019291284925025035
100,0.8,0.13442731580215722
100,0.8,0.044526032764837
100,0.8,0.004798874078365146
100,0.8,0.10625448797011394
100,0.8,0.18292650389424275
100,0.8,0.07238372550959564
100,0.8,0.004487962165638493
100,0.8,0.26643476931190496
100,0.8,0.04506170822210738
100,0.8,0.06323183880651477
100,0.8,0.07835615028556689
100,0.8,0.19840048702099083
100,0.8,0.17667910597168834
100,0.8,0.24467204303898138
100,0.8,0.26443154662049295
100,0.8,-0.023717810085665737
100,0.8,-0.25567044254363064
100,0.8,-0.19057610503764116
100,0.8,0.3986487232691978
100,0.8,-0.050584087416462614
100,0.8,0.02533542309507322
100,0.8,-0.19969926783840863
100,0.8,0.017688846483791744
100,0.8,0.05005137762110295
100,0.8,0.20879368128962048
100,0.8,0.11484647019818084
100,0.8,-0.06242628461996205
100,0.8,0.04774839364355295
100,0.8,0.05570744933885994
100,0.8,0.01400490303302071
100,0.8,-0.09880307264339834
100,0.8,-0.16361976381293353
100,0.8,0.2754142688248967
100,0.8,-0.09195589685474365
100,0.8,0.12314954323730146
100,0.8,-0.00796864915184603
100,0.8,0.04026662142430393
100,0.8,-0.07591043779479484
100,0.8,-0.09818246049299698
100,0.8,0.15988791671967226
100,0.8,0.18602492231621995
100,0.8,-0.04549357905697287
100,0.8,-0.13072792156836135
100,0.8,0.10443969899334356
100,0.8,0.11394339367722194
100,0.8,0.1270976965261392
100,0.8,-0.02766836389358032
100,0.8,-0.18536084362352181
100,0.8,0.17896673083294434
100,0.8,-0.14922308224485584
100,0.8,-0.03239659457033959
100,0.8,-0.07970325992912618
100,0.8,0.07566442102806388
100,0.8,-0.2162832221474484
100,0.8,0.25009782076080483
100,0.8,0.11843890512169858
100,0.8,0.1047884365066171
100,0.8,0.13019241357356323
100,0.8,-0.03669997890189656
100,0.8,0.18116385281582145
100,0.8,0.12446981762169394
100,0.8,-0.23973651273398824
100,0.8,0.2244730049219893
100,0.8,-0.4669653166316611
100,0.8,-0.1988436626612404
100,0.8,0.29880723172554796
100,0.8,0.17544906939158997
100,0.8,0.049246998242556655
100,0.8,-0.008966118979188397
100,0.8,-0.06596198918917633
100,0.8,-0.03558578969027506
100,0.8,-0.013239609808898312
100,0.8,0.033618527185510415
100,0.8,-0.16010318491670797
100,0.8,0.2728755082593805
100,0.8,0.0860018126129349
100,0.8,0.019206471716125686
100,0.8,-0.09745318927278497
100,0.8,0.026433806219768742
100,0.8,0.29751596410593656
100,0.8,0.10517522731969607
100,0.8,0.08319378086408627
100,0.8,-0.01579070088578041
100,0.8,0.200980086957817
100,0.8,-0.11710468008847351
100,0.8,0.21833436002822726
100,0.8,0.11421974973195095
100,0.8,0.004266189664404685
100,0.8,-0.03417721762685666
100,0.8,0.1689424455590899
100,0.8,0.16352708413301295
100,0.8,0.024780598197722627
100,0.8,0.08411132444688577
100,0.8,0.07643078768970053
100,0.8,0.40327138451385064
100,0.8,-0.007101018627313139
100,0.8,0.01783511492047545
100,0.8,0.0012795215582933396
100,0.8,0.18070975199036798
100,0.8,0.022640925934504175
100,0.8,0.1372527010359045
100,0.8,0.01581355851994921
100,0.8,-0.012825888135186415
100,0.8,0.13009447938172267
100,0.8,0.16521542089761035
100,0.8,0.04764151944738071
100,0.8,-0.009270319626723112
100,0.8,0.25596810410599796
100,0.8,0.04588507914517877
100,0.8,0.0911895294979777
100,0.8,0.07295352932684321
100,0.8,0.22658263130548895
100,0.8,0.1842296215495102
100,0.8,0.22648823940588
100,0.8,0.2667664595693053
100,0.8,-0.008848122334516617
100,0.8,-0.23300752911032818
100,0.8,-0.14001033422492998
100,0.8,0.3908146604168744
100,0.8,-0.04724063332412323
100,0.8,0.010482629764234376
100,0.8,-0.19474415598445677
100,0.8,0.03286730223091912
100,0.8,0.09026675136341283
100,0.8,0.17487165114677855
100,0.8,0.09506056850273943
100,0.8,-0.027406894270125194
100,0.8,0.08730213898413802
100,0.8,0.03550227080880397
100,0.8,-0.020680830534499785
100,0.8,-0.07681910957907495
100,0.8,-0.15306992861754554
100,0.8,0.23338013734768115
100,0.8,-0.0717909220310685
100,0.8,0.08280688424911205
100,0.8,-0.005660549830197592
100,0.8,0.053495457054545704
100,0.8,-0.06888803611057162
100,0.8,-0.08860090367095125
100,0.8,0.16007583956316315
100,0.8,0.19731789184634857
100,0.8,-0.056570306185606795
100,0.8,-0.11881285054760263
100,0.8,0.13376225416766002
100,0.8,0.07535693246007824
100,0.8,0.08591631761782992
100,0.8,-0.07098894735180493
100,0.8,-0.1570009815024026
100,0.8,0.15986646688593745
100,0.8,-0.17818812824004437
100,0.8,-0.0010060897620499
100,0.8,-0.10329419575001318
100,0.8,0.08551701346663859
100,0.8,-0.24217535362459108
100,0.8,0.2872605940746086
100,0.8,0.1384174594438221
100,0.8,0.036251287048760086
100,0.8,0.10073677724484008
100,0.8,-0.032968315069056155
100,0.8,0.12083291146765163
100,0.8,0.08389445065571177
100,0.8,-0.24565285368287004
100,0.8,0.2084426404481965
100,0.8,-0.47031699439683444
100,0.8,-0.19553850627108738
100,0.8,0.2994179079691978
100,0.8,0.12962635957250637
100,0.8,0.04323797605879545
100,0.8,-0.03260854003148932
100,0.8,-0.07476254894369863
100,0.8,-0.048846194450861184
100,0.8,-0.05534968440344468
100,0.8,0.030245890570433077
100,0.8,-0.1626228695043146
100,0.8,0.3067581111413775
100,0.8,0.09171357032904251
100,0.8,0.027891997389393276
100,0.8,-0.08766410132811969
100,0.8,0.006523730959606411
100,0.8,0.2713410160112426
100,0.8,0.12468024765782548
100,0.8,0.1345780321069455
100,0.8,-0.013902873611877099
100,0.8,0.2556391272696315
100,0.8,-0.09351771033698678
100,0.8,0.25847332077918905
100,0.8,0.1193353370911705
100,0.8,-0.01241938258259987
100,0.8,-0.04960691717576458
100,0.8,0.2135882926176132
100,0.8,0.1511462690237531
100,0.8,0.021004072659262896
100,0.8,0.045572725324460356
100,0.8,0.09910139865861255
100,0.8,0.3811061827189164
100,0.8,-0.035555060541773376
100,0.8,0.0297047883680623
100,0.8,-0.027970657027307767
100,0.8,0.14947459371524693
100,0.8,-0.0238149434097247
100,0.8,0.12500233984506207
100,0.8,-0.015996841657060567
100,0.8,-0.009254918300428993
100,0.8,0.11385585246356218
100,0.8,0.16422247465339146
100,0.8,-0.0010955903345819529
100,0.8,-0.009706114858591342
100,0.8,0.2182062934164785
100,0.8,0.027205872715164683
100,0.8,0.11480076554422283
100,0.8,0.06549977186086764
100,0.8,0.2357209731151212
100,0.8,0.15350800635379366
100,0.8,0.20215295494927102
100,0.8,0.2717203660084069
100,0.8,-0.00799151790916124
100,0.8,-0.2160783060258929
100,0.8,-0.12875010719106417
100,0.8,0.35546741335381515
100,0.8,-0.043477719156263195
100,0.8,0.005748020301042978
100,0.8,-0.20801359473118222
100,0.8,0.04680724940426959
100,0.8,0.08372587819730964
100,0.8,0.14362647091676523
100,0.8,0.0864065877856035
100,0.8,-0.05455081056382021
100,0.8,0.04668088062721179
100,0.8,0.06322427310721289
100,0.8,-0.0020791148687897554
100,0.8,-0.08548039671339414
100,0.8,-0.18497937265133874
100,0.8,0.2418982240561217
100,0.8,-0.1110854345167116
100,0.8,0.061691763195869775
100,0.8,-0.004420674387072054
100,0.8,0.03550396625522261
100,0.8,-0.07719202320245255
100,0.8,-0.07850474033642492
100,0.8,0.17568559303057152
100,0.8,0.1756204420941302
100,0.8,-0.048489558045177183
100,0.8,-0.11109235662090544
100,0.8,0.13877291488906282
100,0.8,0.06524554104974616
100,0.8,0.09325349605975841
100,0.8,-0.07753762905635089
100,0.8,-0.15304207898597683
100,0.8,0.17616710280997516
100,0.8,-0.17743754163977724
100,0.8,-0.0034279295582335225
100,0.8,-0.09178377198888628
100,0.8,0.07572285698086284
100,0.8,-0.25094991286002444
100,0.8,0.2925483151617758
100,0.8,0.1418384377585898
100,0.8,0.03211015764970444
100,0.8,0.0911400326107092
100,0.8,-0.04101955455848048
100,0.8,0.12532544177450333
100,0.8,0.03346565335945844
100,0.8,-0.25386857964681664
100,0.8,0.24830628641381197
100,0.8,-0.47277079696346774
100,0.8,-0.18975362402699894
100,0.8,0.2752585106973946
100,0.8,0.07210493218096606
100,0.8,0.0422362145063639
100,0.8,-0.012728698136850092
100,0.8,-0.12707044679328858
100,0.8,-0.05643718483670597
100,0.8,-0.07698860389192266
100,0.8,0.028262560836573948
100,0.8,-0.1485816580248181
100,0.8,0.3095855129591545
100,0.8,0.051979595685984675
100,0.8,0.015020041739816747
100,0.8,-0.10804592538208038
100,0.8,-0.011535058232578345
100,0.8,0.27744940142375096
100,0.8,0.12953612851188723
100,0.8,0.07576425759124615
100,0.8,0.01902384951695453
100,0.8,0.26082372938959575
100,0.8,-0.0881914564090292
100,0.8,0.2657780978312932
100,0.8,0.12324309733803283
100,0.8,-0.023537925536729176
100,0.8,-0.029907214518203065
100,0.8,0.22561075399681735
100,0.8,0.10428855814674023
100,0.8,0.01680922647313885
100,0.8,0.07157868479575491
100,0.8,0.13360295615746873
100,0.8,0.3451367004671724
100,0.8,-0.07625322855386846
100,0.8,0.04442544581926438
100,0.8,-0.02389113750076817
100,0.8,0.09491832846241498
100,0.8,-0.004589322580929256
100,0.8,0.12797904581262784
100,0.8,-0.04716448400468503
100,0.8,-0.005349853900584911
100,0.8,0.11559340124230158
100,0.8,0.1327590009282277
100,0.8,0.028532566539902326
100,0.8,-0.04131431738201555
100,0.8,0.2119222534985985
100,0.8,0.009527649428808084
100,0.8,0.13270189628097634
100,0.8,0.0481709194664008
100,0.8,0.22972805981840294
100,0.8,0.1558551290986767
100,0.8,0.21320118232311425
100,0.8,0.2877994772847167
100,0.8,-0.005730348790985041
100,0.8,-0.21039950658615914
100,0.8,-0.128999574023376
100,0.8,0.3625228589972256
100,0.8,-0.0421778712229413
100,0.8,0.004851683985670619
100,0.8,-0.23456152856559795
100,0.8,0.03980892064943298
100,0.8,0.10859388537382807
100,0.8,0.08960481076605192
100,0.8,0.08354302987070135
100,0.8,-0.034999804956880175
100,0.8,0.029759800283646422
100,0.8,0.05315217101653236
100,0.8,-0.005227416621020886
100,0.8,-0.07675940311179233
100,0.8,-0.15083100298866983
100,0.8,0.25014391163624555
100,0.8,-0.11820307154038093
100,0.8,0.054529634765928314
100,0.8,0.02151801413820529
100,0.8,0.06356503632835456
100,0.8,-0.053302550645934234
100,0.8,-0.10697232364604635
100,0.8,0.16733152607553398
100,0.8,0.1888271614529563
100,0.8,-0.035373450191587885
100,0.8,-0.12567037051125737
100,0.8,0.14174081871834954
100,0.8,0.03217785192385297
100,0.8,0.06677257420277787
100,0.8,-0.04646155969418473
100,0.8,-0.20365532986062995
100,0.8,0.16704969141811488
100,0.8,-0.16597308612889902
100,0.8,0.0011129790224019942
100,0.8,-0.0651363635490723
100,0.8,0.08556875331132119
100,0.8,-0.2568163901188129
100,0.8,0.28746969375971254
100,0.8,0.12154474197273207
100,0.8,0.05334604719657552
100,0.8,0.06568662908472404
100,0.8,-0.06280065626546874
100,0.8,0.1079972901408274
100,0.8,-0.01566517783545569
100,0.8,-0.2672993826560585
100,0.8,0.2121530241234746
100,0.8,-0.4517151779988927
100,0.8,-0.1884304743737915
100,0.8,0.26403164115747624
100,0.8,0.06873533050179913
100,0.8,0.09029379576705417
100,0.8,-0.00869426896956842
100,0.8,-0.14408280684779431
100,0.8,-0.061491086117028276
100,0.8,-0.09473645249756668
100,0.8,0.008763713966994758
100,0.8,-0.13628800377205294
100,0.8,0.31077755911029925
100,0.8,0.04991354583827992
100,0.8,0.04393730315368565
100,0.8,-0.08091940212368672
100,0.8,-0.04122497207714666
100,0.8,0.24630945202030363
100,0.8,0.14787780216978774
100,0.8,0.09993126050398526
100,0.8,0.048119011181408315
100,0.8,0.25105561230786544
100,0.8,-0.0969351241052566
100,0.8,0.284330788042554
100,0.8,0.07478519998807798
100,0.8,-0.023619431772035605
100,0.8,-0.023157945920599943
100,0.8,0.2392515298721296
100,0.8,0.04988149311538788
100,0.8,0.02346293175755374
100,0.8,0.061192357726031515
100,0.8,0.11248342843174602
100,0.8,0.335393398755806
100,0.8,-0.031287032814167406
100,0.8,0.0026331439108879806
100,0.8,-0.03820340056729519
100,0.8,0.081369353148048
100,0.8,0.02026648673266749
100,0.8,0.14181620055305508
100,0.8,-0.046148291187489046
100,0.8,0.017734308434824087
100,0.8,0.08669737583511364
100,0.8,0.13566502221422105
100,0.8,0.0009397884246443056
100,0.8,-0.05374179236218444
100,0.8,0.22710221321440205
100,0.8,-0.008749018860774883
100,0.8,0.14297126213856473
100,0.8,0.04902807088873136
100,0.8,0.2237408692117999
100,0.8,0.1705929090337408
100,0.8,0.20318908439636926
100,0.8,0.3243365430959017
100,0.8,-0.007662211067526937
100,0.8,-0.16710600311098878
100,0.8,-0.09921299533677619
100,0.8,0.3718898862168427
100,0.8,-0.0625769313650542
100,0.8,0.007023857482845841
100,0.8,-0.2573623470869863
100,0.8,0.08736702755540585
100,0.8,0.0715043720970101
100,0.8,0.06854829165361025
100,0.8,0.12626921126546264
100,0.8,-0.001373749760976395
100,0.8,0.023392357918484485
100,0.8,0.01748813343963498
100,0.8,0.060781020845857195
100,0.8,-0.057209641223060805
100,0.8,-0.1395614669676915
100,0.8,0.24333116469095978
100,0.8,-0.06892476579961952
100,0.8,0.08046712381058381
100,0.8,0.05554164536644138
100,0.8,0.09411466412167098
100,0.8,-0.09111596377377779
100,0.8,-0.16361564453865285
100,0.8,0.16900110500547483
100,0.8,0.1704714083214018
100,0.8,-0.051064470306015776
100,0.8,-0.09315322160351487
100,0.8,0.11989024533949166
100,0.8,0.04931302458168823
100,0.8,0.03048380167432061
100,0.8,-0.06265736973207679
100,0.8,-0.18159343516439233
100,0.8,0.1705061352443604
100,0.8,-0.20428926468741315
100,0.8,-0.014696971275222648
100,0.8,-0.04348066191721927
100,0.8,0.07741414699345076
100,0.8,-0.24638925405330553
100,0.8,0.29097914111252926
100,0.8,0.12712594095918048
100,0.8,0.027372288943490555
100,0.8,0.07341455663625833
100,0.8,-0.051056622414802535
100,0.8,0.15233698624236408
100,0.8,0.004877202504530587
100,0.8,-0.25905920240070135
100,0.8,0.20262984909034965
100,0.8,-0.4004971537400794
100,0.8,-0.12570856576761233
100,0.8,0.210494085939615
100,0.8,0.07977606931641078
100,0.8,0.037314409896283963
100,0.8,-0.0011654888052385459
100,0.8,-0.12409619383736725
100,0.8,-0.0746560773642206
100,0.8,-0.11648807155546415
100,0.8,-0.046042658793636275
100,0.8,-0.13714992876446727
100,0.8,0.32477254544250694
100,0.8,0.0013995847761043125
100,0.8,0.06787281667346949
100,0.8,-0.09970206018531123
100,0.8,-0.028297895091842575
100,0.8,0.2685735802349976
100,0.8,0.08820098291003885
100,0.8,0.11850616389245126
100,0.8,0.024997642896718554
100,0.8,0.25742280468723155
100,0.8,-0.13117439726112662
100,0.8,0.25150429617168796
100,0.8,0.0698534971914656
100,0.8,0.014399605392221028
100,0.8,-0.03986077931171703
100,0.8,0.2062849866796567
100,0.8,0.07850669292371837
100,0.8,0.035683293706927445
100,0.8,0.051031313179979776
100,0.8,0.05324079478601984
100,0.8,0.3102587273527858
100,0.8,-0.028744176499580568
100,0.8,-0.02670302405871654
100,0.8,-0.026422643770021903
100,0.8,0.1057041541011346
100,0.8,0.00426853637002651
100,0.8,0.1069001555404837
100,0.8,-0.061205089227491266
100,0.8,0.008497840508256438
100,0.8,0.13811515254141843
100,0.8,0.1566009445118075
100,0.8,0.020236381877136722
100,0.8,-0.06774082920504912
100,0.8,0.22494117210408204
100,0.8,0.012728413192085598
100,0.8,0.15546718693896439
100,0.8,0.021893368354515632
100,0.8,0.23106875227793663
100,0.8,0.17238334091323948
100,0.8,0.22492082477783537
100,0.8,0.3062614191653481
100,0.8,0.012684891262068732
100,0.8,-0.0809565325999543
100,0.8,-0.09969637923369215
100,0.8,0.4033819011177968
100,0.8,-0.028373012849048074
100,0.8,-0.014731245989531861
100,0.8,-0.23752470349712446
100,0.8,0.05944183713907325
100,0.8,0.04514347277267668
100,0.8,0.10572225084457205
100,0.8,0.1055394634093707
100,0.8,-0.020867989808541588
100,0.8,0.006567473521387335
100,0.8,0.04445785899814858
100,0.8,0.059130391211225056
100,0.8,-0.070643193372762
100,0.8,-0.12718982345640378
100,0.8,0.2650421347138462
100,0.8,-0.06886004492599059
100,0.8,0.09123168744643309
100,0.8,0.016619813606337352
100,0.8,0.0657045334367945
100,0.8,-0.07635678597563028
100,0.8,-0.1569121069672213
100,0.8,0.17200949751376468
100,0.8,0.09632148381593969
100,0.8,-0.07285301272069544
100,0.8,-0.10117840889193214
100,0.8,0.14580538010021762
100,0.8,0.08561227069042357
100,0.8,0.03584143069358259
100,0.8,-0.06806232729201876
100,0.8,-0.147732153886058
100,0.8,0.1710751617865748
100,0.8,-0.1549843509183808
100,0.8,-0.0524520244676733
100,0.8,-0.010730777651279944
100,0.8,0.07357710905082815
100,0.8,-0.2073022059866327
100,0.8,0.2979601654034374
100,0.8,0.09310526243425486
100,0.8,0.08051698920451873
100,0.8,0.030713586672997374
100,0.8,-0.07870907795879517
100,0.8,0.1611166208186596
100,0.8,6.871221004267625e-5
100,0.8,-0.2866030009241817
100,0.8,0.20505414500431218
100,0.8,-0.42803659397064475
100,0.8,-0.10573821691833185
100,0.8,0.24248628297736197
100,0.8,0.06500080549434575
100,0.8,-0.0053630390866654665
100,0.8,-0.005380616783450432
100,0.8,-0.12090698777379175
100,0.8,-0.0924452203604445
100,0.8,-0.09045467266015202
100,0.8,-0.0950205401970024
100,0.8,-0.15779093286148083
100,0.8,0.3444234672642843
100,0.8,0.05498401818754779
100,0.8,0.05902935752754246
100,0.8,-0.09273627119437533
100,0.8,-0.022448189476445713
100,0.8,0.31026855078888504
100,0.8,0.1046616691183747
100,0.8,0.16341219196812526
100,0.8,-0.014553674290510977
100,0.8,0.25642907005174215
100,0.8,-0.1367228102801957
100,0.8,0.25253372457122975
100,0.8,0.10030744259713452
100,0.8,0.07194799708514062
100,0.8,-0.0391145229812504
100,0.8,0.2546387428450272
100,0.8,0.060072952852015686
100,0.8,0.05676757143594938
100,0.8,0.052636017715625094
100,0.8,0.05968101824011285
100,0.8,0.31651656927532046
100,0.8,-0.03574830768820449
100,0.8,0.008614962184906006
100,0.8,-0.04613351517744118
100,0.8,0.08596501229753475
100,0.8,-0.006162075429369463
100,0.8,0.11723564713416385
100,0.8,-0.07428340832361915
100,0.8,0.05068409010632387
100,0.8,0.13478200963042736
100,0.8,0.15716447015600413
100,0.8,0.028503801938005682
100,0.8,-0.020472882899502044
100,0.8,0.17210241810251717
100,0.8,0.0013265137451995202
100,0.8,0.14306246877339887
100,0.8,0.07091184144236422
100,0.8,0.22918706646007064
100,0.8,0.16385169710521838
100,0.8,0.19658919449479698
100,0.8,0.34253701642839474
100,0.8,0.038431598173171724
100,0.8,-0.054208269063700514
100,0.8,-0.0905273474186033
100,0.8,0.3676793460005577
100,0.8,0.009326993787947302
100,0.8,-0.029636175881578367
100,0.8,-0.16740030365409642
100,0.8,0.06195601195309824
100,0.8,0.11135936447562447
100,0.8,0.16716318655956483
100,0.8,0.06632124813373928
100,0.8,-0.028367775988900057
100,0.8,0.01425816870400496
100,0.8,-0.0012331015144996017
100,0.8,0.07701975038058323
100,0.8,-0.053174738729347575
100,0.8,-0.18399902394547657
100,0.8,0.2949715230436123
100,0.8,-0.03426305258350428
100,0.8,0.06278385481693079
100,0.8,0.05254690843365637
100,0.8,0.10614634186841113
100,0.8,-0.08698624754443546
100,0.8,-0.14413061598597743
100,0.8,0.18738131286141757
100,0.8,0.10214960719066309
100,0.8,-0.09307460019747592
100,0.8,-0.10654134333628003
100,0.8,0.13078076248850118
100,0.8,0.06497511763953571
100,0.8,0.035839522627839314
100,0.8,-0.089170462659144
100,0.8,-0.16477073742686105
100,0.8,0.18666325940519946
100,0.8,-0.1404307723864342
100,0.8,-0.061131387634705804
100,0.8,0.03422180142228797
100,0.8,0.06825469302362706
100,0.8,-0.23255955960072977
100,0.8,0.2893615975013026
100,0.8,0.11234019712349426
100,0.8,0.01598635319435129
100,0.8,0.057284485218457
100,0.8,-0.05554311490070277
100,0.8,0.1491638854380751
100,0.8,0.002721050132930536
100,0.8,-0.29176227467064575
100,0.8,0.2112949652764126
100,0.8,-0.4190916797419297
100,0.8,-0.06769171846699669
100,0.8,0.23550774736202343
100,0.8,0.1029068857472046
100,0.8,0.005429719193521265
100,0.8,-0.02254267311778966
100,0.8,-0.15426681460865801
100,0.8,-0.1236756985494397
100,0.8,-0.06650080589428979
100,0.8,-0.04226664130867111
100,0.8,-0.20128598858801175
100,0.8,0.3289752996136713
100,0.8,0.0644451159873201
100,0.8,0.05484409593203665
100,0.8,-0.12993052844214548
100,0.8,-0.020263766641263194
100,0.8,0.32645898574824417
100,0.8,0.09185745383832451
100,0.8,0.16256114819269118
100,0.8,-0.025856942819768938
100,0.8,0.2761285223640078
100,0.8,-0.15380512942352623
100,0.8,0.2599046141802731
100,0.8,0.1364041655283897
100,0.8,0.10838696220501146
100,0.8,-0.021543312012414884
100,0.8,0.17575848251831197
100,0.8,0.055377373306979116
100,0.8,0.0348614124488007
100,0.8,0.050048020452822334
100,0.8,0.08513219870876405
100,0.8,0.3323108361437861
100,0.8,-0.031021910897404848
100,0.8,0.019779645459991536
100,0.8,-0.02924901015638657
100,0.8,0.13654452687346624
100,0.8,0.0218530823787626
100,0.8,0.1383805710948586
100,0.8,-0.08291016376624737
100,0.8,0.034751921234079754
100,0.8,0.12465417360955229
100,0.8,0.1734895522808122
100,0.8,0.010409252909532896
100,0.8,-0.06276516502638022
100,0.8,0.17054802543321107
100,0.8,-0.026004332466125924
100,0.8,0.13106287142751025
100,0.8,0.06304847562454689
100,0.8,0.22197904007181518
100,0.8,0.180273534479654
100,0.8,0.2230926468778975
100,0.8,0.3261852626310409
100,0.8,0.060136939932021606
100,0.8,-0.03660101614585614
100,0.8,-0.09780468808767102
100,0.8,0.36514520077545926
100,0.8,-0.017174899899147267
100,0.8,-0.04252678343017342
100,0.8,-0.17003002438545511
100,0.8,0.03921713053055456
100,0.8,0.13247217349778034
100,0.8,0.1672085577707522
100,0.8,0.06251127731222504
100,0.8,-0.010428875484134981
100,0.8,-0.017935228875671783
100,0.8,-0.0005581788865374193
100,0.8,0.11078858536352386
100,0.8,-0.07479597547075745
100,0.8,-0.23913549202055792
100,0.8,0.2546446630546395
100,0.8,-0.0719638256494
100,0.8,0.07116540887263252
100,0.8,0.03065020868935875
100,0.8,0.11373853060598567
100,0.8,-0.06818477101647523
100,0.8,-0.13928445312661228
100,0.8,0.19636214908491745
100,0.8,0.11116670416549362
100,0.8,-0.1005615899719734
100,0.8,-0.12805344165509017
100,0.8,0.14657842668968968
100,0.8,0.07155071902598974
100,0.8,0.0004945263124286114
100,0.8,-0.07848244075030726
100,0.8,-0.16433646359509613
100,0.8,0.17123114392197378
100,0.8,-0.18688302110839264
100,0.8,-0.08719421270694117
100,0.8,0.029913159837106032
100,0.8,0.0459778873586254
100,0.8,-0.2422650881838159
100,0.8,0.2613867833615217
100,0.8,0.08601221028064342
100,0.8,0.011356394523850177
100,0.8,0.08483126260526141
100,0.8,-0.0834533223434951
100,0.8,0.16007944740971125
100,0.8,-0.045586090972140794
100,0.8,-0.2817222627012755
100,0.8,0.2019503749700151
100,0.8,-0.40073413610916014
100,0.8,-0.04741339097177599
100,0.8,0.2883946818355298
100,0.8,0.08937036708339754
100,0.8,0.021693976558424668
100,0.8,-0.04826382548798902
100,0.8,-0.1569320892862902
100,0.8,-0.14403538759252443
100,0.8,-0.0600558767980683
100,0.8,-0.07009689294547305
100,0.8,-0.19636395894569142
100,0.8,0.3400561045575337
100,0.8,0.0401853118037927
100,0.8,0.0952412294512488
100,0.8,-0.11802063389901996
100,0.8,-0.050135477389851336
100,0.8,0.35695135770494385
100,0.8,0.09900530962707493
100,0.8,0.1486098944352948
100,0.8,-0.007829940264596758
100,0.8,0.26869746265745426
100,0.8,-0.10735902961908642
100,0.8,0.23287500057531452
100,0.8,0.09143704708970546
100,0.8,0.10076324515943896
100,0.8,-0.05402890978807395
100,0.8,0.15990060822963487
100,0.8,0.06843105841249351
100,0.8,0.04784278383821246
100,0.8,0.05124872891021113
100,0.8,0.04469240058512547
100,0.8,0.330804157890743
100,0.8,-0.08979508742541889
100,0.8,0.018338307304780522
100,0.8,-0.05661261041613646
100,0.8,0.09424931678303264
100,0.8,0.04038755329652606
100,0.8,0.11085452933913818
100,0.8,-0.058786951175418524
100,0.8,0.0007014956360007929
100,0.8,0.12095911978951826
100,0.8,0.16977077101311233
100,0.8,0.0705121313575054
100,0.8,-0.07188773098872403
100,0.8,0.18399978027344874
100,0.8,0.021494096123555198
100,0.8,0.14579349286170268
100,0.8,0.037900891003648955
100,0.8,0.172155854006874
100,0.8,0.1823481095952122
100,0.8,0.17498112904506977
100,0.8,0.37057667606623035
100,0.8,0.07095054471882954
100,0.8,-0.032711376406322136
100,0.8,-0.12062863990363218
100,0.8,0.3341395880882152
100,0.8,-0.05034609048824645
100,0.8,-0.035248725105600176
100,0.8,-0.18041921989716211
100,0.8,0.004246305348093671
100,0.8,0.12274024544848512
100,0.8,0.1359372832747445
100,0.8,0.07240855846107729
100,0.8,-0.011785496217186164
100,0.8,-0.016755824718121027
100,0.8,0.012830823991838792
100,0.8,0.10047068020060444
100,0.8,-0.06683455171225781
100,0.8,-0.2471009364192284
100,0.8,0.230503495907654
100,0.8,-0.11128247074986311
100,0.8,0.0589334547051152
100,0.8,-0.017608655677989304
100,0.8,0.07360343377974062
100,0.8,-0.07426853150550823
100,0.8,-0.15498618218984897
100,0.8,0.19510782174833602
100,0.8,0.10239509213868897
100,0.8,-0.10707165981054328
100,0.8,-0.14479780551429142
100,0.8,0.13494027732250996
100,0.8,0.0943646890281059
100,0.8,0.030131915945328026
100,0.8,-0.10035207593399509
100,0.8,-0.17575942022716193
100,0.8,0.18465954837934717
100,0.8,-0.18599550968730966
100,0.8,-0.1215069555760592
100,0.8,0.055662488425738316
100,0.8,0.04292010264800723
100,0.8,-0.22113340481507848
100,0.8,0.2542569788634502
100,0.8,0.06404558704973376
100,0.8,0.008980379032713693
100,0.8,0.09092165310532714
100,0.8,-0.07620656430879631
100,0.8,0.13031641591214474
100,0.8,-0.015007505491285135
100,0.8,-0.2821694638674589
100,0.8,0.1829406180559987
100,0.8,-0.3805313887732198
100,0.8,-0.08276803579198583
100,0.8,0.26196311884000745
100,0.8,0.0830565340897353
100,0.8,0.021019804915227702
100,0.8,-0.05939727074541282
100,0.8,-0.1582641905004472
100,0.8,-0.12917333644082404
100,0.8,-0.06839524591492241
100,0.8,-0.0216817810759383
100,0.8,-0.16677714063719834
100,0.8,0.3384369627505203
100,0.8,0.02121991643595731
100,0.8,0.08413776071141524
100,0.8,-0.1335322950907629
100,0.8,-0.06039555651134396
100,0.8,0.36863594681528816
100,0.8,0.07626280136700886
100,0.8,0.14708050891596489
100,0.8,-0.02180185259050882
100,0.8,0.24567521439595677
100,0.8,-0.11226001063766243
100,0.8,0.2382066731755771
100,0.8,0.0980948572933384
100,0.8,0.06520098955118066
100,0.8,-0.07793249234287387
100,0.8,0.18701281019246885
100,0.8,0.05175500182195876
100,0.8,0.04418917209831985
100,0.8,0.05902834290971093
100,0.8,0.02656182965345906
100,0.8,0.30061682523711436
100,0.8,-0.09519027528236945
100,0.8,-0.03853364811482294
100,0.8,-0.07961887615763291
100,0.8,0.07176207533806025
100,0.8,0.020683595395584044
100,0.8,0.10094467836902724
100,0.8,-0.02865305932251827
100,0.8,-0.013788953889127953
100,0.8,0.1091275131438339
100,0.8,0.15481029713790895
100,0.8,0.07903161072279784
100,0.8,-0.06760084047408901
100,0.8,0.15589275583683176
100,0.8,0.021302659425271743
100,0.8,0.1487476635482942
100,0.8,0.03666928285186035
100,0.8,0.15791331667211264
100,0.8,0.15083194164424152
100,0.8,0.17392537997394728
100,0.8,0.3514020912060774
100,0.8,0.07947694802386317
100,0.8,-0.04540271014144022
100,0.8,-0.10787889251809873
100,0.8,0.30262488253553904
100,0.8,-0.04645726475395709
100,0.8,-0.04456372318704425
100,0.8,-0.19052841169798143
100,0.8,0.03161525080011494
100,0.8,0.11250882692793329
100,0.8,0.12240636775166909
100,0.8,0.08178672588539584
100,0.8,-0.02521727465713566
100,0.8,-0.029005360373475588
100,0.8,-0.0038081039277581222
100,0.8,0.14497530845102027
100,0.8,-0.032094851835470006
100,0.8,-0.22753012606138362
100,0.8,0.21151343620462823
100,0.8,-0.13010619141914245
100,0.8,0.0796844424833969
100,0.8,-0.01664273188748906
100,0.8,0.07939367476765664
100,0.8,-0.11134807374395655
100,0.8,-0.1826173148966646
100,0.8,0.19150319490401665
100,0.8,0.060930366578053535
100,0.8,-0.08335402022581402
100,0.8,-0.1341195805748888
100,0.8,0.11784290720338308
100,0.8,0.07184546173832178
100,0.8,0.0421739120844487
100,0.8,-0.07743502373656917
100,0.8,-0.16094732122775499
100,0.8,0.18480510554143947
100,0.8,-0.16830351309167302
100,0.8,-0.14296203235932323
100,0.8,0.07021478593097452
100,0.8,0.05132686069392616
100,0.8,-0.2337648018965558
100,0.8,0.21442796296205469
100,0.8,0.0878302827539022
100,0.8,-0.02327059711898709
100,0.8,0.03842387182739593
100,0.8,-0.08167829999934373
100,0.8,0.1473032159276558
100,0.8,-0.02813540751398147
100,0.8,-0.2867140174962213
100,0.8,0.1695170512150325
100,0.8,-0.40318589638604846
100,0.8,-0.0912718762324019
100,0.8,0.29564959956784487
100,0.8,0.10628925207014568
100,0.8,0.03280328784618192
100,0.8,-0.07191542258425292
100,0.8,-0.19110003382932847
100,0.8,-0.10750389132242875
100,0.8,-0.09242921224599439
100,0.8,-0.04933198697409935
100,0.8,-0.15255993240798463
100,0.8,0.3340789761187166
100,0.8,0.01667780534529939
100,0.8,0.0663743244663122
100,0.8,-0.1543721403498501
100,0.8,-0.06492161828327125
100,0.8,0.36541962673363565
100,0.8,0.09956474503909174
100,0.8,0.13223074465241016
100,0.8,-0.0015819006606898611
100,0.8,0.20507208081594774
100,0.8,-0.08448810289930711
100,0.8,0.2482806585161207
100,0.8,0.10254776867675819
100,0.8,0.06137301820806673
100,0.8,-0.07080234580137494
100,0.8,0.1841367855476751
100,0.8,0.0027393546508310608
100,0.8,0.012713675292662253
100,0.8,0.07140306651834134
100,0.8,0.05248450045916471
100,0.8,0.30094225121981605
100,0.8,-0.11067175983219545
100,0.8,-0.006044628902531369
100,0.8,-0.10204048549780903
100,0.8,0.0645455964212177
100,0.8,0.03226294497439532
100,0.8,0.08746521590724204
100,0.8,-0.014380388383643439
100,0.8,-0.010203676563598042
100,0.8,0.06856056106388433
100,0.8,0.1533119749866433
100,0.8,0.08525822786889314
100,0.8,-0.10574665163197113
100,0.8,0.12594599497421852
100,0.8,0.00512900187025167
100,0.8,0.15347534196191628
100,0.8,0.0018420420495159464
100,0.8,0.1741721902008173
100,0.8,0.13790563176589485
100,0.8,0.1749076216054368
100,0.8,0.33246185868048866
100,0.8,0.08963210606723422
100,0.8,-0.07079981022643099
100,0.8,-0.08323134232467587
100,0.8,0.29847332520405523
100,0.8,-0.10332074495285043
100,0.8,-0.023090495724295404
100,0.8,-0.21761284823261384
100,0.8,0.017189156877327784
100,0.8,0.06977855995384168
100,0.8,0.0904336509961258
100,0.8,0.11933042620632524
100,0.8,-0.008593486179010146
100,0.8,-0.013400882653194302
100,0.8,-0.014167318597787127
100,0.8,0.1574785672551963
100,0.8,-0.062210705930843706
100,0.8,-0.2404461982644099
100,0.8,0.25191322611975625
100,0.8,-0.10558439570043046
100,0.8,0.08597250689986567
100,0.8,0.029717574047345964
100,0.8,0.02826843696392416
100,0.8,-0.11251094119394969
100,0.8,-0.17969480089044465
100,0.8,0.20518724920980205
100,0.8,0.026648437475980558
100,0.8,-0.09089345269169069
100,0.8,-0.1649718428335623
100,0.8,0.09052801853112094
100,0.8,0.07725790808791295
100,0.8,0.0364480654686723
100,0.8,-0.11402151111831307
100,0.8,-0.18837806632030818
100,0.8,0.22556739056025885
100,0.8,-0.18344300500362146
100,0.8,-0.1735622202166975
100,0.8,0.03548552874358251
100,0.8,0.0170231396827047
100,0.8,-0.22569350639945027
100,0.8,0.238023662876026
100,0.8,0.09125853042782364
100,0.8,-0.04945938350128927
100,0.8,0.06180529459493389
100,0.8,-0.13331673008741893
100,0.8,0.14914676598398327
100,0.8,-0.03827503208217573
100,0.8,-0.27888373408595174
100,0.8,0.19853040085112586
100,0.8,-0.36860160150908633
100,0.8,-0.08421222950680694
100,0.8,0.29589060044740273
100,0.8,0.06737927276323107
100,0.8,0.04558749867703291
100,0.8,-0.04865002099920988
100,0.8,-0.18719095467347976
100,0.8,-0.09588646956215784
100,0.8,-0.08476497693557815
100,0.8,-0.017079768586415866
100,0.8,-0.140136884808999
100,0.8,0.3486130707934416
100,0.8,0.028717905554273494
100,0.8,0.06158922384663495
100,0.8,-0.18357119678055273
100,0.8,-0.08931208049994047
100,0.8,0.37583267917080543
100,0.8,0.07921378820066459
100,0.8,0.09086530786405388
100,0.8,-0.015066588477524158
100,0.8,0.20093731217953403
100,0.8,-0.017174843425398302
100,0.8,0.22784791994049575
100,0.8,0.10741997639710732
100,0.8,0.058133704804792255
100,0.8,-0.12331747806463911
100,0.8,0.210616656635788
100,0.8,-0.026631100020331467
100,0.8,-0.0026228988625527807
100,0.8,0.12252533265845376
100,0.8,0.04557198084306773
100,0.8,0.3031734971140308
100,0.8,-0.08886725346709544
100,0.8,-0.051612209561097445
100,0.8,-0.0669228938759046
100,0.8,0.045364382867511925
100,0.8,0.04538435039538165
100,0.8,0.04991567250304527
100,0.8,-0.012890386603527393
100,0.8,-0.007819866336926573
100,0.8,0.049422019967275334
100,0.8,0.1670508982436692
100,0.8,0.10719354989197641
100,0.8,-0.1422058328108652
100,0.8,0.15943869016267148
100,0.8,-0.008049533251935515
100,0.8,0.14114791979116373
100,0.8,0.0004893761338994551
100,0.8,0.17297720247292345
100,0.8,0.1697500012677077
100,0.8,0.1602634803341596
100,0.8,0.34527442857449114
100,0.8,0.07859714877838986
100,0.8,-0.07927367476304754
100,0.8,-0.07606326712181338
100,0.8,0.2839159006912512
100,0.8,-0.12300195030290705
100,0.8,-0.004567577302555837
100,0.8,-0.14105781819408758
100,0.8,0.02840889702567395
100,0.8,0.0767257128779896
100,0.8,0.08234823880154529
100,0.8,0.08129530448228764
100,0.8,0.008410922291016832
100,0.8,0.01786280422111819
100,0.8,0.005771800809079153
100,0.8,0.1422975489308298
100,0.8,-0.0846169285016135
100,0.8,-0.22010318216070104
100,0.8,0.2566443122243413
100,0.8,-0.1258979302902013
100,0.8,0.05037345893681344
100,0.8,0.07144559507049718
100,0.8,0.02825042420898214
100,0.8,-0.12779547018671736
100,0.8,-0.11888332362230597
100,0.8,0.1750106606111265
100,0.8,0.02337962591595684
100,0.8,-0.0853578152349762
100,0.8,-0.16241080106910016
100,0.8,0.08045466346732938
100,0.8,0.08708641599447216
100,0.8,0.0653541663950703
100,0.8,-0.13501065833269585
100,0.8,-0.20235567084862538
100,0.8,0.2221931250516459
100,0.8,-0.18265867258633178
100,0.8,-0.1695679483091043
100,0.8,0.04906742015827881
100,0.8,0.04467250039761819
100,0.8,-0.2358269488628759
100,0.8,0.24931930888072334
100,0.8,0.10051886602641301
100,0.8,-0.056238544727872514
100,0.8,0.031008753012576662
100,0.8,-0.13241448927518604
100,0.8,0.1502143497272238
100,0.8,-0.045383530482235826
100,0.8,-0.2551186682452495
100,0.8,0.22527210944723067
100,0.8,-0.379813462134722
100,0.8,-0.07256407468767927
100,0.8,0.29334593189819386
100,0.8,0.09048755620663958
100,0.8,0.04498659323340402
100,0.8,-0.05999819868348491
100,0.8,-0.1704458647178161
100,0.8,-0.10226835204820423
100,0.8,-0.07421015751039821
100,0.8,-0.00011285994310119563
100,0.8,-0.11046623626863782
100,0.8,0.3272936832259557
100,0.8,0.015639288955855868
100,0.8,0.04633771355975416
100,0.8,-0.1975604497168365
100,0.8,-0.09171737792873769
100,0.8,0.3714020875297026
100,0.8,0.07447823008302805
100,0.8,0.07092347761647559
100,0.8,-0.030092834635309453
100,0.8,0.22745854571486054
100,0.8,-0.00043645151650864025
100,0.8,0.22380925783083436
100,0.8,0.1406906700503308
100,0.8,0.06428411521015338
100,0.8,-0.15180158924613077
100,0.8,0.15965316011208552
100,0.8,-0.056219103924525275
100,0.8,0.008850728848437584
100,0.8,0.09880188281481016
100,0.8,0.009825613473263318
100,0.8,0.33491978126141364
100,0.8,-0.09741303476128778
100,0.8,-0.0574983455866704
100,0.8,-0.07509621504112181
100,0.8,0.042875422285050924
100,0.8,-0.0052270236394561746
100,0.8,0.07555602041835652
100,0.8,-0.043954390323553666
100,0.8,-0.022288608760379882
100,0.8,0.05615375466450648
100,0.8,0.16929700449571128
100,0.8,0.057621937984810856
100,0.8,-0.1469467060183602
100,0.8,0.14022689219058543
100,0.8,-0.018571021819803413
100,0.8,0.1296203832835662
100,0.8,0.017923881326762016
100,0.8,0.18758187599950313
100,0.8,0.16503195738281404
100,0.8,0.1905104703783998
100,0.8,0.3294773930815931
100,0.8,0.059929026436024026
100,0.8,-0.067720269817013
100,0.8,-0.1095212409785277
100,0.8,0.2980971763915951
100,0.8,-0.12299406527657447
100,0.8,-0.007867117972727834
100,0.8,-0.1320205644990142
100,0.8,0.02938419344059522
100,0.8,0.08768129223850157
100,0.8,0.0773016973404591
100,0.8,0.10484455255430856
100,0.8,-0.038813655266410854
100,0.8,0.027269078384894386
100,0.8,-0.010229661732256546
100,0.8,0.1734484375031384
100,0.8,-0.09355204306456066
100,0.8,-0.2444152698486587
100,0.8,0.27274975138940366
100,0.8,-0.08515688181061352
100,0.8,0.029590076186690874
100,0.8,0.09635461779626749
100,0.8,0.07020312138808152
100,0.8,-0.1597521426798789
100,0.8,-0.1260316899699867
100,0.8,0.20169767646718972
100,0.8,0.023402824610454866
100,0.8,-0.10900275091444485
100,0.8,-0.16450726722436582
100,0.8,0.11697674068510776
100,0.8,0.10626723637861862
100,0.8,0.07411257776263423
100,0.8,-0.14960766985745427
100,0.8,-0.1997381713746207
100,0.8,0.24545540795559032
100,0.8,-0.19299789759241595
100,0.8,-0.16884079303057542
100,0.8,0.031025124228176538
100,0.8,-0.01882901177151597
100,0.8,-0.22980048177260742
100,0.8,0.2690039276377997
100,0.8,0.135003616793583
100,0.8,-0.046573729864241555
100,0.8,0.0447363537598342
100,0.8,-0.12122216411613813
100,0.8,0.151145770029091
100,0.8,-0.04149711617917822
100,0.8,-0.27424372659686264
100,0.8,0.2642172887616658
100,0.8,-0.3306580985593362
100,0.8,-0.0816746796941617
100,0.8,0.2844791096444528
100,0.8,0.12721911821346873
100,0.8,0.05414676190490493
100,0.8,-0.07025332682833439
100,0.8,-0.21332072867935611
100,0.8,-0.08076110864844699
100,0.8,-0.06621958450680925
100,0.8,-0.01817567027302225
100,0.8,-0.09811976719977063
100,0.8,0.32914967087944763
100,0.8,0.015311767093215956
100,0.8,0.05574400499096761
100,0.8,-0.21194615551903367
100,0.8,-0.09797559613188787
100,0.8,0.3532826343721658
100,0.8,0.09693740290039354
100,0.8,0.04871331181732792
100,0.8,-0.04292229866614461
100,0.8,0.23719101466751216
100,0.8,0.0006032947146881185
100,0.8,0.2290240330387368
100,0.8,0.17260346680879782
100,0.8,0.07285040327003874
100,0.8,-0.13800960514830038
100,0.8,0.17439761795665945
100,0.8,-0.050012716094075586
100,0.8,0.009397680304451228
100,0.8,0.10211604804701811
100,0.8,0.024455933148589362
100,0.8,0.287504772327495
100,0.8,-0.10185085162568744
100,0.8,-0.03670088331388799
100,0.8,-0.08516461456500135
100,0.8,0.00847094063443148
100,0.8,0.010822291625524194
100,0.8,0.09800031712684341
100,0.8,-0.03876842200340161
100,0.8,-0.01905654694257395
100,0.8,0.06678917840108234
100,0.8,0.1237435478431122
100,0.8,0.053652007300882515
100,0.8,-0.14693898244360232
100,0.8,0.11527305908940857
100,0.8,0.009941810146900565
100,0.8,0.13260744050878426
100,0.8,0.016311183241278473
100,0.8,0.18405920170562773
100,0.8,0.14659257609363402
100,0.8,0.1754172367849355
100,0.8,0.3175756487495708
100,0.8,0.08360739984010764
100,0.8,-0.061576998793877374
100,0.8,-0.12532692662317732
100,0.8,0.2859028960337899
100,0.8,-0.12973103860717491
100,0.8,-0.01934622112630624
100,0.8,-0.13604330385991742
100,0.8,0.027014836353796846
100,0.8,0.08229357665033313
100,0.8,0.08248215531473413
100,0.8,0.09741423250572989
100,0.8,-0.05131524474693308
100,0.8,0.039439793837251894
100,0.8,0.006415435117174262
100,0.8,0.11414863697930944
100,0.8,-0.113122188850621
100,0.8,-0.19324564465169677
100,0.8,0.26128982704529574
100,0.8,-0.09086913334785846
100,0.8,0.027895460282312358
100,0.8,0.10318838112636063
100,0.8,0.03671397961627161
100,0.83515,-0.5366611658820237
100,0.83515,-0.3721801460507352
100,0.83515,-0.3741397805341929
100,0.83515,-0.5629727678947768
100,0.83515,-0.19866937599735218
100,0.83515,0.03245262148042392
100,0.83515,-0.3347451685470627
100,0.83515,-0.3751465809184425
100,0.83515,-0.4660857322746013
100,0.83515,-0.45007369422544174
100,0.83515,-0.3585947976810182
100,0.83515,-0.18542753408345444
100,0.83515,-0.24987023887379994
100,0.83515,-0.16307612955956108
100,0.83515,0.06585430177432455
100,0.83515,-0.2070354632565609
100,0.83515,-0.2357018503420868
100,0.83515,-0.486370374914506
100,0.83515,-0.4840105231153742
100,0.83515,-0.03834353093312194
100,0.83515,-0.3453522773672093
100,0.83515,-0.18432333663452016
100,0.83515,-0.19267627604021456
100,0.83515,-0.33495079641926445
100,0.83515,-0.5108189100914827
100,0.83515,-0.4413780962189558
100,0.83515,0.19235635644278465
100,0.83515,0.00615897139610846
100,0.83515,-0.46531234342730105
100,0.83515,0.041763973875044054
100,0.83515,-0.4551381956472006
100,0.83515,-0.4481276555972592
100,0.83515,-0.4110983763219671
100,0.83515,-0.22733233947944695
100,0.83515,0.2633848081176028
100,0.83515,-0.254359358236543
100,0.83515,0.007936383297021758
100,0.83515,-0.38739451193556884
100,0.83515,-0.48617914220277225
100,0.83515,-0.19337999796135946
100,0.83515,0.22487210819348222
100,0.83515,0.09062567438085246
100,0.83515,-0.2422094680557058
100,0.83515,0.008312325445318878
100,0.83515,0.022092719322721305
100,0.83515,-0.3404315582122911
100,0.83515,-0.07239852811673751
100,0.83515,0.1031144472850288
100,0.83515,-0.13930070287198437
100,0.83515,0.017332393842377964
100,0.83515,-0.39451136585662844
100,0.83515,-0.33586905912896275
100,0.83515,0.32142282978394715
100,0.83515,-0.195612490308536
100,0.83515,0.21585531968147625
100,0.83515,-0.06340140673399595
100,0.83515,0.02161850789050482
100,0.83515,-0.382271019874695
100,0.83515,-0.25884247789640896
100,0.83515,-0.4286018054597072
100,0.83515,0.2366933452281355
100,0.83515,0.35086368842432863
100,0.83515,0.2654120266044892
100,0.83515,-0.33197121559589027
100,0.83515,-0.49683565942057334
100,0.83515,-0.1147405531524604
100,0.83515,-0.3032089380199599
100,0.83515,-0.17411000376995406
100,0.83515,-0.3276846203553562
100,0.83515,0.025969921179522487
100,0.83515,0.16619811694235187
100,0.83515,-0.23567605634107622
100,0.83515,-0.28219111812728
100,0.83515,-0.3206592056802145
100,0.83515,-0.26217115489068743
100,0.83515,-0.5019353948155014
100,0.83515,-0.41342517195610246
100,0.83515,-0.3487907350060714
100,0.83515,-0.2939817451040185
100,0.83515,-0.21506607886917228
100,0.83515,-0.40987488597910116
100,0.83515,-0.4441426917377224
100,0.83515,0.0046571956864341355
100,0.83515,-0.2426261155133744
100,0.83515,0.0647709052389463
100,0.83515,-0.3886637560040612
100,0.83515,-0.007212554146179986
100,0.83515,-0.3839768665579957
100,0.83515,0.1104912958618566
100,0.83515,-0.40624797174042077
100,0.83515,-0.4200595206349934
100,0.83515,0.16371866362653326
100,0.83515,-0.04929269416821608
100,0.83515,-0.08229748373975293
100,0.83515,-0.2605281101124353
100,0.83515,-0.25269633676440056
100,0.83515,-0.2486393665700781
100,0.83515,-0.5599781253288174
100,0.83515,0.3151624681529657
100,0.83515,-0.05073619579319608
100,0.83515,-0.3411024919891062
100,0.83515,-0.45707436579813104
100,0.83515,-0.41994849094813763
100,0.83515,-0.6063730668167188
100,0.83515,-0.29750193021954763
100,0.83515,-0.09536591007556379
100,0.83515,-0.4258946013298343
100,0.83515,-0.4423371211549153
100,0.83515,-0.49542633857498247
100,0.83515,-0.4758749001350025
100,0.83515,-0.1599332640474787
100,0.83515,-0.28064955217174825
100,0.83515,-0.33974119998843927
100,0.83515,-0.05554481311688085
100,0.83515,-0.045942996030176896
100,0.83515,-0.27160110524298386
100,0.83515,-0.3244322863949107
100,0.83515,-0.5389770951340541
100,0.83515,-0.535042555314831
100,0.83515,-0.15314289446574994
100,0.83515,-0.38870958311333764
100,0.83515,-0.2782418497309613
100,0.83515,-0.30112123934970414
100,0.83515,-0.40527093669560876
100,0.83515,-0.5485338702662075
100,0.83515,-0.453587900190133
100,0.83515,0.2757494453999395
100,0.83515,-0.13231078687740394
100,0.83515,-0.5218331832288519
100,0.83515,0.1528742759224057
100,0.83515,-0.5230298455780609
100,0.83515,-0.23861890316026044
100,0.83515,-0.47674532401089226
100,0.83515,-0.3223368085961087
100,0.83515,0.3155586872929901
100,0.83515,-0.33367279136737044
100,0.83515,-0.14927810106538375
100,0.83515,-0.46752879776710576
100,0.83515,-0.2989441968503683
100,0.83515,-0.25516887028794394
100,0.83515,0.3301203478014783
100,0.83515,-0.010218094682608795
100,0.83515,-0.0423868656860335
100,0.83515,0.1009580942116343
100,0.83515,-0.1350050125374507
100,0.83515,-0.3957114094472452
100,0.83515,0.06724794609746598
100,0.83515,-0.022150433155788418
100,0.83515,-0.2436648094624734
100,0.83515,-0.06999197319155277
100,0.83515,-0.4113204619371664
100,0.83515,-0.3845377511052873
100,0.83515,0.1439403475409162
100,0.83515,-0.31744769639423304
100,0.83515,0.0944189647906953
100,0.83515,0.044804202146191886
100,0.83515,0.12242133529592172
100,0.83515,-0.4226072776686386
100,0.83515,-0.312569202573803
100,0.83515,-0.4672236170878971
100,0.83515,0.3363212533400858
100,0.83515,0.42153559152098286
100,0.83515,0.33673701893783364
100,0.83515,-0.16552377374338514
100,0.83515,-0.5540729774178973
100,0.83515,-0.20408705787734568
100,0.83515,-0.3821691511005945
100,0.83515,-0.24828903950390616
100,0.83515,-0.3768712262335892
100,0.83515,-0.06795479657218417
100,0.83515,0.001647109140432314
100,0.83515,-0.3155233643422479
100,0.83515,-0.35290918825178824
100,0.83515,-0.3938314889735334
100,0.83515,-0.3152491492116004
100,0.83515,-0.5628989922134168
100,0.83515,-0.5016572496025218
100,0.83515,-0.3930531423072566
100,0.83515,-0.3639371039627575
100,0.83515,-0.2927813292143685
100,0.83515,-0.4677090506590505
100,0.83515,-0.5036959674628303
100,0.83515,-0.11038803708382854
100,0.83515,-0.2668120759379153
100,0.83515,-0.1062870517112986
100,0.83515,-0.1981396112046924
100,0.83515,-0.16334823823303354
100,0.83515,-0.44043143476843255
100,0.83515,-0.02883882705285444
100,0.83515,-0.441352063551168
100,0.83515,-0.4980150539853462
100,0.83515,0.016505779608597393
100,0.83515,-0.13699926263653386
100,0.83515,-0.2084027966733031
100,0.83515,-0.326335075706221
100,0.83515,-0.03864405107211177
100,0.83515,-0.32808112982676635
100,0.83515,-0.5939684354710301
100,0.83515,0.37372452513187987
100,0.83515,-0.12707815429242833
100,0.83515,-0.37489284477984713
100,0.83515,-0.40870047282495503
100,0.83515,-0.3661814011302956
100,0.83515,-0.6191092409995004
100,0.83515,-0.34459557168778693
100,0.83515,-0.06629461361913137
100,0.83515,-0.45723097485513603
100,0.83515,-0.438916641136924
100,0.83515,-0.45026197057516343
100,0.83515,-0.41768568349003476
100,0.83515,-0.14167647441853162
100,0.83515,-0.26091233080274046
100,0.83515,-0.3431637303407056
100,0.83515,-0.10697745430593611
100,0.83515,-0.08579612252273187
100,0.83515,-0.32556104057229357
100,0.83515,-0.33374931904779054
100,0.83515,-0.5494097861649905
100,0.83515,-0.50050936174804
100,0.83515,-0.16717767035347939
100,0.83515,-0.3684047356856354
100,0.83515,-0.27180098415940934
100,0.83515,-0.29215374705662356
100,0.83515,-0.4135753053775502
100,0.83515,-0.5342692419982965
100,0.83515,-0.45293097191430004
100,0.83515,0.3375254111421622
100,0.83515,-0.16397684283051603
100,0.83515,-0.5190055493097702
100,0.83515,0.12547433083482903
100,0.83515,-0.44373251689105053
100,0.83515,-0.21837449629258865
100,0.83515,-0.4957705392102709
100,0.83515,-0.320484596914466
100,0.83515,0.28184183484143804
100,0.83515,-0.3556301704861698
100,0.83515,-0.198916694091425
100,0.83515,-0.5081261025221762
100,0.83515,-0.3043076869745613
100,0.83515,-0.2594425565506274
100,0.83515,0.32773648174399667
100,0.83515,-0.05798748168499521
100,0.83515,-0.03722356025560807
100,0.83515,0.08595203865291387
100,0.83515,-0.08807197110098587
100,0.83515,-0.41813577200613133
100,0.83515,0.03594639041899089
100,0.83515,-0.0768762446780183
100,0.83515,-0.21723873168766902
100,0.83515,0.00916269802002369
100,0.83515,-0.43760563403947544
100,0.83515,-0.37614443865982305
100,0.83515,0.09149967785426273
100,0.83515,-0.34103515463625356
100,0.83515,0.10675100328177231
100,0.83515,0.035255392561970106
100,0.83515,0.08915808438068837
100,0.83515,-0.44313885434534184
100,0.83515,-0.24966905815488452
100,0.83515,-0.4956094093273172
100,0.83515,0.34983724847326386
100,0.83515,0.388537161363365
100,0.83515,0.34894928805245007
100,0.83515,-0.1687824491807646
100,0.83515,-0.572331691029686
100,0.83515,-0.17103156054264262
100,0.83515,-0.3908701265876414
100,0.83515,-0.23550396447458558
100,0.83515,-0.4136213704740073
100,0.83515,-0.07479753974474516
100,0.83515,0.007886574835138913
100,0.83515,-0.30354872468112076
100,0.83515,-0.38113769470217035
100,0.83515,-0.4342932253184041
100,0.83515,-0.28170804535944244
100,0.83515,-0.521738462179909
100,0.83515,-0.4710589520325737
100,0.83515,-0.40574187391870464
100,0.83515,-0.36215819908806957
100,0.83515,-0.34039627814928913
100,0.83515,-0.495758229881592
100,0.83515,-0.5280190991840809
100,0.83515,-0.09584367333189063
100,0.83515,-0.22271720625757968
100,0.83515,-0.084284934090445
100,0.83515,-0.1657557195121648
100,0.83515,-0.19087874562741744
100,0.83515,-0.42866425721408463
100,0.83515,0.020623373268840513
100,0.83515,-0.47255998442861946
100,0.83515,-0.5008676341828516
100,0.83515,-0.01635009029941772
100,0.83515,-0.08095951454321877
100,0.83515,-0.20023668731400843
100,0.83515,-0.30052783343836037
100,0.83515,-0.05837954857489429
100,0.83515,-0.37580383847634535
100,0.83515,-0.620602703073159
100,0.83515,0.39953303545980823
100,0.83515,-0.15799158542513925
100,0.83515,-0.3497666749642543
100,0.83515,-0.37888137776738967
100,0.83515,-0.38108897302521577
100,0.83515,-0.603769502397977
100,0.83515,-0.3522945310672571
100,0.83515,-0.06046858010422271
100,0.83515,-0.44262273269547375
100,0.83515,-0.4299445678551307
100,0.83515,-0.47171077590911914
100,0.83515,-0.3973933958423156
100,0.83515,-0.09069732866670831
100,0.83515,-0.2662145898312974
100,0.83515,-0.3321641185181134
100,0.83515,-0.11298981134029652
100,0.83515,-0.06146016739822178
100,0.83515,-0.32455608001900976
100,0.83515,-0.32269999183342707
100,0.83515,-0.5087648653172263
100,0.83515,-0.4807681164846855
100,0.83515,-0.15620659385700872
100,0.83515,-0.36851560847625775
100,0.83515,-0.27346999907850433
100,0.83515,-0.3024110941714351
100,0.83515,-0.4061011636196022
100,0.83515,-0.5243592917549428
100,0.83515,-0.4421589070853731
100,0.83515,0.34509357673241864
100,0.83515,-0.18377292940786183
100,0.83515,-0.45093412740689154
100,0.83515,0.1145734924593004
100,0.83515,-0.43888999162711273
100,0.83515,-0.22997310704878468
100,0.83515,-0.4834009352691986
100,0.83515,-0.3242720865991911
100,0.83515,0.2838009554089859
100,0.83515,-0.3762606565972518
100,0.83515,-0.22107738112492217
100,0.83515,-0.5063939402291066
100,0.83515,-0.2929912050354943
100,0.83515,-0.2657823505621034
100,0.83515,0.28542221225816244
100,0.83515,-0.04413225928737697
100,0.83515,-0.04290290570485475
100,0.83515,0.07228237804674027
100,0.83515,-0.10197554052513029
100,0.83515,-0.3773548573586478
100,0.83515,0.050644345435615544
100,0.83515,-0.0887517820242593
100,0.83515,-0.20289082559284774
100,0.83515,0.009582938494805487
100,0.83515,-0.4412597320514563
100,0.83515,-0.38467863062970664
100,0.83515,0.08290147365407562
100,0.83515,-0.3268110660712644
100,0.83515,0.09475556843183919
100,0.83515,0.008281925976619359
100,0.83515,0.12508999820279218
100,0.83515,-0.4635695244530007
100,0.83515,-0.24667189613113544
100,0.83515,-0.5036779228825495
100,0.83515,0.3162866474658132
100,0.83515,0.33679705660092757
100,0.83515,0.36330736910599615
100,0.83515,-0.12612964165693058
100,0.83515,-0.5735128818433671
100,0.83515,-0.1892438094258791
100,0.83515,-0.3663968150762317
100,0.83515,-0.23381716887666848
100,0.83515,-0.43638885379393
100,0.83515,-0.06302103127362206
100,0.83515,0.024351055972577862
100,0.83515,-0.2609485941238154
100,0.83515,-0.3624181642487756
100,0.83515,-0.41587317023101716
100,0.83515,-0.283588439894074
100,0.83515,-0.5062240167491041
100,0.83515,-0.4902749621299066
100,0.83515,-0.40790954086873127
100,0.83515,-0.3242226670573676
100,0.83515,-0.3166003598598572
100,0.83515,-0.4962735269714824
100,0.83515,-0.5443374353998374
100,0.83515,-0.04748203084447837
100,0.83515,-0.19790968807364856
100,0.83515,-0.1180136694791181
100,0.83515,-0.16418830361754094
100,0.83515,-0.18270744706071346
100,0.83515,-0.4099185412406232
100,0.83515,0.0003045377091112503
100,0.83515,-0.4736434880992289
100,0.83515,-0.5097130650744125
100,0.83515,-0.01730582348828474
100,0.83515,-0.07361095968532752
100,0.83515,-0.17720888632802242
100,0.83515,-0.27718357448640296
100,0.83515,-0.0409831386006194
100,0.83515,-0.38092797127865974
100,0.83515,-0.629591465069444
100,0.83515,0.3966889013926659
100,0.83515,-0.15374853426832202
100,0.83515,-0.31256943012848787
100,0.83515,-0.3705064295568933
100,0.83515,-0.37271389619436074
100,0.83515,-0.5695450786525146
100,0.83515,-0.3247517396149478
100,0.83515,-0.0635885207373144
100,0.83515,-0.43288390997083775
100,0.83515,-0.44000825492806356
100,0.83515,-0.4579272474175694
100,0.83515,-0.3952379742887467
100,0.83515,-0.08361719798073579
100,0.83515,-0.26384353292699964
100,0.83515,-0.3709612982633944
100,0.83515,-0.14479758195055323
100,0.83515,-0.04600612960297198
100,0.83515,-0.30329854727102556
100,0.83515,-0.3274083516654757
100,0.83515,-0.5010767298669094
100,0.83515,-0.4432191415042974
100,0.83515,-0.15640783292098762
100,0.83515,-0.3392015652738357
100,0.83515,-0.3167944754850367
100,0.83515,-0.3006453167473207
100,0.83515,-0.377239627224273
100,0.83515,-0.5049081313922618
100,0.83515,-0.4613642852915202
100,0.83515,0.3620718347323317
100,0.83515,-0.17200627465619575
100,0.83515,-0.44605957203898866
100,0.83515,0.0961546930245682
100,0.83515,-0.4289563194357498
100,0.83515,-0.24481495942386525
100,0.83515,-0.4899070225166449
100,0.83515,-0.27833656632360604
100,0.83515,0.27670723493568505
100,0.83515,-0.36808785439928476
100,0.83515,-0.20033544238078374
100,0.83515,-0.5093339502604426
100,0.83515,-0.27416838899320534
100,0.83515,-0.2604603504526175
100,0.83515,0.3077906246494678
100,0.83515,-0.06201533206525615
100,0.83515,-0.01867044129592447
100,0.83515,0.06552026113743342
100,0.83515,-0.11646270597920183
100,0.83515,-0.3491371256244895
100,0.83515,0.11115619678550301
100,0.83515,-0.11673707799372059
100,0.83515,-0.2176803664438903
100,0.83515,0.020166679859566005
100,0.83515,-0.4520420658978614
100,0.83515,-0.3774373328917143
100,0.83515,0.09968069170844972
100,0.83515,-0.28106158289617605
100,0.83515,0.11082330121545196
100,0.83515,0.005277082927922401
100,0.83515,0.13919980118634032
100,0.83515,-0.48233297135136916
100,0.83515,-0.22524891474754227
100,0.83515,-0.4867269778090494
100,0.83515,0.31107700964623236
100,0.83515,0.32477569636984727
100,0.83515,0.3364266591767336
100,0.83515,-0.13948049092576442
100,0.83515,-0.553130688925941
100,0.83515,-0.1987500911110715
100,0.83515,-0.32840889945135826
100,0.83515,-0.24885363874587874
100,0.83515,-0.41229382189291564
100,0.83515,-0.10297832887341361
100,0.83515,-0.01226174832077515
100,0.83515,-0.2828207204651251
100,0.83515,-0.34458747060486244
100,0.83515,-0.4064217135429968
100,0.83515,-0.28337106012113666
100,0.83515,-0.4901024201385705
100,0.83515,-0.46604558073475477
100,0.83515,-0.39918542133188994
100,0.83515,-0.3203562777866347
100,0.83515,-0.2675814772710688
100,0.83515,-0.5224123350763928
100,0.83515,-0.5233703949153921
100,0.83515,-0.07650467873985703
100,0.83515,-0.18278085493624502
100,0.83515,-0.10142132898991989
100,0.83515,-0.1626557492299988
100,0.83515,-0.1809611123556599
100,0.83515,-0.42152691054570524
100,0.83515,-0.021670940187918434
100,0.83515,-0.4572280488840259
100,0.83515,-0.5024467421791858
100,0.83515,-0.015946550606518634
100,0.83515,-0.09765693819864116
100,0.83515,-0.18616649729431287
100,0.83515,-0.25436654508216294
100,0.83515,-0.02901418405608888
100,0.83515,-0.37530403581640936
100,0.83515,-0.6454469626519633
100,0.83515,0.374832270242661
100,0.83515,-0.1603812584197777
100,0.83515,-0.2540903842495784
100,0.83515,-0.3906125925853902
100,0.83515,-0.43135867941162803
100,0.83515,-0.5887803236448239
100,0.83515,-0.3314579642771666
100,0.83515,-0.05096653776940836
100,0.83515,-0.41031413205025485
100,0.83515,-0.442844212368903
100,0.83515,-0.46049957138961006
100,0.83515,-0.3923019933772944
100,0.83515,-0.10444655548094135
100,0.83515,-0.28425920182153236
100,0.83515,-0.38148347721448955
100,0.83515,-0.0721022104947549
100,0.83515,-0.06790981399840033
100,0.83515,-0.30974362415414897
100,0.83515,-0.2998807970634895
100,0.83515,-0.49509805342022517
100,0.83515,-0.4068357050635979
100,0.83515,-0.14096962903686558
100,0.83515,-0.2416568613414887
100,0.83515,-0.26770871391483825
100,0.83515,-0.32662422974729105
100,0.83515,-0.3655999990419482
100,0.83515,-0.528404601881836
100,0.83515,-0.4226731812651995
100,0.83515,0.2757667952520237
100,0.83515,-0.19376497741062532
100,0.83515,-0.41049977135999144
100,0.83515,0.04621950807361221
100,0.83515,-0.4081951805928748
100,0.83515,-0.23276905836510148
100,0.83515,-0.46516309824420565
100,0.83515,-0.2772996220507677
100,0.83515,0.29402011551485535
100,0.83515,-0.40892891505958084
100,0.83515,-0.24896299846070696
100,0.83515,-0.5421967920213616
100,0.83515,-0.20144307402529504
100,0.83515,-0.28237064584964955
100,0.83515,0.28274437839538297
100,0.83515,-0.017949941429519795
100,0.83515,-0.06237468350459338
100,0.83515,0.020765413380746514
100,0.83515,-0.14046792088918655
100,0.83515,-0.3680622903682762
100,0.83515,0.08736517439174533
100,0.83515,-0.145880713196693
100,0.83515,-0.19017292498476276
100,0.83515,-0.01131924986276084
100,0.83515,-0.43272796928586826
100,0.83515,-0.37811981167915876
100,0.83515,0.03316395247678916
100,0.83515,-0.29426252761265803
100,0.83515,0.018215163266476098
100,0.83515,0.029438118636472745
100,0.83515,0.025563272787498523
100,0.83515,-0.5270761866630258
100,0.83515,-0.23641880055935613
100,0.83515,-0.5309129581772289
100,0.83515,0.32017510896791374
100,0.83515,0.26183579907896204
100,0.83515,0.2975013127984274
100,0.83515,-0.16208951489311688
100,0.83515,-0.5318286317964916
100,0.83515,-0.194890096068348
100,0.83515,-0.3483959727804475
100,0.83515,-0.20142425914086087
100,0.83515,-0.41372256491008064
100,0.83515,-0.09705704379932815
100,0.83515,-0.0292139502526754
100,0.83515,-0.29550219906864295
100,0.83515,-0.37002495106106925
100,0.83515,-0.45086413017882715
100,0.83515,-0.2622402146930172
100,0.83515,-0.4741463955613497
100,0.83515,-0.4113400306227239
100,0.83515,-0.3653930151929849
100,0.83515,-0.35828349283578914
100,0.83515,-0.26708982760577143
100,0.83515,-0.46724206153998094
100,0.83515,-0.5357063021839356
100,0.83515,-0.11287455347694786
100,0.83515,-0.20830343830182907
100,0.83515,-0.0922427318859729
100,0.83515,-0.1701131314872948
100,0.83515,-0.1871362009843814
100,0.83515,-0.4159603933667429
100,0.83515,-0.08248089148189705
100,0.83515,-0.49070700843100334
100,0.83515,-0.4870803037632267
100,0.83515,-0.014378887299974611
100,0.83515,-0.11583785373840257
100,0.83515,-0.23300501211658758
100,0.83515,-0.18973129302251918
100,0.83515,-0.07905587461531505
100,0.83515,-0.3848741399936275
100,0.83515,-0.5737799612070893
100,0.83515,0.3904423953888066
100,0.83515,-0.15702763609819767
100,0.83515,-0.2547144654725206
100,0.83515,-0.4013440966938004
100,0.83515,-0.3420299180309896
100,0.83515,-0.5790019833322432
100,0.83515,-0.2946141141953732
100,0.83515,-0.06706674394686883
100,0.83515,-0.43699609617723684
100,0.83515,-0.46607783509914064
100,0.83515,-0.4343987874081854
100,0.83515,-0.38940469856278603
100,0.83515,-0.057051087614436585
100,0.83515,-0.23449558005397977
100,0.83515,-0.38968069988902765
100,0.83515,-0.10588715662222103
100,0.83515,-0.056852207518975385
100,0.83515,-0.30894518112184294
100,0.83515,-0.25179229082239823
100,0.83515,-0.470544049307284
100,0.83515,-0.3984136771037565
100,0.83515,-0.20177997630311706
100,0.83515,-0.2401344170994714
100,0.83515,-0.291884687925088
100,0.83515,-0.34565450143145005
100,0.83515,-0.38571661095243104
100,0.83515,-0.508903901577612
100,0.83515,-0.43661150429697665
100,0.83515,0.2852937062677783
100,0.83515,-0.21677155167903445
100,0.83515,-0.419123141053695
100,0.83515,-0.007444504468762439
100,0.83515,-0.3985795831953801
100,0.83515,-0.16231584079411254
100,0.83515,-0.48532569890138294
100,0.83515,-0.2542565873354336
100,0.83515,0.29150468622928855
100,0.83515,-0.3817917276275044
100,0.83515,-0.256773471914672
100,0.83515,-0.530133594585903
100,0.83515,-0.22261689998974568
100,0.83515,-0.3028164968263592
100,0.83515,0.3150178227282295
100,0.83515,-0.05984020066728354
100,0.83515,-0.0562998756263691
100,0.83515,0.02928957151814629
100,0.83515,-0.1339458802757463
100,0.83515,-0.40069392235015633
100,0.83515,0.07877471631862937
100,0.83515,-0.15797552810871998
100,0.83515,-0.17358950095377157
100,0.83515,0.00609184324466139
100,0.83515,-0.44135996362036306
100,0.83515,-0.37905937756278235
100,0.83515,-0.0022791757062946205
100,0.83515,-0.28764571634709263
100,0.83515,0.0176073726112143
100,0.83515,-0.0016111766729983935
100,0.83515,0.07056328028051309
100,0.83515,-0.544059461037751
100,0.83515,-0.22079403815425488
100,0.83515,-0.5234431432458987
100,0.83515,0.3008772293847948
100,0.83515,0.27404732388543324
100,0.83515,0.2863007011695303
100,0.83515,-0.1016744107168442
100,0.83515,-0.503067295050994
100,0.83515,-0.2152528729390115
100,0.83515,-0.3281227397075806
100,0.83515,-0.21925551051182246
100,0.83515,-0.4096443499633627
100,0.83515,-0.17529836600267726
100,0.83515,-0.0776526560971124
100,0.83515,-0.30843273252355635
100,0.83515,-0.37975412344037734
100,0.83515,-0.4252818949664834
100,0.83515,-0.24027399385858925
100,0.83515,-0.39716379560820003
100,0.83515,-0.4485233946941482
100,0.83515,-0.39314578951024615
100,0.83515,-0.33210412385046567
100,0.83515,-0.2978380094073849
100,0.83515,-0.4883921450415078
100,0.83515,-0.5507559097763982
100,0.83515,-0.1413003525333
100,0.83515,-0.18876980625422812
100,0.83515,-0.09407590513757033
100,0.83515,-0.18034777899531096
100,0.83515,-0.1713715503776615
100,0.83515,-0.4502890591850728
100,0.83515,-0.09464712964363094
100,0.83515,-0.4953858000344853
100,0.83515,-0.5019336535932454
100,0.83515,-0.04410631392454683
100,0.83515,-0.08836959893108867
100,0.83515,-0.21722257325600616
100,0.83515,-0.17615994147924485
100,0.83515,-0.06285930667075504
100,0.83515,-0.38781127361113826
100,0.83515,-0.6014864136907493
100,0.83515,0.39943213300508235
100,0.83515,-0.15734414715565884
100,0.83515,-0.27898290894489786
100,0.83515,-0.41265575959301304
100,0.83515,-0.3577421129590084
100,0.83515,-0.6019189019431473
100,0.83515,-0.3199406761115
100,0.83515,-0.08804451767157902
100,0.83515,-0.444956260751085
100,0.83515,-0.46050164143534117
100,0.83515,-0.4276342906551011
100,0.83515,-0.4041554585290236
100,0.83515,-0.040780476027965855
100,0.83515,-0.2221960209015088
100,0.83515,-0.38270117294515527
100,0.83515,-0.11291989204642412
100,0.83515,-0.08805865205793113
100,0.83515,-0.3070043424420518
100,0.83515,-0.25273202361203806
100,0.83515,-0.503164426407116
100,0.83515,-0.3823258537815229
100,0.83515,-0.2235312089967156
100,0.83515,-0.20115710104886156
100,0.83515,-0.24778397411980324
100,0.83515,-0.2874867259973057
100,0.83515,-0.39691860002453777
100,0.83515,-0.5021526422438394
100,0.83515,-0.46248190169835707
100,0.83515,0.29708942827782925
100,0.83515,-0.20334034806059564
100,0.83515,-0.41981201783171257
100,0.83515,0.025321606473046057
100,0.83515,-0.3838035121996002
100,0.83515,-0.1833423647188247
100,0.83515,-0.5166235990010428
100,0.83515,-0.24128029702136342
100,0.83515,0.23430282371247135
100,0.83515,-0.3947074578778126
100,0.83515,-0.24681714926579504
100,0.83515,-0.46273553711186743
100,0.83515,-0.17365770735591296
100,0.83515,-0.316856476317441
100,0.83515,0.27433247808499456
100,0.83515,-0.07288406611296173
100,0.83515,-0.06585948684175241
100,0.83515,0.01785952888300567
100,0.83515,-0.17515485051632323
100,0.83515,-0.37754756343445545
100,0.83515,0.07901212362912345
100,0.83515,-0.16462136112266107
100,0.83515,-0.2229918152597107
100,0.83515,-0.011121175198838274
100,0.83515,-0.4341594885256177
100,0.83515,-0.39683083422046245
100,0.83515,-0.03153707753807054
100,0.83515,-0.2431076580694159
100,0.83515,0.02965030650246829
100,0.83515,-0.01701829667794749
100,0.83515,0.04891039466036748
100,0.83515,-0.5593383618540324
100,0.83515,-0.22508000277146153
100,0.83515,-0.4818045347941407
100,0.83515,0.32945542360912083
100,0.83515,0.29663507056252253
100,0.83515,0.2789328910192344
100,0.83515,-0.10488197664736067
100,0.83515,-0.4878133074794691
100,0.83515,-0.19967944693929582
100,0.83515,-0.3116446471725396
100,0.83515,-0.17962196767711724
100,0.83515,-0.3696865244746142
100,0.83515,-0.14729296520129168
100,0.83515,-0.08300938797735238
100,0.83515,-0.3221808118549388
100,0.83515,-0.3720430160331078
100,0.83515,-0.44348361612724363
100,0.83515,-0.26509003531555025
100,0.83515,-0.4162213146907975
100,0.83515,-0.43240401197302614
100,0.83515,-0.39484876875807573
100,0.83515,-0.29968529466048643
100,0.83515,-0.28711356506162206
100,0.83515,-0.49175403443030036
100,0.83515,-0.5679219200537028
100,0.83515,-0.11041177220622955
100,0.83515,-0.21528797863854804
100,0.83515,-0.0973494956434805
100,0.83515,-0.2070631225304919
100,0.83515,-0.1552928767837523
100,0.83515,-0.4522517681732102
100,0.83515,-0.08027552987416992
100,0.83515,-0.49817095011388696
100,0.83515,-0.4349059788799117
100,0.83515,-0.02631731291853351
100,0.83515,-0.08470850241981534
100,0.83515,-0.19300118555941143
100,0.83515,-0.2160758732449085
100,0.83515,-0.018287748519358545
100,0.83515,-0.395543308454776
100,0.83515,-0.5935813943034706
100,0.83515,0.3784628153060008
100,0.83515,-0.08909826929893952
100,0.83515,-0.28569323259392637
100,0.83515,-0.379087766368706
100,0.83515,-0.3806372251193707
100,0.83515,-0.5862900052391512
100,0.83515,-0.2877285005108264
100,0.83515,-0.020093423369842326
100,0.83515,-0.4558523172280201
100,0.83515,-0.4011119850105327
100,0.83515,-0.41485161729769954
100,0.83515,-0.3679844340136546
100,0.83515,-0.016103961277804724
100,0.83515,-0.2249454653802778
100,0.83515,-0.3711928875687062
100,0.83515,-0.11282632048006869
100,0.83515,-0.1272937463693506
100,0.83515,-0.3395384253878739
100,0.83515,-0.2891495705422691
100,0.83515,-0.4909813950346023
100,0.83515,-0.3808475721053453
100,0.83515,-0.20516334760763072
100,0.83515,-0.24400325667811254
100,0.83515,-0.27065725637072857
100,0.83515,-0.29200887357531274
100,0.83515,-0.36165094246350427
100,0.83515,-0.5107443337002227
100,0.83515,-0.44051283523452195
100,0.83515,0.34465439542330106
100,0.83515,-0.24866395527321958
100,0.83515,-0.4248221544810194
100,0.83515,0.018036570005975958
100,0.83515,-0.3778944404687444
100,0.83515,-0.12492672543310858
100,0.83515,-0.5052491377380071
100,0.83515,-0.2400812175295461
100,0.83515,0.18782740498400277
100,0.83515,-0.3410324512590173
100,0.83515,-0.2681958779965202
100,0.83515,-0.4491168372853749
100,0.83515,-0.22815222464234358
100,0.83515,-0.33807524419333945
100,0.83515,0.19881631281485462
100,0.83515,-0.11017714781227242
100,0.83515,-0.059742680538784565
100,0.83515,0.013698104505228167
100,0.83515,-0.1630660406408147
100,0.83515,-0.3859974495399601
100,0.83515,0.08882672223040389
100,0.83515,-0.2108681957387552
100,0.83515,-0.2776063962469915
100,0.83515,-0.025596310236457802
100,0.83515,-0.4539490799922227
100,0.83515,-0.4133789075501953
100,0.83515,-0.09296350950503134
100,0.83515,-0.2583061119430919
100,0.83515,0.0018743270425551095
100,0.83515,-0.015295082464310755
100,0.83515,0.05841289816847117
100,0.83515,-0.5355606935407459
100,0.83515,-0.2361983160662975
100,0.83515,-0.462849074736858
100,0.83515,0.3530888453747026
100,0.83515,0.23755523636511705
100,0.83515,0.2962664362203888
100,0.83515,-0.16289856914133632
100,0.83515,-0.5153213261489513
100,0.83515,-0.1914600763585675
100,0.83515,-0.34665705594843804
100,0.83515,-0.20999352729453494
100,0.83515,-0.40961701908303116
100,0.83515,-0.12037927478949442
100,0.83515,-0.12153772536622913
100,0.83515,-0.3367950977191308
100,0.83515,-0.3518671336541074
100,0.83515,-0.42051060223824205
100,0.83515,-0.19425805995208867
100,0.83515,-0.42583592849206675
100,0.83515,-0.4144808035985988
100,0.83515,-0.4411518281646907
100,0.83515,-0.28410309175989906
100,0.83515,-0.2735960896727729
100,0.83515,-0.5278663199874335
100,0.83515,-0.5772441994595574
100,0.83515,-0.07490820467895497
100,0.83515,-0.1797772944457888
100,0.83515,-0.07715491605196634
100,0.83515,-0.21366316946425334
100,0.83515,-0.1734144930817695
100,0.83515,-0.4196949832557775
100,0.83515,-0.045808657432992055
100,0.83515,-0.5225865194166079
100,0.83515,-0.42521908476577697
100,0.83515,-0.0649083271689542
100,0.83515,-0.050138992985700105
100,0.83515,-0.1936507160406895
100,0.83515,-0.18811117184560006
100,0.83515,-0.07056900285764958
100,0.83515,-0.40244263056858637
100,0.83515,-0.5312255189325724
100,0.83515,0.4167277192077918
100,0.83515,-0.08989197012947733
100,0.83515,-0.31400654165325026
100,0.83515,-0.3585862118086677
100,0.83515,-0.4090839779274878
100,0.83515,-0.5385662583550088
100,0.83515,-0.2282069668147203
100,0.83515,-0.020263653339041596
100,0.83515,-0.45578364838071506
100,0.83515,-0.4278412165843887
100,0.83515,-0.4153996890315239
100,0.83515,-0.3975011622527523
100,0.83515,-0.06512402740601275
100,0.83515,-0.24059919938853513
100,0.83515,-0.36123141594398855
100,0.83515,-0.15366712030187743
100,0.83515,-0.10209517598270432
100,0.83515,-0.3361851147550948
100,0.83515,-0.2789750033488782
100,0.83515,-0.48465180946907827
100,0.83515,-0.387325914549904
100,0.83515,-0.22344357779239407
100,0.83515,-0.21524985243814043
100,0.83515,-0.2407054273967989
100,0.83515,-0.24875147198067663
100,0.83515,-0.35785659941478415
100,0.83515,-0.5028880255527524
100,0.83515,-0.4014056368680556
100,0.83515,0.34397369976550013
100,0.83515,-0.2313178603382691
100,0.83515,-0.44061306644462694
100,0.83515,0.03044655284829877
100,0.83515,-0.3711530591471254
100,0.83515,-0.0741122775030657
100,0.83515,-0.5231581614557265
100,0.83515,-0.23983911523300339
100,0.83515,0.23257900062663187
100,0.83515,-0.3418543331013188
100,0.83515,-0.262659730463261
100,0.83515,-0.4214650925340889
100,0.83515,-0.22648587169294115
100,0.83515,-0.3619589009357617
100,0.83515,0.22258854079544566
100,0.83515,-0.1422644210255419
100,0.83515,-0.047138552990710035
100,0.83515,-0.01282287847014154
100,0.83515,-0.1889988010347421
100,0.83515,-0.3856355445448912
100,0.83515,0.10810359012532701
100,0.83515,-0.21194067064044284
100,0.83515,-0.25561137722957467
100,0.83515,0.010093160706125997
100,0.83515,-0.4541416068731603
100,0.83515,-0.39083351380607473
100,0.83515,-0.10530210739279305
100,0.83515,-0.253884578429899
100,0.83515,-0.02153891338502207
100,0.83515,-0.01924364578132739
100,0.83515,0.05027017141915044
100,0.83515,-0.5020247110022086
100,0.83515,-0.22058323210716235
100,0.83515,-0.4843575476152224
100,0.83515,0.35550983607675607
100,0.83515,0.24774169813521707
100,0.83515,0.29600499913617356
100,0.83515,-0.1691833696272229
100,0.83515,-0.5152402910546259
100,0.83515,-0.19522934105208975
100,0.83515,-0.34595152461245204
100,0.83515,-0.23459045837411163
100,0.83515,-0.39532096204398465
100,0.83515,-0.07265688469506336
100,0.83515,-0.12974982858838865
100,0.83515,-0.34192549956645907
100,0.83515,-0.3556762800647132
100,0.83515,-0.41234727054115505
100,0.83515,-0.19101031316974276
100,0.83515,-0.4423120715420119
100,0.83515,-0.40201295469032067
100,0.83515,-0.4495370983164499
100,0.83515,-0.28973916957339574
100,0.83515,-0.25371009705102754
100,0.83515,-0.5289186329295872
100,0.83515,-0.5741209026546076
100,0.83515,-0.0717643663188969
100,0.83515,-0.19528039051933202
100,0.83515,-0.06041919708900243
100,0.83515,-0.22200841059556636
100,0.83515,-0.18577743200406469
100,0.83515,-0.4448527551105693
100,0.83515,-0.060739040148506555
100,0.83515,-0.5081012434545212
100,0.83515,-0.43167221725275484
100,0.83515,-0.06806494033482448
100,0.83515,-0.07125700044653743
100,0.83515,-0.1852552498212258
100,0.83515,-0.13857848279145005
100,0.83515,-0.06665021667489508
100,0.83515,-0.3716608101430401
100,0.83515,-0.5468515305712877
100,0.83515,0.3684523506535859
100,0.83515,-0.0608481726516909
100,0.83515,-0.27065453415664587
100,0.83515,-0.34202491598768603
100,0.83515,-0.41093138253286987
100,0.83515,-0.5547994254186918
100,0.83515,-0.23430914267288347
100,0.83515,0.018960035220129942
100,0.83515,-0.42088846372687644
100,0.83515,-0.42641251996845964
100,0.83515,-0.4065020858441503
100,0.83515,-0.407243320208418
100,0.83515,-0.10804416337972181
100,0.83515,-0.19445563372271163
100,0.83515,-0.4064315189598126
100,0.83515,-0.16576177865044234
100,0.83515,-0.16886536679130013
100,0.83515,-0.2673975123849849
100,0.83515,-0.30108925311859064
100,0.83515,-0.4965475372273843
100,0.83515,-0.4177006404182992
100,0.83515,-0.19703759408720153
100,0.83515,-0.2576160336390763
100,0.83515,-0.23138431085337238
100,0.83515,-0.2670524906158094
100,0.83515,-0.3459708281422498
100,0.83515,-0.5040920281364625
100,0.83515,-0.3840570628398367
100,0.83515,0.3263248889720447
100,0.83515,-0.2034374645675724
100,0.83515,-0.452669626938315
100,0.83515,-0.045187662013854116
100,0.83515,-0.37830607268066263
100,0.83515,-0.019938374078053107
100,0.83515,-0.5327320367266716
100,0.83515,-0.2791970259357429
100,0.83515,0.16994484059085643
100,0.83515,-0.3043228314781303
100,0.83515,-0.2542000631189889
100,0.83515,-0.4479785389789746
100,0.83515,-0.20031178228665567
100,0.83515,-0.3515564597969379
100,0.83515,0.23328311644695654
100,0.83515,-0.1256161191068993
100,0.83515,-0.03898366778313477
100,0.83515,-0.039727145777574926
100,0.83515,-0.171391432752627
100,0.83515,-0.4129977111329183
100,0.83515,0.14527679153527626
100,0.83515,-0.25175789792255904
100,0.83515,-0.2345450850914718
100,0.83515,0.05516027662408839
100,0.83515,-0.4810939192212081
100,0.83515,-0.38471444462313165
100,0.83515,-0.07890626827828769
100,0.83515,-0.28489142126002803
100,0.83515,0.02558666589897027
100,0.83515,-0.03405061524110912
100,0.83515,0.06468560708040241
100,0.83515,-0.4894190023686563
100,0.83515,-0.2100582477529919
100,0.83515,-0.49336332178716913
100,0.83515,0.36540896394067884
100,0.83515,0.2610701239441823
100,0.83515,0.3126343652789566
100,0.83515,-0.21356839440425449
100,0.83515,-0.4894538244366565
100,0.83515,-0.21054540165695318
100,0.83515,-0.35805218199759364
100,0.83515,-0.23232181150027081
100,0.83515,-0.41732037077571577
100,0.83515,-0.061135437498015054
100,0.83515,-0.13679197594176817
100,0.83515,-0.3088284369663506
100,0.83515,-0.38583257602544785
100,0.83515,-0.3958695707453261
100,0.83515,-0.21639731189656264
100,0.83515,-0.45755799375659884
100,0.83515,-0.3637847956720806
100,0.83515,-0.43998216273298485
100,0.83515,-0.255988479484144
100,0.83515,-0.29693681631516966
100,0.83515,-0.5635546419468503
100,0.83515,-0.5745491592182072
100,0.83515,-0.0666486284480413
100,0.83515,-0.20948081757558756
100,0.83515,-0.10369427246172441
100,0.83515,-0.2633419448916847
100,0.83515,-0.1882817576064772
100,0.83515,-0.4530488466666197
100,0.83515,-0.03715393125536725
100,0.83515,-0.4641754272071225
100,0.83515,-0.4666446828718714
100,0.83515,-0.10397603304073604
100,0.83515,-0.00858684151125632
100,0.83515,-0.22402434792676595
100,0.83515,-0.18938938151397333
100,0.83515,-0.11399073688441702
100,0.83515,-0.40794203496215625
100,0.83515,-0.49711209433443826
100,0.83515,0.2580337120498111
100,0.83515,-0.05675553708401713
100,0.83515,-0.2994206937521729
100,0.83515,-0.31684466509699627
100,0.83515,-0.42345052281767426
100,0.83515,-0.5157259540500462
100,0.83515,-0.22781450281839044
100,0.83515,0.009293118375406055
100,0.83515,-0.40214085520173276
100,0.83515,-0.39256547025010596
100,0.83515,-0.3987387787195379
100,0.83515,-0.41136164537129805
100,0.83515,-0.1249364358102779
100,0.83515,-0.16008198166979756
100,0.83515,-0.3963612460193959
100,0.83515,-0.19047853176018373
100,0.83515,-0.15778069509721926
100,0.83515,-0.27560848861520254
100,0.83515,-0.29558887578293225
100,0.83515,-0.4737069191283679
100,0.83515,-0.45288113423975435
100,0.83515,-0.23655755344666576
100,0.83515,-0.23287643141879388
100,0.83515,-0.23598093566005526
100,0.83515,-0.26659121469543706
100,0.83515,-0.33888358033436433
100,0.83515,-0.5122401404931947
100,0.83515,-0.3571644136281046
100,0.83515,0.3564461214046121
100,0.83515,-0.1726541828259989
100,0.83515,-0.43743943121277157
100,0.83515,-0.07842451163631627
100,0.83515,-0.3500101320028766
100,0.83515,-0.029485913359994658
100,0.83515,-0.5120759028043008
100,0.83515,-0.30072858509299016
100,0.83515,0.18636862884065233
100,0.83515,-0.31736236877471696
100,0.83515,-0.22767580754943445
100,0.83515,-0.46784742490725056
100,0.83515,-0.1955582063469876
100,0.83515,-0.3711585950906756
100,0.83515,0.1757527454784615
100,0.83515,-0.09768580807964979
100,0.83515,-0.040930233480339584
100,0.83515,-0.03200718245619701
100,0.83515,-0.15139254833993648
100,0.83515,-0.4377837369785456
100,0.83515,0.1214944615956185
100,0.83515,-0.26685645280992015
100,0.83515,-0.22841744092427138
100,0.83515,0.049089598402970974
100,0.83515,-0.5001411454425765
100,0.83515,-0.39490726814404264
100,0.83515,-0.11927749557313458
100,0.83515,-0.26140445241414817
100,0.83515,0.010321902295028187
100,0.83515,-0.06192687274389082
100,0.83515,0.041810625666454465
100,0.83515,-0.5057954983033296
100,0.83515,-0.2242894399003717
100,0.83515,-0.49267996444600054
100,0.83515,0.369018553927443
100,0.83515,0.24494227999264181
100,0.83515,0.31754036078669146
100,0.83515,-0.15397516858717072
100,0.83515,-0.4638841015265469
100,0.83515,-0.21927145879802876
100,0.83515,-0.35538599836470414
100,0.83515,-0.2384809780807468
100,0.83515,-0.4293010798562466
100,0.83515,-0.05272048134527224
100,0.83515,-0.12643714553831245
100,0.83515,-0.27464771159980594
100,0.83515,-0.3862100294092959
100,0.83515,-0.357275801452888
100,0.83515,-0.22998423446456046
100,0.83515,-0.44078226758863087
100,0.83515,-0.34929287681555304
100,0.83515,-0.4398443550719976
100,0.83515,-0.24635432368792454
100,0.83515,-0.2707149132697242
100,0.83515,-0.538602608844838
100,0.83515,-0.5965112632640167
100,0.83515,-0.059584909405214555
100,0.83515,-0.211557445878895
100,0.83515,-0.10834633724806766
100,0.83515,-0.2636180666621275
100,0.83515,-0.1960732137098099
100,0.83515,-0.4620185428027555
100,0.83515,-0.03544484087607277
100,0.83515,-0.45699092507563255
100,0.83515,-0.4474036546247915
100,0.83515,-0.09849023528857553
100,0.83515,0.04371235093219068
100,0.83515,-0.23984373328018357
100,0.83515,-0.12653790434426715
100,0.83515,-0.11021269113199342
100,0.83515,-0.4192161580809221
100,0.83515,-0.4612351262254214
100,0.83515,0.1939922826209875
100,0.83515,-0.02122660217857898
100,0.83515,-0.3209163640228455
100,0.83515,-0.3621530178261511
100,0.83515,-0.451199800404107
100,0.83515,-0.45888632784603894
100,0.83515,-0.29268432896450164
100,0.83515,-0.025678496052194813
100,0.83515,-0.3450056745046577
100,0.83515,-0.30543768208310407
100,0.83515,-0.41721042025528793
100,0.83515,-0.4181171628723493
100,0.83515,-0.15494700214899434
100,0.83515,-0.18730267790858096
100,0.83515,-0.40796475742800287
100,0.83515,-0.10228312319306838
100,0.83515,-0.15167576479343206
100,0.83515,-0.16884995244105147
100,0.83515,-0.33824907942298105
100,0.83515,-0.5109993403209276
100,0.83515,-0.4604490679891453
100,0.83515,-0.2863549119275995
100,0.83515,-0.24120055309772617
100,0.83515,-0.2678081102371059
100,0.83515,-0.3069248920344225
100,0.83515,-0.3678340055612232
100,0.83515,-0.5175851819532855
100,0.83515,-0.24876199250277373
100,0.83515,0.36572402526207143
100,0.83515,-0.17062549001628813
100,0.83515,-0.45978175439790053
100,0.83515,-0.12201118718471511
100,0.83515,-0.39098266306782614
100,0.83515,-0.06000372753987913
100,0.83515,-0.5273145074352058
100,0.83515,-0.3527126949829084
100,0.83515,0.2353852338724095
100,0.83515,-0.33017820997552133
100,0.83515,-0.2644523003079842
100,0.83515,-0.4518267454926869
100,0.83515,-0.09673859207702735
100,0.83515,-0.4127420363852953
100,0.83515,0.11160296838491636
100,0.83515,-0.03207005723324047
100,0.83515,0.021499531642548097
100,0.83515,-0.08857733174343513
100,0.83515,-0.1730590545816038
100,0.83515,-0.4712343131879357
100,0.83515,0.04219010935815773
100,0.83515,-0.22164964375331897
100,0.83515,-0.24007580341574697
100,0.83515,0.06067136560487099
100,0.83515,-0.5439378648861127
100,0.83515,-0.40492753358506584
100,0.83515,-0.17331551821428626
100,0.83515,-0.19783484329142098
100,0.83515,-0.014665159753113
100,0.83515,-0.0979432298002718
100,0.83515,-0.03526321363074797
100,0.83515,-0.5103106984338152
100,0.83515,-0.2431161011873861
100,0.83515,-0.5374521066175604
100,0.83515,0.299791727990495
100,0.83515,0.2823185522217267
100,0.83515,0.24227065330430897
100,0.83515,-0.0885443719756148
100,0.83515,-0.4743492238948098
100,0.83515,-0.2655709137367487
100,0.83515,-0.41018470402709784
100,0.83515,-0.20814658378268247
100,0.83515,-0.47178291084145285
100,0.83515,-0.09411384841522484
100,0.83515,-0.11737041698169963
100,0.83515,-0.2681376021866294
100,0.83515,-0.43037232993379987
100,0.83515,-0.33517414191617484
100,0.83515,-0.29755492213289475
100,0.83515,-0.3571963734008765
100,0.83515,-0.27902267886630544
100,0.83515,-0.4210493818400221
100,0.83515,-0.16428720583985734
100,0.83515,-0.3250384648831658
100,0.83515,-0.5522661429577634
100,0.83515,-0.5853115344969372
100,0.83515,-0.10689774629168948
100,0.83515,-0.2550099940873659
100,0.83515,-0.10724351770243343
100,0.83515,-0.2722588812777392
100,0.83515,-0.20442893892523772
100,0.83515,-0.4590185700665873
100,0.83515,-0.08488339844801863
100,0.83515,-0.3972538824140093
100,0.83515,-0.418699834567916
100,0.83515,-0.17234472216157742
100,0.83515,0.08879212368828408
100,0.83515,-0.22110885620643472
100,0.83515,-0.1704412571945471
100,0.83515,-0.18528596946205877
100,0.83515,-0.46301642135111193
100,0.83515,-0.46327534619927496
100,0.83515,0.22758081722440393
100,0.83515,-0.11310428856976917
100,0.83515,-0.3195344496130646
100,0.83515,-0.3098427037420187
100,0.83515,-0.4590474293284526
100,0.83515,-0.40053605844718626
100,0.83515,-0.33532918171698894
100,0.83515,-0.0016451633822171102
100,0.83515,-0.3332400633281615
100,0.83515,-0.30751767251459905
100,0.83515,-0.39034191035896176
100,0.83515,-0.447250700269292
100,0.83515,-0.16793725826561037
100,0.83515,-0.12145140647191362
100,0.83515,-0.44375733319832084
100,0.83515,-0.012919395119014215
100,0.83515,-0.2022753754926887
100,0.83515,-0.18917241383688815
100,0.83515,-0.3009439410885547
100,0.83515,-0.5234682606943717
100,0.83515,-0.47025452377360766
100,0.83515,-0.28770185913382246
100,0.83515,-0.2823632880493635
100,0.83515,-0.23004031494217386
100,0.83515,-0.3046208857511985
100,0.83515,-0.40655787656795567
100,0.83515,-0.4997679863734431
100,0.83515,-0.27585425354516374
100,0.83515,0.38160278858881225
100,0.83515,-0.2201628976985344
100,0.83515,-0.4455072665297059
100,0.83515,-0.06189485245770127
100,0.83515,-0.3939089921933237
100,0.83515,-0.08717399827054338
100,0.83515,-0.524351936766427
100,0.83515,-0.28451298849505474
100,0.83515,0.18431933863061298
100,0.83515,-0.3845725251489084
100,0.83515,-0.2730852223664499
100,0.83515,-0.4710738478159075
100,0.83515,-0.08962232347888535
100,0.83515,-0.4319754490011676
100,0.83515,0.11774528834020198
100,0.83515,-0.0641310057489966
100,0.83515,0.012633993606759639
100,0.83515,-0.053894807067219525
100,0.83515,-0.15704707777093005
100,0.83515,-0.5104344129876403
100,0.83515,0.05961512215149018
100,0.83515,-0.2778798688618732
100,0.83515,-0.23497153222633946
100,0.83515,0.05115206439765201
100,0.83515,-0.5753065174972455
100,0.83515,-0.406784571481203
100,0.83515,-0.16336005121057395
100,0.83515,-0.16192637594279177
100,0.83515,-0.03249362317673675
100,0.83515,-0.1387490793564941
100,0.83515,-0.06504862932339443
100,0.83515,-0.4965775950946828
100,0.83515,-0.24592568503568488
100,0.83515,-0.471568097871994
100,0.83515,0.24804090241266677
100,0.83515,0.22800669325223857
100,0.83515,0.28306176401385885
100,0.83515,-0.10097621798170511
100,0.83515,-0.479151749589237
100,0.83515,-0.30627252498897845
100,0.83515,-0.43562727752167124
100,0.83515,-0.24125555596220577
100,0.83515,-0.5109239170556179
100,0.83515,-0.1410593672917057
100,0.83515,-0.12599487372140142
100,0.83515,-0.27445085033472044
100,0.83515,-0.3760226905068644
100,0.83515,-0.326894938353054
100,0.83515,-0.32190295606908886
100,0.83515,-0.3767823064821624
100,0.83515,-0.2621257376536625
100,0.83515,-0.4656552786102087
100,0.83515,-0.1444719477483116
100,0.83515,-0.2932165684530129
100,0.83515,-0.5722585738627313
100,0.83515,-0.6023689980920229
100,0.83515,-0.07148178367566906
100,0.83515,-0.31750124399416313
100,0.83515,-0.09144364911187715
100,0.83515,-0.28659735098682687
100,0.83515,-0.16769644298935474
100,0.83515,-0.443954543659612
100,0.83515,-0.09819225344940032
100,0.83515,-0.3535378771795391
100,0.83515,-0.3986846995060501
100,0.83515,-0.21018008987503536
100,0.83515,0.10591744852505088
100,0.83515,-0.24114804446810326
100,0.83515,-0.14585048689415558
100,0.83515,-0.11299235482184475
100,0.83515,-0.4932472127637705
100,0.83515,-0.4689024776367411
100,0.83515,0.18814794454602035
100,0.83515,-0.06380190240082267
100,0.83515,-0.3054804092643098
100,0.83515,-0.3257807203751678
100,0.83515,-0.4542371355277846
100,0.83515,-0.4093200066873296
100,0.83515,-0.33047953812951514
100,0.83515,0.026238913033606235
100,0.83515,-0.2888810232960661
100,0.83515,-0.32924714317509673
100,0.83515,-0.357788560685721
100,0.83515,-0.4518003476431325
100,0.83515,-0.1875892277191114
100,0.83515,-0.08682488074765801
100,0.83515,-0.4546732613523676
100,0.83515,0.014080621556879933
100,0.83515,-0.23038570538597364
100,0.83515,-0.1986642195792488
100,0.83515,-0.30951749180262084
100,0.83515,-0.5501845747081234
100,0.83515,-0.4783016575733308
100,0.83515,-0.2794557008058715
100,0.83515,-0.31972211088592717
100,0.83515,-0.24469148683822028
100,0.83515,-0.313047517666678
100,0.83515,-0.3839363402114054
100,0.83515,-0.48263658067693666
100,0.83515,-0.26611268486070133
100,0.83515,0.4204793353737397
100,0.83515,-0.1793399788945902
100,0.83515,-0.44165074865234644
100,0.83515,-0.0848744879451002
100,0.83515,-0.3945138903223759
100,0.83515,-0.10165302846871221
100,0.83515,-0.4778230674010098
100,0.83515,-0.26853626389261254
100,0.83515,0.1752453531319677
100,0.83515,-0.36933504381114923
100,0.83515,-0.2640717306341063
100,0.83515,-0.4670460708002723
100,0.83515,-0.08897165015088537
100,0.83515,-0.4556232362970595
100,0.83515,0.14049251589543663
100,0.83515,-0.046873024189456686
100,0.83515,0.03203466730045938
100,0.83515,-0.055984108389406075
100,0.83515,-0.10506721827695863
100,0.83515,-0.5276238814412813
100,0.83515,0.08084781169460421
100,0.83515,-0.27168090530423167
100,0.83515,-0.2632418831826503
100,0.83515,0.04761738370925254
100,0.83515,-0.5769667130100427
100,0.83515,-0.42032768458708314
100,0.83515,-0.19944413450498943
100,0.83515,-0.19349528683770106
100,0.83515,-0.02187148643762583
100,0.83515,-0.11775302758222363
100,0.83515,-0.04758285503648985
100,0.83515,-0.5255988868328293
100,0.83515,-0.2356399465599343
100,0.83515,-0.4533983045518516
100,0.83515,0.24854038619925464
100,0.83515,0.24449134971837694
100,0.83515,0.2968409938717969
100,0.83515,-0.12605420281346433
100,0.83515,-0.44735570733239194
100,0.83515,-0.3059517609818624
100,0.83515,-0.43065831954551176
100,0.83515,-0.2755581118654406
100,0.83515,-0.5114673416077553
100,0.83515,-0.0845908400339598
100,0.83515,-0.12003821400502981
100,0.83515,-0.2291428067641849
100,0.83515,-0.36338812052408426
100,0.83515,-0.3538567734396159
100,0.83515,-0.32208381944920356
100,0.83515,-0.3401155331441552
100,0.83515,-0.2033061037051608
100,0.83515,-0.4973271276735046
100,0.83515,-0.0983549688312668
100,0.83515,-0.2920332796379347
100,0.83515,-0.5947927457646635
100,0.83515,-0.6116781420523377
100,0.83515,-0.06620450759091057
100,0.83515,-0.3242039527820122
100,0.83515,-0.112099515067925
100,0.83515,-0.2857403131446452
100,0.83515,-0.198150901086065
100,0.83515,-0.45283985806730936
100,0.83515,-0.10952255164317849
100,0.83515,-0.3451177731242254
100,0.83515,-0.4360970421414607
100,0.83515,-0.23848390491663363
100,0.83515,0.09793101380863231
100,0.83515,-0.26080712097369885
100,0.83515,-0.13709906692804552
100,0.83515,-0.08395607753122504
100,0.83515,-0.4953058251598969
100,0.83515,-0.4546578860579875
100,0.83515,0.17177558111201183
100,0.83515,-0.07738785562913504
100,0.83515,-0.327618850009244
100,0.83515,-0.3154128063687399
100,0.83515,-0.4477232166401049
100,0.83515,-0.4079112694737835
100,0.83515,-0.3286292183891737
100,0.83515,0.024691758972767496
100,0.83515,-0.267894207507252
100,0.83515,-0.3135202365769984
100,0.83515,-0.3305509521072593
100,0.83515,-0.42480699660785737
100,0.83515,-0.17498055019951061
100,0.83515,-0.10557925553603308
100,0.83515,-0.4356782421725848
100,0.83515,-0.0010985341240918884
100,0.83515,-0.20550628516836347
100,0.83515,-0.21332044371797665
100,0.83515,-0.28369564587358903
100,0.83515,-0.5269502378422902
100,0.83515,-0.4923836588014723
100,0.83515,-0.2774375688979023
100,0.83515,-0.33650108516081007
100,0.83515,-0.25043439155275093
100,0.83515,-0.3121838300250014
100,0.83515,-0.3612393912416822
100,0.83515,-0.4749477078853062
100,0.83515,-0.22381812339100993
100,0.83515,0.40828235794049084
100,0.83515,-0.1787450992785735
100,0.83515,-0.4386463592373853
100,0.83515,-0.07767744088548992
100,0.83515,-0.38548729464966275
100,0.83515,-0.10077894972999767
100,0.83515,-0.47642256249477893
100,0.83515,-0.2884063952078814
100,0.83515,0.16850164969819484
100,0.83515,-0.3624667340233836
100,0.83515,-0.2285509645908211
100,0.83515,-0.48507509919579483
100,0.83515,-0.07831334923921943
100,0.83515,-0.4627893672114871
100,0.83515,0.1172275968653356
100,0.83515,-0.042864741357243226
100,0.83515,0.05023069730464271
100,0.83515,-0.06666333460482711
100,0.83515,-0.06587695822211212
100,0.83515,-0.5251857943633511
100,0.83515,0.06656783851815166
100,0.83515,-0.2657158610532779
100,0.83515,-0.25176037339631024
100,0.83515,0.08821229329767488
100,0.83515,-0.5444841743347322
100,0.83515,-0.3892617249939738
100,0.83515,-0.22561675532221537
100,0.83515,-0.22616886807191872
100,0.83515,-0.024758987891512332
100,0.83515,-0.11292621773410301
100,0.83515,-0.0298849353726768
100,0.83515,-0.5340102818988053
100,0.83515,-0.2107745492265544
100,0.83515,-0.41792435719776017
100,0.83515,0.2768419184632122
100,0.83515,0.2388975689852486
100,0.83515,0.30496037444619484
100,0.83515,-0.15426238807772105
100,0.83515,-0.4773354623273489
100,0.83515,-0.31534845218302926
100,0.83515,-0.4492218565586839
100,0.83515,-0.25059304681979255
100,0.83515,-0.5162027546663055
100,0.83515,-0.10863533300165026
100,0.83515,-0.13433841886410383
100,0.83515,-0.18254388295341395
100,0.83515,-0.35659852035810485
100,0.83515,-0.3404961300105691
100,0.83515,-0.3446998268046982
100,0.83515,-0.32578304173913286
100,0.83515,-0.19399463298131916
100,0.83515,-0.49330844755953573
100,0.83515,-0.09962235818304295
100,0.83515,-0.26337588673738693
100,0.83515,-0.600667313452272
100,0.83515,-0.5974396169202826
100,0.83515,-0.03853601426178526
100,0.83515,-0.32937540122479836
100,0.83515,-0.10589626495294543
100,0.83515,-0.2897220095812383
100,0.83515,-0.18325462401571854
100,0.83515,-0.4621076678778149
100,0.83515,-0.08681567355246045
100,0.83515,-0.34192404527495646
100,0.83515,-0.45424012023093274
100,0.83515,-0.19270267926722323
100,0.83515,0.06798369788372825
100,0.83515,-0.27618377093257607
100,0.83515,-0.13536945601487538
100,0.83515,-0.10282833569846103
100,0.83515,-0.5060591282533333
100,0.83515,-0.4736446251533019
100,0.83515,0.1717654929601654
100,0.83515,-0.07502938692415938
100,0.83515,-0.3263229974014148
100,0.83515,-0.35710623453742274
100,0.83515,-0.4663317480861802
100,0.83515,-0.42936510168283687
100,0.83515,-0.3667092206467449
100,0.83515,-0.005697222106856543
100,0.83515,-0.2522114787842623
100,0.83515,-0.3424960082894027
100,0.83515,-0.34159029213131603
100,0.83515,-0.43106016541119185
100,0.83515,-0.16918179528657953
100,0.83515,-0.11544655500346343
100,0.83515,-0.3974743156040271
100,0.83515,-0.0018081719236185088
100,0.83515,-0.19804247850304854
100,0.83515,-0.2521101820146856
100,0.83515,-0.3036475963449496
100,0.83515,-0.5333828601727066
100,0.83515,-0.4793887201722319
100,0.83515,-0.29275297477575885
100,0.83515,-0.31779591599274865
100,0.83515,-0.23832492777268008
100,0.83515,-0.3153659446898547
100,0.83515,-0.38542038652787514
100,0.83515,-0.49097437734856925
100,0.83515,-0.23633992965675346
100,0.83515,0.3696428532647372
100,0.83515,-0.19163004746265933
100,0.83515,-0.43905192147957667
100,0.83515,-0.08876110803453326
100,0.83515,-0.36928463433088404
100,0.83515,-0.1265932786397733
100,0.83515,-0.4797236409713128
100,0.83515,-0.24277858526269808
100,0.83515,0.20834740306878385
100,0.83515,-0.3944547197400449
100,0.83515,-0.2769710165634604
100,0.83515,-0.45826255647923575
100,0.83515,-0.036869318735719685
100,0.83515,-0.4616450594526834
100,0.83515,0.08616122482375589
100,0.83515,-0.04199895109879751
100,0.83515,0.05197768883100986
100,0.83515,-0.027552868411036983
100,0.83515,-0.0340549984209339
100,0.83515,-0.5207074787381195
100,0.83515,0.05662714223142469
100,0.83515,-0.25671147741324124
100,0.83515,-0.26147593859851775
100,0.83515,0.12158233985995182
100,0.83515,-0.5371032636953617
100,0.83515,-0.40960120374780923
100,0.83515,-0.1573059180760206
100,0.83515,-0.23198967867543682
100,0.83515,0.007363265832470618
100,0.83515,-0.1268101297428433
100,0.83515,-0.05169121332096673
100,0.83515,-0.539504075412415
100,0.83515,-0.21309454235918082
100,0.83515,-0.4289363560997231
100,0.83515,0.29440453760746865
100,0.83515,0.24791154945427962
100,0.83515,0.3098999465373545
100,0.83515,-0.07326987684949214
100,0.83515,-0.40454342655527525
100,0.83515,-0.31521627508252736
100,0.83515,-0.44599516424421687
100,0.83515,-0.25197391782584705
100,0.83515,-0.4723868224129468
100,0.83515,-0.10692121363757588
100,0.83515,-0.16818552959060268
100,0.83515,-0.1706305817341443
100,0.83515,-0.3050843426947848
100,0.83515,-0.36532917306721224
100,0.83515,-0.315884924885996
100,0.83515,-0.34441504447692634
100,0.83515,-0.16926822044023884
100,0.83515,-0.5257273346727039
100,0.83515,-0.09194417335509514
100,0.83515,-0.2620334780343452
100,0.83515,-0.6229047146427173
100,0.83515,-0.5534469151890355
100,0.83515,-0.08552768788113195
100,0.83515,-0.36548877724089107
100,0.83515,-0.1206881821145443
100,0.83515,-0.3012586888826714
100,0.83515,-0.1744639092097518
100,0.83515,-0.4869484062660526
100,0.83515,-0.12942554702174308
100,0.83515,-0.32940041332936265
100,0.83515,-0.468555420128044
100,0.83515,-0.18642281613154324
100,0.83515,0.07688516038715343
100,0.83515,-0.2405797364188546
100,0.83515,-0.09500811006397539
100,0.83515,-0.07986925779459535
100,0.83515,-0.49275440324012454
100,0.83515,-0.46341396211215935
100,0.83515,0.12532317563250417
100,0.83515,-0.07837064265389766
100,0.83515,-0.36010297692378235
100,0.83515,-0.3426129349913202
100,0.83515,-0.4872585110564769
100,0.83515,-0.38493014778932994
100,0.83515,-0.37945247626042966
100,0.83515,0.00698228197401639
100,0.83515,-0.27949562373452563
100,0.83515,-0.35832613783612804
100,0.83515,-0.3594273833716371
100,0.83515,-0.3832740487121632
100,0.83515,-0.16777069261694894
100,0.83515,-0.11849888588922504
100,0.83515,-0.39867101907040275
100,0.83515,0.051103712199545154
100,0.83515,-0.23720684337521816
100,0.83515,-0.268563192878448
100,0.83515,-0.3090907900164812
100,0.83515,-0.4957297156371068
100,0.83515,-0.48624260049822576
100,0.83515,-0.2799139523204631
100,0.83515,-0.31268113427448135
100,0.83515,-0.2524514146846927
100,0.83515,-0.3246688068485896
100,0.83515,-0.3833635951825229
100,0.83515,-0.5225412592818872
100,0.83515,-0.24387443737991357
100,0.83515,0.32550710591480253
100,0.83515,-0.17584630475390256
100,0.83515,-0.41081720752871775
100,0.83515,-0.10842160135432434
100,0.83515,-0.3687077716933925
100,0.83515,-0.15416549751438777
100,0.83515,-0.4667123981263872
100,0.83515,-0.24285308461942862
100,0.83515,0.17722789646431433
100,0.83515,-0.39770572586226705
100,0.83515,-0.2936325649919733
100,0.83515,-0.4556967993430637
100,0.83515,-0.04338262712414172
100,0.83515,-0.4600058945481767
100,0.83515,0.0708527162490745
100,0.83515,-0.0699931480695392
100,0.83515,0.012226369337859023
100,0.83515,-0.04187578056467905
100,0.83515,-0.00172057981436662
100,0.83515,-0.517389565859047
100,0.83515,0.03585581116529112
100,0.83515,-0.25138902712987227
100,0.83515,-0.24530493629561942
100,0.83515,0.11939324953026711
100,0.83515,-0.5257634420077553
100,0.83515,-0.3408868016011858
100,0.83515,-0.15847953596553982
100,0.83515,-0.19620391563213527
100,0.83515,-0.008889712196677599
100,0.83515,-0.11413242948591665
100,0.83515,-0.06458674192226445
100,0.83515,-0.551795773382752
100,0.83515,-0.144664774146454
100,0.83515,-0.4269212137675601
100,0.83515,0.31020019848947683
100,0.83515,0.2908200742546694
100,0.83515,0.28749887652321826
100,0.83515,-0.05247947402754631
100,0.83515,-0.38800451794620405
100,0.83515,-0.3195864374325092
100,0.83515,-0.44330507575089584
100,0.83515,-0.22282941378541746
100,0.83515,-0.4634154150055116
100,0.83515,-0.13961881318113278
100,0.83515,-0.17526159870794575
100,0.83515,-0.14116852606191743
100,0.83515,-0.29935807973777984
100,0.83515,-0.33720507506433334
100,0.83515,-0.31415322426929193
100,0.83515,-0.3369818239364948
100,0.83515,-0.17444256074498224
100,0.83515,-0.5128859423379957
100,0.83515,-0.0546168453951269
100,0.83515,-0.27047409768262237
100,0.83515,-0.6020520942491228
100,0.83515,-0.5358929307438909
100,0.83515,-0.10231204112650734
100,0.83515,-0.3585317108357252
100,0.83515,-0.14920685535637493
100,0.83515,-0.32210847849956314
100,0.83515,-0.22600920902452482
100,0.83515,-0.5188845396671234
100,0.83515,-0.13354915103303183
100,0.83515,-0.333531360328917
100,0.83515,-0.4615657724525938
100,0.83515,-0.18230186688724873
100,0.83515,0.05806935793176287
100,0.83515,-0.23965310314632537
100,0.83515,-0.05588042728440428
100,0.83515,-0.05763072477688824
100,0.83515,-0.4434384804232718
100,0.83515,-0.43872844969555347
100,0.83515,0.12134620808355844
100,0.83515,-0.12584107040338482
100,0.83515,-0.3521064720991961
100,0.83515,-0.33063035523480705
100,0.83515,-0.5050930607842268
100,0.83515,-0.368014318669278
100,0.83515,-0.3865232079810773
100,0.83515,-0.009633748835590112
100,0.83515,-0.2666169084438266
100,0.83515,-0.3604001695845047
100,0.83515,-0.36814152517428045
100,0.83515,-0.3675853702556313
100,0.83515,-0.17561865434022716
100,0.83515,-0.08901194505854183
100,0.83515,-0.4185500723389747
100,0.83515,0.03862310862885253
100,0.83515,-0.21577328795926773
100,0.83515,-0.2546368688373089
100,0.83515,-0.27344622213483694
100,0.83515,-0.4924834350133198
100,0.83515,-0.45594709015431756
100,0.83515,-0.28273149593089475
100,0.83515,-0.3092987709193993
100,0.83515,-0.28876730771395775
100,0.83515,-0.3331098027515583
100,0.83515,-0.40442956030937727
100,0.83515,-0.5269260316967872
100,0.83515,-0.24786014346942592
100,0.83515,0.30609247045415794
100,0.83515,-0.16131664502337303
100,0.83515,-0.4088269565925199
100,0.83515,-0.1102012251761703
100,0.83515,-0.37642753116879096
100,0.83515,-0.13763524547600345
100,0.83515,-0.46205662279638504
100,0.83515,-0.2045538082499372
100,0.83515,0.17450535863855166
100,0.83515,-0.4112607269980338
100,0.83515,-0.2659694786326697
100,0.83515,-0.4652645785619163
100,0.83515,-0.06431208999100031
100,0.83515,-0.44876871425987747
100,0.83515,0.0691006026401274
100,0.83515,-0.08403485464039732
100,0.83515,0.03961278815010203
100,0.83515,-0.01883937444336284
100,0.83515,-0.0013832629493012365
100,0.83515,-0.5317708317896175
100,0.83515,0.032206541640680646
100,0.83515,-0.24904591531268297
100,0.83515,-0.22635554920741877
100,0.83515,0.14375096629895626
100,0.83515,-0.5390768015905137
100,0.83515,-0.34539196308089515
100,0.83515,-0.16635108462210105
100,0.83515,-0.1905226804583918
100,0.83515,0.006865800434613363
100,0.83515,-0.14340191141157033
100,0.83515,-0.05050931522027609
100,0.83515,-0.5509362176427562
100,0.83515,-0.15870671414708268
100,0.83515,-0.3985261266740804
100,0.83515,0.3406465788927497
100,0.83515,0.2121453137132368
100,0.83515,0.3001697391939315
100,0.83515,-0.07023843319312172
100,0.83515,-0.41145210459569537
100,0.83515,-0.3104622698435143
100,0.83515,-0.41066539557909254
100,0.83515,-0.21517438046129295
100,0.83515,-0.45581739538105137
100,0.83515,-0.14305726274165598
100,0.83515,-0.16601411715990405
100,0.83515,-0.1448161202736398
100,0.83515,-0.2442434309371237
100,0.83515,-0.3119597855680617
100,0.83515,-0.3545504364828562
100,0.83515,-0.2764429341094415
100,0.83515,-0.17640140791058934
100,0.83515,-0.4989403014615592
100,0.83515,-0.03434396356649122
100,0.83515,-0.24835812485450323
100,0.83515,-0.6201261131371452
100,0.83515,-0.49551651632038973
100,0.83515,-0.09407947226053667
100,0.83515,-0.353633021755923
100,0.83515,-0.1629071239263599
100,0.83515,-0.35066553302594455
100,0.83515,-0.2434478769151499
100,0.83515,-0.5092177002083192
100,0.83515,-0.12405725878035263
100,0.83515,-0.3054148474438797
100,0.83515,-0.43541582441717136
100,0.83515,-0.16698456069107057
100,0.83515,0.04217133441703938
100,0.83515,-0.22433983648918476
100,0.83515,-0.07728972529397406
100,0.83515,-0.05610185988976653
100,0.83515,-0.42782867584511874
100,0.83515,-0.4253897918566736
100,0.83515,0.13266068054638583
100,0.83515,-0.1222842116024716
100,0.83515,-0.3664914912001802
100,0.83515,-0.31908273211928545
100,0.83515,-0.49084741325432224
100,0.83515,-0.34104892927176295
100,0.83515,-0.3924369898120289
100,0.83515,-0.00851071968407356
100,0.83515,-0.28877759649449253
100,0.83515,-0.3478185296091152
100,0.83515,-0.32561934054224706
100,0.83515,-0.3702536056561997
100,0.83515,-0.18374295242578015
100,0.83515,-0.08305360997265247
100,0.83515,-0.41810484770310763
100,0.83515,0.02620865750373266
100,0.83515,-0.21725251508167456
100,0.83515,-0.24386612703905353
100,0.83515,-0.29156205252858053
100,0.83515,-0.49043719418072523
100,0.83515,-0.44824646402181306
100,0.83515,-0.25118260216583943
100,0.83515,-0.28366568497473243
100,0.83515,-0.32291111449055465
100,0.83515,-0.3377687720459928
100,0.83515,-0.38711663652951356
100,0.83515,-0.5293146186860704
100,0.83515,-0.2620835286813722
100,0.83515,0.3169173256196966
100,0.83515,-0.18237408419141404
100,0.83515,-0.3983881307261027
100,0.83515,-0.11925713249826658
100,0.83515,-0.3400208163968498
100,0.83515,-0.13139923993500002
100,0.83515,-0.4703277291186546
100,0.83515,-0.19951884248043417
100,0.83515,0.20770736354615713
100,0.83515,-0.43476917125948256
100,0.83515,-0.2765389036064305
100,0.83515,-0.47328236322300926
100,0.83515,-0.04591193820342368
100,0.83515,-0.39603894305938425
100,0.83515,0.08720734753010614
100,0.83515,-0.11376346842070646
100,0.83515,-0.0019024970122870656
100,0.83515,-0.040638020219555426
100,0.83515,0.02038981541116462
100,0.83515,-0.5236108506040053
100,0.83515,0.006413090670375757
100,0.83515,-0.2284276008595313
100,0.83515,-0.26446534405524486
100,0.83515,0.1087693367589056
100,0.83515,-0.5467625377630994
100,0.83515,-0.3498127384737806
100,0.83515,-0.14954475682826865
100,0.83515,-0.19283210231767042
100,0.83515,-0.004921517194732845
100,0.83515,-0.12372579657076498
100,0.83515,-0.03172217648770509
100,0.83515,-0.5302379554122939
100,0.83515,-0.17807070655519663
100,0.83515,-0.36931766422180073
100,0.83515,0.35774503842281313
100,0.83515,0.19827938244465634
100,0.83515,0.34241536172412634
100,0.83515,-0.11494678532007109
100,0.83515,-0.39826287229990626
100,0.83515,-0.29685424910327024
100,0.83515,-0.4021040200787131
100,0.83515,-0.15847379647935078
100,0.83515,-0.4436238157840256
100,0.83515,-0.12371025746160805
100,0.83515,-0.16615946988965802
100,0.83515,-0.1196547527386227
100,0.83515,-0.2719658728639294
100,0.83515,-0.28404007750236654
100,0.83515,-0.3379275355590674
100,0.83515,-0.26415507999549237
100,0.83515,-0.17821991501746182
100,0.83515,-0.4968986675060074
100,0.83515,-0.027288557540267752
100,0.83515,-0.25182996811929714
100,0.83515,-0.6187475265538298
100,0.83515,-0.5011454054707852
100,0.83515,-0.11169011653771167
100,0.83515,-0.36930221914171696
100,0.83515,-0.16186921921521577
100,0.83515,-0.3466047261745871
100,0.83515,-0.25080703847722424
100,0.83515,-0.5247895060492772
100,0.83515,-0.1211366090415758
100,0.83515,-0.3282793628124169
100,0.83515,-0.4188424058753484
100,0.83515,-0.11733813410912576
100,0.83515,0.02444638414786215
100,0.83515,-0.25186163095731184
100,0.83515,-0.09581392089593273
100,0.83515,0.003731478518855986
100,0.83515,-0.393425373193891
100,0.83515,-0.40478826089501296
100,0.83515,0.12769204420887587
100,0.83515,-0.1061561684651424
100,0.83515,-0.3504108800714931
100,0.83515,-0.33579939081159443
100,0.83515,-0.47200441669866916
100,0.83515,-0.329525492182072
100,0.83515,-0.3867274183645848
100,0.83515,-0.021783664329624957
100,0.83515,-0.2697148835172463
100,0.83515,-0.3586430547125121
100,0.83515,-0.2877591497313859
100,0.83515,-0.3522013128966587
100,0.83515,-0.22491272826824543
100,0.83515,-0.07428953280835122
100,0.83515,-0.3784342842908836
100,0.83515,0.03390979028866817
100,0.83515,-0.23984009320076038
100,0.83515,-0.2298001017983157
100,0.83515,-0.26956532304483805
100,0.83515,-0.43774833698691157
100,0.83515,-0.4265954235219067
100,0.83515,-0.2538415195944625
100,0.83515,-0.3013683316751941
100,0.83515,-0.33076907042625764
100,0.83515,-0.35498131386100473
100,0.83515,-0.3969122609563426
100,0.83515,-0.5158201362726458
100,0.83515,-0.2636192977598652
100,0.83515,0.3009536876691863
100,0.83515,-0.13966871754491547
100,0.83515,-0.3981559115023227
100,0.83515,-0.12015278598947188
100,0.83515,-0.35083267178525285
100,0.83515,-0.12460252035129082
100,0.83515,-0.4759923274328848
100,0.83515,-0.17138980574999713
100,0.83515,0.20741758767388105
100,0.83515,-0.4449032111407703
100,0.83515,-0.2585385441852496
100,0.83515,-0.4908094577726105
100,0.83515,-0.04841812807031867
100,0.83515,-0.3940463178448976
100,0.83515,0.09940560029244988
100,0.83515,-0.14225701756781042
100,0.83515,-0.007543278992954113
100,0.83515,-0.047174884218991235
100,0.83515,-0.004620769835306296
100,0.83515,-0.5235622285652547
100,0.83515,-0.0007671077771535234
100,0.83515,-0.21884912562686892
100,0.83515,-0.29954131499845027
100,0.83515,0.12438569797836908
100,0.83515,-0.5076240538336587
100,0.83515,-0.36203604601287265
100,0.83515,-0.1517701562098453
100,0.83515,-0.15327892594148695
100,0.83515,-0.0380717052006444
100,0.83515,-0.1280217064758208
100,0.83515,-0.0608043008807446
100,0.83515,-0.5050327300844338
100,0.83515,-0.194167102434915
100,0.83515,-0.34393076595083744
100,0.83515,0.3561029906905108
100,0.83515,0.20638060837790706
100,0.83515,0.2960596827032096
100,0.83515,-0.09263327064034992
100,0.83515,-0.4022175517580663
100,0.83515,-0.2768503553073102
100,0.83515,-0.4132760684743551
100,0.83515,-0.16998180911324412
100,0.83515,-0.45106017199972076
100,0.83515,-0.0841716247447174
100,0.83515,-0.1312370869023936
100,0.83515,-0.07914504977248187
100,0.83515,-0.24784922577302115
100,0.83515,-0.26493424325088355
100,0.83515,-0.33624560816586563
100,0.83515,-0.2959323910660637
100,0.83515,-0.2024600663588282
100,0.83515,-0.4955444898664047
100,0.83515,-0.007170853179201454
100,0.83515,-0.2299240532867827
100,0.83515,-0.6056568632345958
100,0.83515,-0.5070265871858051
100,0.83515,-0.09235796371705107
100,0.83515,-0.3698980758719435
100,0.83515,-0.17812437698576108
100,0.83515,-0.31506843137084767
100,0.83515,-0.22268289594374163
100,0.83515,-0.477214762145913
100,0.83515,-0.10786427376222756
100,0.83515,-0.2909963424888958
100,0.83515,-0.4168500557113326
100,0.83515,-0.10260546981100135
100,0.83515,-0.0014706941173771822
100,0.83515,-0.26646750911715106
100,0.83515,-0.1036396130417334
100,0.83515,0.0201962321405001
100,0.83515,-0.4029576502757505
100,0.83515,-0.3657222176427654
100,0.83515,0.10423163743317508
100,0.83515,-0.1151388634242828
100,0.83515,-0.36465399438732704
100,0.83515,-0.3002681571942653
100,0.83515,-0.46504421629438336
100,0.83515,-0.2996657537116817
100,0.83515,-0.3920085829668827
100,0.83515,-0.02436326768780923
100,0.83515,-0.28261223485742465
100,0.83515,-0.38621782569902935
100,0.83515,-0.2632334623553475
100,0.83515,-0.3810808115475181
100,0.83515,-0.235678748516534
100,0.83515,-0.08043764479548392
100,0.83515,-0.3730042654305061
100,0.83515,0.02867127043660876
100,0.83515,-0.2671976918574306
100,0.83515,-0.24841186129256784
100,0.83515,-0.22575740953046575
100,0.83515,-0.3993697908682939
100,0.83515,-0.4221210389569726
100,0.83515,-0.2710687662952514
100,0.83515,-0.2903011793171654
100,0.83515,-0.34399377160326694
100,0.83515,-0.33878927051102364
100,0.83515,-0.34569668606181037
100,0.83515,-0.5101550376913447
100,0.83515,-0.3090026164376011
100,0.83515,0.2873379839332721
100,0.83515,-0.16352117508701577
100,0.83515,-0.38937035643573087
100,0.83515,-0.08439234665550359
100,0.83515,-0.35954266048295674
100,0.83515,-0.14025628902310122
100,0.83515,-0.4777065542251969
100,0.83515,-0.16377618572042207
100,0.83515,0.19862889030450614
100,0.83515,-0.4404559789564417
100,0.83515,-0.256438979566748
100,0.83515,-0.5120093298610784
100,0.83515,0.0044064845813119565
100,0.83515,-0.39670837865678266
100,0.83515,0.0994155672180702
100,0.83515,-0.19264404268478433
100,0.83515,-0.06583332155020405
100,0.83515,0.005918937546871709
100,0.83515,0.010944764238701258
100,0.83515,-0.5302521201343859
100,0.83515,0.019492747315133098
100,0.83515,-0.1838346145380476
100,0.83515,-0.3012808215733448
100,0.83515,0.16189683332076765
100,0.83515,-0.512502504786272
100,0.83515,-0.3140515145000626
100,0.83515,-0.16754200924105697
100,0.83515,-0.15583758677468185
100,0.83515,-0.07909094266854579
100,0.83515,-0.10303299355485784
100,0.83515,-0.06926292785374283
100,0.83515,-0.5107842599314136
100,0.83515,-0.1474871445101327
100,0.83515,-0.34180793219808797
100,0.83515,0.3746845069078938
100,0.83515,0.16433145902255084
100,0.83515,0.2538017078451468
100,0.83515,-0.06073742485262542
100,0.83515,-0.3761022343819586
100,0.83515,-0.2573091775313248
100,0.83515,-0.440335479257181
100,0.83515,-0.18854738641358712
100,0.83515,-0.4609697892225266
100,0.83515,-0.07892738618741768
100,0.83515,-0.1418742077529103
100,0.83515,-0.007733688509451593
100,0.83515,-0.19376095940471555
100,0.83515,-0.2844106183769224
100,0.83515,-0.3403508403660267
100,0.83515,-0.3006136022420126
100,0.83515,-0.24953856073328204
100,0.83515,-0.4556728751792891
100,0.83515,0.006712735527566011
100,0.83515,-0.21005159248270003
100,0.83515,-0.616636199901202
100,0.83515,-0.4724413766363698
100,0.83515,-0.09243985753412316
100,0.83515,-0.39176636322944924
100,0.83515,-0.21201218768162539
100,0.83515,-0.2911782872921088
100,0.83515,-0.23138073766120576
100,0.83515,-0.46504996712539043
100,0.83515,-0.05830200224508023
100,0.83515,-0.2796017351503321
100,0.83515,-0.4565718105451956
100,0.83515,-0.11004427072520144
100,0.83515,-0.054073319694979555
100,0.83515,-0.30965626046446243
100,0.83515,-0.1446161787683612
100,0.83515,0.005849575008262488
100,0.83515,-0.4309968978564399
100,0.83515,-0.35957523515838596
100,0.83515,0.10268735320399207
100,0.83515,-0.14206660923983583
100,0.83515,-0.36468063174285564
100,0.83515,-0.29139377815167905
100,0.83515,-0.4338285451965427
100,0.83515,-0.26959645932506143
100,0.83515,-0.4046797430417051
100,0.83515,-0.03905376416615322
100,0.83515,-0.2893915892099594
100,0.83515,-0.4052607214580219
100,0.83515,-0.2892415780575431
100,0.83515,-0.4116805318989468
100,0.83515,-0.20763318641295755
100,0.83515,-0.0892740737573071
100,0.83515,-0.38377440218190434
100,0.83515,0.016031968281906315
100,0.83515,-0.3129909138498279
100,0.83515,-0.27088363597069254
100,0.83515,-0.18379580801351372
100,0.83515,-0.36980287607753726
100,0.83515,-0.42132056529704753
100,0.83515,-0.24426379424866082
100,0.83515,-0.30254929169027145
100,0.83515,-0.31482311788246736
100,0.83515,-0.3344512251775279
100,0.83515,-0.35763047901705736
100,0.83515,-0.5078896800935861
100,0.83515,-0.35163414550708305
100,0.83515,0.2993468098183511
100,0.83515,-0.18585325181323378
100,0.83515,-0.3671113555715718
100,0.83515,-0.07003769932397015
100,0.83515,-0.32616975247547836
100,0.83515,-0.16382774601630554
100,0.83515,-0.46575495538056066
100,0.83515,-0.12439503448504882
100,0.83515,0.20258375032029213
100,0.83515,-0.40893677138467915
100,0.83515,-0.20481830707935095
100,0.83515,-0.5027994663858435
100,0.83515,-0.015148332240345473
100,0.83515,-0.3940564228288186
100,0.83515,0.07090878789665993
100,0.83515,-0.18749122914175387
100,0.83515,-0.0398340972104441
100,0.83515,-0.012111959865128055
100,0.83515,0.03456957606894493
100,0.83515,-0.5019276171373809
100,0.83515,-0.0016228923583631444
100,0.83515,-0.18597662271454685
100,0.83515,-0.28560865232472554
100,0.83515,0.16630249453504614
100,0.83515,-0.4972249380450207
100,0.83515,-0.3135270482074701
100,0.83515,-0.16888670515797
100,0.83515,-0.21385621672602095
100,0.83515,-0.10671632234356856
100,0.83515,-0.16156565548471988
100,0.83515,-0.07081916789684775
100,0.83515,-0.5015079569731276
100,0.83515,-0.18991400902583333
100,0.83515,-0.33349783084131124
100,0.83515,0.3852858450426933
100,0.83515,0.13518001259768145
100,0.83515,0.25580032510794565
100,0.83515,-0.08379575387707505
100,0.83515,-0.34054892824382993
100,0.83515,-0.2664608349250651
100,0.83515,-0.43666709747930793
100,0.83515,-0.17627744003132684
100,0.83515,-0.4467637630098408
100,0.83515,-0.036510462504344095
100,0.83515,-0.17360115965718118
100,0.83515,-0.058958342701201615
100,0.83515,-0.15038625129579603
100,0.83515,-0.25126621498056884
100,0.83515,-0.37901806729146303
100,0.83515,-0.2817018326399695
100,0.83515,-0.237855040654497
100,0.83515,-0.4769136346819242
100,0.83515,-0.00434146307793026
100,0.83515,-0.21968472219730387
100,0.83515,-0.6385882988470111
100,0.83515,-0.4569132385599123
100,0.83515,-0.05258782186250135
100,0.83515,-0.4363090944479768
100,0.83515,-0.1939815883241724
100,0.83515,-0.28122789503362994
100,0.83515,-0.24996299511282044
100,0.83515,-0.4745361075047651
100,0.83515,-0.07415296479223256
100,0.83515,-0.2737818293871437
100,0.83515,-0.4498581445615983
100,0.83515,-0.06762849446562638
100,0.83515,-0.07379675694078448
100,0.83515,-0.3097388666925067
100,0.83515,-0.12721691354127004
100,0.83515,-0.007383587766418967
100,0.83515,-0.4397001376226261
100,0.83515,-0.3903003871146158
100,0.83515,0.06465247630733821
100,0.83515,-0.15694574053283766
100,0.83515,-0.3208906852419536
100,0.83515,-0.32512020239855405
100,0.83515,-0.40142603575237634
100,0.83515,-0.2791190336924902
100,0.83515,-0.3888021266128759
100,0.83515,-0.02473934449630024
100,0.83515,-0.25329572127277433
100,0.83515,-0.3546282559518104
100,0.83515,-0.3395645063741424
100,0.83515,-0.42639223597432174
100,0.83515,-0.12345137675319041
100,0.83515,-0.07071684622344186
100,0.83515,-0.4242147003438011
100,0.83515,0.0558485141199452
100,0.83515,-0.340510078725887
100,0.83515,-0.2492988401551182
100,0.83515,-0.21693616755159825
100,0.83515,-0.33628083670385756
100,0.83515,-0.37661526456078015
100,0.83515,-0.19872042223843175
100,0.83515,-0.3152188492701529
100,0.83515,-0.346101123439436
100,0.83515,-0.31838333032990745
100,0.83515,-0.384919161771879
100,0.83515,-0.5324362366381906
100,0.83515,-0.36140455923768494
100,0.83515,0.2825865203462607
100,0.83515,-0.18015271947662656
100,0.83515,-0.3953946361927812
100,0.83515,-0.09363904207134426
100,0.83515,-0.33573317993067797
100,0.83515,-0.20106141652138615
100,0.83515,-0.4477835499142775
100,0.83515,-0.11680258297147564
100,0.83515,0.21820262361024254
100,0.83515,-0.40810690633259566
100,0.83515,-0.16638035783959948
100,0.83515,-0.4649341494366367
100,0.83515,0.07786373651394823
100,0.83515,-0.3488294147398787
100,0.83515,0.05634061816873453
100,0.83515,-0.1823047928760588
100,0.83515,-0.11540741599980513
100,0.83515,-0.0702931800463206
100,0.83515,0.036956519471595305
100,0.83515,-0.47827097181542705
100,0.83515,-0.04871940027027107
100,0.83515,-0.19007870058057932
100,0.83515,-0.31891367302578677
100,0.83515,0.1575460592668682
100,0.83515,-0.4903959029319377
100,0.83515,-0.2943340933245123
100,0.83515,-0.1253086066140515
100,0.83515,-0.2570447175521154
100,0.83515,-0.15182404280543674
100,0.83515,-0.21047112616502475
100,0.83515,-0.0895997939672595
100,0.83515,-0.5265798938849466
100,0.83515,-0.23554878896392176
100,0.83515,-0.28039308697020005
100,0.83515,0.36161466702375356
100,0.83515,0.151353836036985
100,0.83515,0.17313509565057078
100,0.83515,-0.06798690182491487
100,0.83515,-0.30790983424486634
100,0.83515,-0.26903104628950664
100,0.83515,-0.4401147930976171
100,0.83515,-0.19810526153056976
100,0.83515,-0.4555404913382118
100,0.83515,0.03494359707913341
100,0.83515,-0.15610774272813946
100,0.83515,-0.09390657591116515
100,0.83515,-0.18926295507255206
100,0.83515,-0.22410852207144594
100,0.83515,-0.3943393614336703
100,0.83515,-0.3422421830588601
100,0.83515,-0.19336235111489652
100,0.83515,-0.5048485855774555
100,0.83515,0.062021881396777515
100,0.83515,-0.19598165205614593
100,0.83515,-0.5615031175704818
100,0.83515,-0.43118996510907553
100,0.83515,-0.06513697148514447
100,0.83515,-0.47100275025652055
100,0.83515,-0.1494854891318054
100,0.83515,-0.34182008833584127
100,0.83515,-0.23581410439054035
100,0.83515,-0.4890367675828716
100,0.83515,-0.1094707831259542
100,0.83515,-0.3000421142519809
100,0.83515,-0.431897252341333
100,0.83515,-0.11787790870659813
100,0.83515,-0.13689310185410392
100,0.83515,-0.35271022104078725
100,0.83515,-0.15521194385103176
100,0.83515,-0.007683756467170968
100,0.83515,-0.4533588883516806
100,0.83515,-0.4090756958526248
100,0.83515,0.017856624473972064
100,0.83515,-0.20769618187781344
100,0.83515,-0.3836421762886205
100,0.83515,-0.3501926214479286
100,0.83515,-0.41702119454658504
100,0.83515,-0.3331746728912307
100,0.83515,-0.43143991292588624
100,0.83515,-0.02992395524903218
100,0.83515,-0.26394076962859453
100,0.83515,-0.39947002940506426
100,0.83515,-0.3551348658735676
100,0.83515,-0.34533368791246216
100,0.83515,-0.0845449454981018
100,0.83515,-0.08194815493206893
100,0.83515,-0.40136191402916593
100,0.83515,0.02144836224211109
100,0.83515,-0.3194953996243571
100,0.83515,-0.2836232132234561
100,0.83515,-0.22661058646242274
100,0.83515,-0.3425269397352213
100,0.83515,-0.3529024620872048
100,0.83515,-0.19782591456430199
100,0.83515,-0.25685207577784275
100,0.83515,-0.29725636225958696
100,0.83515,-0.30357224867575405
100,0.83515,-0.3728047760082794
100,0.83515,-0.5148454663605762
100,0.83515,-0.26515366653804473
100,0.83515,0.21789431192170253
100,0.83515,-0.19325223572511183
100,0.83515,-0.37921353188228857
100,0.83515,-0.12213028495615735
100,0.83515,-0.3643134593732337
100,0.83515,-0.23205488567275234
100,0.83515,-0.4520047085547833
100,0.83515,-0.11536800370375595
100,0.83515,0.13385635027140366
100,0.83515,-0.42697426681257805
100,0.83515,-0.17028707314925443
100,0.83515,-0.5023694958817879
100,0.83515,0.04059271978739669
100,0.83515,-0.35030943204393267
100,0.83515,0.020850765324531655
100,0.83515,-0.22808895168489346
100,0.83515,-0.13513849468767195
100,0.83515,-0.04565520907106395
100,0.83515,0.05534465605096143
100,0.83515,-0.49964969756222133
100,0.83515,-0.10188157077919266
100,0.83515,-0.24662352679289606
100,0.83515,-0.30224179484988833
100,0.83515,0.1605647497971083
100,0.83515,-0.4652247316506047
100,0.83515,-0.31791588764509965
100,0.83515,-0.11110468306642708
100,0.83515,-0.17569833486541953
100,0.83515,-0.16502776064556857
100,0.83515,-0.26724756395481075
100,0.83515,-0.15969637006953835
100,0.83515,-0.5331413319347572
100,0.83515,-0.20911644662252413
100,0.83515,-0.26683174672586407
100,0.83515,0.3870368084239104
100,0.83515,0.12612058543067953
100,0.83515,0.2284139550732414
100,0.83515,-0.032275517199432995
100,0.83515,-0.3005478753557057
100,0.83515,-0.31723287338001654
100,0.83515,-0.4119106042662989
100,0.83515,-0.22194684185203842
100,0.83515,-0.4112707772321433
100,0.83515,0.052438497318497035
100,0.83515,-0.18094610596171734
100,0.83515,-0.0860488557371159
100,0.83515,-0.19811698752930937
100,0.83515,-0.25129320198244925
100,0.83515,-0.4245922141081938
100,0.83515,-0.36355754966451714
100,0.83515,-0.13781921106901032
100,0.83515,-0.5255865073107456
100,0.83515,0.019783657284910085
100,0.83515,-0.22172798782695402
100,0.83515,-0.5615349241546735
100,0.83515,-0.3626319470583227
100,0.83515,-0.04915530872931215
100,0.83515,-0.4958706441092419
100,0.83515,-0.18826818104582288
100,0.83515,-0.3313836280076021
100,0.83515,-0.21251124282484532
100,0.83515,-0.45250667902239294
100,0.83515,-0.07754343702734472
100,0.83515,-0.28219152716063445
100,0.83515,-0.48110338329134283
100,0.83515,-0.1650751181036922
100,0.83515,-0.09994977528728446
100,0.83515,-0.4115789952197413
100,0.83515,-0.11432842176342344
100,0.83515,0.01378923884882953
100,0.83515,-0.4836609669421807
100,0.83515,-0.44150011787791027
100,0.83515,0.025794848269609445
100,0.83515,-0.23776237665878633
100,0.83515,-0.4023955065180393
100,0.83515,-0.3704143612994413
100,0.83515,-0.3662698554122858
100,0.83515,-0.33578906913821244
100,0.83515,-0.46110965559468836
100,0.83515,-0.0085228313080701
100,0.83515,-0.23364831639676656
100,0.83515,-0.40516407532862386
100,0.83515,-0.3673743201220225
100,0.83515,-0.3209746197441772
100,0.83515,-0.10303071246038707
100,0.83515,-0.08050806334867495
100,0.83515,-0.3871599012330646
100,0.83515,-0.025912169072979704
100,0.83515,-0.303207909309942
100,0.83515,-0.2326902112386091
100,0.83515,-0.2629455944803981
100,0.83515,-0.36458174206394
100,0.83515,-0.327435361554608
100,0.83515,-0.21295260654482484
100,0.83515,-0.23794524971367614
100,0.83515,-0.2671607084490668
100,0.83515,-0.3242888022004203
100,0.83515,-0.3838610838961757
100,0.83515,-0.5097715925636074
100,0.83515,-0.2944891945623258
100,0.83515,0.17989327878145667
100,0.83515,-0.14479064625684557
100,0.83515,-0.348488092531027
100,0.83515,-0.07884225621839111
100,0.83515,-0.3606702125483792
100,0.83515,-0.20080122907205813
100,0.83515,-0.44198115354627643
100,0.83515,-0.0835724183821182
100,0.83515,0.1206823493608352
100,0.83515,-0.4137696868230159
100,0.83515,-0.18707734335880666
100,0.83515,-0.5127559444731332
100,0.83515,0.003849502748143514
100,0.83515,-0.35812527799276844
100,0.83515,-0.051378949630945366
100,0.83515,-0.23019170224126456
100,0.83515,-0.1646667910265803
100,0.83515,-0.04411257626279871
100,0.83515,0.02878000099645059
100,0.83515,-0.4619621312511861
100,0.83515,-0.13405259071004735
100,0.83515,-0.18710371881976434
100,0.83515,-0.32760066734341803
100,0.83515,0.14662351827354284
100,0.83515,-0.4419017412845448
100,0.83515,-0.3198310330596861
100,0.83515,-0.11260472779675877
100,0.83515,-0.18921507725436867
100,0.83515,-0.11823565669507549
100,0.83515,-0.21760470433406306
100,0.83515,-0.13959046230589378
100,0.83515,-0.5615599599571456
100,0.83515,-0.16468078896611393
100,0.83515,-0.232081783439408
100,0.83515,0.3534105137279574
100,0.83515,0.13290709235539241
100,0.83515,0.24372005599705898
100,0.83515,0.020757662230858166
100,0.83515,-0.27116797468356085
100,0.83515,-0.29133258297001446
100,0.83515,-0.40465949597193257
100,0.83515,-0.21279918085964994
100,0.83515,-0.3754894274843508
100,0.83515,0.08103194946286678
100,0.83515,-0.23475441323208673
100,0.83515,-0.09783840971716191
100,0.83515,-0.25806097634050157
100,0.83515,-0.24237995725017533
100,0.83515,-0.4242971715157338
100,0.83515,-0.39186349612927196
100,0.83515,-0.175885702613356
100,0.83515,-0.5089435568094965
100,0.83515,0.01671872896030249
100,0.83515,-0.21681616860639621
100,0.83515,-0.5700190134999986
100,0.83515,-0.3993438498839569
100,0.83515,-0.057737262318118904
100,0.83515,-0.4918684945176143
100,0.83515,-0.19548867487794439
100,0.83515,-0.3446054910050622
100,0.83515,-0.14177247449020866
100,0.83515,-0.4885129243854059
100,0.83515,-0.06858054887804509
100,0.83515,-0.2876604642969964
100,0.83515,-0.5144187154878835
100,0.83515,-0.18080496486669195
100,0.83515,-0.12245173003710812
100,0.83515,-0.4046805624326263
100,0.83515,-0.11675842881824632
100,0.83515,-0.005866557036124556
100,0.83515,-0.4686399020771725
100,0.83515,-0.4263801304736898
100,0.83515,0.019731591701335958
100,0.83515,-0.27361543442014413
100,0.83515,-0.362634201850933
100,0.83515,-0.36142487771772264
100,0.83515,-0.36809419869447935
100,0.83515,-0.3362413654882216
100,0.83515,-0.4458339035401667
100,0.83515,0.015388203127661143
100,0.83515,-0.25005426843019574
100,0.83515,-0.41231419516307893
100,0.83515,-0.3976176681465561
100,0.83515,-0.33697627453494045
100,0.83515,-0.15775894421507114
100,0.83515,-0.10122128448336036
100,0.83515,-0.37498048284788893
100,0.83515,-0.036733218349281054
100,0.83515,-0.30312000250633864
100,0.83515,-0.17963887827245373
100,0.83515,-0.25083120863250097
100,0.83515,-0.36599702472709617
100,0.83515,-0.28132266443121734
100,0.83515,-0.27670060230673105
100,0.83515,-0.23051238271694155
100,0.83515,-0.2952252115119112
100,0.83515,-0.35952854805637013
100,0.83515,-0.36561700752424253
100,0.83515,-0.5043347994313248
100,0.83515,-0.2951450666910159
100,0.83515,0.14047868659005333
100,0.83515,-0.16039010957868705
100,0.83515,-0.38124847046666127
100,0.83515,-0.0647922317421827
100,0.83515,-0.39087089557649324
100,0.83515,-0.218497652559257
100,0.83515,-0.4251786632227112
100,0.83515,-0.09511425977583218
100,0.83515,0.1423649600564421
100,0.83515,-0.4345021447612279
100,0.83515,-0.18460888887120305
100,0.83515,-0.4940208538096363
100,0.83515,-0.03057065141585155
100,0.83515,-0.3975872235541863
100,0.83515,0.002732034372658314
100,0.83515,-0.2716020890692829
100,0.83515,-0.17976699071600333
100,0.83515,-0.11458215251495354
100,0.83515,0.06827555921123167
100,0.83515,-0.4717897135271262
100,0.83515,-0.1262930848943293
100,0.83515,-0.17068964928447888
100,0.83515,-0.35903089938483307
100,0.83515,0.13871638501754474
100,0.83515,-0.4204318800246379
100,0.83515,-0.340193866049612
100,0.83515,-0.0891253962770537
100,0.83515,-0.17212919749641334
100,0.83515,-0.11062244421363807
100,0.83515,-0.24349295380692548
100,0.83515,-0.16414121664985293
100,0.83515,-0.5795967377544099
100,0.83515,-0.1267233361219451
100,0.83515,-0.2139429909734432
100,0.83515,0.34755185845993103
100,0.83515,0.0863031786177535
100,0.83515,0.2484407351353404
100,0.83515,0.0639259421437467
100,0.83515,-0.27652139034250633
100,0.83515,-0.33936110501722744
100,0.83515,-0.41646831296205894
100,0.83515,-0.20018787024921678
100,0.83515,-0.36803438304812514
100,0.83515,0.13801409141564033
100,0.83515,-0.21457493488626744
100,0.83515,-0.10948204343457635
100,0.83515,-0.2692270973912758
100,0.83515,-0.1956101209630238
100,0.83515,-0.37243486823879013
100,0.83515,-0.41959777564155515
100,0.83515,-0.1727317562277878
100,0.83515,-0.49498516618542565
100,0.83515,0.03718961323146511
100,0.83515,-0.23567622149724163
100,0.83515,-0.5776309296398235
100,0.83515,-0.3910843058951633
100,0.83515,-0.03848871780961166
100,0.83515,-0.47837323540135657
100,0.83515,-0.20531090280142353
100,0.83515,-0.33492728224476304
100,0.83515,-0.14186631954119366
100,0.83515,-0.46885734703662846
100,0.83515,-0.06983079365610187
100,0.83515,-0.2681878572370121
100,0.83515,-0.5065635174455065
100,0.83515,-0.2047246192695223
100,0.83515,-0.14934047251930607
100,0.83515,-0.4078214001055115
100,0.83515,-0.12812302837734052
100,0.83515,0.025666978217137953
100,0.83515,-0.4843334717302643
100,0.83515,-0.4023919232957245
100,0.83515,-0.02831460684437418
100,0.83515,-0.2639664718727718
100,0.83515,-0.3872002562605615
100,0.83515,-0.3930623763338576
100,0.83515,-0.3509629975503502
100,0.83515,-0.277801599517898
100,0.83515,-0.41558996449349433
100,0.83515,-0.02823920477768253
100,0.83515,-0.25478950815041573
100,0.83515,-0.4009278102191326
100,0.83515,-0.4135007262065624
100,0.83515,-0.3583823232288399
100,0.83515,-0.13721315225902517
100,0.83515,-0.12190349819472669
100,0.83515,-0.3960302434036509
100,0.83515,-0.04900544191433255
100,0.83515,-0.2781272685597957
100,0.83515,-0.20603505493845922
100,0.83515,-0.2954346602973236
100,0.83515,-0.3406857429780938
100,0.83515,-0.298527303272172
100,0.83515,-0.30264917171629624
100,0.83515,-0.21370118108662672
100,0.83515,-0.3331819655780828
100,0.83515,-0.35458193581958186
100,0.83515,-0.36430030233198174
100,0.83515,-0.4647528381805774
100,0.83515,-0.3348988842411422
100,0.83515,0.12881371135777434
100,0.83515,-0.19852391620481094
100,0.83515,-0.341702786519582
100,0.83515,-0.09726608514839027
100,0.83515,-0.3979177455437136
100,0.83515,-0.21140745101295452
100,0.83515,-0.4072354855112098
100,0.83515,-0.12498846603508747
100,0.83515,0.1798250195316682
100,0.83515,-0.4645206628972195
100,0.83515,-0.22311743283856225
100,0.83515,-0.5147443249107497
100,0.83515,0.0018483171121779233
100,0.83515,-0.40355877021393216
100,0.83515,0.0030298110011881003
100,0.83515,-0.28662181974873224
100,0.83515,-0.17541877247550572
100,0.83515,-0.11433118841698497
100,0.83515,0.10643761275663187
100,0.83515,-0.4653915508133902
100,0.83515,-0.13794240046849754
100,0.83515,-0.17757480008638382
100,0.83515,-0.35867809459950106
100,0.83515,0.13921060852180972
100,0.83515,-0.4060332307831312
100,0.83515,-0.37606842277305746
100,0.83515,-0.07988940456735445
100,0.83515,-0.16277577741890797
100,0.83515,-0.13748955466929047
100,0.83515,-0.21441007178065402
100,0.83515,-0.1788490656951724
100,0.83515,-0.5213255710275354
100,0.83515,-0.1236949157289866
100,0.83515,-0.19539433645643145
100,0.83515,0.3540162491053541
100,0.83515,0.09373343588571893
100,0.83515,0.26604414247649033
100,0.83515,0.026419538219645853
100,0.83515,-0.24559504849196573
100,0.83515,-0.31162065035198205
100,0.83515,-0.43212039161991606
100,0.83515,-0.20692854439400624
100,0.83515,-0.3644436758739945
100,0.83515,0.1534103466211243
100,0.83515,-0.222871455633219
100,0.83515,-0.14347197907281964
100,0.83515,-0.2851787907446864
100,0.83515,-0.20578878544402862
100,0.83515,-0.3773819905909614
100,0.83515,-0.4168589708936373
100,0.83515,-0.18295227088609703
100,0.83515,-0.4885406178186341
100,0.83515,-0.021165179539596648
100,0.83515,-0.21294327728067775
100,0.83515,-0.6027852499739077
100,0.83515,-0.33823336362129375
100,0.83515,0.04684782885198306
100,0.83515,-0.48380448254566055
100,0.83515,-0.19582070310560343
100,0.83515,-0.30426397902908675
100,0.83515,-0.1551017529803916
100,0.83515,-0.47960065885569575
100,0.83515,-0.04158316117200894
100,0.83515,-0.2708688110087604
100,0.83515,-0.5240239540232469
100,0.83515,-0.21654131281828687
100,0.83515,-0.14392862565607176
100,0.83515,-0.39708455997527886
100,0.83515,-0.11890487859761338
100,0.83515,0.03726527894377214
100,0.83515,-0.4623276682131441
100,0.83515,-0.44466349282786183
100,0.83515,-0.05132620636138558
100,0.83515,-0.19310256143048293
100,0.83515,-0.37800667508123104
100,0.83515,-0.41511606704368736
100,0.83515,-0.345254800839991
100,0.83515,-0.2801006671706778
100,0.83515,-0.4247947352358655
100,0.83515,-0.028208427776245864
100,0.83515,-0.2757947491826286
100,0.83515,-0.34627320448058574
100,0.83515,-0.41924394952725946
100,0.83515,-0.3608463541276105
100,0.83515,-0.1354127884210148
100,0.83515,-0.12348934006899816
100,0.83515,-0.3826743409380413
100,0.83515,0.003335405388438645
100,0.83515,-0.2648744423497549
100,0.83515,-0.16964333657790298
100,0.83515,-0.2892332820246302
100,0.83515,-0.3199367241144028
100,0.83515,-0.28915479713424
100,0.83515,-0.31120501880858514
100,0.83515,-0.18223324256143947
100,0.83515,-0.3320463075014677
100,0.83515,-0.37656814346990486
100,0.83515,-0.38209325021290963
100,0.83515,-0.4476795293280183
100,0.83515,-0.34827315137740644
100,0.83515,0.10093326428730613
100,0.83515,-0.20665908610632158
100,0.83515,-0.30983806792358237
100,0.83515,-0.06983949256237026
100,0.83515,-0.3904628432400369
100,0.83515,-0.211516353041366
100,0.83515,-0.4106584657354105
100,0.83515,-0.12750735598194893
100,0.83515,0.17555825842315514
100,0.83515,-0.4618292982467421
100,0.83515,-0.24135512189248115
100,0.83515,-0.5386252531267003
100,0.83515,-0.009269698904292172
100,0.83515,-0.38265255692816835
100,0.83515,-0.008176265786188096
100,0.83515,-0.2701207593752065
100,0.83515,-0.14735067224903642
100,0.83515,-0.09247630302232386
100,0.83515,0.09882609128284328
100,0.83515,-0.433229843809583
100,0.83515,-0.12770503418037146
100,0.83515,-0.14790470783814633
100,0.83515,-0.31200556365544735
100,0.83515,0.164503463235909
100,0.83515,-0.42067534460539774
100,0.83515,-0.36419970122827233
100,0.83515,-0.099554649682362
100,0.83515,-0.17487354345993325
100,0.83515,-0.14927937094107108
100,0.83515,-0.24337484998285006
100,0.83515,-0.20586482649882304
100,0.83515,-0.5308838066022746
100,0.83515,-0.14612877145239436
100,0.83515,-0.19097018592437814
100,0.83515,0.3518786799113383
100,0.83515,0.13543546758880115
100,0.83515,0.2886061614750269
100,0.83515,-0.0027151618360961834
100,0.83515,-0.27836672868387924
100,0.83515,-0.3088851095226468
100,0.83515,-0.41086922159909456
100,0.83515,-0.19216965707614997
100,0.83515,-0.3387341808197012
100,0.83515,0.17949395090630033
100,0.83515,-0.21022778043994514
100,0.83515,-0.1410567747901958
100,0.83515,-0.2955767022663902
100,0.83515,-0.18406545912372038
100,0.83515,-0.36857763207823374
100,0.83515,-0.4131204942546652
100,0.83515,-0.15800955720988138
100,0.83515,-0.459651526735038
100,0.83515,-0.026789833595447638
100,0.83515,-0.22816119333226959
100,0.83515,-0.6019089539970894
100,0.83515,-0.33041284178389735
100,0.83515,0.014530389836470965
100,0.83515,-0.49184873586531175
100,0.83515,-0.16312674251906223
100,0.83515,-0.25803785025069603
100,0.83515,-0.1317067833185393
100,0.83515,-0.4971421903381684
100,0.83515,-0.04190348649759121
100,0.83515,-0.2451364885759774
100,0.83515,-0.5161879954621718
100,0.83515,-0.230894820777961
100,0.83515,-0.12306187802293043
100,0.83515,-0.4012237868106195
100,0.83515,-0.1389447269291594
100,0.83515,0.03907571706695976
100,0.83515,-0.4679409062025985
100,0.83515,-0.4648090105029854
100,0.83515,-0.05636300493207547
100,0.83515,-0.1916767740787823
100,0.83515,-0.36542819555021233
100,0.83515,-0.4226490811859755
100,0.83515,-0.3307602167342256
100,0.83515,-0.2733464951553899
100,0.83515,-0.43740640096269984
100,0.83515,-0.03498463229775184
100,0.83515,-0.2503465312166489
100,0.83515,-0.381888985089341
100,0.83515,-0.43025958436581735
100,0.83515,-0.3839225450077625
100,0.83515,-0.12656209516007555
100,0.83515,-0.12202704232472204
100,0.83515,-0.3852879548734276
100,0.83515,0.04622312001735048
100,0.83515,-0.2937502773611802
100,0.83515,-0.17153933550019304
100,0.83515,-0.29156551314819795
100,0.83515,-0.3075153031117174
100,0.83515,-0.2672633890474102
100,0.83515,-0.34995423576768
100,0.83515,-0.2075073716521792
100,0.83515,-0.3681622072965375
100,0.83515,-0.40110726001034486
100,0.83515,-0.4058066463356511
100,0.83515,-0.3797093353906429
100,0.83515,-0.3348760104985138
100,0.83515,0.06449735293250204
100,0.83515,-0.18152882739678372
100,0.83515,-0.34870942560681556
100,0.83515,-0.06386976530108432
100,0.83515,-0.4221301612253667
100,0.83515,-0.20801149051419093
100,0.83515,-0.40193386001120224
100,0.83515,-0.1826704513080953
100,0.83515,0.15451389186165773
100,0.83515,-0.4505073041622267
100,0.83515,-0.281170234332863
100,0.83515,-0.565120533758509
100,0.83515,0.017347242829421742
100,0.83515,-0.36888786322825157
100,0.83515,0.02941704404705647
100,0.83515,-0.25209327766139195
100,0.83515,-0.16137289071589472
100,0.83515,-0.04326327985247751
100,0.83515,0.13222078558472922
100,0.83515,-0.41738960001533754
100,0.83515,-0.1251784824268076
100,0.83515,-0.15478332610368772
100,0.83515,-0.3192461016511528
100,0.83515,0.16473590436748137
100,0.83515,-0.38674477457338247
100,0.83515,-0.2996222871318815
100,0.83515,-0.13913538002708428
100,0.83515,-0.1777261856461571
100,0.83515,-0.16468077984515994
100,0.83515,-0.21791979978885037
100,0.83515,-0.22479641525188565
100,0.83515,-0.535990992180973
100,0.83515,-0.15867349168049902
100,0.83515,-0.1475662440924793
100,0.83515,0.361994534632445
100,0.83515,0.10168812064343528
100,0.83515,0.29377013083005854
100,0.83515,0.007303739568904019
100,0.83515,-0.3032816964753259
100,0.83515,-0.26879434410945435
100,0.83515,-0.4031399752160545
100,0.83515,-0.1493970658333084
100,0.83515,-0.326041030717445
100,0.83515,0.13711544142231477
100,0.83515,-0.25799958420237784
100,0.83515,-0.16932593211591293
100,0.83515,-0.29005589349885713
100,0.83515,-0.17282814115731396
100,0.83515,-0.3585142366291993
100,0.83515,-0.4056149046294526
100,0.83515,-0.17755936834891953
100,0.83515,-0.43252677617186575
100,0.83515,-0.06662116053328788
100,0.83515,-0.20884045924180814
100,0.83515,-0.5669245292968987
100,0.83515,-0.3037468160392787
100,0.83515,0.01063882503661895
100,0.83515,-0.5057551852697634
100,0.83515,-0.18204141763056467
100,0.83515,-0.2743029102157057
100,0.83515,-0.09827757562185377
100,0.83515,-0.5047447087713249
100,0.83515,-0.045363992364320295
100,0.83515,-0.21854303349071627
100,0.83515,-0.5277836711034017
100,0.83515,-0.24605073374125214
100,0.83515,-0.13217529837690595
100,0.83515,-0.36399961840415923
100,0.83515,-0.11586973680702911
100,0.83515,0.04102481617187578
100,0.83515,-0.45124988898155227
100,0.83515,-0.3957566468552402
100,0.83515,-0.046969003730297665
100,0.83515,-0.1856189441765827
100,0.83515,-0.3617730947465942
100,0.83515,-0.4290441763046119
100,0.83515,-0.3096576099537558
100,0.83515,-0.27970388080950515
100,0.83515,-0.4449353505373386
100,0.83515,-0.05176697257344307
100,0.83515,-0.22358223573842084
100,0.83515,-0.36322200733901544
100,0.83515,-0.45276410510442827
100,0.83515,-0.35348731732576116
100,0.83515,-0.11696694000584458
100,0.83515,-0.13700715655746623
100,0.83515,-0.3798700621828334
100,0.83515,0.05974913766442247
100,0.83515,-0.2925413906815076
100,0.83515,-0.17987622799542868
100,0.83515,-0.24531105364159744
100,0.83515,-0.3026234092461767
100,0.83515,-0.24934065841637756
100,0.83515,-0.3319192598730004
100,0.83515,-0.202012418438682
100,0.83515,-0.34115039033483435
100,0.83515,-0.40272272642585083
100,0.83515,-0.4141493820511109
100,0.83515,-0.36035267120616926
100,0.83515,-0.3399279677138494
100,0.83515,0.021678742613102656
100,0.83515,-0.20214211932061762
100,0.83515,-0.35270326763878135
100,0.83515,-0.050567219458739494
100,0.83515,-0.3927935260649675
100,0.83515,-0.22374624197071283
100,0.83515,-0.42654697056609037
100,0.83515,-0.1864749836239805
100,0.83515,0.1288442057112145
100,0.83515,-0.4240175036507398
100,0.83515,-0.2706923960915414
100,0.83515,-0.584054557635862
100,0.83515,0.04879991491721469
100,0.83515,-0.3917904176746769
100,0.83515,0.04700082849179438
100,0.83515,-0.22524977691566417
100,0.83515,-0.2067682406740635
100,0.83515,-0.013546882736576444
100,0.83515,0.1762015546284525
100,0.83515,-0.4147011627477147
100,0.83515,-0.17422387911090845
100,0.83515,-0.16813909583756187
100,0.83515,-0.30892774837845893
100,0.83515,0.12276952786636472
100,0.83515,-0.39954927917025485
100,0.83515,-0.28728364060305184
100,0.83515,-0.1950705439925266
100,0.83515,-0.22553255833156594
100,0.83515,-0.10915377325837038
100,0.83515,-0.17561491098789422
100,0.83515,-0.22449665031515617
100,0.83515,-0.5334130902542797
100,0.83515,-0.17071712624500415
100,0.83515,-0.1718444904243028
100,0.83515,0.3567602163749922
100,0.83515,0.11396983826409561
100,0.83515,0.2702184967266889
100,0.83515,0.00643423741289268
100,0.83515,-0.2872353188432247
100,0.83515,-0.31571415290931454
100,0.83515,-0.3987104030986403
100,0.83515,-0.07725101245905908
100,0.83515,-0.34542126152062813
100,0.83515,0.08184315909241884
100,0.83515,-0.25688092692894904
100,0.83515,-0.18407184537381927
100,0.83515,-0.26524556063887567
100,0.83515,-0.17358659981550717
100,0.83515,-0.34578765303908776
100,0.83515,-0.4346767817453322
100,0.83515,-0.2146049929024376
100,0.83515,-0.43631073598976833
100,0.83515,-0.04770630284227417
100,0.83515,-0.21626243697999456
100,0.83515,-0.566601798287126
100,0.83515,-0.28815701001848043
100,0.83515,0.02443577514678151
100,0.83515,-0.49602042038887434
100,0.83515,-0.19141802595175475
100,0.83515,-0.2365954449877717
100,0.83515,-0.10642003162604122
100,0.83515,-0.5149836246343837
100,0.83515,-0.04116869016393417
100,0.83515,-0.24610206266349707
100,0.83515,-0.5190055771843147
100,0.83515,-0.2678124780902088
100,0.83515,-0.16518997382983383
100,0.83515,-0.37688999137767143
100,0.83515,-0.07854890472092421
100,0.83515,0.014245248748375565
100,0.83515,-0.4708896951342389
100,0.83515,-0.4048637255791132
100,0.83515,-0.050203583418405716
100,0.83515,-0.17661835338556292
100,0.83515,-0.3722812512443579
100,0.83515,-0.43475924197824717
100,0.83515,-0.3372561935798134
100,0.83515,-0.25757945878467786
100,0.83515,-0.45732018192505963
100,0.83515,-0.03211872484947272
100,0.83515,-0.2005861714571485
100,0.83515,-0.40684362805529606
100,0.83515,-0.4083637638830996
100,0.83515,-0.32799810941138896
100,0.83515,-0.1143739590524611
100,0.83515,-0.18195944955264734
100,0.83515,-0.34974551016425437
100,0.83515,0.06868224698382697
100,0.83515,-0.31456992234052883
100,0.83515,-0.13386536213944644
100,0.83515,-0.2085402638745301
100,0.83515,-0.2469670236400032
100,0.83515,-0.26356210422719156
100,0.83515,-0.2673065873175524
100,0.83515,-0.21987640335485664
100,0.83515,-0.3106020188277241
100,0.83515,-0.3908830927991576
100,0.83515,-0.39429245113851136
100,0.83515,-0.363940708841549
100,0.83515,-0.3168105792956751
100,0.83515,-0.027609185597182645
100,0.83515,-0.19038783291891972
100,0.83515,-0.32437756520563726
100,0.83515,-0.027574645308936635
100,0.83515,-0.39341758886710054
100,0.83515,-0.28025999672147467
100,0.83515,-0.44216184877585896
100,0.83515,-0.14303578175728537
100,0.83515,0.10259801372110258
100,0.83515,-0.394065870839259
100,0.83515,-0.2809824492929895
100,0.83515,-0.5677119308451378
100,0.83515,0.01926393530978548
100,0.83515,-0.3897282995009323
100,0.83515,0.019196124900281365
100,0.83515,-0.25322287842368646
100,0.83515,-0.2527134350927594
100,0.83515,0.03649886010159894
100,0.83515,0.17437064222569543
100,0.83515,-0.4149361458093419
100,0.83515,-0.18515567027249505
100,0.83515,-0.15549392679742846
100,0.83515,-0.3145248578576388
100,0.83515,0.14562942921067837
100,0.83515,-0.4205094531690361
100,0.83515,-0.2863400397665748
100,0.83515,-0.21114191409121777
100,0.83515,-0.2413626816364109
100,0.83515,-0.09269803124784765
100,0.83515,-0.21390309057327928
100,0.83515,-0.2179473502199782
100,0.83515,-0.521271382168589
100,0.83515,-0.16264839628066402
100,0.83515,-0.11031222750996206
100,0.83515,0.33857739754953053
100,0.83515,0.06631849054998361
100,0.83515,0.28248910128694077
100,0.83515,0.011099248332001226
100,0.83515,-0.3181960571100932
100,0.83515,-0.3202777381089488
100,0.83515,-0.41972707233188306
100,0.83515,-0.03770854590069564
100,0.83515,-0.3388781621268143
100,0.83515,0.11095489436356872
100,0.83515,-0.2697078864289869
100,0.83515,-0.1844096379494796
100,0.83515,-0.26677632916926125
100,0.83515,-0.16368750299685386
100,0.83515,-0.3066409249462552
100,0.83515,-0.4416424773659653
100,0.83515,-0.2082067739784873
100,0.83515,-0.46267458152601765
100,0.83515,-0.05778533956362502
100,0.83515,-0.2734679407007188
100,0.83515,-0.5717399136185952
100,0.83515,-0.32654458959893173
100,0.83515,0.02754240037618971
100,0.83515,-0.47377217384547254
100,0.83515,-0.17804608335330166
100,0.83515,-0.23859680839792005
100,0.83515,-0.12462311169080323
100,0.83515,-0.5161968628602618
100,0.83515,-0.06375781334735875
100,0.83515,-0.22590425464193267
100,0.83515,-0.5391506707715468
100,0.83515,-0.26956709461502654
100,0.83515,-0.19459619128437416
100,0.83515,-0.3561490030404856
100,0.83515,-0.06841305820025087
100,0.83515,-0.01067178379696265
100,0.83515,-0.4648870827997205
100,0.83515,-0.33054460196124635
100,0.83515,-0.01472616760940115
100,0.83515,-0.2148137819912172
100,0.83515,-0.4006541754841368
100,0.83515,-0.46622541547305146
100,0.83515,-0.24506620961561112
100,0.83515,-0.2559836272655947
100,0.83515,-0.4963331250109697
100,0.83515,0.008775292496858102
100,0.83515,-0.2846983254243271
100,0.83515,-0.3543027232580585
100,0.83515,-0.431734732756102
100,0.83515,-0.3349328614378696
100,0.83515,-0.14260616654376854
100,0.83515,-0.16239700317964897
100,0.83515,-0.41408642489804587
100,0.83515,0.08502921856606432
100,0.83515,-0.2695536446276497
100,0.83515,-0.10837220804429329
100,0.83515,-0.22605494532565812
100,0.83515,-0.23601779546082044
100,0.83515,-0.20994873787334356
100,0.83515,-0.2738105007682161
100,0.83515,-0.2779716534413329
100,0.83515,-0.3690626205558907
100,0.83515,-0.3477851827143065
100,0.83515,-0.43376077013660025
100,0.83515,-0.36639065926951436
100,0.83515,-0.29746187481687614
100,0.83515,-0.019325496946690474
100,0.83515,-0.2126827207398464
100,0.83515,-0.30455097620356075
100,0.83515,-0.09802920487990728
100,0.83515,-0.4221522222083676
100,0.83515,-0.23681805187759813
100,0.83515,-0.4611140297438523
100,0.83515,-0.050543164283201776
100,0.83515,0.12563517483498093
100,0.83515,-0.42086713804925313
100,0.83515,-0.29916793930411745
100,0.83515,-0.583668173424553
100,0.83515,-0.0143585668419949
100,0.83515,-0.4031782855800842
100,0.83515,0.02910716266863226
100,0.83515,-0.22047296445440534
100,0.83515,-0.2279300695814303
100,0.83515,0.020136244805413553
100,0.83515,0.08012149275631476
100,0.83515,-0.4498206840828615
100,0.83515,-0.14894836161034455
100,0.83515,-0.15217744764606975
100,0.83515,-0.2800068332154706
100,0.83515,0.08916431145026354
100,0.83515,-0.4438731687474447
100,0.83515,-0.32201454228601734
100,0.83515,-0.24060674220317996
100,0.83515,-0.2802867308463851
100,0.83515,-0.12432853553944476
100,0.83515,-0.18187294547359228
100,0.83515,-0.24764790680388038
100,0.83515,-0.5315173653869861
100,0.83515,-0.13015228639801202
100,0.83515,-0.12273109054622176
100,0.83515,0.38365094951049955
100,0.83515,-0.014930531466135013
100,0.83515,0.183632326293956
100,0.83515,-0.009211533331042895
100,0.83515,-0.28854189046449735
100,0.83515,-0.3214400057774758
100,0.83515,-0.43789543311552337
100,0.83515,-0.03919326836124657
100,0.83515,-0.3624802330335451
100,0.83515,0.022714634837558572
100,0.83515,-0.22089166558240367
100,0.83515,-0.2595971826461564
100,0.83515,-0.27368137894399663
100,0.83515,-0.20107078790923524
100,0.83515,-0.2595122902304074
100,0.83515,-0.4349190213949605
100,0.83515,-0.2046761174181675
100,0.83515,-0.4491798413168773
100,0.83515,0.0389681759050876
100,0.83515,-0.32239789265441626
100,0.83515,-0.5560900121609338
100,0.83515,-0.370500850822201
100,0.83515,0.03171988539621604
100,0.83515,-0.4763688018293194
100,0.83515,-0.2351157274964011
100,0.83515,-0.26820859559524957
100,0.83515,-0.15268455929968855
100,0.83515,-0.4318854489614744
100,0.83515,-0.13148438355388728
100,0.83515,-0.27801373810344215
100,0.83515,-0.5783857170101835
100,0.83515,-0.33368609947153505
100,0.83515,-0.2113144974371758
100,0.83515,-0.35941257543307187
100,0.83515,-0.06937483528618046
100,0.83515,-0.03410386732833711
100,0.83515,-0.5031162020685429
100,0.83515,-0.32171515257190164
100,0.83515,0.0007494905805767213
100,0.83515,-0.23831837913484194
100,0.83515,-0.38146378255451174
100,0.83515,-0.44843033671460003
100,0.83515,-0.2206996015243211
100,0.83515,-0.27933234679696234
100,0.83515,-0.5088328995682428
100,0.83515,0.0043674507522398764
100,0.83515,-0.28758418540143416
100,0.83515,-0.3781315795343882
100,0.83515,-0.4635509031294326
100,0.83515,-0.30209711586672755
100,0.83515,-0.14252013100593047
100,0.83515,-0.17423969391607466
100,0.83515,-0.41112149367064965
100,0.83515,0.1011553470602752
100,0.83515,-0.2762203681906996
100,0.83515,-0.11348586270703649
100,0.83515,-0.21603472066831358
100,0.83515,-0.24181087224098927
100,0.83515,-0.20273181807803212
100,0.83515,-0.22905589913764884
100,0.83515,-0.31387338621393474
100,0.83515,-0.3977802778496732
100,0.83515,-0.33165148608019285
100,0.83515,-0.44333832936083345
100,0.83515,-0.33285727539228127
100,0.83515,-0.2995341073291212
100,0.83515,-0.042594745299578275
100,0.83515,-0.20137870121561474
100,0.83515,-0.2888718666327635
100,0.83515,-0.11424704960951207
100,0.83515,-0.40874266933341535
100,0.83515,-0.24561112687766687
100,0.83515,-0.42582224296142807
100,0.83515,-0.056361581227128206
100,0.83515,0.11444229524253086
100,0.83515,-0.4454991260872895
100,0.83515,-0.2848991296469687
100,0.83515,-0.5585487746157423
100,0.83515,-0.011664252692432693
100,0.83515,-0.4071202793787362
100,0.83515,0.031875862434357936
100,0.83515,-0.2096414940127178
100,0.83515,-0.22651301814707595
100,0.83515,-0.004637153246143351
100,0.83515,0.044917545027922195
100,0.83515,-0.4599771107286205
100,0.83515,-0.1036781586808978
100,0.83515,-0.12971977619689176
100,0.83515,-0.2608567778690954
100,0.83515,0.07701752632723417
100,0.83515,-0.45469165432791353
100,0.83515,-0.3092967190024806
100,0.83515,-0.2654115507904194
100,0.83515,-0.30968251569896865
100,0.83515,-0.10421015609423435
100,0.83515,-0.21527396066623478
100,0.83515,-0.2492481205284268
100,0.83515,-0.48263179808008744
100,0.83515,-0.1514912997339056
100,0.83515,-0.13819753369764817
100,0.83515,0.41102507242579306
100,0.83515,0.0028561806482927717
100,0.83515,0.178633834713285
100,0.83515,-0.0109500187813063
100,0.83515,-0.2974395472229557
100,0.83515,-0.30180198002581776
100,0.83515,-0.42209129681742835
100,0.83515,0.0008240686429111503
100,0.83515,-0.33893144798392516
100,0.83515,-0.004222683004599898
100,0.83515,-0.24506994114007105
100,0.83515,-0.20555007048951374
100,0.83515,-0.2589813625810617
100,0.83515,-0.19230685526367464
100,0.83515,-0.2602925911265624
100,0.83515,-0.4395829840717295
100,0.83515,-0.2095881892989352
100,0.83515,-0.4796201675137026
100,0.83515,0.043560001490926946
100,0.83515,-0.2883609029571347
100,0.83515,-0.5517433594066006
100,0.83515,-0.37530940054800593
100,0.83515,-0.0015122359367659814
100,0.83515,-0.46835804180019164
100,0.83515,-0.2409799477120684
100,0.83515,-0.25639689293048995
100,0.83515,-0.0970399547096281
100,0.83515,-0.4312544381388556
100,0.83515,-0.12350207240106095
100,0.83515,-0.2994974443598824
100,0.83515,-0.584414246033157
100,0.83515,-0.34292197893898174
100,0.83515,-0.20365357153006278
100,0.83515,-0.31237660826623026
100,0.83515,-0.06647508603563704
100,0.83515,-0.008228884151021574
100,0.83515,-0.458683882497058
100,0.83515,-0.3132283463939968
100,0.83515,0.0018318543961964636
100,0.83515,-0.20762948065774284
100,0.83515,-0.3880298824269435
100,0.83515,-0.4571935427349178
100,0.83515,-0.22327109366235157
100,0.83515,-0.2670613282589596
100,0.83515,-0.536940757374556
100,0.83515,0.0013170146537378022
100,0.83515,-0.20049235855412037
100,0.83515,-0.3931881460972659
100,0.83515,-0.47256501658760747
100,0.83515,-0.31372011987235715
100,0.83515,-0.13970301863010112
100,0.83515,-0.196557649509155
100,0.83515,-0.4138642497456176
100,0.83515,0.06180319025719489
100,0.83515,-0.29245936684086726
100,0.83515,-0.11853138336342704
100,0.83515,-0.1945724198531587
100,0.83515,-0.22199179458353405
100,0.83515,-0.19088066872172335
100,0.83515,-0.1868444349219152
100,0.83515,-0.31522417442943385
100,0.83515,-0.4055910395724133
100,0.83515,-0.33506172200075884
100,0.83515,-0.47564755163397376
100,0.83515,-0.36667278905712447
100,0.83515,-0.31175702972779296
100,0.83515,-0.11299990505506805
100,0.83515,-0.1782324173703234
100,0.83515,-0.30060733403536644
100,0.83515,-0.10219633618324399
100,0.83515,-0.35042820647348405
100,0.83515,-0.2517144553226054
100,0.83515,-0.4119969251784541
100,0.83515,-0.06463052143702477
100,0.83515,0.11764098658900385
100,0.83515,-0.4665560914545578
100,0.83515,-0.2620993553062731
100,0.83515,-0.5467217163834683
100,0.83515,-0.061600952323243224
100,0.83515,-0.4006460406422165
100,0.83515,0.07560336579149107
100,0.83515,-0.24526819838043462
100,0.83515,-0.21024062127618928
100,0.83515,0.002660306392194601
100,0.83515,0.06466994515065401
100,0.83515,-0.47616001267033764
100,0.83515,-0.15852256192574893
100,0.83515,-0.09671123123259008
100,0.83515,-0.2702216853766849
100,0.83515,0.09041168216081456
100,0.83515,-0.40790246426588833
100,0.83515,-0.3219431271334135
100,0.83515,-0.27880807329354473
100,0.83515,-0.3215168181452463
100,0.83515,-0.09370470439287504
100,0.83515,-0.21435536639689856
100,0.83515,-0.2342670027898519
100,0.83515,-0.4718427776774775
100,0.83515,-0.15110674823961412
100,0.83515,-0.1568716624195453
100,0.83515,0.448584679837363
100,0.83515,0.07190002854071126
100,0.83515,0.10611904382377776
100,0.83515,0.009079337356184465
100,0.83515,-0.31331632327457215
100,0.83515,-0.35003389551794095
100,0.83515,-0.4457816188180809
100,0.83515,-0.0059146559755522705
100,0.83515,-0.3381197310245257
100,0.83515,-0.06295879159573997
100,0.83515,-0.17891856685395835
100,0.83515,-0.14820469108220347
100,0.83515,-0.29993808735475325
100,0.83515,-0.20605179686369995
100,0.83515,-0.24064280413820205
100,0.83515,-0.47539492954454277
100,0.83515,-0.23564347325686083
100,0.83515,-0.4955154408640055
100,0.83515,-0.029270305869356812
100,0.83515,-0.32229892114644226
100,0.83515,-0.5695368937313716
100,0.83515,-0.4065828715490957
100,0.83515,-0.04726231127546128
100,0.83515,-0.4251889033147056
100,0.83515,-0.18195271587334316
100,0.83515,-0.30274953174502517
100,0.83515,-0.10119074990632491
100,0.83515,-0.3964310854042457
100,0.83515,-0.12773135374020844
100,0.83515,-0.24936137901013256
100,0.83515,-0.5355272800721903
100,0.83515,-0.3389961790779207
100,0.83515,-0.2660937887617658
100,0.83515,-0.3473264230101544
100,0.83515,-0.07561592741157099
100,0.83515,-0.05972181203134018
100,0.83515,-0.46678045710659016
100,0.83515,-0.29787075838488036
100,0.83515,-0.023453962901523812
100,0.83515,-0.21737241721671507
100,0.83515,-0.3621729710873534
100,0.83515,-0.4520071296094419
100,0.83515,-0.24203108299184528
100,0.83515,-0.2676934300864349
100,0.83515,-0.5514600689239637
100,0.83515,0.014140875549094326
100,0.83515,-0.22974989995922984
100,0.83515,-0.3896084424488407
100,0.83515,-0.48303813948894747
100,0.83515,-0.3567572865011085
100,0.83515,-0.12214262949783435
100,0.83515,-0.1940819059936939
100,0.83515,-0.41598992719062955
100,0.83515,0.044141764092563644
100,0.83515,-0.33031606903348354
100,0.83515,-0.0959930895214541
100,0.83515,-0.146093844335015
100,0.83515,-0.22035924959786568
100,0.83515,-0.2283487809375105
100,0.83515,-0.18760085991510864
100,0.83515,-0.254740211383044
100,0.83515,-0.4247667781465642
100,0.83515,-0.30106069998956775
100,0.83515,-0.4750099372034654
100,0.83515,-0.39818063555049926
100,0.83515,-0.28987109725201987
100,0.83515,-0.08492662327581632
100,0.83515,-0.2421249188049665
100,0.83515,-0.3159371549021282
100,0.83515,-0.10598411744478889
100,0.83515,-0.3442859590719392
100,0.83515,-0.21537957621385587
100,0.83515,-0.4454755853978076
100,0.83515,-0.05199723038775261
100,0.83515,0.08497761772549942
100,0.83515,-0.4912684637662015
100,0.83515,-0.28157643244202496
100,0.83515,-0.5439651605634707
100,0.83515,-0.11510275247092674
100,0.83515,-0.36934121365649
100,0.83515,0.1418000206939805
100,0.83515,-0.25484289981323005
100,0.83515,-0.18262765799718958
100,0.83515,-0.01367112100663419
100,0.83515,0.06665854301772846
100,0.83515,-0.4523408159052123
100,0.83515,-0.14663608558476648
100,0.83515,-0.09825823385974222
100,0.83515,-0.25689159254291216
100,0.83515,0.06972335291863724
100,0.83515,-0.3992280856387265
100,0.83515,-0.3383007687670746
100,0.83515,-0.3157638977761817
100,0.83515,-0.34834158682735156
100,0.83515,-0.10023547694870599
100,0.83515,-0.22965438241905684
100,0.83515,-0.19940347154189172
100,0.83515,-0.4785976439353098
100,0.83515,-0.16710835198277108
100,0.83515,-0.14251646551609426
100,0.83515,0.4440330921516485
100,0.83515,0.046851323629229155
100,0.83515,0.05580527806937971
100,0.83515,0.02378589653217282
100,0.83515,-0.3207895594021815
100,0.83515,-0.3827319668617116
100,0.83515,-0.4474327635660121
100,0.83515,0.001397255418771227
100,0.83515,-0.3676463030585229
100,0.83515,-0.07100308742512447
100,0.83515,-0.18400938864433347
100,0.83515,-0.1473035471348286
100,0.83515,-0.26360105330698663
100,0.83515,-0.20183925275663356
100,0.83515,-0.2303491018078966
100,0.83515,-0.4598254975681589
100,0.83515,-0.20131280385219255
100,0.83515,-0.5024852312310246
100,0.83515,-0.017988457268299902
100,0.83515,-0.3026021682139843
100,0.83515,-0.5275990668621217
100,0.83515,-0.41539390150598543
100,0.83515,-0.061352991413407464
100,0.83515,-0.4133888346365323
100,0.83515,-0.22666825757937856
100,0.83515,-0.2879320814413291
100,0.83515,-0.07343601811481008
100,0.83515,-0.4040021294370383
100,0.83515,-0.11843773361381223
100,0.83515,-0.19123735088011104
100,0.83515,-0.4851266026179276
100,0.83515,-0.3727677904396889
100,0.83515,-0.2385279501037837
100,0.83515,-0.33247419948291007
100,0.83515,-0.07416757103952037
100,0.83515,-0.049726376185107876
100,0.83515,-0.4690510662756053
100,0.83515,-0.28035046681876513
100,0.83515,-0.0618521177789358
100,0.83515,-0.24026963653424696
100,0.83515,-0.34943948563329563
100,0.83515,-0.45729413191682156
100,0.83515,-0.25252962439354787
100,0.83515,-0.2554580519562572
100,0.83515,-0.5036586469634566
100,0.83515,0.021224616091082373
100,0.83515,-0.20811107589253566
100,0.83515,-0.4032536908838222
100,0.83515,-0.4860727539886687
100,0.83515,-0.39180445764617755
100,0.83515,-0.1971328511472714
100,0.83515,-0.15511579995520192
100,0.83515,-0.4375992047057627
100,0.83515,0.01428160838364456
100,0.83515,-0.3536472996524096
100,0.83515,-0.0815654277288882
100,0.83515,-0.08797217141698653
100,0.83515,-0.23605538157288528
100,0.83515,-0.23793238455944263
100,0.83515,-0.18992014994424547
100,0.83515,-0.2850547389281152
100,0.83515,-0.4743469547563447
100,0.83515,-0.3443901292971295
100,0.83515,-0.48793543935128675
100,0.83515,-0.3288725339542268
100,0.83515,-0.3120967983137606
100,0.83515,-0.14416800722672413
100,0.83515,-0.2727687011286925
100,0.83515,-0.3388582143274464
100,0.83515,-0.12989416103227244
100,0.83515,-0.35477813604461067
100,0.83515,-0.24364820492340936
100,0.83515,-0.4632484353467614
100,0.83515,0.013084377831647466
100,0.83515,0.03423966116736084
100,0.83515,-0.5127315928565267
100,0.83515,-0.3107961099111589
100,0.83515,-0.5615672084741301
100,0.83515,-0.18044160215186744
100,0.83515,-0.3588686073008384
100,0.83515,0.20548394781988924
100,0.83515,-0.29105149930163293
100,0.83515,-0.21299977219950678
100,0.83515,0.013890866668196066
100,0.83515,0.011690650571590574
100,0.83515,-0.45758750412420923
100,0.83515,-0.04026988821326366
100,0.83515,-0.13910630963326379
100,0.83515,-0.26302681532231353
100,0.83515,0.012537941083235428
100,0.83515,-0.4309914217854032
100,0.83515,-0.3893787009042395
100,0.83515,-0.30052810290163956
100,0.83515,-0.3673477263138474
100,0.83515,-0.008423716332445416
100,0.83515,-0.23293104231299633
100,0.83515,-0.22548359357755957
100,0.83515,-0.5111723901783525
100,0.83515,-0.20417336789166302
100,0.83515,-0.18010748899119233
100,0.83515,0.3903815714806571
100,0.83515,0.09208166878512333
100,0.83515,-0.030181711903330386
100,0.83515,0.022451758694799772
100,0.83515,-0.3706840376675109
100,0.83515,-0.411384204456664
100,0.83515,-0.4942745641889392
100,0.83515,-0.03676517215812899
100,0.83515,-0.33568877541000636
100,0.83515,-0.021936276307410282
100,0.83515,-0.15814568409933735
100,0.83515,-0.1894202887155794
100,0.83515,-0.28274477725179237
100,0.83515,-0.15223646996046625
100,0.83515,-0.18700139857474166
100,0.83515,-0.4745854977138246
100,0.83515,-0.22229172897201757
100,0.83515,-0.5304282674812025
100,0.83515,0.055777493431432595
100,0.83515,-0.2505252587115457
100,0.83515,-0.5163015044775272
100,0.83515,-0.4347101005421533
100,0.83515,0.0036073644769121457
100,0.83515,-0.3810168348309258
100,0.83515,-0.2625044515923503
100,0.83515,-0.2887638561290919
100,0.83515,-0.029595196902461464
100,0.83515,-0.3325738037753156
100,0.83515,-0.11541928689075709
100,0.83515,-0.1566741396428871
100,0.83515,-0.5008886138451037
100,0.83515,-0.3592737853165103
100,0.83515,-0.2911579790768332
100,0.83515,-0.24354471848651646
100,0.83515,-0.12090785369626632
100,0.83515,-0.03242818757984317
100,0.83515,-0.4552211478555237
100,0.83515,-0.3473782042440863
100,0.83515,-0.08704349610237042
100,0.83515,-0.2598410767765852
100,0.83515,-0.28310917075873265
100,0.83515,-0.49622081708890986
100,0.83515,-0.254491995349664
100,0.83515,-0.2930299791858163
100,0.83515,-0.5022901621051887
100,0.83515,-0.030214836556607703
100,0.83515,-0.1938832318040814
100,0.83515,-0.4210319210474567
100,0.83515,-0.45646853024595
100,0.83515,-0.38120282529746546
100,0.83515,-0.21669200813359205
100,0.83515,-0.1570445531936702
100,0.83515,-0.45394818209437265
100,0.83515,-0.05800522346617785
100,0.83515,-0.33141948297178886
100,0.83515,-0.07417989281176424
100,0.83515,-0.13211130722118286
100,0.83515,-0.2015793068106661
100,0.83515,-0.2743737359769824
100,0.83515,-0.15671444262873196
100,0.83515,-0.3268996311917498
100,0.83515,-0.4726446031484971
100,0.83515,-0.345817838276706
100,0.83515,-0.4742037150825696
100,0.83515,-0.30774851050017876
100,0.83515,-0.29226650254576825
100,0.83515,-0.18310242136909752
100,0.83515,-0.3058101170333396
100,0.83515,-0.31778256276566175
100,0.83515,-0.13880406228880235
100,0.83515,-0.35973002505964413
100,0.83515,-0.20596455965505375
100,0.83515,-0.47684002017925303
100,0.83515,-0.021896278287783726
100,0.83515,0.028387351975253022
100,0.83515,-0.4984652063830407
100,0.83515,-0.26341267131107177
100,0.83515,-0.5586523550811504
100,0.83515,-0.18135647392620857
100,0.83515,-0.36688157714984354
100,0.83515,0.16604711458352334
100,0.83515,-0.29385725857669803
100,0.83515,-0.22633157479339377
100,0.83515,-0.004647719136147299
100,0.83515,-0.0017206034536807909
100,0.83515,-0.42226638688675766
100,0.83515,0.008712239607296736
100,0.83515,-0.13988511756600555
100,0.83515,-0.2499215949582754
100,0.83515,-0.019645104982523857
100,0.83515,-0.4132560877191204
100,0.83515,-0.36683324553652474
100,0.83515,-0.30653284203596803
100,0.83515,-0.37542406444878146
100,0.83515,-0.07090100033183583
100,0.83515,-0.1811081088384464
100,0.83515,-0.21026477828141182
100,0.83515,-0.5304563404528746
100,0.83515,-0.2001319808583328
100,0.83515,-0.19319152340847567
100,0.83515,0.40104843517981575
100,0.83515,0.04360129004330105
100,0.83515,-0.07977203770960803
100,0.83515,0.02687323665862473
100,0.83515,-0.37359934527451755
100,0.83515,-0.4236970851298017
100,0.83515,-0.5219210809259532
100,0.83515,-0.015870076997840175
100,0.83515,-0.3768851534206106
100,0.83515,-0.027859589271932907
100,0.83515,-0.14950421637855799
100,0.83515,-0.12620433624137747
100,0.83515,-0.31750562794482756
100,0.83515,-0.1564527025189423
100,0.83515,-0.18212466139965436
100,0.83515,-0.4895829307669669
100,0.83515,-0.17566194726262152
100,0.83515,-0.5445694375754432
100,0.83515,0.026697666685268327
100,0.83515,-0.1927145113898424
100,0.83515,-0.4868414627985081
100,0.83515,-0.460741837858456
100,0.83515,-0.01354368538659458
100,0.83515,-0.3865591964347433
100,0.83515,-0.2819258398295339
100,0.83515,-0.29649351428234955
100,0.83515,0.005814469999166366
100,0.83515,-0.314290270695863
100,0.83515,-0.09848845287493836
100,0.83515,-0.20500802807705354
100,0.83515,-0.5250661160238594
100,0.83515,-0.3393689747039879
100,0.83515,-0.2848922076794064
100,0.83515,-0.27224135076706124
100,0.83515,-0.06444613750388134
100,0.83515,-0.10323471838578678
100,0.83515,-0.43662140090825086
100,0.83515,-0.34192240931493006
100,0.83515,-0.03908214955888069
100,0.83515,-0.19196911586266935
100,0.83515,-0.29230992024831975
100,0.83515,-0.492582660894448
100,0.83515,-0.23579557572127935
100,0.83515,-0.2570985683951512
100,0.83515,-0.4960940829201845
100,0.83515,-0.011873984299654571
100,0.83515,-0.16940850037213573
100,0.83515,-0.42821808131697353
100,0.83515,-0.4840538943770677
100,0.83515,-0.38150215983828495
100,0.83515,-0.21877162590757177
100,0.83515,-0.20599197318544576
100,0.83515,-0.44892609082371787
100,0.83515,-0.09092662987028706
100,0.83515,-0.32383703920034984
100,0.83515,-0.11292579644854274
100,0.83515,-0.1283273027853049
100,0.83515,-0.19442687301854117
100,0.83515,-0.2971597210269218
100,0.83515,-0.10863894566817887
100,0.83515,-0.30256647749296617
100,0.83515,-0.5093543346965654
100,0.83515,-0.293109324846397
100,0.83515,-0.44911799522456936
100,0.83515,-0.32499403294532675
100,0.83515,-0.26974478257544793
100,0.83515,-0.17096640533163704
100,0.83515,-0.25779974201713063
100,0.83515,-0.29903817285597495
100,0.83515,-0.15282816469252042
100,0.83515,-0.3988075295687826
100,0.83515,-0.20678443117423492
100,0.83515,-0.441624988459445
100,0.83515,0.008145093162299766
100,0.83515,0.03642741916726815
100,0.83515,-0.5217977049836203
100,0.83515,-0.23405763053121584
100,0.83515,-0.5398426624977297
100,0.83515,-0.15606488820763317
100,0.83515,-0.41430158315408067
100,0.83515,0.1377244286641928
100,0.83515,-0.2737953166025251
100,0.83515,-0.2007316149323181
100,0.83515,0.042080797996366
100,0.83515,-0.0017519385788028331
100,0.83515,-0.39077177044135153
100,0.83515,-0.025760730905753183
100,0.83515,-0.1028175566926278
100,0.83515,-0.269323902186805
100,0.83515,-0.042850364585584
100,0.83515,-0.4091618272668224
100,0.83515,-0.3448592535855528
100,0.83515,-0.34940878943864956
100,0.83515,-0.3910294837602477
100,0.83515,-0.07852874079763356
100,0.83515,-0.18419756852748925
100,0.83515,-0.2395428670276581
100,0.83515,-0.5613116671418601
100,0.83515,-0.242555369745263
100,0.83515,-0.19054025564416366
100,0.83515,0.3882400302263082
100,0.83515,0.05304606484478982
100,0.83515,-0.1362200871455074
100,0.83515,-0.010803920956834759
100,0.83515,-0.37907865068512714
100,0.83515,-0.42704853005543
100,0.83515,-0.5134125384964877
100,0.83515,-0.020432161619254128
100,0.83515,-0.387244893883696
100,0.83515,-0.025566098388229604
100,0.83515,-0.17353171905928894
100,0.83515,-0.13820435922309737
100,0.83515,-0.2992214932818031
100,0.83515,-0.1486916118816012
100,0.83515,-0.17535592456721558
100,0.83515,-0.4879736835036321
100,0.83515,-0.17334611931216923
100,0.83515,-0.5649288615487015
100,0.83515,0.017243436834111742
100,0.83515,-0.20030676607767398
100,0.83515,-0.5002307236263159
100,0.83515,-0.49865692337441586
100,0.83515,-0.03637103308747825
100,0.83515,-0.41716702127495014
100,0.83515,-0.2541213099907826
100,0.83515,-0.29255499702732746
100,0.83515,0.022589829330926636
100,0.83515,-0.3065461267338605
100,0.83515,-0.10058576172020225
100,0.83515,-0.20581767609095045
100,0.83515,-0.5564672930463618
100,0.83515,-0.32082288712020984
100,0.83515,-0.2883747122784205
100,0.83515,-0.25833234855281706
100,0.83515,-0.07188711916450456
100,0.83515,-0.1036952384817445
100,0.83515,-0.4392360981636977
100,0.83515,-0.35526625833604186
100,0.83515,-0.017393902343221326
100,0.83515,-0.15703284376802948
100,0.83515,-0.3090086535168547
100,0.83515,-0.49139815992396485
100,0.83515,-0.22195812595716258
100,0.83515,-0.26550062726894214
100,0.83515,-0.515993268832548
100,0.83515,-0.02146499249881512
100,0.83515,-0.17096081101833568
100,0.83515,-0.43249574034624994
100,0.83515,-0.4348758514972979
100,0.83515,-0.38101799226687055
100,0.83515,-0.23614824353279837
100,0.83515,-0.2297333953217808
100,0.83515,-0.4473139490136952
100,0.83515,-0.13333923824490077
100,0.83515,-0.32042733655260214
100,0.83515,-0.0960698138058862
100,0.83515,-0.09187963527051092
100,0.83515,-0.14353344410969662
100,0.83515,-0.2918390404130879
100,0.83515,-0.13155726709351734
100,0.83515,-0.25297361997426193
100,0.83515,-0.451969610404219
100,0.83515,-0.2872189631978946
100,0.83515,-0.47229782909613455
100,0.83515,-0.3301053808939543
100,0.83515,-0.27934181791800916
100,0.83515,-0.13155297940977376
100,0.83515,-0.2767834151386728
100,0.83515,-0.32373101859695413
100,0.83515,-0.14807724490420063
100,0.83515,-0.3974427390369344
100,0.83515,-0.19068500437060026
100,0.83515,-0.4439664916695054
100,0.83515,0.028229198340400538
100,0.83515,0.026286254290866257
100,0.83515,-0.5395137773642723
100,0.83515,-0.225573724472729
100,0.83515,-0.49244496540647126
100,0.83515,-0.16524651839527946
100,0.83515,-0.41808593529003507
100,0.83515,0.1085262166333202
100,0.83515,-0.2506296257198734
100,0.83515,-0.20829115066440496
100,0.83515,0.020963163004588097
100,0.83515,-0.0056054888600409695
100,0.83515,-0.3751254700990223
100,0.83515,-0.04698863689613465
100,0.83515,-0.09389480661686092
100,0.83515,-0.2997494181830386
100,0.83515,-0.05291816586799182
100,0.83515,-0.41358133042609957
100,0.83515,-0.35454162620206364
100,0.83515,-0.3387852708003174
100,0.83515,-0.3946579943737334
100,0.83515,-0.1076527290035175
100,0.83515,-0.19264801606536902
100,0.83515,-0.23487317712673403
100,0.83515,-0.5599162402970318
100,0.83515,-0.2928868503800118
100,0.83515,-0.17047457464266674
100,0.83515,0.3608656580128907
100,0.83515,0.05485030711497129
100,0.83515,-0.17724601696562334
100,0.83515,-0.02974153474557547
100,0.83515,-0.35903394960329804
100,0.83515,-0.42332794297100046
100,0.83515,-0.5112549206676247
100,0.83515,0.02114915479366968
100,0.83515,-0.38530231704148943
100,0.83515,0.002255695238651833
100,0.83515,-0.1523302669691307
100,0.83515,-0.1434296858536483
100,0.83515,-0.30814335172846163
100,0.83515,-0.1202229328457637
100,0.83515,-0.14714108739271212
100,0.83515,-0.508731184587096
100,0.83515,-0.16842060110871226
100,0.83515,-0.5328260381632065
100,0.83515,0.009542041255988978
100,0.83515,-0.19928822920368375
100,0.83515,-0.49742598604306143
100,0.83515,-0.47082160861391587
100,0.83515,-0.061866728174141475
100,0.83515,-0.4105518478277268
100,0.83515,-0.24608097751724348
100,0.83515,-0.26516255101394964
100,0.83515,0.0185255552495842
100,0.83515,-0.2861103511794098
100,0.83515,-0.10700904302667498
100,0.83515,-0.20428219328766428
100,0.83515,-0.556941112194598
100,0.83515,-0.35489934816220986
100,0.83515,-0.2633343318699516
100,0.83515,-0.30732382598337565
100,0.83515,-0.05146241028268703
100,0.83515,-0.07792897814903554
100,0.83515,-0.42178521848748574
100,0.83515,-0.33380022664406206
100,0.83515,-0.03091300188859544
100,0.83515,-0.12047814398265365
100,0.83515,-0.33816904454067404
100,0.83515,-0.50207591550571
100,0.83515,-0.21329486872058323
100,0.83515,-0.2792428119833105
100,0.83515,-0.4725939144400588
100,0.83515,-0.065914239925842
100,0.83515,-0.14496501956875704
100,0.83515,-0.37754413893333055
100,0.83515,-0.4591573795348529
100,0.83515,-0.35288923415750933
100,0.83515,-0.19609505274053748
100,0.83515,-0.24695822456329794
100,0.83515,-0.44684863967638055
100,0.83515,-0.1363143731888167
100,0.83515,-0.3322918737147284
100,0.83515,-0.14933789513712079
100,0.83515,-0.1562747548354062
100,0.83515,-0.1350201602586422
100,0.83515,-0.3139656051317948
100,0.83515,-0.08289099007555531
100,0.83515,-0.24166679669743038
100,0.83515,-0.4511247283392855
100,0.83515,-0.29910355001387146
100,0.83515,-0.4543302861549886
100,0.83515,-0.3411692882924421
100,0.83515,-0.27268532703052917
100,0.83515,-0.13630565835045685
100,0.83515,-0.24922524185570347
100,0.83515,-0.3735327256357997
100,0.83515,-0.13189688846530917
100,0.83515,-0.3762611499766621
100,0.83515,-0.20350098293253024
100,0.83515,-0.4516683581533059
100,0.83515,0.060589986759009826
100,0.83515,-0.03843361080697811
100,0.83515,-0.5602030144230584
100,0.83515,-0.24308811121392884
100,0.83515,-0.47637519617608487
100,0.83515,-0.09349197428055733
100,0.83515,-0.4511046513783145
100,0.83515,0.1259817722523085
100,0.83515,-0.223856639477563
100,0.83515,-0.21966192831418954
100,0.83515,-0.024029153481132107
100,0.83515,-0.009788105777724045
100,0.83515,-0.38930083875567945
100,0.83515,-0.014388341354564167
100,0.83515,-0.12412031414864852
100,0.83515,-0.2879064756966318
100,0.83515,-0.05334445839940044
100,0.83515,-0.38739880385940945
100,0.83515,-0.33680561303449974
100,0.83515,-0.32645489893140933
100,0.83515,-0.4071614959671907
100,0.83515,-0.13366615340099441
100,0.83515,-0.17900430573340578
100,0.83515,-0.22497856310775277
100,0.83515,-0.5378858456031743
100,0.83515,-0.24740696388648623
100,0.83515,-0.1479818067319609
100,0.83515,0.33944175739502497
100,0.83515,-0.020709054518577196
100,0.83515,-0.1698316030103113
100,0.83515,-0.03283746203307729
100,0.83515,-0.34186485297245717
100,0.83515,-0.3757655073751337
100,0.83515,-0.5091653439287869
100,0.83515,0.013097519361575069
100,0.83515,-0.41441128936567423
100,0.83515,0.02670502702608472
100,0.83515,-0.14967315654409324
100,0.83515,-0.12064606532875236
100,0.83515,-0.31773266132778366
100,0.83515,-0.16716104265919512
100,0.83515,-0.15033373937512967
100,0.83515,-0.51034304201928
100,0.83515,-0.17939305304276
100,0.83515,-0.5319914545466764
100,0.83515,-0.020058787916235648
100,0.83515,-0.2277196151442887
100,0.83515,-0.5303133699976498
100,0.83515,-0.4877383735049344
100,0.83515,-0.10654706567239382
100,0.83515,-0.3761782675737771
100,0.83515,-0.24253052154451135
100,0.83515,-0.20398385224045476
100,0.83515,-0.0035927519927910685
100,0.83515,-0.27877898280266944
100,0.83515,-0.08622713236520718
100,0.83515,-0.12222917879496638
100,0.83515,-0.5764381853785474
100,0.83515,-0.32198460380162663
100,0.83515,-0.2168150125723844
100,0.83515,-0.35872325666875005
100,0.83515,-0.11979333761256712
100,0.83515,-0.10545002857603838
100,0.83515,-0.3975010602470683
100,0.83515,-0.31499734966671367
100,0.83515,-0.006825839592230467
100,0.83515,-0.13711828963593375
100,0.83515,-0.37350761610722916
100,0.83515,-0.5113977450391389
100,0.83515,-0.2408863521165741
100,0.83515,-0.32022454067516243
100,0.83515,-0.4769599838490239
100,0.83515,-0.033565431508331765
100,0.83515,-0.13327748586417076
100,0.83515,-0.4087491088528888
100,0.83515,-0.44811836737439165
100,0.83515,-0.3609139322101414
100,0.83515,-0.22058458486769136
100,0.83515,-0.25580786233503633
100,0.83515,-0.47618696211086264
100,0.83515,-0.08005488216154226
100,0.83515,-0.31539802163678327
100,0.83515,-0.17871259075819335
100,0.83515,-0.1789645449337133
100,0.83515,-0.13413383867963458
100,0.83515,-0.2988119869960503
100,0.83515,-0.05017932356200425
100,0.83515,-0.22096895325444946
100,0.83515,-0.41388331177652393
100,0.83515,-0.29120137231979165
100,0.83515,-0.43024614399849653
100,0.83515,-0.3492190261703605
100,0.83515,-0.28400863596961784
100,0.83515,-0.16687988442615606
100,0.83515,-0.24356215330534725
100,0.83515,-0.3326684121523693
100,0.83515,-0.09857125154898345
100,0.83515,-0.32252514281251654
100,0.83515,-0.18920412946680362
100,0.83515,-0.45025226282060465
100,0.83515,0.0796423555487587
100,0.83515,-0.07116077432175369
100,0.83515,-0.5580828612329949
100,0.83515,-0.22400170229878813
100,0.83515,-0.4560619900896452
100,0.83515,-0.07004714086713854
100,0.83515,-0.39046735391440984
100,0.83515,0.15358357535797004
100,0.83515,-0.25102231281091963
100,0.83515,-0.2659564563243666
100,0.83515,-0.05436060719525734
100,0.83515,-0.05288187303353461
100,0.83515,-0.42000436130208213
100,0.83515,-0.03530465721493368
100,0.83515,-0.1202598377499907
100,0.83515,-0.32052724654350717
100,0.83515,-0.06435370894394177
100,0.83515,-0.4180322518397536
100,0.83515,-0.32613309888460135
100,0.83515,-0.2897496465292872
100,0.83515,-0.41777263034199325
100,0.83515,-0.07584734137006297
100,0.83515,-0.18320278397046483
100,0.83515,-0.22456624154823857
100,0.83515,-0.48845626944813214
100,0.83515,-0.2104072384965711
100,0.83515,-0.12119807993330273
100,0.83515,0.3627615704240678
100,0.83515,-0.03986576976215889
100,0.83515,-0.19401633712567334
100,0.83515,-0.04233942637582971
100,0.83515,-0.36098265780910005
100,0.83515,-0.40714046962070494
100,0.83515,-0.4820195858230718
100,0.83515,0.032378633690358746
100,0.83515,-0.41588859234181214
100,0.83515,-0.008360387356345679
100,0.83515,-0.1907484317690341
100,0.83515,-0.14456182688827857
100,0.83515,-0.3147291647153985
100,0.83515,-0.14914750401401472
100,0.83515,-0.11549786556497267
100,0.83515,-0.5210822895419255
100,0.83515,-0.1923125753072118
100,0.83515,-0.5331898117490589
100,0.83515,-0.04297629299802062
100,0.83515,-0.20258254665463638
100,0.83515,-0.5269836821178082
100,0.83515,-0.4936882172942565
100,0.83515,-0.11827370067686412
100,0.83515,-0.4078841158798197
100,0.83515,-0.23286917752044337
100,0.83515,-0.19898620274328332
100,0.83515,-0.017149464287930166
100,0.83515,-0.2842555907455138
100,0.83515,-0.10611230043069611
100,0.83515,-0.12080003853591594
100,0.83515,-0.5890155306156439
100,0.83515,-0.3137344151583812
100,0.83515,-0.21369247568234373
100,0.83515,-0.35145221131012355
100,0.83515,-0.10722649881956163
100,0.83515,-0.1017956027602036
100,0.83515,-0.4041115795197463
100,0.83515,-0.31344550724395426
100,0.83515,0.019042788677969127
100,0.83515,-0.15239962441942737
100,0.83515,-0.34241585740894454
100,0.83515,-0.5155475819965664
100,0.83515,-0.20344162010811867
100,0.83515,-0.31528571106112374
100,0.83515,-0.5060684119409288
100,0.83515,-0.05505943540728648
100,0.83515,-0.11555175694956922
100,0.83515,-0.3842797241057273
100,0.83515,-0.4408127055728669
100,0.83515,-0.3489679686921508
100,0.83515,-0.22602721969596412
100,0.83515,-0.22062872160694785
100,0.83515,-0.4065807315193663
100,0.83515,-0.08097845122695661
100,0.83515,-0.34624866443852986
100,0.83515,-0.20136208695851418
100,0.83515,-0.13948498599748746
100,0.83515,-0.11405332432281454
100,0.83515,-0.31198421035633683
100,0.83515,-0.007552431871047177
100,0.83515,-0.24825060370587557
100,0.83515,-0.4032331544292411
100,0.83515,-0.27192053468748034
100,0.83515,-0.4284295015449421
100,0.83515,-0.3201952922929924
100,0.83515,-0.27390103276819017
100,0.83515,-0.1814258209083728
100,0.83515,-0.2427290201815687
100,0.83515,-0.37350274172006953
100,0.83515,-0.12417825371505804
100,0.83515,-0.308396263296384
100,0.83515,-0.19184001476550266
100,0.83515,-0.4634532176591874
100,0.83515,0.09050765506474263
100,0.83515,-0.053108560650555595
100,0.83515,-0.5481444198152543
100,0.83515,-0.25194566939338653
100,0.83515,-0.4725376758985952
100,0.83515,-0.055219133320192446
100,0.83515,-0.38111152576122953
100,0.83515,0.16921004071856846
100,0.83515,-0.24112616077868498
100,0.83515,-0.2543730181024888
100,0.83515,-0.06069049333957367
100,0.83515,-0.04627843536379325
100,0.83515,-0.3995667186987433
100,0.83515,0.02110209890558254
100,0.83515,-0.1024422791997611
100,0.83515,-0.3623482318808884
100,0.83515,-0.0759518385480413
100,0.83515,-0.425507122715347
100,0.83515,-0.31107676436594583
100,0.83515,-0.31599389865203875
100,0.83515,-0.4299697399840657
100,0.83515,-0.09452064077945599
100,0.83515,-0.20078346671047684
100,0.83515,-0.2099002989145072
100,0.83515,-0.4912002210120635
100,0.83515,-0.21814548412738502
100,0.83515,-0.11071200237346716
100,0.83515,0.35636040247422696
100,0.83515,-0.02597743522612917
100,0.83515,-0.17689096280304034
100,0.83515,-0.05856464017383281
100,0.83515,-0.3527306039511876
100,0.83515,-0.39238629556793986
100,0.83515,-0.49838126899720925
100,0.83515,-0.004336033621049503
100,0.83515,-0.4264815222770582
100,0.83515,-0.010881951210002301
100,0.83515,-0.19349243125949458
100,0.83515,-0.1456438178772218
100,0.83515,-0.32850188005653225
100,0.83515,-0.16210830262493842
100,0.83515,-0.11016869831616326
100,0.83515,-0.5230277307211283
100,0.83515,-0.19539999505313393
100,0.83515,-0.5227641605356278
100,0.83515,-0.047577578899274886
100,0.83515,-0.1801721208945472
100,0.83515,-0.49599515220098234
100,0.83515,-0.490595744836523
100,0.83515,-0.16670646560279342
100,0.83515,-0.37841967536113896
100,0.83515,-0.2591847549853236
100,0.83515,-0.2182308706083972
100,0.83515,-0.046664549829493425
100,0.83515,-0.2936241842958126
100,0.83515,-0.10893602761599239
100,0.83515,-0.13450175303697745
100,0.83515,-0.5613340743560299
100,0.83515,-0.2790521441780316
100,0.83515,-0.20612580168955663
100,0.83515,-0.30322539207389515
100,0.83515,-0.1314158920838119
100,0.83515,-0.10245897362477313
100,0.83515,-0.35867094835273866
100,0.83515,-0.3211217091088059
100,0.83515,0.013197526866436361
100,0.83515,-0.12002427366973112
100,0.83515,-0.30917712680679976
100,0.83515,-0.4960692842862179
100,0.83515,-0.20937567759788242
100,0.83515,-0.3020426501417866
100,0.83515,-0.48893389623427425
100,0.83515,-0.07691597462817164
100,0.83515,-0.09610269156866452
100,0.83515,-0.40541460924291006
100,0.83515,-0.4368083892855403
100,0.83515,-0.31662372948406986
100,0.83515,-0.24444136296044205
100,0.83515,-0.22483004942929916
100,0.83515,-0.37705869319960145
100,0.83515,-0.13975025879606537
100,0.83515,-0.3377229732947921
100,0.83515,-0.23986394527967866
100,0.83515,-0.0693187608803007
100,0.83515,-0.1321175493409682
100,0.83515,-0.30419327465678225
100,0.83515,-0.059592336645881525
100,0.83515,-0.28633700690517505
100,0.83515,-0.3818578013433853
100,0.83515,-0.2387138333748597
100,0.83515,-0.3771587075523645
100,0.83515,-0.32630667746144465
100,0.83515,-0.3168006678653821
100,0.83515,-0.2089886863687418
100,0.83515,-0.29214170282613056
100,0.83515,-0.38669527834178513
100,0.83515,-0.0603603332372262
100,0.83515,-0.3266397025288
100,0.83515,-0.16591953590761183
100,0.83515,-0.4816211364559236
100,0.83515,0.05744235183776137
100,0.83515,-0.03674160813581837
100,0.83515,-0.5770790882660606
100,0.83515,-0.28466754545885975
100,0.83515,-0.4897897386794195
100,0.83515,-0.039311451790739534
100,0.83515,-0.3264536695262619
100,0.83515,0.12463284877664134
100,0.83515,-0.2853761860104505
100,0.83515,-0.25388857550233096
100,0.83515,-0.0875049487938234
100,0.83515,-0.07445525656751976
100,0.83515,-0.4116569196316254
100,0.83515,-0.0212568804396967
100,0.83515,-0.12300307165103447
100,0.83515,-0.3937232272213785
100,0.83515,-0.04587931254456902
100,0.83515,-0.4011520130325611
100,0.83515,-0.2943961670157948
100,0.83515,-0.31173800352869896
100,0.83515,-0.3875191403065452
100,0.83515,-0.10323969778221684
100,0.83515,-0.2216318080891451
100,0.83515,-0.22385132772210792
100,0.83515,-0.5018800332613021
100,0.83515,-0.21148776078595238
100,0.83515,-0.04629785992486166
100,0.83515,0.3869180599213039
100,0.83515,-0.06303441513995146
100,0.83515,-0.11524856748336587
100,0.83515,-0.0682692360155389
100,0.83515,-0.3798818362080787
100,0.83515,-0.3655229723354753
100,0.83515,-0.4820217379869057
100,0.83515,-0.03487056358037147
100,0.83515,-0.38427827242201623
100,0.83515,-0.04337183164751474
100,0.83515,-0.2323363484698711
100,0.83515,-0.13419662969281795
100,0.83515,-0.361868113940229
100,0.83515,-0.21432456853362672
100,0.83515,-0.04960261976967991
100,0.83515,-0.5360485139212482
100,0.83515,-0.2235099097649418
100,0.83515,-0.5327733407734772
100,0.83515,-0.035305569700614055
100,0.83515,-0.16479261171566548
100,0.83515,-0.5053326494704324
100,0.83515,-0.49872872430338905
100,0.83515,-0.19232071284303173
100,0.83515,-0.4088283588241064
100,0.83515,-0.2815445274669882
100,0.83515,-0.21923780153066197
100,0.83515,-0.015913826711913565
100,0.83515,-0.2741960683537386
100,0.83515,-0.1018647729885976
100,0.83515,-0.11806247761334748
100,0.83515,-0.577767454826169
100,0.83515,-0.32394397501731137
100,0.83515,-0.10114885291963799
100,0.83515,-0.31590117504465354
100,0.83515,-0.1733756067783878
100,0.83515,-0.05824437502763733
100,0.83515,-0.36414103040300067
100,0.83515,-0.29192461559220123
100,0.83515,0.01223488736280423
100,0.83515,-0.07770740982562117
100,0.83515,-0.30305852630614233
100,0.83515,-0.5256086364868333
100,0.83515,-0.20170897124472578
100,0.83515,-0.3181737333915196
100,0.83515,-0.4655888097623052
100,0.83515,-0.11955757592961638
100,0.83515,-0.1121136559546148
100,0.83515,-0.34690154672994167
100,0.83515,-0.4234745796082333
100,0.83515,-0.3068740229707371
100,0.83515,-0.20210491345732318
100,0.83515,-0.20630490594436665
100,0.83515,-0.38075893173723363
100,0.83515,-0.10988370043931696
100,0.83515,-0.3416290844911641
100,0.83515,-0.21160489820938794
100,0.83515,-0.05635349926662804
100,0.83515,-0.139503511639441
100,0.83515,-0.30632722168917553
100,0.83515,-0.07283332173875583
100,0.83515,-0.27292384499757094
100,0.83515,-0.3953290931849523
100,0.83515,-0.25428679706848023
100,0.83515,-0.36534984094666606
100,0.83515,-0.3310280063169023
100,0.83515,-0.3111055801727492
100,0.83515,-0.16199557056058714
100,0.83515,-0.339446408150673
100,0.83515,-0.35602402745839723
100,0.83515,-0.060669798967021266
100,0.83515,-0.2512140385833523
100,0.83515,-0.16312619948820237
100,0.83515,-0.49900912347770165
100,0.83515,0.084639624308251
100,0.83515,-0.04293983820487413
100,0.83515,-0.5995611912025117
100,0.83515,-0.322773507145586
100,0.83515,-0.5000308078690995
100,0.83515,-0.051794322348490796
100,0.83515,-0.3390806892491466
100,0.83515,0.13279129794801717
100,0.83515,-0.27171318236766845
100,0.83515,-0.24994631370918444
100,0.83515,-0.07189844771313733
100,0.83515,-0.06694598173840356
100,0.83515,-0.40799643939675645
100,0.83515,-0.020543889741242626
100,0.83515,-0.1142159832449224
100,0.83515,-0.3561897949007607
100,0.83515,-0.0629241890167338
100,0.83515,-0.4305315047525792
100,0.83515,-0.31044187613151986
100,0.83515,-0.2601975932735999
100,0.83515,-0.37159330990104705
100,0.83515,-0.1442039790342798
100,0.83515,-0.23253218298976105
100,0.83515,-0.23625629031017373
100,0.83515,-0.46241621391237614
100,0.83515,-0.25440205479014283
100,0.83515,-0.038457219955636994
100,0.83515,0.3962134921074626
100,0.83515,-0.04609834607148323
100,0.83515,-0.09532060850976218
100,0.83515,-0.10607111934627693
100,0.83515,-0.38909627378172645
100,0.83515,-0.3435680427088061
100,0.83515,-0.4603664561566825
100,0.83515,-0.07726459441702972
100,0.83515,-0.40309518028835517
100,0.83515,-0.017241894043598296
100,0.83515,-0.24490785550222638
100,0.83515,-0.14015960536935
100,0.83515,-0.38442185457677797
100,0.83515,-0.17223968374359946
100,0.83515,0.010000238308757953
100,0.83515,-0.5506883766379538
100,0.83515,-0.21734561060945698
100,0.83515,-0.5476985234409983
100,0.83515,-0.04948539337518441
100,0.83515,-0.18121677030008232
100,0.83515,-0.5120469877878682
100,0.83515,-0.5280363967543665
100,0.83515,-0.22088252603708963
100,0.83515,-0.4032415966509595
100,0.83515,-0.2504014786444908
100,0.83515,-0.20442072977574768
100,0.83515,-0.02357312908021086
100,0.83515,-0.32306412538947343
100,0.83515,-0.09405187128238653
100,0.83515,-0.10054382427105024
100,0.83515,-0.5582530185312129
100,0.83515,-0.3594336242455093
100,0.83515,-0.13539689532697416
100,0.83515,-0.2901937853823933
100,0.83515,-0.22198216845121965
100,0.83515,-0.05186387948003521
100,0.83515,-0.3862790111053485
100,0.83515,-0.25913025169351334
100,0.83515,0.05205606308132528
100,0.83515,-0.03903185930735098
100,0.83515,-0.29584200422993256
100,0.83515,-0.5258143675054102
100,0.83515,-0.22623696872338908
100,0.83515,-0.3631787683323097
100,0.83515,-0.46185334168372094
100,0.83515,-0.05873683384872371
100,0.83515,-0.09000071504970439
100,0.83515,-0.3212383225246687
100,0.83515,-0.38321112547786107
100,0.83515,-0.3447604862643446
100,0.83515,-0.24122000460682672
100,0.83515,-0.15133247010579523
100,0.83515,-0.3690679255373193
100,0.83515,-0.18172348227203838
100,0.83515,-0.3423149430410594
100,0.83515,-0.1758408953048404
100,0.83515,-0.09787581606772854
100,0.83515,-0.17875845762531062
100,0.83515,-0.28481253953534735
100,0.83515,-0.08901337525742575
100,0.83515,-0.2908959532158716
100,0.83515,-0.3959341019612198
100,0.83515,-0.26957053194633884
100,0.83515,-0.3643473183334083
100,0.83515,-0.3642535693658218
100,0.83515,-0.3103041355228696
100,0.83515,-0.1644966752434182
100,0.83515,-0.30346643613166696
100,0.83515,-0.3104667886629702
100,0.83515,-0.05408004554013093
100,0.83515,-0.2815444168244954
100,0.83515,-0.1783131726007157
100,0.83515,-0.5240153729440871
100,0.83515,0.12783316699654843
100,0.83515,-0.05511798875852088
100,0.83515,-0.56389355587492
100,0.83515,-0.3528983899320888
100,0.83515,-0.5061979453753938
100,0.83515,-0.0590239012170421
100,0.83515,-0.35915448137162415
100,0.83515,0.08807767437421886
100,0.83515,-0.237965567068935
100,0.83515,-0.1940157915485049
100,0.83515,-0.06760720450719115
100,0.83515,-0.08975002973521845
100,0.83515,-0.4359091707827895
100,0.83515,0.0018780045493363886
100,0.83515,-0.17340871189156531
100,0.83515,-0.400790313767172
100,0.83515,-0.008210820957773647
100,0.83515,-0.43959097194903507
100,0.83515,-0.302948542966711
100,0.83515,-0.22353035450757672
100,0.83515,-0.42285855613462875
100,0.83515,-0.21043814954520934
100,0.83515,-0.2343166214586194
100,0.83515,-0.3024886069841887
100,0.83515,-0.4680241715833271
100,0.83515,-0.29208821199078727
100,0.83515,-0.05119094446256611
100,0.83515,0.44475596520436866
100,0.83515,-0.03319788822440547
100,0.83515,-0.10794852159933908
100,0.83515,-0.07741368245392835
100,0.83515,-0.33079432193590314
100,0.83515,-0.34794809277388095
100,0.83515,-0.5018141821194351
100,0.83515,-0.042584727030012086
100,0.83515,-0.4078145946417718
100,0.83515,-0.06044010421442012
100,0.83515,-0.21824316041335293
100,0.83515,-0.16928423802259582
100,0.83515,-0.38874343252978216
100,0.83515,-0.17334142976411326
100,0.83515,-0.013530376268964805
100,0.83515,-0.5503339405064638
100,0.83515,-0.21817806168670068
100,0.83515,-0.4994903224957882
100,0.83515,-0.07123110124392112
100,0.83515,-0.16890354274962266
100,0.83515,-0.5376009937756003
100,0.83515,-0.542673776703895
100,0.83515,-0.21752410358501026
100,0.83515,-0.3844996765857208
100,0.83515,-0.22294964696562333
100,0.83515,-0.16945123199128695
100,0.83515,0.006876491009209731
100,0.83515,-0.2975741678217625
100,0.83515,-0.1584941729391002
100,0.83515,-0.07370716483239798
100,0.83515,-0.5805071423710415
100,0.83515,-0.3224726017084561
100,0.83515,-0.12419641325693544
100,0.83515,-0.29405760484248317
100,0.83515,-0.2236573146488505
100,0.83515,-0.11795219613341416
100,0.83515,-0.41840359068159455
100,0.83515,-0.24107099901945106
100,0.83515,0.00548231380459117
100,0.83515,-0.030896170748804914
100,0.83515,-0.28683460310870534
100,0.83515,-0.5384704493930591
100,0.83515,-0.19227378888921837
100,0.83515,-0.351316717088606
100,0.83515,-0.4504793118454167
100,0.83515,-0.08173288167484379
100,0.83515,-0.09743235870221444
100,0.83515,-0.30158077948869205
100,0.83515,-0.3830743480764859
100,0.83515,-0.31666641413194396
100,0.83515,-0.19448527919213748
100,0.83515,-0.1340454145063954
100,0.83515,-0.3516429999108216
100,0.83515,-0.1970646171470464
100,0.83515,-0.32760722859223745
100,0.83515,-0.16816591798188762
100,0.83515,-0.08624035452645934
100,0.83515,-0.18958387655603332
100,0.83515,-0.29398488420164975
100,0.83515,-0.0853802469234269
100,0.83515,-0.3079334213480363
100,0.83515,-0.3730712156179274
100,0.83515,-0.23905729322114058
100,0.83515,-0.380314493038524
100,0.83515,-0.3857606261790745
100,0.83515,-0.3288199850562699
100,0.83515,-0.16151511363151155
100,0.83515,-0.2641082034363508
100,0.83515,-0.2928807052445669
100,0.83515,-0.07540011486217882
100,0.83515,-0.298103979317036
100,0.83515,-0.19648796678791305
100,0.83515,-0.48003813182586313
100,0.83515,0.14873333958009638
100,0.83515,-0.032172123322879546
100,0.83515,-0.562353691131802
100,0.83515,-0.31061756097597126
100,0.83515,-0.5217965192281561
100,0.83515,-0.09690759548611504
100,0.83515,-0.34821440703720646
100,0.83515,0.053401561081287
100,0.83515,-0.24227230191297683
100,0.83515,-0.2056023283041123
100,0.83515,-0.06576002628501666
100,0.83515,-0.11183391736961744
100,0.83515,-0.3897192829962851
100,0.83515,0.020999008180527638
100,0.83515,-0.16828626768467916
100,0.83515,-0.41475706111650296
100,0.83515,-0.04158014155931355
100,0.83515,-0.43723586706444356
100,0.83515,-0.29289931024477117
100,0.83515,-0.2276188527872948
100,0.83515,-0.425186142017523
100,0.83515,-0.2540789199569759
100,0.83515,-0.2581407641723469
100,0.83515,-0.3016470769335855
100,0.83515,-0.4651594715836001
100,0.83515,-0.26209981906441615
100,0.83515,-0.022570356462555168
100,0.83515,0.46243372901581326
100,0.83515,-0.04255103777961597
100,0.83515,-0.11794030170441443
100,0.83515,-0.0600812958856514
100,0.83515,-0.3204329143341708
100,0.83515,-0.3730294572200469
100,0.83515,-0.47664606145043936
100,0.83515,-0.011351735633162427
100,0.83515,-0.3951526377892316
100,0.83515,-0.06789018230930471
100,0.83515,-0.19443257148752732
100,0.83515,-0.1756044138288092
100,0.83515,-0.37584319439941766
100,0.83515,-0.14152848475315355
100,0.83515,-0.03360940560028532
100,0.83515,-0.5533505863411621
100,0.83515,-0.205962777971797
100,0.83515,-0.522938648170713
100,0.83515,-0.03496056476791681
100,0.83515,-0.12647307781326206
100,0.83515,-0.5250480640952069
100,0.83515,-0.5081184512259742
100,0.83515,-0.20644366336807585
100,0.83515,-0.39386704822954854
100,0.83515,-0.19453245513444836
100,0.83515,-0.19573119916792012
100,0.83515,-0.0031457209524028396
100,0.83515,-0.26248959031785307
100,0.83515,-0.15750406970924807
100,0.83515,-0.11056512389912632
100,0.83515,-0.577953964851238
100,0.83515,-0.30052868488131096
100,0.83515,-0.10597853190340707
100,0.83515,-0.3020163582121224
100,0.83515,-0.22408237319576355
100,0.83515,-0.08461439486529972
100,0.83515,-0.41427294992419594
100,0.83515,-0.23047008502770486
100,0.83515,0.006553271528587212
100,0.83515,-0.023972293589715973
100,0.83515,-0.2842700132042714
100,0.83515,-0.49890126759036646
100,0.83515,-0.1831536159770028
100,0.83515,-0.3380681258753331
100,0.83515,-0.4278839378728413
100,0.83515,-0.07390286842101917
100,0.83515,-0.10623470470895856
100,0.83515,-0.2820314128020402
100,0.83515,-0.377993482537822
100,0.83515,-0.3268666971942411
100,0.83515,-0.18006931312446303
100,0.83515,-0.12244664695686773
100,0.83515,-0.3576941719459746
100,0.83515,-0.14743310021812864
100,0.83515,-0.33947167926585403
100,0.83515,-0.19314197849454426
100,0.83515,-0.12314265685517808
100,0.83515,-0.16311605908257587
100,0.83515,-0.3107537772155484
100,0.83515,-0.07937993865455782
100,0.83515,-0.29516409511714875
100,0.83515,-0.35015906063821484
100,0.83515,-0.25656203977069536
100,0.83515,-0.3763422413168287
100,0.83515,-0.38392184783215194
100,0.83515,-0.277131572467201
100,0.83515,-0.1484200620134861
100,0.83515,-0.23503485915354316
100,0.83515,-0.26063013563444776
100,0.83515,-0.06484834025925808
100,0.83515,-0.3161530466206427
100,0.83515,-0.2206210597188665
100,0.83515,-0.4717134028819176
100,0.83515,0.15886596651456208
100,0.83515,-0.014570459908160974
100,0.83515,-0.5755048173624885
100,0.83515,-0.3159462460191589
100,0.83515,-0.5215278640251175
100,0.83515,-0.14133406004004603
100,0.83515,-0.36491982476998863
100,0.83515,0.09354279547514194
100,0.83515,-0.24828584482594565
100,0.83515,-0.20357069437819006
100,0.83515,-0.04464364329053043
100,0.83515,-0.12760012171796264
100,0.83515,-0.37012335809245106
100,0.83515,-0.0046668419702636035
100,0.83515,-0.18860038921680972
100,0.83515,-0.4394333468113084
100,0.83515,-0.03603214240976277
100,0.83515,-0.4602273193919692
100,0.83515,-0.2209151126998091
100,0.83515,-0.22644511245559168
100,0.83515,-0.44919593029754434
100,0.83515,-0.24660402936046652
100,0.83515,-0.24995069040528756
100,0.83515,-0.3119234612161283
100,0.83515,-0.42455175674515644
100,0.83515,-0.24367196133584318
100,0.83515,-0.030971840185453445
100,0.83515,0.46533244169159266
100,0.83515,-0.05015476043529776
100,0.83515,-0.0872453039807945
100,0.83515,-0.09919432997743151
100,0.83515,-0.33179643469226683
100,0.83515,-0.36769996557498663
100,0.83515,-0.4705201724152524
100,0.83515,-0.010862032438383452
100,0.83515,-0.42243411498235917
100,0.83515,-0.12209545804116197
100,0.83515,-0.17463996950909078
100,0.83515,-0.20607038359376054
100,0.83515,-0.36333045105920475
100,0.83515,-0.1391310534016507
100,0.83515,0.009235954315420137
100,0.83515,-0.5572280136240634
100,0.83515,-0.20168144799958787
100,0.83515,-0.54126394421564
100,0.83515,-0.024136822138648383
100,0.83515,-0.09308109870428653
100,0.83515,-0.5512551309818574
100,0.83515,-0.5090909624940915
100,0.83515,-0.23245392416072666
100,0.83515,-0.4128315091798684
100,0.83515,-0.19540925534210118
100,0.83515,-0.2344807172441306
100,0.83515,0.02869945548926631
100,0.83515,-0.24892281411566386
100,0.83515,-0.15013337557717482
100,0.83515,-0.0850017119329946
100,0.83515,-0.5744982030501966
100,0.83515,-0.2906044635416113
100,0.83515,-0.14269428694567562
100,0.83515,-0.28525416197018744
100,0.83515,-0.2151036782398621
100,0.83515,-0.09930001851565932
100,0.83515,-0.3783395977290184
100,0.83515,-0.26287550850825897
100,0.83515,0.01534787272196481
100,0.83515,-0.02960067735017099
100,0.83515,-0.254347658874805
100,0.83515,-0.519734583154945
100,0.83515,-0.13338827705240996
100,0.83515,-0.3496487749728038
100,0.83515,-0.4148422577976412
100,0.83515,-0.06203581179154609
100,0.83515,-0.10489810011521042
100,0.83515,-0.28790647442878264
100,0.83515,-0.333790262965629
100,0.83515,-0.3224950799045735
100,0.83515,-0.1905704604933358
100,0.83515,-0.1425411848846304
100,0.83515,-0.3308897977704298
100,0.83515,-0.18137848015547522
100,0.83515,-0.3333311265779571
100,0.83515,-0.18499363738608224
100,0.83515,-0.1282277745482697
100,0.83515,-0.15543727453550418
100,0.83515,-0.34750575787753335
100,0.83515,-0.10544301224788492
100,0.83515,-0.2522961445464958
100,0.83515,-0.36442915267394344
100,0.83515,-0.2692959275255786
100,0.83515,-0.37341935666736586
100,0.83515,-0.3982586921953989
100,0.83515,-0.2427670760210709
100,0.83515,-0.12196527641531185
100,0.83515,-0.252953213258925
100,0.83515,-0.2823479582277437
100,0.83515,-0.07041706505399528
100,0.83515,-0.3076370842646635
100,0.83515,-0.18656670148324533
100,0.83515,-0.4442317919157384
100,0.83515,0.20888368060180965
100,0.83515,-0.037232039107275176
100,0.83515,-0.5644474392211039
100,0.83515,-0.34382415116378545
100,0.83515,-0.5236715459205253
100,0.83515,-0.12539246420555017
100,0.83515,-0.3539289616631359
100,0.83515,0.07600559912658356
100,0.83515,-0.24702063803593546
100,0.83515,-0.20712920751531397
100,0.83515,-0.031160830365194757
100,0.83515,-0.10068611322229469
100,0.83515,-0.3622687013487946
100,0.83515,0.005554458230224814
100,0.83515,-0.18385371911018755
100,0.83515,-0.4170064475244856
100,0.83515,-0.02710949670854668
100,0.83515,-0.46357076976015515
100,0.83515,-0.26560730027692
100,0.83515,-0.2533727663809371
100,0.83515,-0.4096493762936209
100,0.83515,-0.2244321738277683
100,0.83515,-0.2604339406633226
100,0.83515,-0.30772957640956067
100,0.83515,-0.41779231811828277
100,0.83515,-0.24801077046404513
100,0.83515,-0.07101730733912691
100,0.83515,0.4413697670186875
100,0.83515,-0.06938783060103217
100,0.83515,-0.0894084110234655
100,0.83515,-0.10087772939419022
100,0.83515,-0.35871628448379367
100,0.83515,-0.38553531041265554
100,0.83515,-0.4628466266565805
100,0.83515,-0.013741009767004668
100,0.83515,-0.3990296338820572
100,0.83515,-0.056219176838451075
100,0.83515,-0.17679278222838532
100,0.83515,-0.17748568529487121
100,0.83515,-0.31928711121080194
100,0.83515,-0.1299444281884974
100,0.83515,0.04356639134639589
100,0.83515,-0.5730552871824373
100,0.83515,-0.19792186756747152
100,0.83515,-0.5376522192055532
100,0.83515,-0.054001124606818315
100,0.83515,-0.10276942478149242
100,0.83515,-0.5512301687735596
100,0.83515,-0.5249246494772056
100,0.83515,-0.20088683057766218
100,0.83515,-0.4380043342336387
100,0.83515,-0.19816785251542565
100,0.83515,-0.25323486290493413
100,0.83515,0.045932356593043254
100,0.83515,-0.2435340486672911
100,0.83515,-0.17291319050339707
100,0.83515,-0.11602661823166927
100,0.83515,-0.5594092484816514
100,0.83515,-0.2651201898050622
100,0.83515,-0.16557032158569499
100,0.83515,-0.2564250901974029
100,0.83515,-0.22709248916728586
100,0.83515,-0.13455846972416655
100,0.83515,-0.4004929285668473
100,0.83515,-0.23082839756276616
100,0.83515,0.008506448209415167
100,0.83515,-0.009359376231786617
100,0.83515,-0.2765737262867724
100,0.83515,-0.5347108917919872
100,0.83515,-0.12751738924915976
100,0.83515,-0.306336915756376
100,0.83515,-0.3802792438086723
100,0.83515,-0.01886005989491633
100,0.83515,-0.1352716742663497
100,0.83515,-0.2946354558770085
100,0.83515,-0.3422788117569084
100,0.83515,-0.3201136437405059
100,0.83515,-0.2102250837093415
100,0.83515,-0.16269666238549108
100,0.83515,-0.3702697915072982
100,0.83515,-0.21068223208463172
100,0.83515,-0.3667190107549195
100,0.83515,-0.16338172116555644
100,0.83515,-0.12574431106620668
100,0.83515,-0.1407411022693883
100,0.83515,-0.37642316725485975
100,0.83515,-0.0702012196580502
100,0.83515,-0.24387616037502413
100,0.83515,-0.35841055488187346
100,0.83515,-0.26006599840750766
100,0.83515,-0.3277164607030436
100,0.83515,-0.44220474220037415
100,0.83515,-0.2708914641701423
100,0.83515,-0.11166146487161445
100,0.83515,-0.2268629607368914
100,0.83515,-0.320864140509306
100,0.83515,-0.09207340764441671
100,0.83515,-0.28520130362110857
100,0.83515,-0.22311262819842173
100,0.83515,-0.42460949968904893
100,0.83515,0.18426041361727152
100,0.83515,-0.0488878293250065
100,0.83515,-0.5602146230168905
100,0.83515,-0.3345526936826099
100,0.83515,-0.4795699896447735
100,0.83515,-0.1277341043789955
100,0.83515,-0.3484403674627586
100,0.83515,0.08652968388231125
100,0.83515,-0.2519548054136852
100,0.83515,-0.15540483273171612
100,0.83515,-0.0515156660073561
100,0.83515,-0.10898977665722553
100,0.83515,-0.3385211855448966
100,0.83515,-0.027388919460852194
100,0.83515,-0.2001920357802797
100,0.83515,-0.4297779007232383
100,0.83515,-0.028347134784633087
100,0.83515,-0.5009472044504828
100,0.83515,-0.2277550930380655
100,0.83515,-0.2592456790241906
100,0.83515,-0.39586000090032725
100,0.83515,-0.20571787091317054
100,0.83515,-0.2699263310442806
100,0.83515,-0.29207121633504884
100,0.83515,-0.4426844147146622
100,0.83515,-0.28693618781500035
100,0.83515,-0.13994584674976523
100,0.83515,0.4381745325455435
100,0.83515,-0.03377298967012624
100,0.83515,-0.12796325397877717
100,0.83515,-0.13844724334451913
100,0.83515,-0.37828440517967177
100,0.83515,-0.3575361294825659
100,0.83515,-0.4651489395270005
100,0.83515,-0.05801063470934788
100,0.83515,-0.35275402069786277
100,0.83515,-0.0196745495936712
100,0.83515,-0.2027226866347401
100,0.83515,-0.17136301380922067
100,0.83515,-0.30229530401259114
100,0.83515,-0.12518497592177133
100,0.83515,0.007994983686829852
100,0.83515,-0.5826681695309879
100,0.83515,-0.17378661688080332
100,0.83515,-0.5562343816529934
100,0.83515,-0.10431374899072915
100,0.83515,-0.06238840907545567
100,0.83515,-0.5596553344542566
100,0.83515,-0.5164316300270063
100,0.83515,-0.19060395261293292
100,0.83515,-0.40619721262161046
100,0.83515,-0.22981705514866319
100,0.83515,-0.23746743831449477
100,0.83515,0.03847838454628622
100,0.83515,-0.27488555880263804
100,0.83515,-0.20230342406075819
100,0.83515,-0.10098618176463009
100,0.83515,-0.5303583862139161
100,0.83515,-0.2525376027841401
100,0.83515,-0.14467269155678697
100,0.83515,-0.23241676002718234
100,0.83515,-0.1777799187903187
100,0.83515,-0.12480559578455698
100,0.83515,-0.3830968334838754
100,0.83515,-0.21943021066874582
100,0.83515,0.021370361113725263
100,0.83515,-0.04961922977948557
100,0.9,0.06766147739479111
100,0.9,-0.23377926214669312
100,0.9,-0.41405596105523035
100,0.9,0.36796907855688976
100,0.9,-0.30622423996401943
100,0.9,-0.4616876662079053
100,0.9,-0.6398100994945778
100,0.9,-0.6736425928329828
100,0.9,-0.4920438102629324
100,0.9,0.4842227138931598
100,0.9,-0.5282693511962707
100,0.9,-0.07813934131867165
100,0.9,-0.23715362100822412
100,0.9,0.4148013132503659
100,0.9,-0.45471226674356113
100,0.9,0.5030841180179475
100,0.9,-0.5323750342256806
100,0.9,0.25007872332645714
100,0.9,0.41143494129719055
100,0.9,-0.5582880582571483
100,0.9,-0.3434449778907172
100,0.9,0.18618888805670192
100,0.9,-0.6123729364211259
100,0.9,-0.08712114596977198
100,0.9,-0.27644261135924253
100,0.9,0.4656356063344148
100,0.9,0.3741967589124553
100,0.9,-0.4195890577017789
100,0.9,0.3483538322056797
100,0.9,-0.16046658375032227
100,0.9,0.16327406078696197
100,0.9,0.41847564121172465
100,0.9,0.65419953125583
100,0.9,0.6653755666876667
100,0.9,-0.4552990187186631
100,0.9,0.5821828474257015
100,0.9,0.0029964313615379323
100,0.9,-0.01936988080808586
100,0.9,-0.3626066478247363
100,0.9,-0.4100806261039084
100,0.9,-0.46726647222872514
100,0.9,0.5571836405167788
100,0.9,0.5310144297148267
100,0.9,0.30213472895467
100,0.9,-0.16375845158817334
100,0.9,0.5028418398247201
100,0.9,0.36830093162147554
100,0.9,0.3444706979462543
100,0.9,0.557280462824719
100,0.9,0.5006535444251751
100,0.9,-0.009033009007684922
100,0.9,-0.24792033257255877
100,0.9,-0.6511428019652824
100,0.9,0.2427166759290513
100,0.9,-0.15148061273461663
100,0.9,0.6875868197653827
100,0.9,0.4890467019830323
100,0.9,-0.2973732417977724
100,0.9,0.31617308853318454
100,0.9,-0.4431979709952982
100,0.9,0.1976868487771087
100,0.9,0.34176437171588087
100,0.9,-0.3172378908173288
100,0.9,-0.6026442338186815
100,0.9,-0.5121944269030407
100,0.9,-0.2086692712082513
100,0.9,0.6058926955106549
100,0.9,0.5293993938162882
100,0.9,0.38584577851033136
100,0.9,-0.4831818762843266
100,0.9,-0.5395066149925711
100,0.9,0.29185060807003643
100,0.9,0.6455700593043159
100,0.9,0.017455932589594193
100,0.9,0.35489976970125564
100,0.9,0.5118129791460372
100,0.9,0.509480980197888
100,0.9,0.06944505421632355
100,0.9,-0.5492853412984728
100,0.9,0.311715397630065
100,0.9,0.35928767801107975
100,0.9,-0.47373743334033863
100,0.9,0.07741413500073235
100,0.9,0.36552953215900663
100,0.9,-0.6303831378101292
100,0.9,0.34732446789917165
100,0.9,0.02809999783776005
100,0.9,-0.3017726042862301
100,0.9,-0.20952487728341995
100,0.9,0.3010584685126112
100,0.9,-0.22626375681411787
100,0.9,0.4623577537526082
100,0.9,-0.6683916262936137
100,0.9,0.38421440476320784
100,0.9,0.3855126808018889
100,0.9,-0.5079075396577574
100,0.9,0.69868892308186
100,0.9,-0.3184457138910384
100,0.9,-0.49482680113123884
100,0.9,-0.36533868181104107
100,0.9,0.07843055365411837
100,0.9,-0.21627214338130252
100,0.9,-0.4283203678992637
100,0.9,0.36760164594587175
100,0.9,-0.32596567664817555
100,0.9,-0.4201395653306635
100,0.9,-0.5960539891023292
100,0.9,-0.6790678952612866
100,0.9,-0.4825417547659805
100,0.9,0.4193880774702022
100,0.9,-0.49823860528965436
100,0.9,-0.06783684976468059
100,0.9,-0.2838572931364402
100,0.9,0.4288109999724875
100,0.9,-0.4065248814363367
100,0.9,0.48725541907090286
100,0.9,-0.5509134465861761
100,0.9,0.27928316507067463
100,0.9,0.4392008345611326
100,0.9,-0.5694030713290393
100,0.9,-0.3102437076825184
100,0.9,0.18785007434782072
100,0.9,-0.6075432901326391
100,0.9,-0.1168404425590118
100,0.9,-0.2656419644860392
100,0.9,0.4915135415362946
100,0.9,0.357092671081314
100,0.9,-0.39952117808063986
100,0.9,0.3493373552074017
100,0.9,-0.14305395414098354
100,0.9,0.18513790553701642
100,0.9,0.41401609123877664
100,0.9,0.6614797766370585
100,0.9,0.6374208083078966
100,0.9,-0.4811907797910862
100,0.9,0.5300684689298921
100,0.9,0.0027061125273202037
100,0.9,0.01686171652834081
100,0.9,-0.3791236001563684
100,0.9,-0.4226585485656012
100,0.9,-0.4708984955415822
100,0.9,0.5232023092346746
100,0.9,0.5130592806023866
100,0.9,0.27100369026151255
100,0.9,-0.12739945444110054
100,0.9,0.4510098356351573
100,0.9,0.3707604785282583
100,0.9,0.34713799427347397
100,0.9,0.5899772265411926
100,0.9,0.5041563464064892
100,0.9,-0.04309307040619751
100,0.9,-0.20509164423260373
100,0.9,-0.6432125656657145
100,0.9,0.2191252736494434
100,0.9,-0.1371836527370967
100,0.9,0.7078518551982592
100,0.9,0.47517610575539754
100,0.9,-0.2652102228610271
100,0.9,0.32075045919544803
100,0.9,-0.44912622201762636
100,0.9,0.2168610178616592
100,0.9,0.32183093712925764
100,0.9,-0.3386036117208405
100,0.9,-0.5933606973135757
100,0.9,-0.5174604053614489
100,0.9,-0.25851481454543823
100,0.9,0.6124660428551836
100,0.9,0.4980818137422826
100,0.9,0.4187280053784257
100,0.9,-0.4908514046001048
100,0.9,-0.5248717262951967
100,0.9,0.26728874882065234
100,0.9,0.6698436554987123
100,0.9,0.002534690611266588
100,0.9,0.3587075951226706
100,0.9,0.48490823502221475
100,0.9,0.4443356596891512
100,0.9,0.050147525933107055
100,0.9,-0.5612592482391823
100,0.9,0.29486480145802463
100,0.9,0.35932739625561183
100,0.9,-0.5144045238077272
100,0.9,0.07213202792299925
100,0.9,0.3192861306368184
100,0.9,-0.6380436621315483
100,0.9,0.347034713935307
100,0.9,0.08979699371608277
100,0.9,-0.20328566921651464
100,0.9,-0.22755989213718122
100,0.9,0.3070745657837078
100,0.9,-0.23977760164883044
100,0.9,0.4553235031688691
100,0.9,-0.6562591948312806
100,0.9,0.41786023616157236
100,0.9,0.41790627204344116
100,0.9,-0.5287802452284249
100,0.9,0.7012042947160939
100,0.9,-0.25046789222678373
100,0.9,-0.5334818846927118
100,0.9,-0.3504432306270555
100,0.9,0.10518086670926377
100,0.9,-0.1928146469069351
100,0.9,-0.4564916871277195
100,0.9,0.40310183682820444
100,0.9,-0.29551469677175124
100,0.9,-0.4113890519489614
100,0.9,-0.6092804788537045
100,0.9,-0.6841168247623839
100,0.9,-0.47482277858044947
100,0.9,0.36273537755093976
100,0.9,-0.5034448549070691
100,0.9,-0.05819482480082688
100,0.9,-0.27091244176643586
100,0.9,0.35919800439074423
100,0.9,-0.45395405290332536
100,0.9,0.4919146333168812
100,0.9,-0.5649886842347713
100,0.9,0.2392796119787633
100,0.9,0.4463563780622167
100,0.9,-0.5680280182018482
100,0.9,-0.3507412848981394
100,0.9,0.23913361617174508
100,0.9,-0.6005056933418341
100,0.9,-0.12375439457748487
100,0.9,-0.2517593569202498
100,0.9,0.4574908825595308
100,0.9,0.33879924074306483
100,0.9,-0.42616042965080286
100,0.9,0.35387545281778826
100,0.9,-0.14552336117132397
100,0.9,0.25384515252491424
100,0.9,0.4244989577041562
100,0.9,0.6681595261704228
100,0.9,0.6299214954562447
100,0.9,-0.42114925446041407
100,0.9,0.5342001840352755
100,0.9,0.020023653245161643
100,0.9,-0.03676493463659486
100,0.9,-0.38026447364933297
100,0.9,-0.37204908894360084
100,0.9,-0.494977520669033
100,0.9,0.5594173109873279
100,0.9,0.5146739155813698
100,0.9,0.2759318462611445
100,0.9,-0.16966822789653888
100,0.9,0.4941634429631915
100,0.9,0.36973076040201147
100,0.9,0.3317801659990414
100,0.9,0.5877864525049323
100,0.9,0.48925585915138103
100,0.9,-0.0004243673128374259
100,0.9,-0.18757327016576847
100,0.9,-0.6678930709140001
100,0.9,0.19752278877550217
100,0.9,-0.1576750734277247
100,0.9,0.6697102785144922
100,0.9,0.46237199074400714
100,0.9,-0.2513691111007846
100,0.9,0.2855846830987674
100,0.9,-0.43908276406241287
100,0.9,0.23293631875318768
100,0.9,0.253732609085528
100,0.9,-0.3763158255312046
100,0.9,-0.5694544904518432
100,0.9,-0.5011076704603336
100,0.9,-0.25393439711205246
100,0.9,0.6401016760269175
100,0.9,0.48832369627874755
100,0.9,0.37888867718959995
100,0.9,-0.477488188116504
100,0.9,-0.545688340966535
100,0.9,0.2609660314851597
100,0.9,0.6250782921426744
100,0.9,0.02281412100878837
100,0.9,0.3380137628658874
100,0.9,0.4933804171479634
100,0.9,0.4559587637705013
100,0.9,0.08467607246524718
100,0.9,-0.556683441539318
100,0.9,0.33420060332051693
100,0.9,0.4112928402381481
100,0.9,-0.49377573410758796
100,0.9,0.046347569135423664
100,0.9,0.3248513730550008
100,0.9,-0.6222815251840546
100,0.9,0.31085468546190576
100,0.9,0.043311055082937776
100,0.9,-0.129982505558362
100,0.9,-0.16702916027665937
100,0.9,0.33014920251915264
100,0.9,-0.20001529079038685
100,0.9,0.4792372037125244
100,0.9,-0.6466907775078738
100,0.9,0.430791858970464
100,0.9,0.4082831820612382
100,0.9,-0.529448400906558
100,0.9,0.6874780395861024
100,0.9,-0.18736297429881066
100,0.9,-0.5339945798080064
100,0.9,-0.3844372457453726
100,0.9,0.11595480139943366
100,0.9,-0.1494555540088377
100,0.9,-0.4484454025713417
100,0.9,0.3504661954085326
100,0.9,-0.31114620715389923
100,0.9,-0.4183979821044132
100,0.9,-0.6091490421968272
100,0.9,-0.6907584448659126
100,0.9,-0.4712315761841558
100,0.9,0.31299045488343885
100,0.9,-0.5067897314570579
100,0.9,-0.011989356257949847
100,0.9,-0.2582527146326681
100,0.9,0.3590591098748458
100,0.9,-0.4370448590960287
100,0.9,0.4777543166539586
100,0.9,-0.528734227386074
100,0.9,0.26188335782156763
100,0.9,0.43642611724646735
100,0.9,-0.5274915028662299
100,0.9,-0.29454262638054257
100,0.9,0.28481288047533443
100,0.9,-0.5491814668921049
100,0.9,-0.10350018320109398
100,0.9,-0.20690814662855397
100,0.9,0.5061081955640728
100,0.9,0.3689168113576349
100,0.9,-0.38937453468793837
100,0.9,0.39672652971739525
100,0.9,-0.16350602470576425
100,0.9,0.24261498006046947
100,0.9,0.4285917627647428
100,0.9,0.5932518387042781
100,0.9,0.6446040117216489
100,0.9,-0.43075372119221705
100,0.9,0.542079087549484
100,0.9,0.016714683865807368
100,0.9,-0.03422442543315719
100,0.9,-0.3359825494168507
100,0.9,-0.41297677049299697
100,0.9,-0.4662485609572433
100,0.9,0.5235400572349336
100,0.9,0.44109179934532555
100,0.9,0.2514982716211927
100,0.9,-0.14384246994899053
100,0.9,0.4750012718400096
100,0.9,0.3674301506140273
100,0.9,0.3170447556983966
100,0.9,0.5890892444018621
100,0.9,0.4941596433502436
100,0.9,-0.0505681045205038
100,0.9,-0.11886132478834353
100,0.9,-0.6531704544439765
100,0.9,0.22470941645742304
100,0.9,-0.16694157116261146
100,0.9,0.6382382280534545
100,0.9,0.4778260289927367
100,0.9,-0.232421021104141
100,0.9,0.23731991891604842
100,0.9,-0.425178327692844
100,0.9,0.29046407304077443
100,0.9,0.26480863093636037
100,0.9,-0.4031005517091231
100,0.9,-0.6057706563037488
100,0.9,-0.470477409306702
100,0.9,-0.32491592585150714
100,0.9,0.6686560213905589
100,0.9,0.4567056999565331
100,0.9,0.32007493332223425
100,0.9,-0.5239084497492364
100,0.9,-0.5406103472257284
100,0.9,0.24049142886244992
100,0.9,0.6387334350136501
100,0.9,0.026876695338071934
100,0.9,0.35036542540106275
100,0.9,0.5051436723929479
100,0.9,0.4457488239364176
100,0.9,0.008330298089803857
100,0.9,-0.5783255108842066
100,0.9,0.34774168700120706
100,0.9,0.3975997779600736
100,0.9,-0.538406525895937
100,0.9,-0.007544132913639656
100,0.9,0.31627776484741105
100,0.9,-0.5795708397979146
100,0.9,0.3595053137464655
100,0.9,0.060512133079237175
100,0.9,-0.13244002220532003
100,0.9,-0.19025824785449544
100,0.9,0.33320182347115407
100,0.9,-0.1703980621793208
100,0.9,0.476383967529379
100,0.9,-0.6426831994553358
100,0.9,0.4160434100835179
100,0.9,0.3887049586592347
100,0.9,-0.486930730863492
100,0.9,0.6766686447226005
100,0.9,-0.19943183175238843
100,0.9,-0.5411340490369139
100,0.9,-0.35737900585786975
100,0.9,0.09127081704793293
100,0.9,-0.11943030139256815
100,0.9,-0.40852786147172404
100,0.9,0.3342693366486474
100,0.9,-0.3322776488888432
100,0.9,-0.3941529830083183
100,0.9,-0.6022143682142387
100,0.9,-0.6773628278037759
100,0.9,-0.4779390110340411
100,0.9,0.3500057792412863
100,0.9,-0.45935214619589554
100,0.9,-0.02889893910310635
100,0.9,-0.23194517643136925
100,0.9,0.4086335745070505
100,0.9,-0.41227408929673326
100,0.9,0.49966987616297326
100,0.9,-0.4793310211198626
100,0.9,0.2877764856676507
100,0.9,0.39851425386860956
100,0.9,-0.5280820394522603
100,0.9,-0.33326283229222164
100,0.9,0.2929200918397493
100,0.9,-0.5137519911223489
100,0.9,-0.14325187840922948
100,0.9,-0.23855343709412566
100,0.9,0.47883965091931374
100,0.9,0.34891656556732864
100,0.9,-0.36710325110805053
100,0.9,0.39167614453465166
100,0.9,-0.19844462651374137
100,0.9,0.23567694626138624
100,0.9,0.42315401983981876
100,0.9,0.5576650189144321
100,0.9,0.6515748890584321
100,0.9,-0.4569491623212628
100,0.9,0.5426861319877423
100,0.9,0.01607311120451078
100,0.9,-0.048861928312992034
100,0.9,-0.2887885058248812
100,0.9,-0.4082418634246774
100,0.9,-0.470815023136294
100,0.9,0.5254833822246279
100,0.9,0.46735794959750665
100,0.9,0.20993052665921283
100,0.9,-0.12971262379404258
100,0.9,0.4971833662866144
100,0.9,0.3191888680195174
100,0.9,0.2698639906791099
100,0.9,0.5366144210186301
100,0.9,0.5313528353871773
100,0.9,-0.04481040324137009
100,0.9,-0.07675615458436985
100,0.9,-0.6252851977454743
100,0.9,0.1742264750560478
100,0.9,-0.15363780874766794
100,0.9,0.6295986428945781
100,0.9,0.4846430818030115
100,0.9,-0.21098968719836417
100,0.9,0.21576250176591447
100,0.9,-0.42038541478378155
100,0.9,0.3298900636542124
100,0.9,0.2720158990367467
100,0.9,-0.4318302643224171
100,0.9,-0.6159266908763478
100,0.9,-0.4619431377143765
100,0.9,-0.34479967579375964
100,0.9,0.6402566536900107
100,0.9,0.41645192978311235
100,0.9,0.3051759827947093
100,0.9,-0.4614331593522078
100,0.9,-0.5073698967087814
100,0.9,0.21719967646572988
100,0.9,0.646886740671991
100,0.9,0.041841341458163074
100,0.9,0.3692736606807888
100,0.9,0.49192042545202724
100,0.9,0.4394286239105679
100,0.9,0.009680920778498515
100,0.9,-0.5729422384231493
100,0.9,0.35004544597493803
100,0.9,0.4268336083404839
100,0.9,-0.5547778532475193
100,0.9,-0.02490281265601685
100,0.9,0.3023108100596824
100,0.9,-0.5921279534910772
100,0.9,0.37321482880842866
100,0.9,0.053329186140012655
100,0.9,-0.13859586017680828
100,0.9,-0.19132703576896043
100,0.9,0.33624924875153617
100,0.9,-0.15240441367693683
100,0.9,0.48199025437396625
100,0.9,-0.6019405287862545
100,0.9,0.41076721315631437
100,0.9,0.40293382080017365
100,0.9,-0.5080195514326054
100,0.9,0.6813156877521659
100,0.9,-0.16238748170617154
100,0.9,-0.5381707374319886
100,0.9,-0.3913170052820499
100,0.9,0.08287447429493029
100,0.9,-0.09153740161102959
100,0.9,-0.4045807153413139
100,0.9,0.3039419929338551
100,0.9,-0.30289983661789144
100,0.9,-0.39086666107300144
100,0.9,-0.6138928018942218
100,0.9,-0.6651172452555603
100,0.9,-0.501213072127936
100,0.9,0.38366930488289086
100,0.9,-0.46567478568423465
100,0.9,-0.010943530270367763
100,0.9,-0.278030767689195
100,0.9,0.40559415075799793
100,0.9,-0.42422748272918365
100,0.9,0.5031969471465664
100,0.9,-0.5183405479897281
100,0.9,0.24391534520434513
100,0.9,0.4287030564454887
100,0.9,-0.5275433073571953
100,0.9,-0.35127800136004683
100,0.9,0.2823878962495762
100,0.9,-0.5495695884190537
100,0.9,-0.1479336215688687
100,0.9,-0.2513670654238721
100,0.9,0.48303679290552004
100,0.9,0.3141376225554794
100,0.9,-0.3684044530714773
100,0.9,0.4066204489229706
100,0.9,-0.2294974417525861
100,0.9,0.2485252827303104
100,0.9,0.38462174916122643
100,0.9,0.5894104679815422
100,0.9,0.6247675507096924
100,0.9,-0.44878902604496296
100,0.9,0.5595628195827415
100,0.9,0.014849682282372356
100,0.9,0.020846265926528672
100,0.9,-0.29616501484209445
100,0.9,-0.4355618533008129
100,0.9,-0.46025637311603734
100,0.9,0.5277073820843884
100,0.9,0.4563047795312505
100,0.9,0.17383219732774507
100,0.9,-0.10029063078614557
100,0.9,0.5020966922098002
100,0.9,0.3230509463202041
100,0.9,0.21249575705141538
100,0.9,0.5362118386727571
100,0.9,0.5491270393741563
100,0.9,-0.0544896552646429
100,0.9,-0.08551308795933558
100,0.9,-0.633071215837234
100,0.9,0.193091623934312
100,0.9,-0.17386550847593849
100,0.9,0.6200767144225786
100,0.9,0.44205717094150826
100,0.9,-0.1589160570351984
100,0.9,0.23039254137542806
100,0.9,-0.3985482880376514
100,0.9,0.3142239440219296
100,0.9,0.2653973869546232
100,0.9,-0.40718353136082164
100,0.9,-0.610089827099917
100,0.9,-0.4534831939687481
100,0.9,-0.31354905394574983
100,0.9,0.5792335366932719
100,0.9,0.41050486213636656
100,0.9,0.2921850377043527
100,0.9,-0.48552622763366426
100,0.9,-0.4933641865703396
100,0.9,0.21347545342693783
100,0.9,0.605666860800624
100,0.9,0.020632844428491604
100,0.9,0.4022411048564564
100,0.9,0.4775659541907184
100,0.9,0.4496976696222157
100,0.9,0.026241368582545332
100,0.9,-0.5870230632974883
100,0.9,0.35298570353671543
100,0.9,0.4064052014815854
100,0.9,-0.5199855351864576
100,0.9,-0.022204202541007346
100,0.9,0.3082465187801155
100,0.9,-0.5561509077272893
100,0.9,0.38811808154958977
100,0.9,0.03207475706871561
100,0.9,-0.1402444326979486
100,0.9,-0.1569638180933318
100,0.9,0.30539245647393815
100,0.9,-0.17290347886714938
100,0.9,0.4539378345588317
100,0.9,-0.5970172461000143
100,0.9,0.4402702575738285
100,0.9,0.398077021614674
100,0.9,-0.5111655749248754
100,0.9,0.6678449130159634
100,0.9,-0.16277298681849053
100,0.9,-0.5227398828884615
100,0.9,-0.3540159231005425
100,0.9,0.041534649671746915
100,0.9,-0.13021445548953983
100,0.9,-0.39270109812812126
100,0.9,0.22241176473761087
100,0.9,-0.31403380494736194
100,0.9,-0.42860418005723583
100,0.9,-0.5680880255094602
100,0.9,-0.6905685627505624
100,0.9,-0.4756924028217922
100,0.9,0.38894725809394914
100,0.9,-0.4624622411944925
100,0.9,-0.014867734528507292
100,0.9,-0.32799490650538815
100,0.9,0.3667155827549185
100,0.9,-0.3624682346029134
100,0.9,0.4537423802286743
100,0.9,-0.5275223593838902
100,0.9,0.24933362862322722
100,0.9,0.43016684875685995
100,0.9,-0.5518246807497057
100,0.9,-0.39295312223857876
100,0.9,0.2550338569210964
100,0.9,-0.5345058797068113
100,0.9,-0.1799604024524234
100,0.9,-0.20116916632075202
100,0.9,0.49482973607603004
100,0.9,0.3018639787226187
100,0.9,-0.3758712032520601
100,0.9,0.36290489336558646
100,0.9,-0.22226530486712362
100,0.9,0.25377672234819876
100,0.9,0.42423079751992454
100,0.9,0.5801186996997441
100,0.9,0.622417193898426
100,0.9,-0.414509465302709
100,0.9,0.5201365550269804
100,0.9,-0.013283925095419159
100,0.9,0.06083693786626752
100,0.9,-0.2801432600418147
100,0.9,-0.3225258931093584
100,0.9,-0.49230079157909273
100,0.9,0.5506171771665629
100,0.9,0.4036353478839197
100,0.9,0.19995446640545145
100,0.9,-0.13612608937314088
100,0.9,0.5005403333390703
100,0.9,0.3111456434454026
100,0.9,0.2714542253158326
100,0.9,0.5171467427465032
100,0.9,0.48969099622898515
100,0.9,-0.076695275375804
100,0.9,-0.0553926419382944
100,0.9,-0.6269297106847521
100,0.9,0.15749114324987276
100,0.9,-0.12320543656031968
100,0.9,0.6163696278389862
100,0.9,0.4011795287380838
100,0.9,-0.16876015369685982
100,0.9,0.19156910684843173
100,0.9,-0.4017419928348786
100,0.9,0.3137494571719398
100,0.9,0.23508105522016315
100,0.9,-0.44315299441999717
100,0.9,-0.5791887965153845
100,0.9,-0.485789539060931
100,0.9,-0.3013391859595665
100,0.9,0.5983858823936684
100,0.9,0.3372340189021565
100,0.9,0.2812397232494904
100,0.9,-0.5304375860061612
100,0.9,-0.48675587225000083
100,0.9,0.23616424518892737
100,0.9,0.5930666158168721
100,0.9,-0.013311909320840499
100,0.9,0.43839398920881595
100,0.9,0.48967287997494885
100,0.9,0.4984913224029573
100,0.9,0.04425237660749553
100,0.9,-0.6047004031614841
100,0.9,0.36400784152190957
100,0.9,0.4121782514153078
100,0.9,-0.5433799227183178
100,0.9,-0.03372419421565927
100,0.9,0.2643700335797565
100,0.9,-0.5604408320932854
100,0.9,0.383365897419565
100,0.9,0.025566280978290456
100,0.9,-0.14075180465084308
100,0.9,-0.17023827139375533
100,0.9,0.30596656245057297
100,0.9,-0.2176509840468891
100,0.9,0.47058979673368884
100,0.9,-0.6136116409011129
100,0.9,0.4584032047686843
100,0.9,0.40951767490292496
100,0.9,-0.4886477625257815
100,0.9,0.6773955479610866
100,0.9,-0.1787093531233042
100,0.9,-0.4948866213240351
100,0.9,-0.377432601896828
100,0.9,0.026508550681571343
100,0.9,-0.11693629462049349
100,0.9,-0.33984175450464144
100,0.9,0.2383716724328169
100,0.9,-0.3314483386277141
100,0.9,-0.4541098195280472
100,0.9,-0.5671053762152362
100,0.9,-0.6768941020056455
100,0.9,-0.46175242692969687
100,0.9,0.3674404697143599
100,0.9,-0.46642675225257835
100,0.9,-0.014960366120083236
100,0.9,-0.35116656857064826
100,0.9,0.3370559882027987
100,0.9,-0.37687292317492865
100,0.9,0.4426709426909119
100,0.9,-0.5471367531212351
100,0.9,0.2436203977095442
100,0.9,0.38446662113842744
100,0.9,-0.5865343717467983
100,0.9,-0.37678900566643014
100,0.9,0.25046924342324217
100,0.9,-0.5186519836061135
100,0.9,-0.20677081549659923
100,0.9,-0.23680806160533727
100,0.9,0.5181249111791084
100,0.9,0.32869229134504374
100,0.9,-0.39536502085988084
100,0.9,0.4164480486572151
100,0.9,-0.1828040307656237
100,0.9,0.262859278803667
100,0.9,0.4379712005898081
100,0.9,0.5572523046479567
100,0.9,0.6500894983186176
100,0.9,-0.36984512755625293
100,0.9,0.5233908843612035
100,0.9,-0.007271021094541286
100,0.9,0.07225891925257302
100,0.9,-0.28569763066243137
100,0.9,-0.36503178004518255
100,0.9,-0.4879739074252877
100,0.9,0.5366954264122953
100,0.9,0.3833099680179024
100,0.9,0.24625960215177503
100,0.9,-0.17908453162555124
100,0.9,0.5188746383875902
100,0.9,0.24405316452972756
100,0.9,0.26013744203715305
100,0.9,0.5228086555173542
100,0.9,0.48091778976313043
100,0.9,-0.12597071645125266
100,0.9,-0.046301079535930115
100,0.9,-0.598748232167215
100,0.9,0.1641734959121883
100,0.9,-0.11764537497095832
100,0.9,0.6094327524984195
100,0.9,0.4162927159411284
100,0.9,-0.15232688351828896
100,0.9,0.22961210874700805
100,0.9,-0.3940223556416155
100,0.9,0.303493992532238
100,0.9,0.2699706645220528
100,0.9,-0.4521455969576218
100,0.9,-0.5726252984127037
100,0.9,-0.4885370379944059
100,0.9,-0.3047414885715504
100,0.9,0.5606471624295339
100,0.9,0.37564224951047914
100,0.9,0.301747448884418
100,0.9,-0.4882377914947071
100,0.9,-0.4829817625919039
100,0.9,0.2524458246544277
100,0.9,0.6086022255155629
100,0.9,-0.026620910328648596
100,0.9,0.4329850937964854
100,0.9,0.513060498470194
100,0.9,0.4659448391145362
100,0.9,0.05671598842106225
100,0.9,-0.598926835960058
100,0.9,0.3762643912382438
100,0.9,0.4277795023660033
100,0.9,-0.5611941078068867
100,0.9,-0.06935957062741607
100,0.9,0.27626312019166155
100,0.9,-0.5728036403487315
100,0.9,0.413381353424684
100,0.9,0.046728114921930346
100,0.9,-0.1609984915684832
100,0.9,-0.20929925754343134
100,0.9,0.2991183759947113
100,0.9,-0.21259076080965703
100,0.9,0.47305654791212587
100,0.9,-0.6083100940789057
100,0.9,0.3913880409053992
100,0.9,0.3844373092902669
100,0.9,-0.4381218545820338
100,0.9,0.6834158913287308
100,0.9,-0.12193972443405614
100,0.9,-0.4966881892191235
100,0.9,-0.3668195922908914
100,0.9,-0.011767896475234197
100,0.9,-0.08924110471229894
100,0.9,-0.3252894300662845
100,0.9,0.18175590447762266
100,0.9,-0.33309406734168473
100,0.9,-0.46334378728407205
100,0.9,-0.5819790774865501
100,0.9,-0.6659779795348735
100,0.9,-0.4178232693201792
100,0.9,0.38412814391185035
100,0.9,-0.441114384197558
100,0.9,-0.032754700715734386
100,0.9,-0.3379749745394941
100,0.9,0.35637204448073223
100,0.9,-0.32277948157345693
100,0.9,0.44841788628348245
100,0.9,-0.5628584985038466
100,0.9,0.23890230565761417
100,0.9,0.34980461752516706
100,0.9,-0.6156414342738146
100,0.9,-0.40569707061581245
100,0.9,0.26052727461252884
100,0.9,-0.518349812217524
100,0.9,-0.20055123991706134
100,0.9,-0.23095902182674058
100,0.9,0.50205723210467
100,0.9,0.29729944785247553
100,0.9,-0.3930158753279997
100,0.9,0.41332671093509993
100,0.9,-0.21631868328569562
100,0.9,0.25822882705410305
100,0.9,0.4165263143897302
100,0.9,0.5718213401977363
100,0.9,0.6562514970441957
100,0.9,-0.38611652616410475
100,0.9,0.5249528309359313
100,0.9,0.027653014599232528
100,0.9,0.049776288214807576
100,0.9,-0.28919286199703176
100,0.9,-0.3830738440132486
100,0.9,-0.49395525056810385
100,0.9,0.5176742093425263
100,0.9,0.3301031677038907
100,0.9,0.2908310959105723
100,0.9,-0.16255799543946176
100,0.9,0.5217675414366708
100,0.9,0.2573009794297203
100,0.9,0.3034202996046884
100,0.9,0.47075957046260647
100,0.9,0.5034672138282351
100,0.9,-0.15008859832215796
100,0.9,-0.07340007427820842
100,0.9,-0.5910086695468051
100,0.9,0.1670897651754679
100,0.9,-0.12501627138282487
100,0.9,0.620048832940371
100,0.9,0.39187341288505806
100,0.9,-0.1744095670255956
100,0.9,0.24220220463772354
100,0.9,-0.35862226236346545
100,0.9,0.3097533957194617
100,0.9,0.27756337782946156
100,0.9,-0.44076188791311355
100,0.9,-0.5656096796710814
100,0.9,-0.510378971621365
100,0.9,-0.25882844693544654
100,0.9,0.5432624865313034
100,0.9,0.3758978404934356
100,0.9,0.32412867995000944
100,0.9,-0.5103402371265127
100,0.9,-0.4905330121027432
100,0.9,0.24694637538147998
100,0.9,0.63566016258323
100,0.9,-0.02464056337822852
100,0.9,0.4245904046725213
100,0.9,0.5115758094384641
100,0.9,0.47214541409797034
100,0.9,0.06909593432477877
100,0.9,-0.593231134981159
100,0.9,0.3914878676546155
100,0.9,0.4230749885320347
100,0.9,-0.5098193114977417
100,0.9,-0.08242991409457917
100,0.9,0.26731321872724356
100,0.9,-0.5706889295141154
100,0.9,0.4063761980418803
100,0.9,0.05787457665185791
100,0.9,-0.17818658573820892
100,0.9,-0.22190779302052757
100,0.9,0.29112106129754456
100,0.9,-0.20653204157536656
100,0.9,0.47730573434671186
100,0.9,-0.6157201120676132
100,0.9,0.42248353550987167
100,0.9,0.3182534080746549
100,0.9,-0.46133481644054547
100,0.9,0.6721365626462315
100,0.9,-0.12980041849343224
100,0.9,-0.5341379796784487
100,0.9,-0.3829393736916774
100,0.9,-0.02951369652650068
100,0.9,-0.11343107962343935
100,0.9,-0.3086556975832406
100,0.9,0.1857774310001742
100,0.9,-0.3566652555621631
100,0.9,-0.4169086510521906
100,0.9,-0.5730129025333529
100,0.9,-0.6496788305699944
100,0.9,-0.40892001980131953
100,0.9,0.332108456379368
100,0.9,-0.4125612534096599
100,0.9,-0.070757646641944
100,0.9,-0.3105995995092258
100,0.9,0.37516206642747685
100,0.9,-0.3078653737408831
100,0.9,0.4453878018659856
100,0.9,-0.5587338198442618
100,0.9,0.21668313363213224
100,0.9,0.29885514243176203
100,0.9,-0.5893533563822345
100,0.9,-0.4544931819979184
100,0.9,0.2691805443094354
100,0.9,-0.5391763076720275
100,0.9,-0.1764536423250109
100,0.9,-0.1973867469224063
100,0.9,0.5194763393007634
100,0.9,0.30058823802808565
100,0.9,-0.3700054161181932
100,0.9,0.4091436861719002
100,0.9,-0.24415623885742485
100,0.9,0.2710196697526001
100,0.9,0.4474045219542772
100,0.9,0.5652213062767563
100,0.9,0.6803136224988655
100,0.9,-0.34096338663423537
100,0.9,0.4673594254908598
100,0.9,0.07820558351386678
100,0.9,0.068965141509348
100,0.9,-0.2704161797592115
100,0.9,-0.41776554669097865
100,0.9,-0.5008147038060442
100,0.9,0.5205409625103933
100,0.9,0.3158087399152946
100,0.9,0.2771134832598153
100,0.9,-0.20118758909163795
100,0.9,0.5203920325029716
100,0.9,0.2765478776991631
100,0.9,0.2892544484933721
100,0.9,0.5131329058492772
100,0.9,0.4642448331123853
100,0.9,-0.1373309179416459
100,0.9,-0.10237488692458568
100,0.9,-0.5828398497945284
100,0.9,0.22277744202758418
100,0.9,-0.07446511179464757
100,0.9,0.6128286796047898
100,0.9,0.37022176320137146
100,0.9,-0.24603769115854163
100,0.9,0.25545429061485486
100,0.9,-0.37737598637570874
100,0.9,0.31296958493106897
100,0.9,0.260424670663975
100,0.9,-0.4120789375511711
100,0.9,-0.5420656066475628
100,0.9,-0.500152870327794
100,0.9,-0.27156009694707545
100,0.9,0.4897133336871563
100,0.9,0.3720570058360642
100,0.9,0.2548246917537608
100,0.9,-0.5096220616325886
100,0.9,-0.4803189817383596
100,0.9,0.2570128075076438
100,0.9,0.5962178024940311
100,0.9,-0.02245335050046866
100,0.9,0.40462082226839646
100,0.9,0.5181843850737118
100,0.9,0.4799965812539788
100,0.9,0.05931294924477326
100,0.9,-0.5843317530886392
100,0.9,0.3801686272774931
100,0.9,0.4230578463975666
100,0.9,-0.5314879125488805
100,0.9,-0.11211081705519935
100,0.9,0.22497778453820125
100,0.9,-0.6031975365231999
100,0.9,0.40454237399059345
100,0.9,0.05255047103938304
100,0.9,-0.1597367012659645
100,0.9,-0.14513904618373444
100,0.9,0.26197060229147767
100,0.9,-0.23511882564930797
100,0.9,0.49716823560275175
100,0.9,-0.5553079473639556
100,0.9,0.4696225371279254
100,0.9,0.33696820759156004
100,0.9,-0.4706558900179498
100,0.9,0.6379113834794652
100,0.9,-0.1161270721840723
100,0.9,-0.5192211575065083
100,0.9,-0.3669005098044086
100,0.9,-0.04575093360211128
100,0.9,-0.12096728926031032
100,0.9,-0.3321522479649681
100,0.9,0.18779976157753514
100,0.9,-0.3220262786204371
100,0.9,-0.4143985557794072
100,0.9,-0.5651633828806438
100,0.9,-0.6174850976781708
100,0.9,-0.36630571337988116
100,0.9,0.34650519668798213
100,0.9,-0.40264001284239204
100,0.9,-0.07756084158758654
100,0.9,-0.3178242435827989
100,0.9,0.37578694425246983
100,0.9,-0.2607086590401176
100,0.9,0.4710485133070111
100,0.9,-0.5369165382649164
100,0.9,0.2646279432664348
100,0.9,0.30672435067664416
100,0.9,-0.6182842430384029
100,0.9,-0.4637785537140737
100,0.9,0.24901195458988956
100,0.9,-0.5331565508658725
100,0.9,-0.18753681688220555
100,0.9,-0.17636541409019146
100,0.9,0.4931244755622899
100,0.9,0.28518242784111875
100,0.9,-0.3561401801324014
100,0.9,0.41575088673243793
100,0.9,-0.2887014648898167
100,0.9,0.2091904446077188
100,0.9,0.42713562867464466
100,0.9,0.5338045477453716
100,0.9,0.6842389992921722
100,0.9,-0.28970511364850865
100,0.9,0.4534367901930441
100,0.9,0.15474026240544553
100,0.9,0.04863253259938465
100,0.9,-0.23202851974166858
100,0.9,-0.44698331510248146
100,0.9,-0.451070106524048
100,0.9,0.5240944361584832
100,0.9,0.26674568762562817
100,0.9,0.236778785364577
100,0.9,-0.24365988987249962
100,0.9,0.5221963233527953
100,0.9,0.2691838723587995
100,0.9,0.2744301030509389
100,0.9,0.5491622925554392
100,0.9,0.4671101681937675
100,0.9,-0.15413022088202583
100,0.9,-0.06375436342406494
100,0.9,-0.5416581151390186
100,0.9,0.2065386575564093
100,0.9,-0.10241921644622305
100,0.9,0.6395732818464246
100,0.9,0.37096982221947433
100,0.9,-0.2753659299995761
100,0.9,0.2997882968774148
100,0.9,-0.3607377332387528
100,0.9,0.31820862547674894
100,0.9,0.23497451509829181
100,0.9,-0.441636852589196
100,0.9,-0.5279116701353802
100,0.9,-0.48848568073533566
100,0.9,-0.2917852310200046
100,0.9,0.5120410662610373
100,0.9,0.3563927823291561
100,0.9,0.23310187984062966
100,0.9,-0.49847745757589973
100,0.9,-0.48778432312441994
100,0.9,0.2845143085685825
100,0.9,0.6079751217428664
100,0.9,-0.0395280774969759
100,0.9,0.43487332033941883
100,0.9,0.5380500291629905
100,0.9,0.5040038570722934
100,0.9,0.04069604562596823
100,0.9,-0.5746094791231096
100,0.9,0.38126962751542043
100,0.9,0.3869887622278189
100,0.9,-0.5176917577742608
100,0.9,-0.13676239109727253
100,0.9,0.2552827932953973
100,0.9,-0.6143411936940397
100,0.9,0.43417301553032567
100,0.9,0.013548361819378884
100,0.9,-0.13287107026514516
100,0.9,-0.1514189039833878
100,0.9,0.24034102454744247
100,0.9,-0.23319237955909808
100,0.9,0.502561523703267
100,0.9,-0.5571950827067679
100,0.9,0.44648564756401876
100,0.9,0.32564053438815216
100,0.9,-0.4789988018968894
100,0.9,0.6296119402467673
100,0.9,-0.1409757602302029
100,0.9,-0.484738917041391
100,0.9,-0.3830360151276003
100,0.9,-0.0419783584670129
100,0.9,-0.10974968495424758
100,0.9,-0.35318847409461596
100,0.9,0.20460278329982287
100,0.9,-0.3099558085403497
100,0.9,-0.405961049641793
100,0.9,-0.5434098621729139
100,0.9,-0.64353318177744
100,0.9,-0.34745203301040545
100,0.9,0.3655837578003314
100,0.9,-0.40149730632841485
100,0.9,-0.03779783425298501
100,0.9,-0.3196952593962011
100,0.9,0.35963504462125023
100,0.9,-0.25395610498036586
100,0.9,0.44428168824645614
100,0.9,-0.5040766323174576
100,0.9,0.20761721003599223
100,0.9,0.2806755506224153
100,0.9,-0.6280039767290245
100,0.9,-0.4851144094047649
100,0.9,0.22673201545938973
100,0.9,-0.5161512724102981
100,0.9,-0.1751066135440069
100,0.9,-0.1632461243739064
100,0.9,0.5306387015071375
100,0.9,0.34186906523152283
100,0.9,-0.3751642885274219
100,0.9,0.4282355019738476
100,0.9,-0.3104996500737718
100,0.9,0.2211682129816506
100,0.9,0.38387008000736994
100,0.9,0.5495063293320179
100,0.9,0.6868902965014556
100,0.9,-0.29485550956831164
100,0.9,0.461483448493235
100,0.9,0.10950331362985184
100,0.9,0.029529181591745845
100,0.9,-0.20929534939162386
100,0.9,-0.454411340006134
100,0.9,-0.46084143416573725
100,0.9,0.5101815679733286
100,0.9,0.19050048073670206
100,0.9,0.21360306117449454
100,0.9,-0.18678523822179344
100,0.9,0.5226896529601571
100,0.9,0.24503421310807194
100,0.9,0.2836084294685346
100,0.9,0.5353343826334892
100,0.9,0.47187432363944964
100,0.9,-0.1526010802486057
100,0.9,-0.04083221684169941
100,0.9,-0.5574554759040528
100,0.9,0.20562437214137308
100,0.9,-0.1265752874841162
100,0.9,0.6324745017755146
100,0.9,0.37208122878329025
100,0.9,-0.24667827503247133
100,0.9,0.35512826228034583
100,0.9,-0.37754075528114456
100,0.9,0.33991564597112545
100,0.9,0.24569524042030996
100,0.9,-0.4347118169340019
100,0.9,-0.5293987158550281
100,0.9,-0.47622376202600464
100,0.9,-0.2844456500653405
100,0.9,0.49900445842353564
100,0.9,0.3916581235260495
100,0.9,0.24278436059874106
100,0.9,-0.4846599771402179
100,0.9,-0.4936274019595127
100,0.9,0.26096577116052083
100,0.9,0.6349000326959009
100,0.9,-0.0031997618804679886
100,0.9,0.4441046711807549
100,0.9,0.5563569953529414
100,0.9,0.49148199620437555
100,0.9,0.07074790485100957
100,0.9,-0.5740751702882618
100,0.9,0.4118549261196233
100,0.9,0.387812788919799
100,0.9,-0.5529408620285757
100,0.9,-0.1077431625384676
100,0.9,0.24636492523493134
100,0.9,-0.6234371205621878
100,0.9,0.4279460055029451
100,0.9,-0.004201583345205884
100,0.9,-0.17166635118482584
100,0.9,-0.1335746423820662
100,0.9,0.21752363466985225
100,0.9,-0.20945060125153073
100,0.9,0.48739962490119043
100,0.9,-0.5379619084400497
100,0.9,0.4536830445839095
100,0.9,0.3271821013709428
100,0.9,-0.4489251967238407
100,0.9,0.6004977000861885
100,0.9,-0.1304425018047368
100,0.9,-0.4706241359182723
100,0.9,-0.37807477317409166
100,0.9,-0.003881812589751932
100,0.9,-0.11495893996538435
100,0.9,-0.3676012197459847
100,0.9,0.13459263951081896
100,0.9,-0.3652021373887692
100,0.9,-0.39934533845268855
100,0.9,-0.5291380878843729
100,0.9,-0.6514590668123196
100,0.9,-0.28789963679795977
100,0.9,0.37883592271946465
100,0.9,-0.41310302985162345
100,0.9,-0.046969883674786994
100,0.9,-0.3317818138638714
100,0.9,0.3697926980987142
100,0.9,-0.25174494664391783
100,0.9,0.440346510737994
100,0.9,-0.4941072261350139
100,0.9,0.24117686149969225
100,0.9,0.307576383102963
100,0.9,-0.6534711908200869
100,0.9,-0.4787471957801352
100,0.9,0.2026055564314403
100,0.9,-0.518676613947306
100,0.9,-0.1731413015899443
100,0.9,-0.17815983514860348
100,0.9,0.5652223073722096
100,0.9,0.3306577426189361
100,0.9,-0.39319643902708434
100,0.9,0.4549197154696474
100,0.9,-0.2918749080084906
100,0.9,0.23783979307572828
100,0.9,0.41701434518773656
100,0.9,0.5823233434968578
100,0.9,0.6300583495038629
100,0.9,-0.2887301003634212
100,0.9,0.48677080312825377
100,0.9,0.11992231854463593
100,0.9,0.037801844635882875
100,0.9,-0.2128260587864415
100,0.9,-0.4230511684218144
100,0.9,-0.43914496585194823
100,0.9,0.5076435976726975
100,0.9,0.1534973995414823
100,0.9,0.23035160082101902
100,0.9,-0.17326139049094785
100,0.9,0.4967169213409732
100,0.9,0.24185743931596554
100,0.9,0.2921356358379063
100,0.9,0.48994438897169995
100,0.9,0.4738290002774557
100,0.9,-0.16959909739390353
100,0.9,-0.030770431169360558
100,0.9,-0.5665785269088119
100,0.9,0.23980619295846028
100,0.9,-0.14174411105873735
100,0.9,0.6414358202251431
100,0.9,0.39055128430466024
100,0.9,-0.2386312138814827
100,0.9,0.3753415682124976
100,0.9,-0.38421118781368696
100,0.9,0.33948382090941426
100,0.9,0.236994385332205
100,0.9,-0.4235992397771475
100,0.9,-0.5022079028496458
100,0.9,-0.49295260602522684
100,0.9,-0.29488454554628424
100,0.9,0.5057168575279426
100,0.9,0.42422242327961157
100,0.9,0.23127145796685375
100,0.9,-0.48832318051971996
100,0.9,-0.5316764066125254
100,0.9,0.2730132010077678
100,0.9,0.6597215633259318
100,0.9,-0.017490303032573408
100,0.9,0.440489631458644
100,0.9,0.5733511670569906
100,0.9,0.5138046317998586
100,0.9,0.04607461786363454
100,0.9,-0.5694926259323874
100,0.9,0.4255457939156701
100,0.9,0.3451069933841408
100,0.9,-0.49795909020005885
100,0.9,-0.09644144422140657
100,0.9,0.2592446849594823
100,0.9,-0.6070840717088
100,0.9,0.4174669169028074
100,0.9,-0.04209103746853934
100,0.9,-0.15632146633122135
100,0.9,-0.1543389427873691
100,0.9,0.2505913176304581
100,0.9,-0.21203790218843227
100,0.9,0.4906462413048274
100,0.9,-0.5407728050514844
100,0.9,0.46420334711314076
100,0.9,0.3190621054614737
100,0.9,-0.4682100281179096
100,0.9,0.5952815454269398
100,0.9,-0.16436572415748432
100,0.9,-0.4948997103361667
100,0.9,-0.3774313008906625
100,0.9,-0.023642246603020813
100,0.9,-0.1286764905936122
100,0.9,-0.36691341222972623
100,0.9,0.12093383257572825
100,0.9,-0.33297010611913197
100,0.9,-0.3961979054087854
100,0.9,-0.5502243134593199
100,0.9,-0.6593547786271937
100,0.9,-0.2757944411554582
100,0.9,0.39822709928181055
100,0.9,-0.43989721084985983
100,0.9,-0.07927570612173485
100,0.9,-0.35546936294858184
100,0.9,0.38559980564942437
100,0.9,-0.23097356927872162
100,0.9,0.41336444927366206
100,0.9,-0.5092288748258775
100,0.9,0.24275640482472335
100,0.9,0.30332884352443684
100,0.9,-0.645842054684435
100,0.9,-0.46811098325661127
100,0.9,0.2395840539200051
100,0.9,-0.5198212281343678
100,0.9,-0.17624894242221215
100,0.9,-0.1453871903169951
100,0.9,0.5668789971806649
100,0.9,0.34562654643462226
100,0.9,-0.3752525143963156
100,0.9,0.44570571509813633
100,0.9,-0.31403898067919134
100,0.9,0.2818774530156893
100,0.9,0.3913913889269066
100,0.9,0.5722084669376544
100,0.9,0.6409568912411228
100,0.9,-0.29742991462194257
100,0.9,0.4955426799923616
100,0.9,0.10225805335586678
100,0.9,0.03358724190453482
100,0.9,-0.20334863799976477
100,0.9,-0.4341286886781456
100,0.9,-0.44427268266843595
100,0.9,0.5148119892413867
100,0.9,0.1798488959460785
100,0.9,0.23920589274949408
100,0.9,-0.131892656727664
100,0.9,0.4953576340682551
100,0.9,0.23417825757761943
100,0.9,0.25342223605918895
100,0.9,0.49007414501255014
100,0.9,0.4839528431610372
100,0.9,-0.15250597489123544
100,0.9,-0.04003732225243444
100,0.9,-0.5677471171559133
100,0.9,0.2584504809998305
100,0.9,-0.15886392326498106
100,0.9,0.6420623725316158
100,0.9,0.3836046330324038
100,0.9,-0.28747657892143963
100,0.9,0.34987486857851186
100,0.9,-0.4036768687473966
100,0.9,0.36183956903933845
100,0.9,0.27131677462481796
100,0.9,-0.42000576255077476
100,0.9,-0.5102837023465457
100,0.9,-0.4953334137329765
100,0.9,-0.29780146078131375
100,0.9,0.4770750903828791
100,0.9,0.41493896438987926
100,0.9,0.23056778032821515
100,0.9,-0.5134250285868541
100,0.9,-0.4790296686263872
100,0.9,0.3347000319943824
100,0.9,0.6345377512654156
100,0.9,-0.048022241201304584
100,0.9,0.424514176012582
100,0.9,0.5333808517411434
100,0.9,0.49518283779570604
100,0.9,0.07717382894180817
100,0.9,-0.5298043725779241
100,0.9,0.4154542020373378
100,0.9,0.34325273246740384
100,0.9,-0.5052970932087709
100,0.9,-0.0856398412134272
100,0.9,0.23493972861003248
100,0.9,-0.6196689347249493
100,0.9,0.44928151587307796
100,0.9,-0.04090379659949305
100,0.9,-0.1260206803129845
100,0.9,-0.10787734975130481
100,0.9,0.2308163618527559
100,0.9,-0.1503351530738171
100,0.9,0.47384179457109427
100,0.9,-0.5222147525795368
100,0.9,0.4516174545307035
100,0.9,0.2671737892988736
100,0.9,-0.45996894057162285
100,0.9,0.6004490401477701
100,0.9,-0.18317402457216017
100,0.9,-0.4937093756823248
100,0.9,-0.3754684782734792
100,0.9,-0.05604929676350275
100,0.9,-0.11623796487679326
100,0.9,-0.39682406167180734
100,0.9,0.12474187555526255
100,0.9,-0.3545630622234199
100,0.9,-0.42633419359881564
100,0.9,-0.5515408972336122
100,0.9,-0.666162060612025
100,0.9,-0.2504901156909998
100,0.9,0.39118839924937077
100,0.9,-0.4619672555254141
100,0.9,-0.06684760487489826
100,0.9,-0.33755882131107834
100,0.9,0.40066604424031477
100,0.9,-0.24482738705337714
100,0.9,0.42315986925837373
100,0.9,-0.46223964312967275
100,0.9,0.2715695627567172
100,0.9,0.2595635979530619
100,0.9,-0.6343794585586311
100,0.9,-0.4416647756689947
100,0.9,0.25468964259482824
100,0.9,-0.5400392797574558
100,0.9,-0.175440877213146
100,0.9,-0.17507373338085422
100,0.9,0.5822334556750077
100,0.9,0.3286357817923947
100,0.9,-0.39166589897391235
100,0.9,0.4411090210344613
100,0.9,-0.3172106814725233
100,0.9,0.2759335377532171
100,0.9,0.39086954753348646
100,0.9,0.582935007004496
100,0.9,0.6651635694701853
100,0.9,-0.26414985261194374
100,0.9,0.5013301952124704
100,0.9,0.07945194950106109
100,0.9,0.030267847286236615
100,0.9,-0.18297243947119549
100,0.9,-0.3911918403335063
100,0.9,-0.4230347266771184
100,0.9,0.5338642035314106
100,0.9,0.2007795118039696
100,0.9,0.23649741462898813
100,0.9,-0.12451872278710037
100,0.9,0.4792608955247428
100,0.9,0.16081568538896077
100,0.9,0.24946446474030265
100,0.9,0.4643132172692812
100,0.9,0.4901141959210444
100,0.9,-0.17444438851647154
100,0.9,-0.017454179178496877
100,0.9,-0.5344167781105519
100,0.9,0.21680409927526148
100,0.9,-0.14412353386826593
100,0.9,0.6501053421873279
100,0.9,0.3626424907211134
100,0.9,-0.3137262529090203
100,0.9,0.3859738168665578
100,0.9,-0.41307117332263515
100,0.9,0.34453655821114726
100,0.9,0.2836309495312069
100,0.9,-0.42803132214475964
100,0.9,-0.47200587367811414
100,0.9,-0.4824981336897645
100,0.9,-0.30726888952901854
100,0.9,0.48397350911108467
100,0.9,0.4280156324256451
100,0.9,0.20774154187380647
100,0.9,-0.5018797952660862
100,0.9,-0.47100782491859
100,0.9,0.32306795844399755
100,0.9,0.6593442758159797
100,0.9,-0.06417426701239905
100,0.9,0.45202287952071135
100,0.9,0.49951225034092084
100,0.9,0.4824223308316205
100,0.9,0.06922710496868344
100,0.9,-0.528873952563159
100,0.9,0.4438095286262094
100,0.9,0.3270563911625169
100,0.9,-0.5252569138597483
100,0.9,-0.10999958165085938
100,0.9,0.24415472201267824
100,0.9,-0.5561040872005101
100,0.9,0.4384924804809624
100,0.9,-0.06886437235576064
100,0.9,-0.13339742217078415
100,0.9,-0.12529451557082322
100,0.9,0.24644895141958034
100,0.9,-0.15170008093597423
100,0.9,0.44542407487080754
100,0.9,-0.5035898372560023
100,0.9,0.46097397552933445
100,0.9,0.32630919934993957
100,0.9,-0.4700998028469661
100,0.9,0.5819209681382675
100,0.9,-0.167119693610579
100,0.9,-0.4429948182089058
100,0.9,-0.33690949504132706
100,0.9,-0.08457934497559363
100,0.9,-0.1562003253145696
100,0.9,-0.41050340722053674
100,0.9,0.08227200301491913
100,0.9,-0.3394394655556086
100,0.9,-0.40453301163188715
100,0.9,-0.5342772916863341
100,0.9,-0.67136023636764
100,0.9,-0.24580811190101878
100,0.9,0.3867398660195068
100,0.9,-0.4858490731662101
100,0.9,-0.02620851048239009
100,0.9,-0.37333434909384217
100,0.9,0.42988850094722564
100,0.9,-0.22047055871765775
100,0.9,0.40230138584443487
100,0.9,-0.48258955743122145
100,0.9,0.22819857790349343
100,0.9,0.23880709939112427
100,0.9,-0.6228934992707819
100,0.9,-0.4673420132198812
100,0.9,0.246017616477809
100,0.9,-0.5408713254105357
100,0.9,-0.160852063385192
100,0.9,-0.22585361702362308
100,0.9,0.6112207135803884
100,0.9,0.3133116934087313
100,0.9,-0.38717380732698997
100,0.9,0.43130769301439054
100,0.9,-0.30518752794213494
100,0.9,0.26599629894071536
100,0.9,0.38442774664735124
100,0.9,0.5801073313684794
100,0.9,0.6355201811769516
100,0.9,-0.3056804547283455
100,0.9,0.505293532227353
100,0.9,0.0387127763792607
100,0.9,0.02829749743726311
100,0.9,-0.16822999497383212
100,0.9,-0.35851647398872677
100,0.9,-0.4022875370064706
100,0.9,0.5507909586081788
100,0.9,0.19997897767518796
100,0.9,0.19656454943846988
100,0.9,-0.11139067767197046
100,0.9,0.4850923186275786
100,0.9,0.14748713052833373
100,0.9,0.22482418750443142
100,0.9,0.4844739762634375
100,0.9,0.4755975876054561
100,0.9,-0.20407301473607636
100,0.9,-0.00044587972798477705
100,0.9,-0.5352906569050692
100,0.9,0.19919252744680144
100,0.9,-0.1642766734134114
100,0.9,0.6729011997895815
100,0.9,0.3622114320237368
100,0.9,-0.30227125605189903
100,0.9,0.36827951220299443
100,0.9,-0.4249838143237261
100,0.9,0.342900591580247
100,0.9,0.2749473021257263
100,0.9,-0.4549522287996026
100,0.9,-0.4591411403520867
100,0.9,-0.4726850049892097
100,0.9,-0.26446368226458755
100,0.9,0.48970291922970105
100,0.9,0.421547235237929
100,0.9,0.1729038116909359
100,0.9,-0.5047497188863515
100,0.9,-0.5101412926815055
100,0.9,0.3263182008317747
100,0.9,0.6643228316902589
100,0.9,-0.02885474894160651
100,0.9,0.4773567820428067
100,0.9,0.5206962462682657
100,0.9,0.47106473131628546
100,0.9,0.02744151714100813
100,0.9,-0.4807443932528678
100,0.9,0.4171585302789678
100,0.9,0.2467297696492514
100,0.9,-0.5275825512152067
100,0.9,-0.09775427242589427
100,0.9,0.24062619558378381
100,0.9,-0.5710020785347917
100,0.9,0.43323857001018157
100,0.9,-0.031548360298455015
100,0.9,-0.1700261130220569
100,0.9,-0.11302523587124698
100,0.9,0.2579172982068814
100,0.9,-0.16862705761130073
100,0.9,0.45468203437037846
100,0.9,-0.5397511129755198
100,0.9,0.46856207207078365
100,0.9,0.297587406301233
100,0.9,-0.4932397543258025
100,0.9,0.5463113605602563
100,0.9,-0.1705465031848094
100,0.9,-0.46868121538820096
100,0.9,-0.3561968458614268
100,0.9,-0.106011513837144
100,0.9,-0.2101972364876848
100,0.9,-0.41966193901696
100,0.9,0.08915937178465363
100,0.9,-0.3274821913401984
100,0.9,-0.41378838212761304
100,0.9,-0.5369823100326505
100,0.9,-0.6765122411886826
100,0.9,-0.24188542941882482
100,0.9,0.4014960168626491
100,0.9,-0.4776166377954681
100,0.9,-0.026388645200653416
100,0.9,-0.39081087918970875
100,0.9,0.42005225812158037
100,0.9,-0.22052274064232502
100,0.9,0.41265614955162266
100,0.9,-0.44933119870831595
100,0.9,0.23778572231308898
100,0.9,0.17949360843876402
100,0.9,-0.6146089583983408
100,0.9,-0.4919152801528991
100,0.9,0.2860903806082826
100,0.9,-0.5748329408683583
100,0.9,-0.16285342588292268
100,0.9,-0.23864612532571508
100,0.9,0.6040400295898631
100,0.9,0.33760640539587256
100,0.9,-0.38422782437732106
100,0.9,0.41875769215503683
100,0.9,-0.3271051916700295
100,0.9,0.27808204843733136
100,0.9,0.41510355021062706
100,0.9,0.5728853287492826
100,0.9,0.6285248812504755
100,0.9,-0.3281021270135029
100,0.9,0.4699557840439782
100,0.9,0.029977595450904726
100,0.9,0.004383295627668482
100,0.9,-0.19947970822172603
100,0.9,-0.3568326625979027
100,0.9,-0.3702665192020845
100,0.9,0.5838145070388386
100,0.9,0.20998352520791472
100,0.9,0.18018819403117653
100,0.9,-0.11673496527465867
100,0.9,0.4717590156954828
100,0.9,0.11473183610428024
100,0.9,0.21623238483339427
100,0.9,0.45517777569228995
100,0.9,0.46881276818177475
100,0.9,-0.222839267718251
100,0.9,0.0180777090405428
100,0.9,-0.5516998521255901
100,0.9,0.19603721360531554
100,0.9,-0.18533912347104006
100,0.9,0.694377185054461
100,0.9,0.3545851755072979
100,0.9,-0.23890833981276763
100,0.9,0.3814310186271233
100,0.9,-0.4160895582868878
100,0.9,0.27337180517712373
100,0.9,0.31819767535381593
100,0.9,-0.4625493405235752
100,0.9,-0.5008317101169547
100,0.9,-0.49132258103771526
100,0.9,-0.2933461038102712
100,0.9,0.48084718990756675
100,0.9,0.46679293674075806
100,0.9,0.13518193058076397
100,0.9,-0.4705737485460772
100,0.9,-0.547008946081697
100,0.9,0.36439022840222685
100,0.9,0.6709090417519626
100,0.9,-0.03908690496503028
100,0.9,0.49869396990263226
100,0.9,0.4691534644609339
100,0.9,0.4749167720115105
100,0.9,0.061444017067244075
100,0.9,-0.4720439563115458
100,0.9,0.40950853907112666
100,0.9,0.22077472581009633
100,0.9,-0.5065707435008664
100,0.9,-0.10800978132514634
100,0.9,0.2208712064491397
100,0.9,-0.5857725546419805
100,0.9,0.42972248814856184
100,0.9,-0.043680828868108534
100,0.9,-0.13673469159663315
100,0.9,-0.08655889950039668
100,0.9,0.28437760809343654
100,0.9,-0.15230916139715725
100,0.9,0.45919497702244283
100,0.9,-0.557959862317332
100,0.9,0.43505147093168645
100,0.9,0.23199168359183417
100,0.9,-0.482715082991269
100,0.9,0.5478783566643886
100,0.9,-0.191016036099507
100,0.9,-0.4532078270228211
100,0.9,-0.3570214094430368
100,0.9,-0.09116276856939813
100,0.9,-0.16832500891325317
100,0.9,-0.40125726913163123
100,0.9,0.09318858897792341
100,0.9,-0.36783243979393093
100,0.9,-0.38543386196807927
100,0.9,-0.4974226264141045
100,0.9,-0.6630983301548319
100,0.9,-0.1813317537001574
100,0.9,0.41677233849015927
100,0.9,-0.5033449088783953
100,0.9,-0.053981730430666675
100,0.9,-0.3588189030805923
100,0.9,0.43348030369100504
100,0.9,-0.23595076255770278
100,0.9,0.42882347327452136
100,0.9,-0.40826573273436456
100,0.9,0.2370687224689498
100,0.9,0.18293102846636525
100,0.9,-0.6099948901589679
100,0.9,-0.4804421730393974
100,0.9,0.2795972110990998
100,0.9,-0.5716646852684912
100,0.9,-0.16832158198913907
100,0.9,-0.25291120392933125
100,0.9,0.616826761553126
100,0.9,0.3923793546286621
100,0.9,-0.40110820498482097
100,0.9,0.38290945736123183
100,0.9,-0.3244767147044592
100,0.9,0.2743724662385735
100,0.9,0.4280918580308178
100,0.9,0.5704163254320956
100,0.9,0.6046687210727191
100,0.9,-0.3088858181595591
100,0.9,0.462048176764083
100,0.9,0.03080733036815102
100,0.9,-0.0006196327519735756
100,0.9,-0.17596571180683537
100,0.9,-0.3342181035538653
100,0.9,-0.3645184100958601
100,0.9,0.5657375833308717
100,0.9,0.18649379694788382
100,0.9,0.20105290030948875
100,0.9,-0.11716128592163953
100,0.9,0.45258552580267236
100,0.9,0.14163760492414043
100,0.9,0.18828714649675202
100,0.9,0.48203814297416037
100,0.9,0.5108071944782389
100,0.9,-0.2458019883258075
100,0.9,-0.01969426425309423
100,0.9,-0.5702129696640289
100,0.9,0.21435211794426975
100,0.9,-0.20558891516833494
100,0.9,0.6801173175875173
100,0.9,0.3758337893042773
100,0.9,-0.2545330324933194
100,0.9,0.39892663585326876
100,0.9,-0.3705364166065458
100,0.9,0.2668117403042147
100,0.9,0.28128451819089023
100,0.9,-0.4308132644738584
100,0.9,-0.5073274308505724
100,0.9,-0.4809788539688977
100,0.9,-0.3524296769104654
100,0.9,0.4729484668274104
100,0.9,0.4935753557266285
100,0.9,0.15788858411236567
100,0.9,-0.4304706142164414
100,0.9,-0.54866449925038
100,0.9,0.324809154852796
100,0.9,0.619418583384925
100,0.9,-0.056518458243263396
100,0.9,0.48765357785472657
100,0.9,0.47770887752512786
100,0.9,0.50090798992196
100,0.9,0.07690194702503599
100,0.9,-0.4552995227032595
100,0.9,0.457278755777604
100,0.9,0.2201683893989448
100,0.9,-0.5279439979229004
100,0.9,-0.1088040495287105
100,0.9,0.22288348484493234
100,0.9,-0.6003384026683202
100,0.9,0.4109123861498742
100,0.9,-0.035331534271995695
100,0.9,-0.15167519356679715
100,0.9,-0.07297585209926061
100,0.9,0.29468892559763105
100,0.9,-0.17443170999077953
100,0.9,0.4678678547027821
100,0.9,-0.5912720253231295
100,0.9,0.4309533900746555
100,0.9,0.24875407412717873
100,0.9,-0.4910964468046749
100,0.9,0.5223520865519337
100,0.9,-0.19187670010043475
100,0.9,-0.42101414639854245
100,0.9,-0.36046008406479685
100,0.9,-0.08167191240464142
100,0.9,-0.1847910798007545
100,0.9,-0.431529072641775
100,0.9,0.11765651336531506
100,0.9,-0.38092155507199005
100,0.9,-0.3983845153359729
100,0.9,-0.48659678039753135
100,0.9,-0.6846142369841529
100,0.9,-0.1976115085594399
100,0.9,0.42851369491190233
100,0.9,-0.4924896529971759
100,0.9,-0.0657046530248243
100,0.9,-0.33953816896200634
100,0.9,0.46082554357755495
100,0.9,-0.23050603137060952
100,0.9,0.4230490391193289
100,0.9,-0.4219540039904869
100,0.9,0.1976328223592097
100,0.9,0.1653821126959681
100,0.9,-0.6050463286020221
100,0.9,-0.4536772483828766
100,0.9,0.3018365449009961
100,0.9,-0.5365823955467233
100,0.9,-0.1711814183087303
100,0.9,-0.2290065417594062
100,0.9,0.6096802979456541
100,0.9,0.30755038271103413
100,0.9,-0.36631453044277484
100,0.9,0.3482725059969272
100,0.9,-0.3108514221058921
100,0.9,0.2643376508541611
100,0.9,0.4047628887063445
100,0.9,0.5361892618446464
100,0.9,0.6314913276222489
100,0.9,-0.34754699070244655
100,0.9,0.4672157895190324
100,0.9,0.06190001509095973
100,0.9,0.029948246957364512
100,0.9,-0.17824124651124826
100,0.9,-0.3367594012726043
100,0.9,-0.37904502238489163
100,0.9,0.5644830862433855
100,0.9,0.18301994384392498
100,0.9,0.1658072541998175
100,0.9,-0.05606984822491832
100,0.9,0.47545736595750543
100,0.9,0.12646182863174316
100,0.9,0.20450997691602593
100,0.9,0.4526426546027146
100,0.9,0.499274198158106
100,0.9,-0.25648337748137556
100,0.9,-0.018607783245702194
100,0.9,-0.5851398618727299
100,0.9,0.19743849494108381
100,0.9,-0.20307958114569943
100,0.9,0.6666225201962871
100,0.9,0.37295383119552666
100,0.9,-0.2781887640661366
100,0.9,0.36219412632990744
100,0.9,-0.38757831059105263
100,0.9,0.22669428277661743
100,0.9,0.285748129848794
100,0.9,-0.45566250709495826
100,0.9,-0.49361643574036135
100,0.9,-0.48742232256107904
100,0.9,-0.3690197850597344
100,0.9,0.46078790018589055
100,0.9,0.5304876948631195
100,0.9,0.1252898509036558
100,0.9,-0.44008173391986866
100,0.9,-0.5642298586226882
100,0.9,0.3115456259467283
100,0.9,0.5952684275505994
100,0.9,-0.06936481581044118
100,0.9,0.5082589357045261
100,0.9,0.4825972394450871
100,0.9,0.5052844962570532
100,0.9,0.05318008916274906
100,0.9,-0.43075179164276517
100,0.9,0.4121171776019186
100,0.9,0.20277547108546393
100,0.9,-0.49580518774139254
100,0.9,-0.032207406617016224
100,0.9,0.18629708466313796
100,0.9,-0.5934121325534191
100,0.9,0.40417955243196274
100,0.9,-0.015643995548446945
100,0.9,-0.15362759011496024
100,0.9,-0.04904275896671841
100,0.9,0.23559432783717826
100,0.9,-0.15861448821680754
100,0.9,0.4240962912078506
100,0.9,-0.5885834661587402
100,0.9,0.42470318237100824
100,0.9,0.2758551039740436
100,0.9,-0.4452769709743424
100,0.9,0.5082420924217174
100,0.9,-0.2099504849975108
100,0.9,-0.3972266955939425
100,0.9,-0.3775923639610095
100,0.9,-0.0663926894412236
100,0.9,-0.20564276128098224
100,0.9,-0.4240297273776659
100,0.9,0.1245041241749868
100,0.9,-0.37427224767133876
100,0.9,-0.3668646489245952
100,0.9,-0.5098638427113076
100,0.9,-0.6688665732371929
100,0.9,-0.18291612405316182
100,0.9,0.45906778459445247
100,0.9,-0.4959763244037531
100,0.9,-0.053925822900209135
100,0.9,-0.37878679989286124
100,0.9,0.45150017197302544
100,0.9,-0.21051253638845316
100,0.9,0.4695177546325314
100,0.9,-0.36090681210385744
100,0.9,0.22993196529912796
100,0.9,0.1668048841982005
100,0.9,-0.6337832834882425
100,0.9,-0.36951028243641243
100,0.9,0.28648498736787736
100,0.9,-0.5396507955400859
100,0.9,-0.17013473371964752
100,0.9,-0.22209256218742127
100,0.9,0.6028336062040313
100,0.9,0.31375818836650676
100,0.9,-0.36545300659224794
100,0.9,0.3318765029217738
100,0.9,-0.33209405245909224
100,0.9,0.2747587191066479
100,0.9,0.3796146488689339
100,0.9,0.5551682903603565
100,0.9,0.6576517804422012
100,0.9,-0.3328163309337495
100,0.9,0.48963144213586934
100,0.9,0.0643044534345819
100,0.9,-0.018786297978922707
100,0.9,-0.1293014984416939
100,0.9,-0.3420100544751455
100,0.9,-0.3596858131531397
100,0.9,0.5809959632691761
100,0.9,0.18435341224070467
100,0.9,0.20660005207393492
100,0.9,-0.01575013534213716
100,0.9,0.48417732245189665
100,0.9,0.11470013396360104
100,0.9,0.1637661311176103
100,0.9,0.46386138279819583
100,0.9,0.5067869541471031
100,0.9,-0.24906519086405624
100,0.9,-0.0176332346518014
100,0.9,-0.5636738341700138
100,0.9,0.19228407523222396
100,0.9,-0.1984011525849557
100,0.9,0.6893601863415921
100,0.9,0.37576043631032435
100,0.9,-0.285660081065278
100,0.9,0.3457918198979501
100,0.9,-0.3681591583475418
100,0.9,0.22268718636851006
100,0.9,0.21873413000565597
100,0.9,-0.44449567018895775
100,0.9,-0.5332098610307807
100,0.9,-0.49088681210532964
100,0.9,-0.36923870631242883
100,0.9,0.5035797672544315
100,0.9,0.45778183590357496
100,0.9,0.10955056235675723
100,0.9,-0.45333266239411024
100,0.9,-0.5653851958066625
100,0.9,0.30335578842644406
100,0.9,0.5690764940387035
100,0.9,-0.0812617186328677
100,0.9,0.5137830776645542
100,0.9,0.4547710914671789
100,0.9,0.5076095343432512
100,0.9,0.008033043673688733
100,0.9,-0.3860612076692492
100,0.9,0.443184388884175
100,0.9,0.21858848243706627
100,0.9,-0.50254268226518
100,0.9,0.02705804224116617
100,0.9,0.12980664838009748
100,0.9,-0.5649469002326457
100,0.9,0.3631025299112911
100,0.9,0.0077244767367315335
100,0.9,-0.1577366638218403
100,0.9,-0.026184091331593964
100,0.9,0.2474975771116322
100,0.9,-0.19574032595932508
100,0.9,0.4189522816677192
100,0.9,-0.6035421649679845
100,0.9,0.4556285253641615
100,0.9,0.2897499799922561
100,0.9,-0.39887967777312106
100,0.9,0.4881598187197484
100,0.9,-0.18485267965324176
100,0.9,-0.4154725964736357
100,0.9,-0.3254663096426894
100,0.9,-0.09163259836656149
100,0.9,-0.19126139466202516
100,0.9,-0.37905347835799336
100,0.9,0.12945200751198757
100,0.9,-0.4090310686040124
100,0.9,-0.40120779100995013
100,0.9,-0.4945732689497305
100,0.9,-0.6748285550569803
100,0.9,-0.1488799819402851
100,0.9,0.4856664298606501
100,0.9,-0.48543427483841894
100,0.9,-0.011207424966753166
100,0.9,-0.3769012587595712
100,0.9,0.41414392094564345
100,0.9,-0.21037793645750838
100,0.9,0.4622008332087516
100,0.9,-0.3233630349363342
100,0.9,0.27813155184715754
100,0.9,0.12212938020950562
100,0.9,-0.6053893248949379
100,0.9,-0.3700108726064176
100,0.9,0.30746362994453064
100,0.9,-0.5414152603760931
100,0.9,-0.2078020901598867
100,0.9,-0.2511217295664699
100,0.9,0.5719766695586457
100,0.9,0.284772019414584
100,0.9,-0.3481185504963739
100,0.9,0.35398150594593963
100,0.9,-0.3340246319795665
100,0.9,0.2825019436341422
100,0.9,0.3975785428611863
100,0.9,0.5473281178590297
100,0.9,0.6485190272694445
100,0.9,-0.3383155057327988
100,0.9,0.49139645725654085
100,0.9,0.10779285624052541
100,0.9,-0.016831682000917194
100,0.9,-0.13363060936315777
100,0.9,-0.33113798910533093
100,0.9,-0.3212349309387769
100,0.9,0.5575064325873548
100,0.9,0.14900833694780502
100,0.9,0.22233438127553606
100,0.9,0.02261974626804766
100,0.9,0.4916291666378523
100,0.9,0.11749704139820323
100,0.9,0.09645238871716084
100,0.9,0.4704404231836775
100,0.9,0.47585143033548516
100,0.9,-0.2784611530049316
100,0.9,0.0031628371039305048
100,0.9,-0.5960396955583727
100,0.9,0.1721599127735567
100,0.9,-0.24748873985658595
100,0.9,0.689705970918039
100,0.9,0.3586753537670491
100,0.9,-0.30936294362726896
100,0.9,0.3441033431235301
100,0.9,-0.3554495978502551
100,0.9,0.25014119526480255
100,0.9,0.21678536855637937
100,0.9,-0.43481678181617994
100,0.9,-0.5360470621622975
100,0.9,-0.53025722712752
100,0.9,-0.38410747765797665
100,0.9,0.5251022053178016
100,0.9,0.4461496382887818
100,0.9,0.12137885546840432
100,0.9,-0.4442775773661194
100,0.9,-0.5812996367164389
100,0.9,0.3260624096485261
100,0.9,0.5846357082100949
100,0.9,-0.07329158112990262
100,0.9,0.5509501037366987
100,0.9,0.42849819020179114
100,0.9,0.5079842125380362
100,0.9,0.004783051995957899
100,0.9,-0.4355193628907679
100,0.9,0.4162232444456241
100,0.9,0.1601334778048654
100,0.9,-0.48547445105589554
100,0.9,0.010989064847889907
100,0.9,0.13521568531151007
100,0.9,-0.5642829524464827
100,0.9,0.41477008023039397
100,0.9,0.04552873212883746
100,0.9,-0.19445673056581858
100,0.9,-0.002422108821216218
100,0.9,0.21758679227869604
100,0.9,-0.19815329275401602
100,0.9,0.40942900063185256
100,0.9,-0.5955200337146576
100,0.9,0.44517761425482777
100,0.9,0.26103898840051853
100,0.9,-0.4301418999321343
100,0.9,0.4704873007227986
100,0.9,-0.1848980344144121
100,0.9,-0.40411347055930336
100,0.9,-0.2950175492455536
100,0.9,-0.080097414706997
100,0.9,-0.22447093997251286
100,0.9,-0.3583627126990129
100,0.9,0.11578380696672677
100,0.9,-0.407517704040769
100,0.9,-0.41144285792824276
100,0.9,-0.512321959837813
100,0.9,-0.6756142322765938
100,0.9,-0.13663676211298487
100,0.9,0.4598219947164498
100,0.9,-0.4744942285500203
100,0.9,0.010349158672542758
100,0.9,-0.35770246159238517
100,0.9,0.428488449854559
100,0.9,-0.20871481415761794
100,0.9,0.45266364072718557
100,0.9,-0.3116970488364771
100,0.9,0.26747900765274857
100,0.9,0.10630699459250274
100,0.9,-0.567154761774531
100,0.9,-0.33387123700299076
100,0.9,0.2821881420088416
100,0.9,-0.5751600562758684
100,0.9,-0.20444684886796047
100,0.9,-0.22521756745832625
100,0.9,0.5838322510674131
100,0.9,0.31000376432388693
100,0.9,-0.3483758207545714
100,0.9,0.3888985429768575
100,0.9,-0.3706401136560344
100,0.9,0.30861549324382204
100,0.9,0.3953947752272652
100,0.9,0.5475031753001625
100,0.9,0.5870460272443679
100,0.9,-0.3596294284932115
100,0.9,0.4634675537343493
100,0.9,0.07873344730042552
100,0.9,-0.03042280852916488
100,0.9,-0.10002763996249882
100,0.9,-0.33491290104673127
100,0.9,-0.3447986863898499
100,0.9,0.5401453061791734
100,0.9,0.18638895659215635
100,0.9,0.18195244092702026
100,0.9,0.05231209694123822
100,0.9,0.4628563002688333
100,0.9,0.09210212923071
100,0.9,0.07303789409406246
100,0.9,0.46139995193505395
100,0.9,0.48247431754206976
100,0.9,-0.2493160227223947
100,0.9,-0.04495925259349839
100,0.9,-0.5546481832107809
100,0.9,0.15339274994847243
100,0.9,-0.27341207264045336
100,0.9,0.6936719462797334
100,0.9,0.34201377810047967
100,0.9,-0.2846318707942655
100,0.9,0.3089081866645134
100,0.9,-0.3534721144410831
100,0.9,0.24517095768560868
100,0.9,0.23176911835656433
100,0.9,-0.40998820850488393
100,0.9,-0.5064500730933494
100,0.9,-0.5482113132453758
100,0.9,-0.38456512387240754
100,0.9,0.5440823205339794
100,0.9,0.4363595804864719
100,0.9,0.07422590863153467
100,0.9,-0.4375043445333605
100,0.9,-0.5944503514035492
100,0.9,0.329063462135925
100,0.9,0.5813674806003728
100,0.9,-0.0623871951076204
100,0.9,0.5669568763729816
100,0.9,0.42355859925054584
100,0.9,0.49461190113097436
100,0.9,0.0013925360075822458
100,0.9,-0.42653519599443623
100,0.9,0.41101279590303025
100,0.9,0.17763354973001136
100,0.9,-0.5081837558659664
100,0.9,0.02212025220085223
100,0.9,0.17518968177442654
100,0.9,-0.560216642222442
100,0.9,0.41184290005790686
100,0.9,0.037583066818534516
100,0.9,-0.1443389205194589
100,0.9,-0.01707288270098034
100,0.9,0.23324160186708162
100,0.9,-0.19540122595658208
100,0.9,0.4193663861799492
100,0.9,-0.6077069670327507
100,0.9,0.453888313111331
100,0.9,0.2511053204460151
100,0.9,-0.39031458141609965
100,0.9,0.4256408002958331
100,0.9,-0.2028825577096909
100,0.9,-0.3817325999122436
100,0.9,-0.2313294172156802
100,0.9,-0.036397669451208606
100,0.9,-0.1999141005493251
100,0.9,-0.3537541829820015
100,0.9,0.1173466907003483
100,0.9,-0.37003439903216184
100,0.9,-0.4077286362369306
100,0.9,-0.4960189907389792
100,0.9,-0.6794608630760265
100,0.9,-0.13793292865888135
100,0.9,0.4135414167917629
100,0.9,-0.44817344166196493
100,0.9,0.013111008566305626
100,0.9,-0.36066656746176606
100,0.9,0.43904615316445234
100,0.9,-0.13731142686133116
100,0.9,0.40667166492606593
100,0.9,-0.31918797603653304
100,0.9,0.27960036973543645
100,0.9,0.16360137001451067
100,0.9,-0.5504550511495249
100,0.9,-0.37179875252957423
100,0.9,0.3073360711784452
100,0.9,-0.5196579724200726
100,0.9,-0.2192761661253939
100,0.9,-0.2398411768154388
100,0.9,0.5431575965329988
100,0.9,0.3181037210919062
100,0.9,-0.36251957002735546
100,0.9,0.4048426144706483
100,0.9,-0.4038068842686893
100,0.9,0.2777662941780731
100,0.9,0.4266018025084249
100,0.9,0.53065105307233
100,0.9,0.5676629015341395
100,0.9,-0.3604563085282054
100,0.9,0.45309336995085886
100,0.9,0.06765100831952862
100,0.9,0.00839841275697586
100,0.9,-0.15397644035734404
100,0.9,-0.36681018581162195
100,0.9,-0.3315238122483603
100,0.9,0.5241916937030309
100,0.9,0.21963443748775266
100,0.9,0.17885055883115097
100,0.9,0.06566766960372002
100,0.9,0.4224353718669639
100,0.9,0.11410993329499385
100,0.9,0.08676764474631742
100,0.9,0.43646502082493527
100,0.9,0.46697616371480344
100,0.9,-0.22960049684924191
100,0.9,-0.05600263030712697
100,0.9,-0.533260297009117
100,0.9,0.1080147617814557
100,0.9,-0.26738574885869676
100,0.9,0.6918881875563052
100,0.9,0.3408826086010891
100,0.9,-0.2612365441782815
100,0.9,0.26251552403994943
100,0.9,-0.38955945892759497
100,0.9,0.22203693024096943
100,0.9,0.23006649910614624
100,0.9,-0.4236290879168927
100,0.9,-0.5268667229474205
100,0.9,-0.5634232761641326
100,0.9,-0.4008869328105811
100,0.9,0.5774966107090769
100,0.9,0.39202507366481015
100,0.9,0.04942966579718886
100,0.9,-0.4643937624272024
100,0.9,-0.5561056039792491
100,0.9,0.34369521550754306
100,0.9,0.5901270981143921
100,0.9,-0.02294298356760918
100,0.9,0.5817340471295406
100,0.9,0.3658787547655919
100,0.9,0.516504218785291
100,0.9,0.037441835622073615
100,0.9,-0.42047337332559015
100,0.9,0.3371905589395902
100,0.9,0.17572671883901544
100,0.9,-0.5125648084356003
100,0.9,0.03291250415058646
100,0.9,0.12581313699140892
100,0.9,-0.5921162088033493
100,0.9,0.42019494085431064
100,0.9,0.06503184908756703
100,0.9,-0.11040848623715903
100,0.9,-0.05011002975866038
100,0.9,0.21353056394843475
100,0.9,-0.174547135361528
100,0.9,0.3777537421996882
100,0.9,-0.602127800946608
100,0.9,0.4746159393518331
100,0.9,0.22302427057788596
100,0.9,-0.3742577384046803
100,0.9,0.4012801872303086
100,0.9,-0.20280361917312364
100,0.9,-0.3797614251222255
100,0.9,-0.22338418440965596
100,0.9,0.0194230024325605
100,0.9,-0.20065012310968
100,0.9,-0.37201556364335797
100,0.9,0.14276341631480566
100,0.9,-0.3543423441120404
100,0.9,-0.3792758605302259
100,0.9,-0.484282521463218
100,0.9,-0.7009575093741869
100,0.9,-0.18033455294826514
100,0.9,0.42904760082540544
100,0.9,-0.4088018318491922
100,0.9,-0.003632972102907883
100,0.9,-0.37051178132011
100,0.9,0.4278444194751156
100,0.9,-0.18064273448255366
100,0.9,0.37996806058164595
100,0.9,-0.360126789725559
100,0.9,0.23631470536120264
100,0.9,0.1632747223335393
100,0.9,-0.565534797114885
100,0.9,-0.33861380655966955
100,0.9,0.2820089760696485
100,0.9,-0.5402696487795396
100,0.9,-0.2501755016525283
100,0.9,-0.22419579201123502
100,0.9,0.5464590593281728
100,0.9,0.305171535921038
100,0.9,-0.39941981209960536
100,0.9,0.35024930683130434
100,0.9,-0.37985484703260475
100,0.9,0.250701238659053
100,0.9,0.45375391583701485
100,0.9,0.5164967151849674
100,0.9,0.5603142742406285
100,0.9,-0.3653904214942166
100,0.9,0.39285612983566476
100,0.9,0.0766769454736405
100,0.9,0.008008832521681298
100,0.9,-0.17056135203175093
100,0.9,-0.4187818811998226
100,0.9,-0.3308199594540952
100,0.9,0.5451481474810188
100,0.9,0.2225025398931538
100,0.9,0.15675649703733266
100,0.9,-0.012784239518479068
100,0.9,0.39459359609003086
100,0.9,0.12235010759208702
100,0.9,0.061807952965932
100,0.9,0.44450638257279623
100,0.9,0.45773997781309506
100,0.9,-0.22105669251101748
100,0.9,-0.03162508019354415
100,0.9,-0.5690075742890003
100,0.9,0.06589274007678168
100,0.9,-0.32904865817101636
100,0.9,0.6966528197471893
100,0.9,0.3526562274216413
100,0.9,-0.27062549616959236
100,0.9,0.2343158869455175
100,0.9,-0.3718775154431111
100,0.9,0.23721815717348194
100,0.9,0.2551717560075204
100,0.9,-0.41479920786396257
100,0.9,-0.528254277523679
100,0.9,-0.5457268644906093
100,0.9,-0.4009533275678663
100,0.9,0.5770215641024554
100,0.9,0.3853489191586221
100,0.9,0.007389365384679558
100,0.9,-0.4432503149280441
100,0.9,-0.5741364038374304
100,0.9,0.3110395968631982
100,0.9,0.5878785059519723
100,0.9,0.024293864946117207
100,0.9,0.5642443777480199
100,0.9,0.3380033880724387
100,0.9,0.5137034477495865
100,0.9,0.05362621637333505
100,0.9,-0.4005798904711373
100,0.9,0.2882600968418757
100,0.9,0.1935907076060622
100,0.9,-0.5503293403580726
100,0.9,0.02578951408367951
100,0.9,0.07418186201500834
100,0.9,-0.60573682732691
100,0.9,0.4354509517571425
100,0.9,0.05961010432864895
100,0.9,-0.13972951165147882
100,0.9,-0.037423694252997255
100,0.9,0.1923423624592449
100,0.9,-0.21287811021078742
100,0.9,0.36036847958936274
100,0.9,-0.6147008826201984
100,0.9,0.4970879630989082
100,0.9,0.21713242788641893
100,0.9,-0.3463794503460845
100,0.9,0.37074082464422203
100,0.9,-0.18345107774236394
100,0.9,-0.3768823643677608
100,0.9,-0.19043382035908932
100,0.9,-0.02881548772631386
100,0.9,-0.2663139596157688
100,0.9,-0.39012343659320853
100,0.9,0.18281103393517587
100,0.9,-0.317391083969166
100,0.9,-0.4116644886963565
100,0.9,-0.4746828868759549
100,0.9,-0.6875172373154473
100,0.9,-0.12743396662229242
100,0.9,0.4404563273806376
100,0.9,-0.40536329148558603
100,0.9,0.00919370033525806
100,0.9,-0.370739817242791
100,0.9,0.4377655658130632
100,0.9,-0.1641404544267883
100,0.9,0.3899723283756889
100,0.9,-0.37981299463645674
100,0.9,0.24968032942416896
100,0.9,0.21709324613914802
100,0.9,-0.5815840431151987
100,0.9,-0.3759692732600898
100,0.9,0.2927456028093836
100,0.9,-0.5586911073510076
100,0.9,-0.27304769339194657
100,0.9,-0.20728332782333733
100,0.9,0.4956093029380569
100,0.9,0.3291634286000598
100,0.9,-0.3580246570572704
100,0.9,0.3303312306802579
100,0.9,-0.4128704649177042
100,0.9,0.28061428451006637
100,0.9,0.44113346394631103
100,0.9,0.552504867650249
100,0.9,0.5607422759907511
100,0.9,-0.35294355121695714
100,0.9,0.3520817639891741
100,0.9,0.08278448634561575
100,0.9,0.008200105879526109
100,0.9,-0.18894272819405986
100,0.9,-0.3793325760967627
100,0.9,-0.2616134996146966
100,0.9,0.5240708380991586
100,0.9,0.2377525267975506
100,0.9,0.1251957840555807
100,0.9,0.005645484583945382
100,0.9,0.37452888414441987
100,0.9,0.13863556675344713
100,0.9,0.02032535407369043
100,0.9,0.4556824595321206
100,0.9,0.43065952837766824
100,0.9,-0.25380056201604745
100,0.9,0.0019368895561308497
100,0.9,-0.5198121543638433
100,0.9,0.03865206785441191
100,0.9,-0.3505808775519061
100,0.9,0.6502304955187357
100,0.9,0.3407236524802364
100,0.9,-0.24922818398678986
100,0.9,0.21718235096531377
100,0.9,-0.40564214639671453
100,0.9,0.21331495763403727
100,0.9,0.2780424528823768
100,0.9,-0.4243563107885046
100,0.9,-0.5313003329959212
100,0.9,-0.560348946526703
100,0.9,-0.36131207088327766
100,0.9,0.5734705981504189
100,0.9,0.29832888763569615
100,0.9,0.002941984363915462
100,0.9,-0.4397772396436754
100,0.9,-0.5574219724654507
100,0.9,0.2699540693926981
100,0.9,0.5851084964068243
100,0.9,0.034498411717695125
100,0.9,0.5792658155067261
100,0.9,0.2693188436943152
100,0.9,0.500280937197864
100,0.9,0.0684257550765647
100,0.9,-0.3999113152004952
100,0.9,0.29485609826026254
100,0.9,0.13868324351995667
100,0.9,-0.5831608568628002
100,0.9,0.0031187739459130003
100,0.9,0.08613253925455754
100,0.9,-0.6175437799732753
100,0.9,0.4323680012323378
100,0.9,0.1059237338718172
100,0.9,-0.1325544927312509
100,0.9,-0.0716596195039181
100,0.9,0.15483248051364443
100,0.9,-0.2616245934221042
100,0.9,0.39526669625895783
100,0.9,-0.5889851223586322
100,0.9,0.5038670982630014
100,0.9,0.2145621607144885
100,0.9,-0.3515397773940455
100,0.9,0.3485419752356446
100,0.9,-0.20151350274188723
100,0.9,-0.372160941029137
100,0.9,-0.19012571914205276
100,0.9,0.006444274650279769
100,0.9,-0.2894945535351232
100,0.9,-0.3718531250893592
100,0.9,0.11597284180841035
100,0.9,-0.3372649151077007
100,0.9,-0.39200066116589755
100,0.9,-0.4639095552824668
100,0.9,-0.6742121415860257
100,0.9,-0.13300306257285102
100,0.9,0.4496247386067687
100,0.9,-0.4173148068553657
100,0.9,-0.008400354844592783
100,0.9,-0.4025535701152779
100,0.9,0.4616123412143865
100,0.9,-0.11625874188915396
100,0.9,0.3867776779618953
100,0.9,-0.3772629842814322
100,0.9,0.2594830279922242
100,0.9,0.19682372230274348
100,0.9,-0.5598118084137563
100,0.9,-0.35904272741328735
100,0.9,0.2682080099785159
100,0.9,-0.5569874174480163
100,0.9,-0.21587165090666233
100,0.9,-0.17114099988487777
100,0.9,0.532026608886343
100,0.9,0.2659736471119521
100,0.9,-0.34297167920920935
100,0.9,0.299707009249256
100,0.9,-0.40797711549259735
100,0.9,0.31964868565045695
100,0.9,0.4493162484811194
100,0.9,0.5676922431335809
100,0.9,0.5745498189354681
100,0.9,-0.37023714778777667
100,0.9,0.3365745800417598
100,0.9,0.06028593214699125
100,0.9,-0.026342971529490066
100,0.9,-0.18946560885353472
100,0.9,-0.3625068906872888
100,0.9,-0.2378359902092214
100,0.9,0.5266295207970819
100,0.9,0.24884466855968876
100,0.9,0.14756884859854835
100,0.9,0.0057064282750592275
100,0.9,0.37222744028040483
100,0.9,0.10909476905104291
100,0.9,0.03542298083077105
100,0.9,0.4160613637956831
100,0.9,0.4254539152807734
100,0.9,-0.2796130558731268
100,0.9,0.05043415933764075
100,0.9,-0.5048000802327339
100,0.9,0.03541282738370033
100,0.9,-0.3523291579467686
100,0.9,0.6410051740221234
100,0.9,0.30906305249810584
100,0.9,-0.22766032317533844
100,0.9,0.24759747411180877
100,0.9,-0.40208051546453316
100,0.9,0.19625063610282453
100,0.9,0.2691941052606114
100,0.9,-0.4341746875155492
100,0.9,-0.4992595229354936
100,0.9,-0.5240346910433495
100,0.9,-0.37770346599378424
100,0.9,0.5692478455797207
100,0.9,0.2704861378988018
100,0.9,0.001410343716380802
100,0.9,-0.44900680595092507
100,0.9,-0.5562553011012736
100,0.9,0.26180954794591976
100,0.9,0.5818502837675701
100,0.9,0.0310743874148951
100,0.9,0.5572294904544064
100,0.9,0.29354977292943213
100,0.9,0.5184979060217075
100,0.9,0.07879320411005526
100,0.9,-0.41310369691268456
100,0.9,0.30001945446626427
100,0.9,0.09198777695089433
100,0.9,-0.5958450846351833
100,0.9,0.03670187217786356
100,0.9,0.09429645605220825
100,0.9,-0.6268740920132098
100,0.9,0.44156745017685634
100,0.9,0.1276963322188183
100,0.9,-0.134577839175167
100,0.9,-0.08203178840962862
100,0.9,0.12597935147838338
100,0.9,-0.28692222422444214
100,0.9,0.3900276599699561
100,0.9,-0.5850353789962313
100,0.9,0.5243135404262744
100,0.9,0.21143927121975795
100,0.9,-0.3364542212433013
100,0.9,0.3003512923836935
100,0.9,-0.1986834486826437
100,0.9,-0.3712083055066645
100,0.9,-0.2388260649561673
100,0.9,-0.004261409661717686
100,0.9,-0.2891272408519935
100,0.9,-0.34786652595399065
100,0.9,0.10211986236588204
100,0.9,-0.3208976168593019
100,0.9,-0.4052592051557891
100,0.9,-0.433703239282822
100,0.9,-0.6804159476869556
100,0.9,-0.12003135883339767
100,0.9,0.45308589955809087
100,0.9,-0.3895307470991021
100,0.9,0.011872871475321746
100,0.9,-0.417987383489365
100,0.9,0.4278236738912684
100,0.9,-0.1104892296036593
100,0.9,0.42108012870588774
100,0.9,-0.36132662688887446
100,0.9,0.22832406689823595
100,0.9,0.1951093592618641
100,0.9,-0.5612369816071725
100,0.9,-0.35861408934649075
100,0.9,0.24146155928050703
100,0.9,-0.5578351540861217
100,0.9,-0.19488815333092194
100,0.9,-0.20662810748764604
100,0.9,0.5358441362982101
100,0.9,0.24484128189472584
100,0.9,-0.3629452463006515
100,0.9,0.28649960122695606
100,0.9,-0.42432909089110327
100,0.9,0.3021664987769355
100,0.9,0.47781935170120776
100,0.9,0.5669826447836089
100,0.9,0.5861552647110926
100,0.9,-0.4220250160264033
100,0.9,0.32087479912243644
100,0.9,0.08667584358865481
100,0.9,0.013044327284303981
100,0.9,-0.19177444894582718
100,0.9,-0.37223500895967765
100,0.9,-0.2300440966540955
100,0.9,0.4958613106148336
100,0.9,0.22914343504601278
100,0.9,0.11347022206586625
100,0.9,0.0772611468704124
100,0.9,0.33201194428192565
100,0.9,0.06344561354063967
100,0.9,0.009764504530560148
100,0.9,0.3741574960423915
100,0.9,0.45459716725961513
100,0.9,-0.26296491851041065
100,0.9,0.008691785503560178
100,0.9,-0.5434335202471805
100,0.9,0.050729160905523506
100,0.9,-0.3726727441161427
100,0.9,0.6663236535384165
100,0.9,0.3115411124778053
100,0.9,-0.22823343602160354
100,0.9,0.2430754705370818
100,0.9,-0.3816696446552108
100,0.9,0.2138779183834
100,0.9,0.24290881461233202
100,0.9,-0.4617521389137034
100,0.9,-0.451694166889422
100,0.9,-0.5090620439693425
100,0.9,-0.359788869311622
100,0.9,0.5501818784531003
100,0.9,0.2938651381614476
100,0.9,0.017668124536919017
100,0.9,-0.4546199980594114
100,0.9,-0.5547687661620287
100,0.9,0.2911051201625977
100,0.9,0.579629456687603
100,0.9,0.044451453224962
100,0.9,0.5373332063254853
100,0.9,0.24444378954541973
100,0.9,0.48739048249846534
100,0.9,0.016107868711533312
100,0.9,-0.4246231129644786
100,0.9,0.3040048533590592
100,0.9,0.14837044103546734
100,0.9,-0.59342392845595
100,0.9,0.028919538129937816
100,0.9,0.05144981821635879
100,0.9,-0.6333644895205071
100,0.9,0.4305814509435476
100,0.9,0.1540036269067764
100,0.9,-0.1368568041603407
100,0.9,-0.1114386919591698
100,0.9,0.11084788310041915
100,0.9,-0.29810552330232387
100,0.9,0.34649653791298857
100,0.9,-0.5665176988008435
100,0.9,0.5279380630198454
100,0.9,0.20716531717360184
100,0.9,-0.34162767929465
100,0.9,0.35897097122643584
100,0.9,-0.1780062718193681
100,0.9,-0.3669731986757786
100,0.9,-0.1882737152595421
100,0.9,-0.015893928334899055
100,0.9,-0.3058349730598724
100,0.9,-0.345061758694888
100,0.9,0.065873245870578
100,0.9,-0.2829915303193315
100,0.9,-0.3894366828860723
100,0.9,-0.4117222660743734
100,0.9,-0.6507674198916378
100,0.9,-0.12980955555576948
100,0.9,0.4678503027056642
100,0.9,-0.376454516091926
100,0.9,-0.04387412037929319
100,0.9,-0.3827094560472852
100,0.9,0.4422491386527327
100,0.9,-0.05992893194000478
100,0.9,0.3752699452842635
100,0.9,-0.3489594477929151
100,0.9,0.28242907602082495
100,0.9,0.2043494688746897
100,0.9,-0.5805735672211922
100,0.9,-0.3443083484117704
100,0.9,0.19291061489671835
100,0.9,-0.5537603759713053
100,0.9,-0.16210432949456877
100,0.9,-0.18099075939231068
100,0.9,0.5416968664380144
100,0.9,0.19697934043025886
100,0.9,-0.4031887430570326
100,0.9,0.3110767472880556
100,0.9,-0.4578938166939881
100,0.9,0.3040714623976556
100,0.9,0.45827109402072747
100,0.9,0.5242354574677555
100,0.9,0.5731932998342402
100,0.9,-0.4054801211250927
100,0.9,0.32637212521069864
100,0.9,0.05533428481632052
100,0.9,2.319766606206919e-6
100,0.9,-0.1732860640064143
100,0.9,-0.356770010889433
100,0.9,-0.2605189361444644
100,0.9,0.4639728271202625
100,0.9,0.17706811707503142
100,0.9,0.09601464541444
100,0.9,0.04368553682831722
100,0.9,0.3433692149154823
100,0.9,0.08699840899417992
100,0.9,-0.05429670175820963
100,0.9,0.36294457443828
100,0.9,0.4048065394867915
100,0.9,-0.23666015376706354
100,0.9,0.0010632847882041886
100,0.9,-0.5806826742605337
100,0.9,0.02219824756498745
100,0.9,-0.3559512162578588
100,0.9,0.6508511130261805
100,0.9,0.3037118974218655
100,0.9,-0.25035794533046496
100,0.9,0.2804572067155273
100,0.9,-0.38546734134626054
100,0.9,0.20584991779409376
100,0.9,0.23702431096782772
100,0.9,-0.4837772305230709
100,0.9,-0.45372341407869776
100,0.9,-0.5499018563486392
100,0.9,-0.38151379541445807
100,0.9,0.5070214727857258
100,0.9,0.3222750135613938
100,0.9,0.06281083962843818
100,0.9,-0.469966854510865
100,0.9,-0.5588438021487521
100,0.9,0.33885092014826806
100,0.9,0.5353618141933291
100,0.9,0.05930877276179141
100,0.9,0.5752196371040481
100,0.9,0.24402068675689806
100,0.9,0.4688211372790541
100,0.9,0.007958574832425036
100,0.9,-0.43756661464266366
100,0.9,0.30459054895569715
100,0.9,0.12160270589019638
100,0.9,-0.5698851407629747
100,0.9,0.04153022194427904
100,0.9,0.01793491802417686
100,0.9,-0.5932471464149952
100,0.9,0.4101146871169353
100,0.9,0.12591443118017592
100,0.9,-0.16373534743379345
100,0.9,-0.1626364038648243
100,0.9,0.10338491475708111
100,0.9,-0.3081390216407077
100,0.9,0.2930089104085922
100,0.9,-0.5244366172287722
100,0.9,0.5141513822294289
100,0.9,0.22952425635593635
100,0.9,-0.3632316687373925
100,0.9,0.3388793461950469
100,0.9,-0.18959134779727582
100,0.9,-0.37262787992906343
100,0.9,-0.11719118211413913
100,0.9,-0.008981538485225994
100,0.9,-0.25502453337888614
100,0.9,-0.3806890813113926
100,0.9,0.09031682257798489
100,0.9,-0.28666892934127247
100,0.9,-0.3379393771249996
100,0.9,-0.3529734530201189
100,0.9,-0.6422953546204248
100,0.9,-0.09761731186326933
100,0.9,0.44370055290815436
100,0.9,-0.35944692348653556
100,0.9,-0.019064607144955104
100,0.9,-0.4165385976000562
100,0.9,0.43671370221326306
100,0.9,-0.08674713230646364
100,0.9,0.31054333518633576
100,0.9,-0.3503051719416344
100,0.9,0.276882433653397
100,0.9,0.21978939811179257
100,0.9,-0.5621944851544185
100,0.9,-0.3403425582749746
100,0.9,0.21348727734968695
100,0.9,-0.5350401620247929
100,0.9,-0.200894510417801
100,0.9,-0.14727917394195147
100,0.9,0.5598352278902444
100,0.9,0.18344943972018923
100,0.9,-0.4009358417498716
100,0.9,0.33382659948612387
100,0.9,-0.4683313603592612
100,0.9,0.27428111016618967
100,0.9,0.4682258629338315
100,0.9,0.5278847689449857
100,0.9,0.5530780858415343
100,0.9,-0.4166936891411528
100,0.9,0.31622218679167663
100,0.9,0.09872894665854466
100,0.9,-0.052547959913113916
100,0.9,-0.19482954127810953
100,0.9,-0.34073170909005146
100,0.9,-0.22003725938578242
100,0.9,0.4895673751802379
100,0.9,0.21014913189253473
100,0.9,0.089951548177195
100,0.9,0.060107101494984105
100,0.9,0.36479477171244173
100,0.9,0.10903021108498614
100,0.9,-0.10388114006925549
100,0.9,0.3968587777543623
100,0.9,0.36844076694076716
100,0.9,-0.23084168877625452
100,0.9,0.013793338850831628
100,0.9,-0.6112723018411694
100,0.9,-0.02998233856631426
100,0.9,-0.33917482281186323
100,0.9,0.6747188178148562
100,0.9,0.26882327643280496
100,0.9,-0.22478066192267304
100,0.9,0.2726490412990254
100,0.9,-0.3618329274392976
100,0.9,0.21872233468637667
100,0.9,0.24909308041556938
100,0.9,-0.5236501045658289
100,0.9,-0.4612285789218281
100,0.9,-0.5672646650365827
100,0.9,-0.3516614222854354
100,0.9,0.5289387243940903
100,0.9,0.32617702526341774
100,0.9,0.043719328459358955
100,0.9,-0.4579744624631981
100,0.9,-0.5762664245135728
100,0.9,0.3090445045217568
100,0.9,0.48941263531631995
100,0.9,0.03629724054759562
100,0.9,0.5901603469339324
100,0.9,0.25924088968650616
100,0.9,0.4791387620490999
100,0.9,0.006965380457411441
100,0.9,-0.41583769754341454
100,0.9,0.3297278066486697
100,0.9,0.11152792625519396
100,0.9,-0.5797853367667051
100,0.9,0.07188018738653897
100,0.9,0.06871400815636171
100,0.9,-0.6064576082879517
100,0.9,0.36966609924947835
100,0.9,0.16217340932763827
100,0.9,-0.1597626124438344
100,0.9,-0.19802681801405764
100,0.9,0.06134574523410883
100,0.9,-0.31250204308268453
100,0.9,0.26515097088882517
100,0.9,-0.5249388897864329
100,0.9,0.5349422449418355
100,0.9,0.24104516855422697
100,0.9,-0.3989235457768868
100,0.9,0.3423437240248139
100,0.9,-0.1368628977208113
100,0.9,-0.368631546979824
100,0.9,-0.0917741664213601
100,0.9,-0.00401359306255118
100,0.9,-0.2526488860211512
100,0.9,-0.4092804428577284
100,0.9,0.1503251158483699
100,0.9,-0.2952358445712928
100,0.9,-0.3221997014039515
100,0.9,-0.2993672022235513
100,0.9,-0.6183487610701801
100,0.9,-0.12035252300495033
100,0.9,0.41877922937284745
100,0.9,-0.3775295890052519
100,0.9,-0.0019421532838804212
100,0.9,-0.3897848477895168
100,0.9,0.426861395149004
100,0.9,-0.09882458365113056
100,0.9,0.3252031744961581
100,0.9,-0.38499690297151645
100,0.9,0.26696674569259565
100,0.9,0.23577110790303593
100,0.9,-0.5293498383128905
100,0.9,-0.2803117178796118
100,0.9,0.2606059618292275
100,0.9,-0.5327546264282097
100,0.9,-0.1619696862144389
100,0.9,-0.13383828258444835
100,0.9,0.5440121438570459
100,0.9,0.1854500169208756
100,0.9,-0.39546596973161874
100,0.9,0.3299113054751586
100,0.9,-0.4720276365285303
100,0.9,0.24919417726971194
100,0.9,0.45635713705388253
100,0.9,0.4943969617537363
100,0.9,0.5337513734400429
100,0.9,-0.461628138721671
100,0.9,0.27079983583659145
100,0.9,0.12151787637967255
100,0.9,-0.04740078871386969
100,0.9,-0.19249659048846612
100,0.9,-0.2936667011891118
100,0.9,-0.26684503425494865
100,0.9,0.4970710309862444
100,0.9,0.2435045753150741
100,0.9,0.0460086368329732
100,0.9,0.018292272021347977
100,0.9,0.34903638466078246
100,0.9,0.1289969827293003
100,0.9,-0.10924129813567877
100,0.9,0.34436573834401135
100,0.9,0.3859346992554693
100,0.9,-0.24053933803676505
100,0.9,0.01220034061282893
100,0.9,-0.5909236930597488
100,0.9,-0.031625756516495095
100,0.9,-0.30760892200993534
100,0.9,0.6441765343135687
100,0.9,0.2793474180228948
100,0.9,-0.20427496591896374
100,0.9,0.2988015684628745
100,0.9,-0.3801871293702851
100,0.9,0.23070199509752437
100,0.9,0.22529703149916144
100,0.9,-0.5101841631366081
100,0.9,-0.45120403209309057
100,0.9,-0.5131275953869254
100,0.9,-0.3363119878244769
100,0.9,0.5123287223528025
100,0.9,0.3155590757218933
100,0.9,0.039240798718673676
100,0.9,-0.45892718393413096
100,0.9,-0.5581606782822294
100,0.9,0.2642326991707453
100,0.9,0.512074506924179
100,0.9,0.017100308907886785
100,0.9,0.5698641004895894
100,0.9,0.2660001173078313
100,0.9,0.4860886733172128
100,0.9,0.023110468680897212
100,0.9,-0.37882486055980236
100,0.9,0.29910380675520093
100,0.9,0.13687160070906387
100,0.9,-0.5260064676267406
100,0.9,0.04495485701261901
100,0.9,0.04744790022030659
100,0.9,-0.5985469094043881
100,0.9,0.3672442128839481
100,0.9,0.14408179983232863
100,0.9,-0.17657728995958927
100,0.9,-0.21622546343077761
100,0.9,0.01879581326855453
100,0.9,-0.3200529385840598
100,0.9,0.2553844657259716
100,0.9,-0.5083220992343419
100,0.9,0.5376282893282461
100,0.9,0.2551874825763766
100,0.9,-0.3925847038606678
100,0.9,0.3790468855803946
100,0.9,-0.12274158221773047
100,0.9,-0.3670684851646053
100,0.9,-0.08306910984789642
100,0.9,0.007658127724074726
100,0.9,-0.27537165094425675
100,0.9,-0.37500536874724943
100,0.9,0.08593148487598737
100,0.9,-0.30237912113462245
100,0.9,-0.34370349762990837
100,0.9,-0.3230747412828855
100,0.9,-0.6444422098548788
100,0.9,-0.10969207660689162
100,0.9,0.39778692975123325
100,0.9,-0.4259336186222098
100,0.9,0.028403524365471267
100,0.9,-0.3370568781488528
100,0.9,0.4207211440739404
100,0.9,-0.08777418726509821
100,0.9,0.32338874375714377
100,0.9,-0.40080864493339347
100,0.9,0.26127632952223995
100,0.9,0.2446495499857168
100,0.9,-0.5136117819115845
100,0.9,-0.23562061012548038
100,0.9,0.24791484919266063
100,0.9,-0.5031673189077407
100,0.9,-0.1984063546067418
100,0.9,-0.09024130323674727
100,0.9,0.5557159468530795
100,0.9,0.1320103767316456
100,0.9,-0.3720442583020802
100,0.9,0.35066632265899766
100,0.9,-0.49040041091771475
100,0.9,0.22232365170906496
100,0.9,0.4128760541355612
100,0.9,0.515686787953873
100,0.9,0.5676823080807727
100,0.9,-0.4353246230819926
100,0.9,0.2789808724425543
100,0.9,0.11081007430335658
100,0.9,-0.022796575769857854
100,0.9,-0.21022879046932644
100,0.9,-0.2856554028587116
100,0.9,-0.24311536999722794
100,0.9,0.48660044717205
100,0.9,0.25114828122702093
100,0.9,0.05254687252706671
100,0.9,0.03742188974304799
100,0.9,0.33350297426100345
100,0.9,0.13330918093556995
100,0.9,-0.13450027479459611
100,0.9,0.3242382632803356
100,0.9,0.3781203891890391
100,0.9,-0.2523391849237077
100,0.9,-0.00890158371956804
100,0.9,-0.6037470910799386
100,0.9,-0.04653055277167371
100,0.9,-0.34667988597880184
100,0.9,0.6515901012775163
100,0.9,0.2890477376482352
100,0.9,-0.2153929763677211
100,0.9,0.30184846818649524
100,0.9,-0.35988326793136494
100,0.9,0.2057047736872196
100,0.9,0.23999044979072295
100,0.9,-0.5303242187195669
100,0.9,-0.49278252699996417
100,0.9,-0.5326821306958538
100,0.9,-0.3418551335214255
100,0.9,0.5269678212825096
100,0.9,0.3158273812483156
100,0.9,0.01635274208816653
100,0.9,-0.45332071793988354
100,0.9,-0.5556670993469041
100,0.9,0.2723293935748017
100,0.9,0.5267371575247131
100,0.9,0.01949767620010754
100,0.9,0.5529172513259331
100,0.9,0.27754370059962125
100,0.9,0.47759240839895395
100,0.9,-0.031036350174244286
100,0.9,-0.35847590152296244
100,0.9,0.30228612460200927
100,0.9,0.14374874737794083
100,0.9,-0.5288698396190612
100,0.9,0.055593038482581014
100,0.9,0.06415190867451125
100,0.9,-0.557639771821257
100,0.9,0.36577450070475487
100,0.9,0.16397611474761573
100,0.9,-0.178747389981827
100,0.9,-0.1973724898226538
100,0.9,0.052434070047647066
100,0.9,-0.30892279459093597
100,0.9,0.23328004564029922
100,0.9,-0.5288354106464495
100,0.9,0.5712000488893434
100,0.9,0.28217269087619773
100,0.9,-0.4016912580456577
100,0.9,0.3746594950080668
100,0.9,-0.12597581708805985
100,0.9,-0.35055725069378774
100,0.9,-0.06098096940175098
100,0.9,-0.02264643709674028
100,0.9,-0.2678498794089713
100,0.9,-0.39166110188060904
100,0.9,0.11456928709473915
100,0.9,-0.3246837344673732
100,0.9,-0.34843859544662376
100,0.9,-0.3189506511487636
100,0.9,-0.6509178487668265
100,0.9,-0.08095289483972977
100,0.9,0.3828407617294824
100,0.9,-0.41645938925222514
100,0.9,0.04335361543513629
100,0.9,-0.34334416992140016
100,0.9,0.3979170954184323
100,0.9,-0.10107378054918967
100,0.9,0.31276439032250297
100,0.9,-0.4084658071283421
100,0.9,0.25917884182580314
100,0.9,0.2924344747825218
100,0.9,-0.47471877245561794
100,0.9,-0.2325904461512486
100,0.9,0.21755177721924993
100,0.9,-0.4908683527066285
100,0.9,-0.1816519720231059
100,0.9,-0.13448809350715038
100,0.9,0.5387592216177809
100,0.9,0.13994451917660045
100,0.9,-0.3474231107260463
100,0.9,0.3709373437020203
100,0.9,-0.487124566201109
100,0.9,0.16227113566403972
100,0.9,0.38390437830738305
100,0.9,0.4852475189964975
100,0.9,0.5654560474717415
100,0.9,-0.4641637594886556
100,0.9,0.2484808048059936
100,0.9,0.1197946258709479
100,0.9,0.012867331025730788
100,0.9,-0.19255787205067826
100,0.9,-0.2382422048621135
100,0.9,-0.22588417006540856
100,0.9,0.4662826499946013
100,0.9,0.23319909149699755
100,0.9,0.050779078056489006
100,0.9,0.10413522716638127
100,0.9,0.3011294409612047
100,0.9,0.17691043522599176
100,0.9,-0.1445615850146987
100,0.9,0.29617720710533957
100,0.9,0.3645077651966569
100,0.9,-0.20863255896349678
100,0.9,-0.011483563015025589
100,0.9,-0.6325356494198927
100,0.9,-0.09772595956555495
100,0.9,-0.35755467597289703
100,0.9,0.6436180263738206
100,0.9,0.29686717046508904
100,0.9,-0.1589084152056928
100,0.9,0.2751946740668231
100,0.9,-0.37900785752166904
100,0.9,0.16943413032164317
100,0.9,0.1892138297817211
100,0.9,-0.5193426966618472
100,0.9,-0.4852965025175216
100,0.9,-0.5104787991059522
100,0.9,-0.34533521664743916
100,0.9,0.5473182947070386
100,0.9,0.2862279076898485
100,0.9,0.030801073609843167
100,0.9,-0.4609574889166069
100,0.9,-0.5226314588458879
100,0.9,0.26636376768765824
100,0.9,0.5286482609119247
100,0.9,0.0027950660878015565
100,0.9,0.4784897085250404
100,0.9,0.32213211611169473
100,0.9,0.43269014007144874
100,0.9,-0.00823363754856642
100,0.9,-0.3776746395250007
100,0.9,0.3110051557008473
100,0.9,0.15074152567012536
100,0.9,-0.517294472425885
100,0.9,0.030717397010743077
100,0.9,0.11332156696868238
100,0.9,-0.5320914863645848
100,0.9,0.36758883455282293
100,0.9,0.1453631189786456
100,0.9,-0.14800422175260447
100,0.9,-0.20667265566908496
100,0.9,0.011430932879256983
100,0.9,-0.2969828191967995
100,0.9,0.21585815016871893
100,0.9,-0.5075208372823488
100,0.9,0.5522899603764151
100,0.9,0.307664992038645
100,0.9,-0.40226484212912506
100,0.9,0.3740561140755117
100,0.9,-0.0902892002731888
100,0.9,-0.3729438517455216
100,0.9,-0.060302342464799784
100,0.9,0.013360370796056653
100,0.9,-0.2798734879391101
100,0.9,-0.4078538615883935
100,0.9,0.15488733370400753
100,0.9,-0.36194975611857905
100,0.9,-0.31201232129772033
100,0.9,-0.31962315695991667
100,0.9,-0.6739707023731896
100,0.9,-0.07630060583936774
100,0.9,0.350092579746229
100,0.9,-0.4454278202775726
100,0.9,0.059011943566660306
100,0.9,-0.37888314575811094
100,0.9,0.3910100996270003
100,0.9,-0.14385376954389317
100,0.9,0.2972145995478035
100,0.9,-0.40498489069170296
100,0.9,0.254358950032952
100,0.9,0.3110639796125889
100,0.9,-0.46171036976384083
100,0.9,-0.1969170450381537
100,0.9,0.2014797042976296
100,0.9,-0.508004181292747
100,0.9,-0.16622039552079734
100,0.9,-0.12293429382314502
100,0.9,0.5373276268075254
100,0.9,0.14004157798997885
100,0.9,-0.3150741356127551
100,0.9,0.387132021171001
100,0.9,-0.4589140283492397
100,0.9,0.1282004587399106
100,0.9,0.3996021151673676
100,0.9,0.5076531686744075
100,0.9,0.5806346580191195
100,0.9,-0.4679872945195407
100,0.9,0.26061670872225723
100,0.9,0.11155717827477955
100,0.9,0.031155478904195566
100,0.9,-0.20998476609351918
100,0.9,-0.2332218365049472
100,0.9,-0.25609161261374497
100,0.9,0.4200713939730142
100,0.9,0.24438875378867
100,0.9,0.03213889447978895
100,0.9,0.06457667479234899
100,0.9,0.27221050558730775
100,0.9,0.17988642731846682
100,0.9,-0.13243299999895472
100,0.9,0.32088562523754344
100,0.9,0.3815784488839041
100,0.9,-0.240244936276951
100,0.9,-0.013375691070206053
100,0.9,-0.6572897977533564
100,0.9,-0.03608403020683961
100,0.9,-0.35417703479262724
100,0.9,0.6504748687875396
100,0.9,0.2525083281066218
100,0.9,-0.16197610296892317
100,0.9,0.2838518048335283
100,0.9,-0.35939437757582354
100,0.9,0.16765928233499344
100,0.9,0.21907223138259463
100,0.9,-0.5365797432238081
100,0.9,-0.46036598926031563
100,0.9,-0.46680879992651964
100,0.9,-0.38088627565642297
100,0.9,0.5640703200452506
100,0.9,0.2724409254308418
100,0.9,0.0458810570793095
100,0.9,-0.4458814841270826
100,0.9,-0.541577179788197
100,0.9,0.2724084816642859
100,0.9,0.5460304385957014
100,0.9,-0.0017467385211268006
100,0.9,0.4301181477969164
100,0.9,0.25877958911532023
100,0.9,0.42135194007205895
100,0.9,-0.009264371122483085
100,0.9,-0.3931405160270677
100,0.9,0.3344323301398254
100,0.9,0.10367016670745755
100,0.9,-0.4893699434187822
100,0.9,0.02740987039873839
100,0.9,0.13286948592159792
100,0.9,-0.4634819976919029
100,0.9,0.3513004536532125
100,0.9,0.15088716951859366
100,0.9,-0.1837200001895669
100,0.9,-0.2373447968461441
100,0.9,0.010837580709315887
100,0.9,-0.30604907620735505
100,0.9,0.16175348807932108
100,0.9,-0.5131464453816844
100,0.9,0.5506938620559573
100,0.9,0.28056075938251657
100,0.9,-0.4172458224872432
100,0.9,0.3753101249625888
100,0.9,-0.04710670155826733
100,0.9,-0.35670344529330195
100,0.9,-0.07486135814656424
100,0.9,0.02601246638477115
100,0.9,-0.2506457868125067
100,0.9,-0.43776130439690847
100,0.9,0.19013847472350415
100,0.9,-0.3151677534719861
100,0.9,-0.28601937768549834
100,0.9,-0.319832852473105
100,0.9,-0.6794736215638655
100,0.9,-0.07272473417562761
100,0.9,0.3370393151614827
100,0.9,-0.4710787842081037
100,0.9,0.05703741615306617
100,0.9,-0.3931868636924625
100,0.9,0.37200037214952003
100,0.9,-0.16636217853362473
100,0.9,0.27225472420933033
100,0.9,-0.41615001198500967
100,0.9,0.2276374876615918
100,0.9,0.31232652277986234
100,0.9,-0.4865258279266703
100,0.9,-0.19035133054593625
100,0.9,0.17957895648083852
100,0.9,-0.47572873273152577
100,0.9,-0.15302084549586
100,0.9,-0.12580319609704624
100,0.9,0.5705868766581234
100,0.9,0.1085497436034603
100,0.9,-0.28957265524527354
100,0.9,0.38712220934145175
100,0.9,-0.45269839282934954
100,0.9,0.11383058053148801
100,0.9,0.3805779887499316
100,0.9,0.45795762983109967
100,0.9,0.5941408724291336
100,0.9,-0.46831456073616917
100,0.9,0.24920689400634166
100,0.9,0.13049517793334806
100,0.9,0.00030776819879838605
100,0.9,-0.235150327072662
100,0.9,-0.24162546012791689
100,0.9,-0.2527206472567905
100,0.9,0.39839657005841794
100,0.9,0.20525046379238182
100,0.9,0.00949583058270107
100,0.9,0.029689715782580662
100,0.9,0.29555184093594566
100,0.9,0.17488252346228714
100,0.9,-0.14978053285936646
100,0.9,0.3268376553664838
100,0.9,0.4138955059356363
100,0.9,-0.21588788987977542
100,0.9,-0.0480161302428782
100,0.9,-0.6325048840561339
100,0.9,-0.04651445953780997
100,0.9,-0.3736024689042624
100,0.9,0.67335783230071
100,0.9,0.24702663966379276
100,0.9,-0.14353415814543163
100,0.9,0.32382989286585223
100,0.9,-0.3237866345672948
100,0.9,0.18565860306307694
100,0.9,0.21211439654872477
100,0.9,-0.5364217295144392
100,0.9,-0.5006830866926356
100,0.9,-0.4274368346695888
100,0.9,-0.3320135675582039
100,0.9,0.563059530484075
100,0.9,0.2931799721726916
100,0.9,0.07202114759161193
100,0.9,-0.44033097410875677
100,0.9,-0.5744467199316746
100,0.9,0.2642380609902231
100,0.9,0.49406281182298695
100,0.9,-0.01934612540754659
100,0.9,0.4394687710535194
100,0.9,0.21734445151890927
100,0.9,0.39670360756656003
100,0.9,0.0037691524271222356
100,0.9,-0.35858569709678734
100,0.9,0.3237106458948686
100,0.9,0.11245836144142511
100,0.9,-0.47733889858148365
100,0.9,0.004121847636741016
100,0.9,0.16931320772459843
100,0.9,-0.40902338469233995
100,0.9,0.3326730987466682
100,0.9,0.11917546412393565
100,0.9,-0.18101697078283044
100,0.9,-0.24977028604007553
100,0.9,0.027481382488645536
100,0.9,-0.2807980316263521
100,0.9,0.1458243384967925
100,0.9,-0.533369289446955
100,0.9,0.5675020130094257
100,0.9,0.2660921982662976
100,0.9,-0.3836915431992937
100,0.9,0.370833925231994
100,0.9,-0.06033719932626979
100,0.9,-0.3104025610759839
100,0.9,-0.1189507548425052
100,0.9,0.07314039372025374
100,0.9,-0.22801068523656154
100,0.9,-0.44681414306314954
100,0.9,0.15672088502319767
100,0.9,-0.28667937427028556
100,0.9,-0.29354949681430537
100,0.9,-0.3235613421674313
100,0.9,-0.6649331931862736
100,0.9,-0.03389273142944223
100,0.9,0.32056914459115365
100,0.9,-0.4768175285657566
100,0.9,0.054510474406353995
100,0.9,-0.39016924508288003
100,0.9,0.33728069899486657
100,0.9,-0.14979551197206448
100,0.9,0.24613643790426523
100,0.9,-0.42846398234139166
100,0.9,0.23997580799965756
100,0.9,0.26776364161494975
100,0.9,-0.49169043981754645
100,0.9,-0.1888758777239177
100,0.9,0.1978211199083045
100,0.9,-0.4978725108074176
100,0.9,-0.10660320830283262
100,0.9,-0.11319571516714137
100,0.9,0.5509048939918144
100,0.9,0.08375112410571021
100,0.9,-0.2154793235647429
100,0.9,0.36963538242650495
100,0.9,-0.4269622518334579
100,0.9,0.10512362009670383
100,0.9,0.3292930093606105
100,0.9,0.465523025340363
100,0.9,0.6217296895927531
100,0.9,-0.4565536861057287
100,0.9,0.26007650817426164
100,0.9,0.10435106220948154
100,0.9,-0.014981865611737711
100,0.9,-0.2284712718337074
100,0.9,-0.2696817298558692
100,0.9,-0.22769678587752715
100,0.9,0.39424020478756194
100,0.9,0.20457427004061315
100,0.9,0.022713142771633832
100,0.9,0.026938918406504263
100,0.9,0.28324840709175303
100,0.9,0.1413323935897762
100,0.9,-0.14996313030407527
100,0.9,0.3313201076613014
100,0.9,0.42464315780507217
100,0.9,-0.23094392877759531
100,0.9,-0.04371403348499219
100,0.9,-0.6239234407248209
100,0.9,-0.01021419601269904
100,0.9,-0.38907668749903357
100,0.9,0.6597935772125955
100,0.9,0.2586922796713302
100,0.9,-0.12836516427764022
100,0.9,0.32749161295326734
100,0.9,-0.3265362625769925
100,0.9,0.2006269083281381
100,0.9,0.16202429432740095
100,0.9,-0.553125755459772
100,0.9,-0.5060524366008979
100,0.9,-0.4043005804535575
100,0.9,-0.3354297825034778
100,0.9,0.5606342383870695
100,0.9,0.33230022662240977
100,0.9,0.08041770923315365
100,0.9,-0.44880596023028896
100,0.9,-0.5561031010238732
100,0.9,0.2888016022901171
100,0.9,0.46656610636585594
100,0.9,-0.02021897799523056
100,0.9,0.4322764753947066
100,0.9,0.21551529294141833
100,0.9,0.39273476974865135
100,0.9,-0.011232081184526043
100,0.9,-0.32663882394408733
100,0.9,0.2941946542735394
100,0.9,0.11646536535448507
100,0.9,-0.4343090107135666
100,0.9,0.035889483082420175
100,0.9,0.1372764837899931
100,0.9,-0.40510845480009566
100,0.9,0.35142473949636804
100,0.9,0.1408739638904255
100,0.9,-0.13119925097026428
100,0.9,-0.22774289242015647
100,0.9,0.03983375227824986
100,0.9,-0.2703071020235338
100,0.9,0.16711120420725276
100,0.9,-0.502638523106755
100,0.9,0.5659441379535132
100,0.9,0.22639596148752036
100,0.9,-0.398521618636599
100,0.9,0.37073265239945713
100,0.9,-0.03873084745899681
100,0.9,-0.2978167916766885
100,0.9,-0.12454035872479681
100,0.9,0.06407100651339691
100,0.9,-0.24001664551557306
100,0.9,-0.47292532340209703
100,0.9,0.12496076907741985
100,0.9,-0.26115305212240875
100,0.9,-0.3180072271850442
100,0.9,-0.32703008059119
100,0.9,-0.6538074176411591
100,0.9,-0.03210457971983183
100,0.9,0.3258698046049598
100,0.9,-0.45041934684343815
100,0.9,0.01776739673981489
100,0.9,-0.35593126798973623
100,0.9,0.2884167360834116
100,0.9,-0.13790327156409796
100,0.9,0.25758899657695644
100,0.9,-0.4197269737884225
100,0.9,0.25184262153069753
100,0.9,0.277134836851132
100,0.9,-0.4795063027146622
100,0.9,-0.16895918708002214
100,0.9,0.19483995956666178
100,0.9,-0.4505370633216221
100,0.9,-0.1160495643163796
100,0.9,-0.06822732292002345
100,0.9,0.5344600432100135
100,0.9,0.11088453325343382
100,0.9,-0.19538568938459763
100,0.9,0.3653703003202792
100,0.9,-0.42218947120356876
100,0.9,0.09535576271097097
100,0.9,0.32949928125870326
100,0.9,0.4724417475325116
100,0.9,0.6156889512705067
100,0.9,-0.43300040357600594
100,0.9,0.2366475729765072
100,0.9,0.05956814759564906
100,0.9,0.0221536688232848
100,0.9,-0.22374706241949446
100,0.9,-0.2593533709072028
100,0.9,-0.20511198203961883
100,0.9,0.42440041603430617
100,0.9,0.18653817466813
100,0.9,0.07194490472270945
100,0.9,0.005889127565451413
100,0.9,0.2719759850267044
100,0.9,0.14526002281394113
100,0.9,-0.18737778992970658
100,0.9,0.2819454337783404
100,0.9,0.350493491644133
100,0.9,-0.2595578321859104
100,0.9,-0.0573036619293947
100,0.9,-0.6007591263339258
100,0.9,-0.011203544644766339
100,0.9,-0.3708687834544314
100,0.9,0.6495661134236699
100,0.9,0.2520210225463186
100,0.9,-0.13425574931070972
100,0.9,0.3443290186540607
100,0.9,-0.3434623871324753
100,0.9,0.18165771186425977
100,0.9,0.14601612115806434
100,0.9,-0.48623403076258387
100,0.9,-0.4753697157518965
100,0.9,-0.4178375000841371
100,0.9,-0.2865724207476881
100,0.9,0.5921495258027939
100,0.9,0.3175946215362162
100,0.9,0.07007904617680605
100,0.9,-0.4907062090238677
100,0.9,-0.5715753269895694
100,0.9,0.31196949890610043
100,0.9,0.45436377082337753
100,0.9,-0.06848681324860488
100,0.9,0.42724136739470403
100,0.9,0.24670794985229855
100,0.9,0.37451458095117807
100,0.9,0.003924323783011929
100,0.9,-0.32798637547173354
100,0.9,0.31446348396144347
100,0.9,0.07212609580047324
100,0.9,-0.4451176366667613
100,0.9,0.0333603979812227
100,0.9,0.10675922206711107
100,0.9,-0.43410143805789475
100,0.9,0.35100990103265867
100,0.9,0.1613883907342641
100,0.9,-0.15389257633421435
100,0.9,-0.23771893513620787
100,0.9,0.06956919867518663
100,0.9,-0.31231984583036904
100,0.9,0.16902637338520257
100,0.9,-0.5057248493716446
100,0.9,0.5800010747545529
100,0.9,0.18786886209768358
100,0.9,-0.4117969279608298
100,0.9,0.30305120111945266
100,0.9,-0.06607819332188813
100,0.9,-0.30467485016367163
100,0.9,-0.14834187141249225
100,0.9,0.08829924148339521
100,0.9,-0.25096116591877515
100,0.9,-0.4980223916409584
100,0.9,0.09814351487887421
100,0.9,-0.28825807106273416
100,0.9,-0.3044717773703892
100,0.9,-0.27979340063272073
100,0.9,-0.6771436832568656
100,0.9,0.02343934864483228
100,0.9,0.343788086542462
100,0.9,-0.46023960964443306
100,0.9,-0.017349793350674804
100,0.9,-0.3765182665578839
100,0.9,0.30998018308355907
100,0.9,-0.1444634781276963
100,0.9,0.23178140987545065
100,0.9,-0.4498666424379348
100,0.9,0.2252482075861669
100,0.9,0.2528001190960597
100,0.9,-0.4667097712754725
100,0.9,-0.18416952478991552
100,0.9,0.18013033240141782
100,0.9,-0.4615606340015888
100,0.9,-0.11975104159853396
100,0.9,-0.04684347541526598
100,0.9,0.5015140274944145
100,0.9,0.09930563599001095
100,0.9,-0.17580137176808017
100,0.9,0.3817346208717404
100,0.9,-0.4674804921886055
100,0.9,0.06630438371864437
100,0.9,0.3307371429674909
100,0.9,0.49436877876467644
100,0.9,0.6252141663851338
100,0.9,-0.4772666707403572
100,0.9,0.23100215869328047
100,0.9,0.08891738510012757
100,0.9,0.0226353492416578
100,0.9,-0.22138218496672313
100,0.9,-0.21941299569369035
100,0.9,-0.21958395817949375
100,0.9,0.4374609122877961
100,0.9,0.2056765623562333
100,0.9,0.04692294679272287
100,0.9,0.02555176158383572
100,0.9,0.28207447238231287
100,0.9,0.1858162669536235
100,0.9,-0.20208715772359495
100,0.9,0.32371575372586875
100,0.9,0.36859506578225254
100,0.9,-0.3202644887245076
100,0.9,-0.05386453820677171
100,0.9,-0.5759375096850898
100,0.9,-0.012349199923192167
100,0.9,-0.36939975144552495
100,0.9,0.6240476560386703
100,0.9,0.24387172293206275
100,0.9,-0.11877016661244665
100,0.9,0.33014500977201
100,0.9,-0.310662883155566
100,0.9,0.14625724354304526
100,0.9,0.16279119823246757
100,0.9,-0.4574226408299676
100,0.9,-0.4803830257365563
100,0.9,-0.42948060658770615
100,0.9,-0.27784306288976657
100,0.9,0.6213302605225589
100,0.9,0.355985802654576
100,0.9,0.09312778393304247
100,0.9,-0.49491700490715207
100,0.9,-0.5676056829569531
100,0.9,0.31579329833407055
100,0.9,0.464584080750391
100,0.9,-0.06213469615742948
100,0.9,0.4404731059351506
100,0.9,0.20993067782093097
100,0.9,0.3580651940677369
100,0.9,0.0003083147444151502
100,0.9,-0.2979071952864522
100,0.9,0.33707578238470526
100,0.9,0.033680786563061706
100,0.9,-0.4171512921507419
100,0.9,0.028712101461417717
100,0.9,0.0785323003463243
100,0.9,-0.40792593335033805
100,0.9,0.3530068660232128
100,0.9,0.1618300370743984
100,0.9,-0.10457352427465762
100,0.9,-0.2155982543555252
100,0.9,0.06238438550709407
100,0.9,-0.30093491344485873
100,0.9,0.18591190084740158
100,0.9,-0.5086070872112466
100,0.9,0.5257732081007085
100,0.9,0.18738268763568655
100,0.9,-0.4394724005318103
100,0.9,0.27621436621992157
100,0.9,-0.12914388581268213
100,0.9,-0.2618155617426171
100,0.9,-0.15398663598165874
100,0.9,0.08192127160247042
100,0.9,-0.2290536963805561
100,0.9,-0.4831139720399634
100,0.9,0.17208710193625293
100,0.9,-0.2930546506383698
100,0.9,-0.2623968954384989
100,0.9,-0.2891189159715879
100,0.9,-0.68113242615527
100,0.9,0.040185964211160385
100,0.9,0.36261580974346636
100,0.9,-0.4845582183161957
100,0.9,-0.03423632062272404
100,0.9,-0.36095366234325205
100,0.9,0.2962960030746718
100,0.9,-0.16642371556594765
100,0.9,0.22800190129560324
100,0.9,-0.45845992013752146
100,0.9,0.20167914198222728
100,0.9,0.2633419066651086
100,0.9,-0.47429590016147266
100,0.9,-0.1646274932589075
100,0.9,0.16173844053119976
100,0.9,-0.4851959734468189
100,0.9,-0.11048922623222338
100,0.9,-0.023953598504501208
100,0.9,0.5051111168403254
100,0.9,0.08792727294789777
100,0.9,-0.17421740317545956
100,0.9,0.39678346971030176
100,0.9,-0.471316206747905
100,0.9,0.11212785010913943
100,0.9,0.3503160055923704
100,0.9,0.4794954573582259
100,0.9,0.6173687979101925
100,0.9,-0.5000197114807705
100,0.9,0.22716473824421876
100,0.9,0.09962591158341094
100,0.9,0.034571318991312626
100,0.9,-0.23078846359700245
100,0.9,-0.16347148123762903
100,0.9,-0.21468193319035395
100,0.9,0.4155706056529427
100,0.9,0.21673927531436016
100,0.9,0.060278578442818254
100,0.9,-0.010642978699776595
100,0.9,0.2897131693194216
100,0.9,0.19907834977740688
100,0.9,-0.18478031752489468
100,0.9,0.31076725354860346
100,0.9,0.38654264941745836
100,0.9,-0.3207958215721784
100,0.9,-0.034695983264536066
100,0.9,-0.5543682984013841
100,0.9,0.002231449416917708
100,0.9,-0.3697334233296882
100,0.9,0.6326991754579541
100,0.9,0.2717734716460237
100,0.9,-0.1380804948001193
100,0.9,0.35033455935126245
100,0.9,-0.2829374363922765
100,0.9,0.18416176941912427
100,0.9,0.1826089763115197
100,0.9,-0.4302303094838734
100,0.9,-0.4348792609449452
100,0.9,-0.45607422141499965
100,0.9,-0.31540039584400736
100,0.9,0.5831801642518587
100,0.9,0.33704189220879843
100,0.9,0.08407909686765196
100,0.9,-0.5164640510767896
100,0.9,-0.5652279161511918
100,0.9,0.33329900528267037
100,0.9,0.45213945359456653
100,0.9,-0.10645750990545814
100,0.9,0.4828486027066931
100,0.9,0.22573400738588692
100,0.9,0.342182643026165
100,0.9,0.013955244731280536
100,0.9,-0.2531791142413069
100,0.9,0.34083185706220487
100,0.9,0.04874342711619539
100,0.9,-0.444881860725176
100,0.9,0.06062703240815446
100,0.9,0.0883133300721844
100,0.9,-0.4370686732090669
100,0.9,0.3714061145831611
100,0.9,0.16547698420450843
100,0.9,-0.10971120143257333
100,0.9,-0.24575931662699954
100,0.9,0.005679629988796964
100,0.9,-0.30488040802510846
100,0.9,0.17095876237472862
100,0.9,-0.49630365702377516
100,0.9,0.5437306878015936
100,0.9,0.20426408080599853
100,0.9,-0.4291736265744458
100,0.9,0.2823196600178524
100,0.9,-0.11601518431531846
100,0.9,-0.25682373260770064
100,0.9,-0.12099841477198868
100,0.9,0.1399451682100852
100,0.9,-0.23887825887871597
100,0.9,-0.47146202286085925
100,0.9,0.15489503500812615
100,0.9,-0.3174889642179512
100,0.9,-0.2500204644468752
100,0.9,-0.3325770221682586
100,0.9,-0.702171195972492
100,0.9,0.03829971804729953
100,0.9,0.3808797017792935
100,0.9,-0.4763423358143187
100,0.9,-0.048848850044801516
100,0.9,-0.3294696411043608
100,0.9,0.26729560662025775
100,0.9,-0.20303049968526424
100,0.9,0.2767443938309805
100,0.9,-0.4833644489266212
100,0.9,0.21480094127825286
100,0.9,0.3081711367422167
100,0.9,-0.48299335153711975
100,0.9,-0.18116340987221527
100,0.9,0.15073466088507176
100,0.9,-0.4737837090328305
100,0.9,-0.06515709694889181
100,0.9,-0.07425540352634259
100,0.9,0.4895815296275274
100,0.9,0.0779273890172879
100,0.9,-0.15674290403410895
100,0.9,0.4070022966229147
100,0.9,-0.4607983244567233
100,0.9,0.11850714113374188
100,0.9,0.3866373075672748
100,0.9,0.4695038135436907
100,0.9,0.5901664818052829
100,0.9,-0.5178536581427646
100,0.9,0.23636430317120025
100,0.9,0.10882548469714233
100,0.9,0.01144152664387892
100,0.9,-0.2278322301669054
100,0.9,-0.1823978545365634
100,0.9,-0.23064866899320527
100,0.9,0.44424358765401534
100,0.9,0.19897609223645665
100,0.9,0.038859039820810425
100,0.9,-0.0066891956634516974
100,0.9,0.2933524990395049
100,0.9,0.21830438174523192
100,0.9,-0.14778976589376758
100,0.9,0.2813356939493819
100,0.9,0.32854907333580313
100,0.9,-0.3427253772209093
100,0.9,-0.00037566877584945815
100,0.9,-0.5558117729740552
100,0.9,-0.014632181824996093
100,0.9,-0.34616655239126304
100,0.9,0.6399007886893995
100,0.9,0.2998785051732466
100,0.9,-0.13846644898021307
100,0.9,0.33647741098553713
100,0.9,-0.2909581484012156
100,0.9,0.21810940483920738
100,0.9,0.20071373135683646
100,0.9,-0.4431635907855363
100,0.9,-0.4134621504933998
100,0.9,-0.44702148361892696
100,0.9,-0.3715953647515644
100,0.9,0.5412113325004312
100,0.9,0.3185115465082316
100,0.9,0.08951969326465302
100,0.9,-0.5003461858493604
100,0.9,-0.5642518193122089
100,0.9,0.3020682301575048
100,0.9,0.4072036686460897
100,0.9,-0.06092962152814833
100,0.9,0.45302382125281676
100,0.9,0.22340188958320042
100,0.9,0.3465601881399912
100,0.9,0.0129850703622038
100,0.9,-0.26568150156001197
100,0.9,0.2745318299451108
100,0.9,0.00943022516300287
100,0.9,-0.4554740968011216
100,0.9,0.05984567351826753
100,0.9,0.04283729417575242
100,0.9,-0.446212745189944
100,0.9,0.3883852152422107
100,0.9,0.16834658556977383
100,0.9,-0.13431121099631593
100,0.9,-0.27423812109187984
100,0.9,0.03772202235501796
100,0.9,-0.32717313477264326
100,0.9,0.1844686532427122
100,0.9,-0.4876224153869314
100,0.9,0.5594844474287245
100,0.9,0.18636951761006393
100,0.9,-0.3849955586397785
100,0.9,0.2923030296785285
100,0.9,-0.1579858658814101
100,0.9,-0.2699937632437459
100,0.9,-0.060931144154989535
100,0.9,0.16801640730346315
100,0.9,-0.26782847390889664
100,0.9,-0.43237933844466575
100,0.9,0.12328580045756395
100,0.9,-0.2734710385962685
100,0.9,-0.20677100846904126
100,0.9,-0.30721030177443026
100,0.9,-0.7008870001587177
100,0.9,0.016381037392592824
100,0.9,0.432442585188694
100,0.9,-0.4799853118484125
100,0.9,-0.09546832919609481
100,0.9,-0.3113824107567619
100,0.9,0.2252554857662243
100,0.9,-0.21429155967445807
100,0.9,0.2854107771537862
100,0.9,-0.5017806910042499
100,0.9,0.22896300142920276
100,0.9,0.32430566569347663
100,0.9,-0.45362170286524295
100,0.9,-0.18319584499131084
100,0.9,0.11672143367583253
100,0.9,-0.4846694497177098
100,0.9,-0.016284985537725394
100,0.9,-0.10084559412069653
100,0.9,0.47156462220673834
100,0.9,0.08344913696057801
100,0.9,-0.12307426696538303
100,0.9,0.3925310916146695
100,0.9,-0.4546858835929884
100,0.9,0.0646484370868228
100,0.9,0.36848896398460074
100,0.9,0.40598364419324556
100,0.9,0.5871827070427236
100,0.9,-0.5025712786696509
100,0.9,0.17377031898573275
100,0.9,0.10601012475013587
100,0.9,-0.0067344310247213655
100,0.9,-0.2081904317011538
100,0.9,-0.21664232393593819
100,0.9,-0.2363178230730776
100,0.9,0.40509314640371114
100,0.9,0.21549225932972577
100,0.9,0.033621065958287864
100,0.9,0.06739608421726324
100,0.9,0.29279344303188487
100,0.9,0.19273786187919908
100,0.9,-0.11406904752614001
100,0.9,0.2957121003659116
100,0.9,0.30356001031202534
100,0.9,-0.30381602004254427
100,0.9,-0.0353213642679299
100,0.9,-0.5576598079315125
100,0.9,-0.01003203011656062
100,0.9,-0.3240322209893248
100,0.9,0.5943330538977986
100,0.9,0.3070293021535584
100,0.9,-0.18200138334013014
100,0.9,0.3610060804028809
100,0.9,-0.24879130178399828
100,0.9,0.19131144368154324
100,0.9,0.21798397623037413
100,0.9,-0.4493659935532588
100,0.9,-0.42268919914377584
100,0.9,-0.41997202017769913
100,0.9,-0.40314641560726894
100,0.9,0.5606420004962742
100,0.9,0.3232989721150769
100,0.9,0.07737523784919964
100,0.9,-0.4484855399861871
100,0.9,-0.5586599022207224
100,0.9,0.3112555745619008
100,0.9,0.4253642878040563
100,0.9,-0.06262406414446363
100,0.9,0.44702659486725277
100,0.9,0.1784183778096066
100,0.9,0.3857486560863656
100,0.9,0.04781666301536232
100,0.9,-0.2740419890798071
100,0.9,0.20517559504504787
100,0.9,0.03903103303086935
100,0.9,-0.42196785307350587
100,0.9,0.10064573173449547
100,0.9,0.03563756384173156
100,0.9,-0.4181154907184592
100,0.9,0.4047822000721078
100,0.9,0.18566541941634815
100,0.9,-0.13997496144845428
100,0.9,-0.24881217651025914
100,0.9,0.05695930825515925
100,0.9,-0.3366475017268781
100,0.9,0.2008477779798634
100,0.9,-0.51279953528559
100,0.9,0.5454969306137046
100,0.9,0.18057904316872855
100,0.9,-0.41786163819399447
100,0.9,0.28888013076092633
100,0.9,-0.14930382885984955
100,0.9,-0.240659415491229
100,0.9,-0.07379764733910997
100,0.9,0.16587476150233454
100,0.9,-0.27796894414052165
100,0.9,-0.409873581687011
100,0.9,0.1082950033893986
100,0.9,-0.26139731112598513
100,0.9,-0.23913892301300463
100,0.9,-0.29144252004229937
100,0.9,-0.6478650696014179
100,0.9,-0.01917354346492627
100,0.9,0.43811451278966623
100,0.9,-0.48629007944073993
100,0.9,-0.15509007930861662
100,0.9,-0.30064725117894453
100,0.9,0.1352374190195843
100,0.9,-0.19201181999169176
100,0.9,0.25553103950011835
100,0.9,-0.48923271536598156
100,0.9,0.20549089384083344
100,0.9,0.3303218027512184
100,0.9,-0.457141740135239
100,0.9,-0.16303622691180708
100,0.9,0.07117716604610173
100,0.9,-0.5062811695706169
100,0.9,0.0057208304124541035
100,0.9,-0.08935689307404328
100,0.9,0.4807062884811559
100,0.9,0.08010252109398974
100,0.9,-0.1479361153732414
100,0.9,0.3911134725076066
100,0.9,-0.44619877137976893
100,0.9,0.07886120866430328
100,0.9,0.3488139815988698
100,0.9,0.419418569253827
100,0.9,0.5996845172002214
100,0.9,-0.5069251385054033
100,0.9,0.1594984446673331
100,0.9,0.0753609890690016
100,0.9,0.008965299190206989
100,0.9,-0.257195624586421
100,0.9,-0.2152666101340103
100,0.9,-0.19603280905956363
100,0.9,0.42930332292261414
100,0.9,0.24633320848787324
100,0.9,0.04467651936301311
100,0.9,0.07433712588012552
100,0.9,0.277832485906016
100,0.9,0.2121780119372917
100,0.9,-0.07421018685295167
100,0.9,0.29730137390681094
100,0.9,0.337332928527763
100,0.9,-0.34283582932080964
100,0.9,-0.014788758821608105
100,0.9,-0.5899025904871458
100,0.9,0.00792929923986887
100,0.9,-0.28052111179254485
100,0.9,0.541158612309192
100,0.9,0.27477104014204984
100,0.9,-0.11217408456106172
100,0.9,0.32319207374241715
100,0.9,-0.2059487543795868
100,0.9,0.19325810032196342
100,0.9,0.20090163034421424
100,0.9,-0.4252629798743274
100,0.9,-0.43417604898223083
100,0.9,-0.4490631624218777
100,0.9,-0.3998881569459692
100,0.9,0.5605854711108125
100,0.9,0.3078801393585675
100,0.9,0.09937366890776951
100,0.9,-0.4589255393339808
100,0.9,-0.5684066308877546
100,0.9,0.31067859894701716
100,0.9,0.3980803798972305
100,0.9,-0.09196703843309668
100,0.9,0.44047900587491157
100,0.9,0.14877505474895822
100,0.9,0.4341826251174759
100,0.9,0.05743935708706651
100,0.9,-0.22772159448474488
100,0.9,0.23699146010822875
100,0.9,0.031904212027014524
100,0.9,-0.41724852685619757
100,0.9,0.12859901228869083
100,0.9,0.061393933439871116
100,0.9,-0.39677944074601235
100,0.9,0.3959443117772031
100,0.9,0.1896870008182122
100,0.9,-0.14628464031751673
100,0.9,-0.24040876762040306
100,0.9,0.014967563768645498
100,0.9,-0.3673041256373678
100,0.9,0.23260508847889808
100,0.9,-0.4986496393022835
100,0.9,0.5629228707525661
100,0.9,0.15061046962172878
100,0.9,-0.44715154350773495
100,0.9,0.31335429973629647
100,0.9,-0.09038417591330672
100,0.9,-0.23711159615650357
100,0.9,-0.05369993234598729
100,0.9,0.16717093344782108
100,0.9,-0.32131929136638265
100,0.9,-0.421402049047202
100,0.9,0.06279415204841397
100,0.9,-0.2562181849964237
100,0.9,-0.2342847310240069
100,0.9,-0.3161071848522369
100,0.9,-0.6521135439224252
100,0.9,-0.05123038908055966
100,0.9,0.3966296038460155
100,0.9,-0.49231250363975015
100,0.9,-0.12567150430546975
100,0.9,-0.2773381261261801
100,0.9,0.11892484138466607
100,0.9,-0.17423045171258117
100,0.9,0.23245105855203527
100,0.9,-0.4416865770911538
100,0.9,0.170591870901732
100,0.9,0.33416992598226725
100,0.9,-0.4835760293473253
100,0.9,-0.14875488229361408
100,0.9,0.0635794486377608
100,0.9,-0.493880251929484
100,0.9,0.03561712653325879
100,0.9,-0.09983865295330241
100,0.9,0.4726665410810448
100,0.9,0.07467153574957389
100,0.9,-0.16830473065427637
100,0.9,0.3905299738132481
100,0.9,-0.45679378184092284
100,0.9,0.08596229072851387
100,0.9,0.3137574135603253
100,0.9,0.3775847167260817
100,0.9,0.5933026477652417
100,0.9,-0.4961752715074187
100,0.9,0.14509317173435984
100,0.9,0.06890884979536467
100,0.9,0.028543140976600934
100,0.9,-0.23421208594288692
100,0.9,-0.24345699645093896
100,0.9,-0.2294589961871413
100,0.9,0.4074843715764557
100,0.9,0.257343220884697
100,0.9,0.020014400940519407
100,0.9,0.035881810988114514
100,0.9,0.2671373339070809
100,0.9,0.2434471898597151
100,0.9,-0.10029351655056429
100,0.9,0.35420334313273755
100,0.9,0.2892469362592947
100,0.9,-0.3611140595972078
100,0.9,0.003584059830629749
100,0.9,-0.5866872015092712
100,0.9,0.003628831076493011
100,0.9,-0.28618427998026913
100,0.9,0.5233926258670786
100,0.9,0.29616633796846303
100,0.9,-0.12029593178426995
100,0.9,0.30745834429954594
100,0.9,-0.2017496123807297
100,0.9,0.24439126618841264
100,0.9,0.1829793199532546
100,0.9,-0.45395091683798483
100,0.9,-0.4122085541643458
100,0.9,-0.4382807794425122
100,0.9,-0.3819222304394251
100,0.9,0.5590721775155596
100,0.9,0.31120332532574074
100,0.9,0.07319258007168476
100,0.9,-0.4829010369199951
100,0.9,-0.5835768331631364
100,0.9,0.29612303190125816
100,0.9,0.4097785967862695
100,0.9,-0.08362783633028432
100,0.9,0.4462294869415062
100,0.9,0.13849565459746627
100,0.9,0.41208056765954376
100,0.9,0.035012019988496214
100,0.9,-0.20575677758317937
100,0.9,0.24552902505214977
100,0.9,0.03148166169479177
100,0.9,-0.4628260481567887
100,0.9,0.15054698452950196
100,0.9,0.03998529419464321
100,0.9,-0.37727504438732073
100,0.9,0.3941380735478506
100,0.9,0.2041594846609819
100,0.9,-0.16764201779204918
100,0.9,-0.24985902155023118
100,0.9,0.030753230700913205
100,0.9,-0.3826640786064221
100,0.9,0.24302559078798752
100,0.9,-0.5365419205926424
100,0.9,0.5265752334780941
100,0.9,0.18932745588079963
100,0.9,-0.40163357419696055
100,0.9,0.2816382485000217
100,0.9,-0.1163606825695366
100,0.9,-0.25012351026886037
100,0.9,-0.014548058105602214
100,0.9,0.1710234898385596
100,0.9,-0.3294528866204409
100,0.9,-0.43276607056149197
100,0.9,0.05675354398686925
100,0.9,-0.24712826239179317
100,0.9,-0.2655009856042898
100,0.9,-0.33855019606287073
100,0.9,-0.6394073583422598
100,0.9,-0.08038969119635163
100,0.9,0.37270445351565323
100,0.9,-0.5167204419134647
100,0.9,-0.11335305583413041
100,0.9,-0.3051550198561218
100,0.9,0.0879903375594465
100,0.9,-0.1939911447067309
100,0.9,0.28046800668972405
100,0.9,-0.4113568775044745
100,0.9,0.15412947731391433
100,0.9,0.32290251631086236
100,0.9,-0.4854655353617607
100,0.9,-0.151184643372023
100,0.9,0.0398323157138742
100,0.9,-0.5165247947678403
100,0.9,0.03156997852979717
100,0.9,-0.10880253122266252
100,0.9,0.4311871936061078
100,0.9,0.07113425654039932
100,0.9,-0.15359539577506195
100,0.9,0.38432676795808174
100,0.9,-0.44777683408542585
100,0.9,0.11034205377478068
100,0.9,0.3196580070171305
100,0.9,0.3445011611650548
100,0.9,0.6054381397323426
100,0.9,-0.5179126606938553
100,0.9,0.1302733408918005
100,0.9,0.08255358545362224
100,0.9,0.04177817098796371
100,0.9,-0.19544885351521255
100,0.9,-0.24252460581031363
100,0.9,-0.22633869278465193
100,0.9,0.40154476134640166
100,0.9,0.23316030692395057
100,0.9,0.004834086522646142
100,0.9,0.028370957816565467
100,0.9,0.2584217322718561
100,0.9,0.2354996947200827
100,0.9,-0.12705909312942362
100,0.9,0.3753924156136032
100,0.9,0.31140531737929017
100,0.9,-0.3275443228957702
100,0.9,-0.030895131759121276
100,0.9,-0.5794016458418866
100,0.9,0.02096244907195426
100,0.9,-0.2573478023385496
100,0.9,0.5070907506321529
100,0.9,0.28345491999597805
100,0.9,-0.12634520387962067
100,0.9,0.24233180700823248
100,0.9,-0.23504811292511074
100,0.9,0.292860626362494
100,0.9,0.18082023832951885
100,0.9,-0.4246334736766559
100,0.9,-0.4429272932530808
100,0.9,-0.4333546750086873
100,0.9,-0.37866836807783216
100,0.9,0.5710894648079614
100,0.9,0.3036959715314343
100,0.9,0.029589711909464977
100,0.9,-0.47235810162132436
100,0.9,-0.5975160819078109
100,0.9,0.31946853091462324
100,0.9,0.3888775054701642
100,0.9,-0.09438055221170547
100,0.9,0.4346204937532275
100,0.9,0.2124016963793424
100,0.9,0.42604125881413984
100,0.9,0.029906415642362006
100,0.9,-0.2389095921711833
100,0.9,0.22171362375809023
100,0.9,0.024397854828995348
100,0.9,-0.4389244776668949
100,0.9,0.1905614575433696
100,0.9,0.03407385706947839
100,0.9,-0.3960772076525749
100,0.9,0.3733269502692776
100,0.9,0.18582261096699254
100,0.9,-0.23871932675177668
100,0.9,-0.2266327104401632
100,0.9,0.04250825949915887
100,0.9,-0.36377332405455903
100,0.9,0.2564621428530387
100,0.9,-0.48649984322809725
100,0.9,0.5628171099211848
100,0.9,0.1888271187325752
100,0.9,-0.39880067684524306
100,0.9,0.3416519171265795
100,0.9,-0.08637573140747261
100,0.9,-0.24518625537622443
100,0.9,-0.011253111704502527
100,0.9,0.1255250509501611
100,0.9,-0.3187656752900908
100,0.9,-0.4440431747375845
100,0.9,0.0159339092848229
100,0.9,-0.2596401558932591
100,0.9,-0.2924137612401723
100,0.9,-0.33642115013389506
100,0.9,-0.6315433765883218
100,0.9,-0.05241715907552722
100,0.9,0.3895715682599495
100,0.9,-0.5036946963033764
100,0.9,-0.1070125295068428
100,0.9,-0.3210774263356966
100,0.9,0.0918113237547034
100,0.9,-0.17875935921264827
100,0.9,0.26743327850091553
100,0.9,-0.39357526041672863
100,0.9,0.14157529551993575
100,0.9,0.3385592403228332
100,0.9,-0.485634215879476
100,0.9,-0.15594438454576268
100,0.9,0.05060465311717952
100,0.9,-0.5361717192508397
100,0.9,0.05674585680309552
100,0.9,-0.08666728895056401
100,0.9,0.4101316681757144
100,0.9,0.09503092490995908
100,0.9,-0.14224275698944164
100,0.9,0.3990004093596282
100,0.9,-0.45899801171711296
100,0.9,0.06586591192446638
100,0.9,0.2775995716855052
100,0.9,0.3652352736625067
100,0.9,0.6180079550844608
100,0.9,-0.5048679367115998
100,0.9,0.13240610097029124
100,0.9,0.125499469317894
100,0.9,0.034884551966568166
100,0.9,-0.14024959941953485
100,0.9,-0.2378123253295651
100,0.9,-0.2068500819193639
100,0.9,0.41568250533659595
100,0.9,0.1981645894605938
100,0.9,-0.03141663477104311
100,0.9,0.03880161987161903
100,0.9,0.2698415813205267
100,0.9,0.226901333508366
100,0.9,-0.15204312275556717
100,0.9,0.35228196132545636
100,0.9,0.33400215446223147
100,0.9,-0.32492048413917207
100,0.9,-0.041501835414988586
100,0.9,-0.609443792901308
100,0.9,-0.028012500684489627
100,0.9,-0.23783715696489255
100,0.9,0.45633691575719165
100,0.9,0.28664746143833736
100,0.9,-0.11632958933437851
100,0.9,0.28783119679654723
100,0.9,-0.17740572036370025
100,0.9,0.2835936269903824
100,0.9,0.1508589290280434
100,0.9,-0.4366017916305112
100,0.9,-0.4220262927748007
100,0.9,-0.44434695744716707
100,0.9,-0.37297694418367644
100,0.9,0.5857879916193547
100,0.9,0.2955870164913539
100,0.9,-0.02632565721184694
100,0.9,-0.4485639970142328
100,0.9,-0.6258607887117449
100,0.9,0.2876435048127513
100,0.9,0.36579363895447087
100,0.9,-0.13726342380054293
100,0.9,0.42829409483986985
100,0.9,0.19526432384268552
100,0.9,0.4543258803549641
100,0.9,0.05549301383307672
100,0.9,-0.28333229254201725
100,0.9,0.18021057794169504
100,0.9,0.008647992236022839
100,0.9,-0.3962669302172089
100,0.9,0.20232891551652096
100,0.9,0.059275802746741914
100,0.9,-0.3780477280825475
100,0.9,0.38886338918670565
100,0.9,0.1493242999289681
100,0.9,-0.18578736610632027
100,0.9,-0.2233478948542063
100,0.9,0.05761048568589762
100,0.9,-0.3664179537204265
100,0.9,0.2502141589912761
100,0.9,-0.48679414660239845
100,0.9,0.5616779217583097
100,0.9,0.20662313707854543
100,0.9,-0.41195335288515883
100,0.9,0.3437082900854088
100,0.9,-0.09606594847276977
100,0.9,-0.2564768905754043
100,0.9,-0.030383284987377503
100,0.9,0.13008584289334482
100,0.9,-0.3756629728710837
100,0.9,-0.4351859642234115
100,0.9,0.032138167661160864
100,0.9,-0.26907780769288975
100,0.9,-0.3353104771926572
100,0.9,-0.3334959979593943
100,0.9,-0.6045954100269924
100,0.9,-0.08338933453383887
100,0.9,0.4237762789408423
100,0.9,-0.4870969891824015
100,0.9,-0.14877614523698038
100,0.9,-0.3410541288202418
100,0.9,0.09977170577218804
100,0.9,-0.16201563104385192
100,0.9,0.2750842412917018
100,0.9,-0.3570506666050225
100,0.9,0.10977361222586034
100,0.9,0.30715646456936563
100,0.9,-0.474072225930645
100,0.9,-0.17470510579405016
100,0.9,0.04765361109940012
100,0.9,-0.5368963913325838
100,0.9,0.0324956035086539
100,0.9,-0.09625215308230001
100,0.9,0.35213840884751685
100,0.9,0.12235889120445846
100,0.9,-0.14131508415853028
100,0.9,0.43003843549020804
100,0.9,-0.48248433774836225
100,0.9,0.09462479203458292
100,0.9,0.26828859471262595
100,0.9,0.38051914632837686
100,0.9,0.5928407313769863
100,0.9,-0.5096818386082138
100,0.9,0.171309487015885
100,0.9,0.09514631341140005
100,0.9,0.048913516803675554
100,0.9,-0.12788313034264615
100,0.9,-0.250480634610871
100,0.9,-0.22105817173775888
100,0.9,0.4103731819028226
100,0.9,0.1442140706676193
100,0.9,-0.04444116282948437
100,0.9,0.013362440907902796
100,0.9,0.2958194271767835
100,0.9,0.20452762053336845
100,0.9,-0.15770676116044807
100,0.9,0.35225365702782707
100,0.9,0.3697243829243491
100,0.9,-0.2918306761564236
100,0.9,-0.07249208475625
100,0.9,-0.6014960965509287
100,0.9,-0.061470380712347374
100,0.9,-0.2696876164160321
100,0.9,0.4997673008131037
100,0.9,0.2593425169118403
100,0.9,-0.14359363589754748
100,0.9,0.2607427932014287
100,0.9,-0.1049069430907526
100,0.9,0.25602204624625186
100,0.9,0.15548845798625877
100,0.9,-0.41098844009617636
100,0.9,-0.45305399542274205
100,0.9,-0.45406039804366616
100,0.9,-0.4088061103108022
100,0.9,0.5626247643570095
100,0.9,0.28306981287261473
100,0.9,-0.07686086963181389
100,0.9,-0.47347316391779193
100,0.9,-0.6163060250284469
100,0.9,0.25799736621579844
100,0.9,0.34573156619001183
100,0.9,-0.14136981108289212
100,0.9,0.45788942192464593
100,0.9,0.20817728467831584
100,0.9,0.40821029578405366
100,0.9,0.1188800815586043
100,0.9,-0.2553575489183863
100,0.9,0.19779806915904694
100,0.9,0.006216132500978344
100,0.9,-0.35611354740975
100,0.9,0.220277657464112
100,0.9,0.07511413732901405
100,0.9,-0.41001340676895326
100,0.9,0.35154199445573325
100,0.9,0.17340384262019934
100,0.9,-0.19987920406869264
100,0.9,-0.2337629152395462
100,0.9,0.0674636255065241
100,0.9,-0.38505963134568943
100,0.9,0.24399434328375055
100,0.9,-0.472252292463416
100,0.9,0.5394042098090549
100,0.9,0.22160322714513983
100,0.9,-0.35635706567315867
100,0.9,0.3449164732441481
100,0.9,-0.07263958830710289
100,0.9,-0.2853526671398311
100,0.9,-0.0785996156218858
100,0.9,0.1155271277660436
100,0.9,-0.3393064079505675
100,0.9,-0.44565921042737905
100,0.9,0.013237989865063504
100,0.9,-0.2457276759138213
100,0.9,-0.34239809552863765
100,0.9,-0.3253589400474522
100,0.9,-0.6010094703457612
100,0.9,-0.03743053938153245
100,0.9,0.39430157081895695
100,0.9,-0.4946505766311506
100,0.9,-0.15581126198696718
100,0.9,-0.32812160360980414
100,0.9,0.12061216038927405
100,0.9,-0.18316364429101775
100,0.9,0.3195357732889403
100,0.9,-0.37799510692849747
100,0.9,0.17031170039213991
100,0.9,0.25452003533217693
100,0.9,-0.5155197184496674
100,0.9,-0.17227089706939616
100,0.9,0.03567540059452725
100,0.9,-0.5208105417169849
100,0.9,0.02312186529245408
100,0.9,-0.11082466691140572
100,0.9,0.35752787384276247
100,0.9,0.11328209532260514
100,0.9,-0.1566846360683278
100,0.9,0.4432050616368883
100,0.9,-0.4699990280005462
100,0.9,0.09275773719511551
100,0.9,0.27828065129639157
100,0.9,0.41547489038619484
100,0.9,0.5901042808653788
100,0.9,-0.47918502293203363
100,0.9,0.17289879309906742
100,0.9,0.08398760170013618
100,0.9,0.00869311748505408
100,0.9,-0.11933884963807544
100,0.9,-0.2980299578318334
100,0.9,-0.23047299261352575
100,0.9,0.3802065402026286
100,0.9,0.13158629262293184
100,0.9,-0.017229018332702916
100,0.9,0.006787119805052777
100,0.9,0.26187993085182404
100,0.9,0.23246078043336124
100,0.9,-0.12586549330577695
100,0.9,0.24879411272659527
100,0.9,0.38838335129649754
100,0.9,-0.26352069406945555
100,0.9,-0.08162022008094601
100,0.9,-0.6305438343560942
100,0.9,-0.04746787987698459
100,0.9,-0.29696927354109337
100,0.9,0.5179322471692871
100,0.9,0.22895262819025153
100,0.9,-0.15049413031097272
100,0.9,0.2725384232578343
100,0.9,-0.10240281215750584
100,0.9,0.2581620972409879
100,0.9,0.210967339343147
100,0.9,-0.42420368681062703
100,0.9,-0.42616506089170664
100,0.9,-0.48185976333053165
100,0.9,-0.3902825660503124
100,0.9,0.5746729829283159
100,0.9,0.3124662328554582
100,0.9,-0.1259468214998651
100,0.9,-0.45046195380033416
100,0.9,-0.5887594647880044
100,0.9,0.19253538179227475
100,0.9,0.32695299949897744
100,0.9,-0.09108634547796804
100,0.9,0.500911680610164
100,0.9,0.16660089813439596
100,0.9,0.3337048726923681
100,0.9,0.12781574235179505
100,0.9,-0.21494393644921583
100,0.9,0.19748503807393722
100,0.9,0.00039359640089904336
100,0.9,-0.3366409732742355
100,0.9,0.2540900940899486
100,0.9,0.0897620670232125
100,0.9,-0.42629261154261483
100,0.9,0.2958486704420406
100,0.9,0.15661810383426744
100,0.9,-0.19588524601444463
100,0.9,-0.24548095621540514
100,0.9,0.02296891611095069
100,0.9,-0.3960389107634249
100,0.9,0.23663765249657168
100,0.9,-0.49883466053019654
100,0.9,0.5020986621125312
100,0.9,0.25505290892832944
100,0.9,-0.3279557796503534
100,0.9,0.3659895261477162
100,0.9,-0.08531076478464804
100,0.9,-0.2390976997024462
100,0.9,-0.09153352720124878
100,0.9,0.10115977265132477
100,0.9,-0.32563177820403283
100,0.9,-0.4465492732334537
100,0.9,-0.02230467567074609
100,0.9,-0.2322212518637462
100,0.9,-0.3538455575728477
100,0.9,-0.29296321385007307
100,0.9,-0.5549743271161445
100,0.9,-0.08591685159332296
100,0.9,0.40044243016936504
100,0.9,-0.5050245738593225
100,0.9,-0.09835178501348425
100,0.9,-0.335535256874427
100,0.9,0.11648985471459865
100,0.9,-0.15780896282815338
100,0.9,0.33706566400152993
100,0.9,-0.39975397134308593
100,0.9,0.1664514383194333
100,0.9,0.1678711492378769
100,0.9,-0.5195965801695983
100,0.9,-0.15280873019762475
100,0.9,0.04988713198403618
100,0.9,-0.5164711541168221
100,0.9,-0.005536219691155464
100,0.9,-0.08596409921221097
100,0.9,0.3806302940159164
100,0.9,0.15345154516084156
100,0.9,-0.20075005618714445
100,0.9,0.4472158722042438
100,0.9,-0.4820407485551863
100,0.9,0.05841491266486987
100,0.9,0.26438860201760983
100,0.9,0.39326084927019256
100,0.9,0.5790695004180315
100,0.9,-0.5065097950934664
100,0.9,0.1612770484091477
100,0.9,0.05341393286553802
100,0.9,0.008847457359715106
100,0.9,-0.14108259680931198
100,0.9,-0.28578794716656414
100,0.9,-0.23798456746706456
100,0.9,0.36171647177377103
100,0.9,0.10073992869794804
100,0.9,0.0020714619794818478
100,0.9,0.020652524097598525
100,0.9,0.24975201682451728
100,0.9,0.19073655123356095
100,0.9,-0.17223454751654774
100,0.9,0.2676343634535568
100,0.9,0.3615828141022895
100,0.9,-0.280875144794445
100,0.9,-0.06665817124143897
100,0.9,-0.6090829207562051
100,0.9,-0.06329730367370538
100,0.9,-0.30770092707882485
100,0.9,0.43868483091833116
100,0.9,0.25484193273407046
100,0.9,-0.21045341541348284
100,0.9,0.2750200679441061
100,0.9,-0.11392946786734524
100,0.9,0.2304802402192742
100,0.9,0.1753132388851343
100,0.9,-0.44136167307946184
100,0.9,-0.47460986637389857
100,0.9,-0.49312300191121694
100,0.9,-0.37557946350890126
100,0.9,0.5731471532240473
100,0.9,0.2783728337849884
100,0.9,-0.13452437294221742
100,0.9,-0.4250893304064596
100,0.9,-0.5571622764017711
100,0.9,0.18375610269132084
100,0.9,0.34341387598655665
100,0.9,-0.05645988449371454
100,0.9,0.46419921506608847
100,0.9,0.1740084495864885
100,0.9,0.3759035112536558
100,0.9,0.0938553604161237
100,0.9,-0.2539150941172481
100,0.9,0.17985008133673933
100,0.9,-0.0016339176883715001
100,0.9,-0.26959554338791375
100,0.9,0.19205034199142776
100,0.9,0.03874477052457597
100,0.9,-0.4354402193521139
100,0.9,0.3413852640052433
100,0.9,0.20902695789945502
100,0.9,-0.15892993951418377
100,0.9,-0.26521224357182155
100,0.9,-0.019931196140601137
100,0.9,-0.3328224885567488
100,0.9,0.17531959850408077
100,0.9,-0.5069479296375821
100,0.9,0.46135900639330957
100,0.9,0.2778845375687223
100,0.9,-0.3299452896186597
100,0.9,0.3666658668101429
100,0.9,-0.12057469083435067
100,0.9,-0.22371409907741735
100,0.9,-0.11879858954967737
100,0.9,0.08636203790602795
100,0.9,-0.31526914474011836
100,0.9,-0.4467520596980592
100,0.9,-0.044758853077649076
100,0.9,-0.16895640974071172
100,0.9,-0.38991320964643045
100,0.9,-0.3187664352474145
100,0.9,-0.5290406210257833
100,0.9,-0.08523083236011164
100,0.9,0.4008650431287858
100,0.9,-0.5304983478624044
100,0.9,-0.07882253278105837
100,0.9,-0.3418667841504648
100,0.9,0.16422964223610767
100,0.9,-0.14656977103524962
100,0.9,0.338724719174233
100,0.9,-0.37799500104315925
100,0.9,0.14383153306314325
100,0.9,0.20810695512788022
100,0.9,-0.5419918872914171
100,0.9,-0.14186344726985278
100,0.9,0.07612136004539219
100,0.9,-0.48224481268197156
100,0.9,-0.043595014238756405
100,0.9,-0.07135382735002721
100,0.9,0.368451301087556
100,0.9,0.12336729305953568
100,0.9,-0.20955107549103444
100,0.9,0.44233099235019296
100,0.9,-0.5085116705089909
100,0.9,0.09144954300404631
100,0.9,0.2636207709683432
100,0.9,0.32843686459040383
100,0.9,0.5477485694589773
100,0.9,-0.491376878117382
100,0.9,0.11536786493881038
100,0.9,0.05937680901840976
100,0.9,-0.010863432040877197
100,0.9,-0.1315539659104
100,0.9,-0.31211304802083295
100,0.9,-0.27457708686357707
100,0.9,0.400520760371471
100,0.9,0.12943619977241025
100,0.9,-0.02396126292241534
100,0.9,-0.02099033827317629
100,0.9,0.27937488076194367
100,0.9,0.1916387280733509
100,0.9,-0.23193686094400676
100,0.9,0.24745573115975278
100,0.9,0.3551400264609315
100,0.9,-0.2950138744813021
100,0.9,-0.1032581045594526
100,0.9,-0.603349909562512
100,0.9,-0.09816044457077587
100,0.9,-0.29091251734954177
100,0.9,0.43404745869682493
100,0.9,0.26402931435187665
100,0.9,-0.19318726845974216
100,0.9,0.28253512738526615
100,0.9,-0.14172779481277503
100,0.9,0.2544680133052705
100,0.9,0.16534678770431627
100,0.9,-0.4373496153486032
100,0.9,-0.4667824839931572
100,0.9,-0.4425431056468254
100,0.9,-0.39452494575504266
100,0.9,0.5580718306067248
100,0.9,0.2364355961800407
100,0.9,-0.13289178884595634
100,0.9,-0.47376818032662366
100,0.9,-0.5348949937759709
100,0.9,0.17206926579666745
100,0.9,0.3286281176981285
100,0.9,-0.07563613928098485
100,0.9,0.5088692601148642
100,0.9,0.12025389537628654
100,0.9,0.3359313378848584
100,0.9,0.09199802394865604
100,0.9,-0.23207687181567455
100,0.9,0.18554305612977814
100,0.9,0.025091945184642663
100,0.9,-0.2381550228263102
100,0.9,0.13250710276157082
100,0.9,-0.04088112027295913
100,0.9,-0.4629039269385863
100,0.9,0.2864487965805616
100,0.9,0.19315992725799702
100,0.9,-0.16658600380838942
100,0.9,-0.28146017280392893
100,0.9,0.026716225890500267
100,0.9,-0.390958788129189
100,0.9,0.1984215835116887
100,0.9,-0.5064241200335109
100,0.9,0.48972372691238214
100,0.9,0.28149683809294085
100,0.9,-0.34334183091112663
100,0.9,0.42133318403228526
100,0.9,-0.11242969583275406
100,0.9,-0.18432987445406931
100,0.9,-0.07431113474912758
100,0.9,0.1118544621777936
100,0.9,-0.3215935960775376
100,0.9,-0.41827762010441644
100,0.9,-0.04187246080574739
100,0.9,-0.16741370258075072
100,0.9,-0.40058097479897725
100,0.9,-0.2859355910417987
100,0.9,-0.5013399937798293
100,0.9,-0.11271172406678762
100,0.9,0.39648476364075097
100,0.9,-0.46449254703360254
100,0.9,-0.12682584246181053
100,0.9,-0.3788352054870549
100,0.9,0.19792932533611837
100,0.9,-0.16715439642144111
100,0.9,0.3341790107160173
100,0.9,-0.4127654378044126
100,0.9,0.1156689683670845
100,0.9,0.18843817794131576
100,0.9,-0.542632724987135
100,0.9,-0.16361478520303613
100,0.9,0.028582719947131307
100,0.9,-0.5020612960076715
100,0.9,-0.04007981405654345
100,0.9,-0.09718905796862312
100,0.9,0.34835570231001534
100,0.9,0.10831633222311399
100,0.9,-0.22810270359276869
100,0.9,0.4520710719568379
100,0.9,-0.4620855660635117
100,0.9,0.07509534032511904
100,0.9,0.20012585843439867
100,0.9,0.36945161982953
100,0.9,0.5079225544469258
100,0.9,-0.5150652990673095
100,0.9,0.14123079280023443
100,0.9,0.03502342047017531
100,0.9,-0.008550752968414376
100,0.9,-0.10776343628037927
100,0.9,-0.31781348073359666
100,0.9,-0.2658944609440066
100,0.9,0.3941830084073093
100,0.9,0.1496817008065018
100,0.9,-0.004365523168571784
100,0.9,0.021159761162855274
100,0.9,0.2743346558394962
100,0.9,0.17178868130590222
100,0.9,-0.2130768097388448
100,0.9,0.2542433215389378
100,0.9,0.32021436464764735
100,0.9,-0.2854856492702578
100,0.9,-0.12833532287248808
100,0.9,-0.5950788453366133
100,0.9,-0.11690745055680596
100,0.9,-0.29442607863220593
100,0.9,0.4585747816444314
100,0.9,0.2877995524520071
100,0.9,-0.17451907639711467
100,0.9,0.3084626051069558
100,0.9,-0.1401860299652652
100,0.9,0.24572559594513732
100,0.9,0.10875193208518286
100,0.9,-0.42600615148132626
100,0.9,-0.4764711934698329
100,0.9,-0.4393272705131841
100,0.9,-0.3752562542212411
100,0.9,0.542587202672006
100,0.9,0.18072593861401823
100,0.9,-0.1368993252708793
100,0.9,-0.4770042680376135
100,0.9,-0.5529967167803272
100,0.9,0.18823546868737387
100,0.9,0.33361847337385525
100,0.9,-0.08935200025672707
100,0.9,0.4398396350953353
100,0.9,0.05339122550612563
100,0.9,0.3382167493479686
100,0.9,0.08215591146737222
100,0.9,-0.22552317804820013
100,0.9,0.1910744877491938
100,0.9,0.024026923079212992
100,0.9,-0.25093725616346313
100,0.9,0.0806974561029501
100,0.9,-0.07714416833636364
100,0.9,-0.47196640502311465
100,0.9,0.24232146614887168
100,0.9,0.1923268469151408
100,0.9,-0.1319012835019735
100,0.9,-0.2726098662886024
100,0.9,0.055299222734103724
100,0.9,-0.37077952173769707
100,0.9,0.14430128873711132
100,0.9,-0.5105413736194653
100,0.9,0.5130571568053736
100,0.9,0.3029703918748588
100,0.9,-0.3455947916571343
100,0.9,0.46811837898402037
100,0.9,-0.11928389528083803
100,0.9,-0.1801995931576099
100,0.9,-0.05128768075218378
100,0.9,0.11421305275008613
100,0.9,-0.359114717830985
100,0.9,-0.44787368415969436
100,0.9,-0.021040260272630097
100,0.9,-0.1002130593534427
100,0.9,-0.396939334740167
100,0.9,-0.32678268675809485
100,0.9,-0.522095403652466
100,0.9,-0.13527326447993487
100,0.9,0.37497201707121913
100,0.9,-0.4237714518271448
100,0.9,-0.16591935823180518
100,0.9,-0.410852041319318
100,0.9,0.21391657151488475
100,0.9,-0.1999740704751838
100,0.9,0.31939513430233335
100,0.9,-0.4251881499749399
100,0.9,0.13942168070630703
100,0.9,0.17228697374219107
100,0.9,-0.5107935555087768
100,0.9,-0.1629097396865952
100,0.9,0.061810323967759075
100,0.9,-0.4866174330993331
100,0.9,-0.07312685642269541
100,0.9,-0.1071572295969812
100,0.9,0.3160673649772629
100,0.9,0.08108537724336957
100,0.9,-0.23880816309913763
100,0.9,0.4455968625167753
100,0.9,-0.43838960582498326
100,0.9,0.08478406843788044
100,0.9,0.25006986619928245
100,0.9,0.388206057810593
100,0.9,0.5274679428834644
100,0.9,-0.5157746847146373
100,0.9,0.1286965169177488
100,0.9,0.08334189124541928
100,0.9,-0.0405726356049261
100,0.9,-0.11359606289966166
100,0.9,-0.37211649635830424
100,0.9,-0.2585132466402151
100,0.9,0.3542501915650071
100,0.9,0.13577116396046618
100,0.9,-0.0006275257578548633
100,0.9,0.03765382807165731
100,0.9,0.28474544614002706
100,0.9,0.22302383176769797
100,0.9,-0.22731034264734146
100,0.9,0.26442672209571855
100,0.9,0.3080254151966912
100,0.9,-0.25755611341788004
100,0.9,-0.1346913589785315
100,0.9,-0.5907093807969024
100,0.9,-0.08902856319445249
100,0.9,-0.3189202781206973
100,0.9,0.43033375383866396
100,0.9,0.3112823268850489
100,0.9,-0.12379198188898095
100,0.9,0.3483015832076308
100,0.9,-0.13001705766698535
100,0.9,0.23784387818563602
100,0.9,0.11187179352526798
100,0.9,-0.38656882240870394
100,0.9,-0.4675559635250209
100,0.9,-0.4312588708930684
100,0.9,-0.36973445805939714
100,0.9,0.5759246161563112
100,0.9,0.18082096461272484
100,0.9,-0.1568862700477203
100,0.9,-0.45075505799935267
100,0.9,-0.48452385600626025
100,0.9,0.1868778188345884
100,0.9,0.3375968042054964
100,0.9,-0.08182179753125139
100,0.9,0.43216980371226543
100,0.9,0.04758572799572789
100,0.9,0.3548255142817082
100,0.9,0.09186753480616987
100,0.9,-0.23621032731830416
100,0.9,0.2252087301944167
100,0.9,0.023517824091353945
100,0.9,-0.22563415807067103
100,0.9,0.08804349836816559
100,0.9,-0.051049954641923315
100,0.9,-0.4801253810828481
100,0.9,0.2705484170197833
100,0.9,0.174430586522502
100,0.9,-0.08444234123265128
100,0.9,-0.26390964904091674
100,0.9,0.08355671451265567
100,0.9,-0.3199740313632799
100,0.9,0.13344579557873662
100,0.9,-0.5315316045217614
100,0.9,0.4985239399087054
100,0.9,0.3242150026300301
100,0.9,-0.3973065261181065
100,0.9,0.4742997766764529
100,0.9,-0.1245783960957348
100,0.9,-0.21534818332711272
100,0.9,-0.0959482081357586
1000,0.8,-0.16013832619893337
1000,0.8,0.06604451232717778
1000,0.8,-0.021399755358046946
1000,0.8,0.2076839505424687
1000,0.8,0.09321174941339071
1000,0.8,0.02712280447932791
1000,0.8,-0.013892243388819205
1000,0.8,-0.005193750788974771
1000,0.8,-0.05424405380395214
1000,0.8,0.24661339812115524
1000,0.8,0.11540263568621718
1000,0.8,0.05416075306678447
1000,0.8,-0.061281905174224875
1000,0.8,0.1803974349635613
1000,0.8,0.05757767738501976
1000,0.8,0.026678486839609585
1000,0.8,-0.08177289509839288
1000,0.8,-0.01907360375998355
1000,0.8,0.10588621683403013
1000,0.8,-0.0026382772902312727
1000,0.8,0.12879785647026853
1000,0.8,-0.07056346828274895
1000,0.8,-0.0023149765900313036
1000,0.8,0.09414238532958148
1000,0.8,-0.08831290349519341
1000,0.8,0.18625763794111114
1000,0.8,0.004027777874831351
1000,0.8,-0.06922203845258804
1000,0.8,0.053801148775380093
1000,0.8,0.190509402076248
1000,0.8,0.12142866491873115
1000,0.8,0.035591091635613914
1000,0.8,-0.013276701670084724
1000,0.8,-0.02071957879735944
1000,0.8,0.12639798147391978
1000,0.8,-0.14132813316448117
1000,0.8,0.2032564912128043
1000,0.8,-0.02771961090023787
1000,0.8,-0.12761182656332748
1000,0.8,0.11614049585095164
1000,0.8,0.10318511426235305
1000,0.8,0.15456484033240978
1000,0.8,0.16742508057171596
1000,0.8,0.1478480061447863
1000,0.8,0.025102773682664115
1000,0.8,-0.041600442966431575
1000,0.8,0.0025395179813951785
1000,0.8,0.1765748976311434
1000,0.8,0.14422192443266635
1000,0.8,0.10703903316228232
1000,0.8,0.04374042580206688
1000,0.8,0.15335237116521336
1000,0.8,-0.18439497973612504
1000,0.8,0.013914634851181341
1000,0.8,-0.15561963958130845
1000,0.8,0.047457113000727885
1000,0.8,-0.05125648601917785
1000,0.8,0.21477982321059663
1000,0.8,0.1077648410343997
1000,0.8,0.18757176858922106
1000,0.8,0.15048962356872997
1000,0.8,-0.15459930899095475
1000,0.8,-0.038834259863125366
1000,0.8,0.17994510818080478
1000,0.8,0.19295094443193186
1000,0.8,-0.021537391868069647
1000,0.8,0.14583138457948214
1000,0.8,-0.11518835773056671
1000,0.8,-0.1509067218001536
1000,0.8,-0.17645870223846227
1000,0.8,0.15927443017941434
1000,0.8,0.042416077644144505
1000,0.8,0.08189515517968965
1000,0.8,-0.05960087395115102
1000,0.8,0.07170958235969459
1000,0.8,0.15653962680520106
1000,0.8,0.21624595223920304
1000,0.8,0.16389581416677076
1000,0.8,0.05171332199679295
1000,0.8,-0.04344409920605372
1000,0.8,0.028919284787146893
1000,0.8,0.10340300418284301
1000,0.8,-0.05043081924192192
1000,0.8,-0.04342551776064836
1000,0.8,0.0673294924961395
1000,0.8,0.13974356006643376
1000,0.8,0.15585350004738016
1000,0.8,-0.04744498470586889
1000,0.8,-0.08935017024167591
1000,0.8,-0.017236587040641373
1000,0.8,0.1382124701179853
1000,0.8,0.18973069349597954
1000,0.8,0.12847655179926143
1000,0.8,0.16149461131712908
1000,0.8,-0.13227030724802588
1000,0.8,-0.006997941217765736
1000,0.8,0.002620584248312952
1000,0.8,0.07451086098806795
1000,0.8,0.007101751471862806
1000,0.8,-0.06657610773882494
1000,0.8,-0.16125309783246955
1000,0.8,0.06689581194784999
1000,0.8,-0.024026930687500947
1000,0.8,0.2090548771765658
1000,0.8,0.09099055931400618
1000,0.8,0.027340803211086673
1000,0.8,-0.013772405119131205
1000,0.8,-0.0030982541062882342
1000,0.8,-0.055776916598623674
1000,0.8,0.25061183534238335
1000,0.8,0.11768559881328429
1000,0.8,0.05703454469750931
1000,0.8,-0.06558329189459747
1000,0.8,0.17869883809698575
1000,0.8,0.0578759442370794
1000,0.8,0.026480081358245047
1000,0.8,-0.08522312025503487
1000,0.8,-0.02027395403662551
1000,0.8,0.10548289703865006
1000,0.8,-0.002451130675299673
1000,0.8,0.12526702211629726
1000,0.8,-0.06490349311026229
1000,0.8,-0.002779666691455418
1000,0.8,0.09322351601751055
1000,0.8,-0.09227561401349825
1000,0.8,0.1839543085447204
1000,0.8,0.006794301349708754
1000,0.8,-0.06522476962623784
1000,0.8,0.05469236308886974
1000,0.8,0.19290551963852476
1000,0.8,0.11824347717362116
1000,0.8,0.03383703124874362
1000,0.8,-0.00976498700364239
1000,0.8,-0.02358954537704712
1000,0.8,0.12304174253650722
1000,0.8,-0.14626199392508488
1000,0.8,0.20326730876805446
1000,0.8,-0.027934669271744195
1000,0.8,-0.1251731652026117
1000,0.8,0.11848716412547394
1000,0.8,0.10431499599290817
1000,0.8,0.15179811814761363
1000,0.8,0.16932917837788075
1000,0.8,0.15090947710219993
1000,0.8,0.02322058488886647
1000,0.8,-0.03814107593687286
1000,0.8,-0.00031131800946067046
1000,0.8,0.17824942726115794
1000,0.8,0.1394656377787726
1000,0.8,0.10464269366395254
1000,0.8,0.046387144768031165
1000,0.8,0.1496496877749003
1000,0.8,-0.18758128973102642
1000,0.8,0.013688108956945479
1000,0.8,-0.15600435374734822
1000,0.8,0.050390661550049565
1000,0.8,-0.04913218911703519
1000,0.8,0.21401544725604327
1000,0.8,0.10680215885041022
1000,0.8,0.18737948188194445
1000,0.8,0.1477626727013698
1000,0.8,-0.14960039194283645
1000,0.8,-0.03989176095338412
1000,0.8,0.17982725244239878
1000,0.8,0.19264006074325693
1000,0.8,-0.02770076192465254
1000,0.8,0.1458032161141068
1000,0.8,-0.11382356552636655
1000,0.8,-0.14887170500407496
1000,0.8,-0.1783073745432124
1000,0.8,0.16396536123652386
1000,0.8,0.039003518487847444
1000,0.8,0.08109897438169239
1000,0.8,-0.05688231274983844
1000,0.8,0.0697258202099814
1000,0.8,0.15802194911894762
1000,0.8,0.2171185113752756
1000,0.8,0.16387557465095848
1000,0.8,0.0491378378053943
1000,0.8,-0.04298585386599588
1000,0.8,0.02602445860007041
1000,0.8,0.10587544564452163
1000,0.8,-0.05631220928651226
1000,0.8,-0.046546852209358926
1000,0.8,0.06477603393690252
1000,0.8,0.13886137555059844
1000,0.8,0.1552505942144997
1000,0.8,-0.048976415579328775
1000,0.8,-0.09345408210745605
1000,0.8,-0.015007542318456135
1000,0.8,0.13622958827208684
1000,0.8,0.18953477543686434
1000,0.8,0.12817498267281505
1000,0.8,0.16148325168015118
1000,0.8,-0.13236451537702562
1000,0.8,-0.007140044646432742
1000,0.8,0.0004581115499611599
1000,0.8,0.07874816009965145
1000,0.8,0.009868465501766366
1000,0.8,-0.06427665145606491
1000,0.8,-0.156718224965317
1000,0.8,0.06345240252924426
1000,0.8,-0.022179766183417462
1000,0.8,0.21149924621968968
1000,0.8,0.0928038078637929
1000,0.8,0.02277774802825885
1000,0.8,-0.0075013181549020485
1000,0.8,-0.002848688338346417
1000,0.8,-0.05527708294140759
1000,0.8,0.2484622586344438
1000,0.8,0.11647217128667081
1000,0.8,0.057883265483802404
1000,0.8,-0.06543319718050906
1000,0.8,0.18006992202127758
1000,0.8,0.06032083969421347
1000,0.8,0.027881371046346005
1000,0.8,-0.08622745174889435
1000,0.8,-0.021733872458106342
1000,0.8,0.10158283927872436
1000,0.8,-0.0056592258119637865
1000,0.8,0.12530332398996277
1000,0.8,-0.06859914883942135
1000,0.8,-0.0025223845135214696
1000,0.8,0.09236127489077398
1000,0.8,-0.09302280952685615
1000,0.8,0.1824726820810467
1000,0.8,0.005318034398100658
1000,0.8,-0.06437117021088926
1000,0.8,0.057081379722880146
1000,0.8,0.19435452502328676
1000,0.8,0.11729999508639732
1000,0.8,0.0347529972175721
1000,0.8,-0.011495506169760717
1000,0.8,-0.025015376849034876
1000,0.8,0.1205613071853092
1000,0.8,-0.14671045675190006
1000,0.8,0.20749652578305788
1000,0.8,-0.02948363551318254
1000,0.8,-0.12407278713763015
1000,0.8,0.11852707489738226
1000,0.8,0.10495514917879839
1000,0.8,0.15058735788174965
1000,0.8,0.17247278033224536
1000,0.8,0.1492981822725346
1000,0.8,0.018716350646173652
1000,0.8,-0.03616076319309274
1000,0.8,-0.0017612215703060486
1000,0.8,0.17837617893672048
1000,0.8,0.1384208463171678
1000,0.8,0.10386314486717173
1000,0.8,0.04756804609771841
1000,0.8,0.14955764117378365
1000,0.8,-0.18842570937533526
1000,0.8,0.013589521572894371
1000,0.8,-0.1543713931665697
1000,0.8,0.049720548935193065
1000,0.8,-0.045657943863781726
1000,0.8,0.2104592108649122
1000,0.8,0.10908349419586294
1000,0.8,0.1844063075933617
1000,0.8,0.14639164565725923
1000,0.8,-0.15123898378106013
1000,0.8,-0.03992076613255744
1000,0.8,0.1795039800971564
1000,0.8,0.19417059395140301
1000,0.8,-0.02601635976240262
1000,0.8,0.1458640742349541
1000,0.8,-0.11597539758847547
1000,0.8,-0.14585660171887005
1000,0.8,-0.1778911284506716
1000,0.8,0.16406554762174289
1000,0.8,0.03275981164396331
1000,0.8,0.0832161243870731
1000,0.8,-0.056155123944826
1000,0.8,0.06878644587330954
1000,0.8,0.1548999974846982
1000,0.8,0.21812443005215806
1000,0.8,0.16413512142963604
1000,0.8,0.046976761396821415
1000,0.8,-0.04260045400257724
1000,0.8,0.024154837963971155
1000,0.8,0.10777600590888331
1000,0.8,-0.05737172234714416
1000,0.8,-0.04303792475512465
1000,0.8,0.06248318983642279
1000,0.8,0.13757421362634084
1000,0.8,0.15566772107146074
1000,0.8,-0.05326519228995146
1000,0.8,-0.09395251657826797
1000,0.8,-0.013627983841592606
1000,0.8,0.13775677896124527
1000,0.8,0.1879976959269543
1000,0.8,0.12862252772717006
1000,0.8,0.15872188916802657
1000,0.8,-0.13089049071684541
1000,0.8,-0.008492854455673183
1000,0.8,0.0037355521749526943
1000,0.8,0.07661850959316788
1000,0.8,0.009805177920014252
1000,0.8,-0.06517647406567369
1000,0.8,-0.15997030280574107
1000,0.8,0.06612479006362033
1000,0.8,-0.020063237992842178
1000,0.8,0.21112172697785977
1000,0.8,0.09035593537049885
1000,0.8,0.02583519810754975
1000,0.8,-0.00577604346771814
1000,0.8,-0.001269020418831346
1000,0.8,-0.053186838540305814
1000,0.8,0.24764525667270193
1000,0.8,0.11837119874097689
1000,0.8,0.05892497468329108
1000,0.8,-0.06500942675577424
1000,0.8,0.1813654752038243
1000,0.8,0.05987890383797421
1000,0.8,0.028874966309716577
1000,0.8,-0.08559918601837034
1000,0.8,-0.02454609199852813
1000,0.8,0.10683235214865211
1000,0.8,-0.005421220105852953
1000,0.8,0.12133893151029121
1000,0.8,-0.07071826858869149
1000,0.8,-0.002624513079292168
1000,0.8,0.09306923912731069
1000,0.8,-0.09511152296164323
1000,0.8,0.18663660871487053
1000,0.8,0.005424763303733826
1000,0.8,-0.06644852476103891
1000,0.8,0.0626790252942028
1000,0.8,0.19378486678384627
1000,0.8,0.11579538110761459
1000,0.8,0.03602165381147966
1000,0.8,-0.016192709132065008
1000,0.8,-0.028077247827705154
1000,0.8,0.12097603594653901
1000,0.8,-0.1497646954700099
1000,0.8,0.20424405753930924
1000,0.8,-0.03052791180878032
1000,0.8,-0.12590549125229772
1000,0.8,0.12042779921691978
1000,0.8,0.1040630402814145
1000,0.8,0.14756410350947605
1000,0.8,0.17243153466393776
1000,0.8,0.15091273423277124
1000,0.8,0.019850072254656227
1000,0.8,-0.03883126515633722
1000,0.8,-0.001841287714309292
1000,0.8,0.17800407703962906
1000,0.8,0.14038912789953492
1000,0.8,0.1046755348267272
1000,0.8,0.04843099949081253
1000,0.8,0.15144645732226608
1000,0.8,-0.18673721101918936
1000,0.8,0.013257882912327369
1000,0.8,-0.15246451636104422
1000,0.8,0.052539528316594544
1000,0.8,-0.04398768606711299
1000,0.8,0.21173062976924603
1000,0.8,0.10789947330484183
1000,0.8,0.18247747315957918
1000,0.8,0.1451393733568361
1000,0.8,-0.15280837223811786
1000,0.8,-0.039077608598971914
1000,0.8,0.17476879761250252
1000,0.8,0.19382626392406818
1000,0.8,-0.02707762482446423
1000,0.8,0.1460161719551074
1000,0.8,-0.11526887310252426
1000,0.8,-0.1474911079293217
1000,0.8,-0.18065338769379402
1000,0.8,0.16150272778796904
1000,0.8,0.035478216921742425
1000,0.8,0.08293568891251138
1000,0.8,-0.05399344907594364
1000,0.8,0.06835971281559594
1000,0.8,0.1564544119870318
1000,0.8,0.21642120105892976
1000,0.8,0.16558161024348161
1000,0.8,0.04324453626948213
1000,0.8,-0.042325811270898496
1000,0.8,0.02257648708223563
1000,0.8,0.10862995855439124
1000,0.8,-0.05496622510906111
1000,0.8,-0.04218078869886624
1000,0.8,0.061957910458490244
1000,0.8,0.14097266441101494
1000,0.8,0.15429679268851793
1000,0.8,-0.057517000782100515
1000,0.8,-0.09785264527017318
1000,0.8,-0.013640004384580885
1000,0.8,0.13801797573618532
1000,0.8,0.18745504929699291
1000,0.8,0.1255916714272299
1000,0.8,0.1541287751062974
1000,0.8,-0.13208483368397142
1000,0.8,-0.008306091934151194
1000,0.8,0.002401692538677303
1000,0.8,0.07405914680878478
1000,0.8,0.011201130813526562
1000,0.8,-0.06583038021986747
1000,0.8,-0.16170322093314812
1000,0.8,0.06850048454059508
1000,0.8,-0.014820123441143009
1000,0.8,0.21089248776948663
1000,0.8,0.08923985884818056
1000,0.8,0.025175854041420642
1000,0.8,-0.008708346056423899
1000,0.8,0.0005551397065564956
1000,0.8,-0.057618297395375606
1000,0.8,0.24534315628918862
1000,0.8,0.11688726126880661
1000,0.8,0.05989476835804375
1000,0.8,-0.06611220046711423
1000,0.8,0.18093875050180108
1000,0.8,0.06423726416904821
1000,0.8,0.030420878890277694
1000,0.8,-0.08435249220908024
1000,0.8,-0.02423166682332836
1000,0.8,0.1053318762291422
1000,0.8,-0.00509783029289439
1000,0.8,0.1236645401331451
1000,0.8,-0.07223191661396244
1000,0.8,0.0008825565555437009
1000,0.8,0.09242252713692878
1000,0.8,-0.09427468825636298
1000,0.8,0.18954337181630923
1000,0.8,0.006943075513353492
1000,0.8,-0.06527686651331265
1000,0.8,0.0637379801305384
1000,0.8,0.19560438659443183
1000,0.8,0.11962819225658024
1000,0.8,0.033806128218647834
1000,0.8,-0.012367792701000635
1000,0.8,-0.02491246601401631
1000,0.8,0.12171393187024204
1000,0.8,-0.1466295351296072
1000,0.8,0.20538263693887054
1000,0.8,-0.035105964400513924
1000,0.8,-0.1262360325931117
1000,0.8,0.11732193292781262
1000,0.8,0.10788104765490303
1000,0.8,0.14941189074126626
1000,0.8,0.16975647861210225
1000,0.8,0.15609170025098873
1000,0.8,0.021663731054473348
1000,0.8,-0.04169883002753175
1000,0.8,-0.00021096523644619227
1000,0.8,0.18114059379014816
1000,0.8,0.1393644221652778
1000,0.8,0.10733744168276048
1000,0.8,0.04739212875794845
1000,0.8,0.1537407697962502
1000,0.8,-0.18446919700959707
1000,0.8,0.015521700758594471
1000,0.8,-0.15143175893106156
1000,0.8,0.05342153388225679
1000,0.8,-0.04407667350038835
1000,0.8,0.21108955566943452
1000,0.8,0.10370572465373709
1000,0.8,0.18216544603519438
1000,0.8,0.14552546204845546
1000,0.8,-0.1538829026811393
1000,0.8,-0.035329822903540545
1000,0.8,0.1746704089935447
1000,0.8,0.1969947345791864
1000,0.8,-0.026387879069238986
1000,0.8,0.1432700411136226
1000,0.8,-0.11432492052003883
1000,0.8,-0.1492252856557645
1000,0.8,-0.18143903429874203
1000,0.8,0.15648114720501172
1000,0.8,0.03495655120337098
1000,0.8,0.08853802597119564
1000,0.8,-0.054730193322222224
1000,0.8,0.06935973219123177
1000,0.8,0.15660847089703758
1000,0.8,0.21629905881216802
1000,0.8,0.16629779829871386
1000,0.8,0.04128929050864123
1000,0.8,-0.04163082230676976
1000,0.8,0.022322793422796573
1000,0.8,0.10547442390211065
1000,0.8,-0.055487839298743596
1000,0.8,-0.041583512507179246
1000,0.8,0.06282824221331733
1000,0.8,0.140610920468316
1000,0.8,0.15665249664588876
1000,0.8,-0.05378243128292475
1000,0.8,-0.09644614139091044
1000,0.8,-0.020369641566247588
1000,0.8,0.140388532391788
1000,0.8,0.1834817275335343
1000,0.8,0.1259911228986079
1000,0.8,0.1554359071091046
1000,0.8,-0.13073763198773022
1000,0.8,-0.007269054244618812
1000,0.8,0.0013402811251653547
1000,0.8,0.074391610912574
1000,0.8,0.01585998924771257
1000,0.8,-0.06591155456293799
1000,0.8,-0.1591734901757799
1000,0.8,0.0693615111771301
1000,0.8,-0.01662341444003479
1000,0.8,0.20909467398382678
1000,0.8,0.08870802615746119
1000,0.8,0.0273807945790999
1000,0.8,-0.015508347972277382
1000,0.8,0.002535690780228528
1000,0.8,-0.05706351189200945
1000,0.8,0.24912699486135034
1000,0.8,0.11685685550589238
1000,0.8,0.06072263852843421
1000,0.8,-0.0650092463310438
1000,0.8,0.1805095077784314
1000,0.8,0.059681900592809534
1000,0.8,0.031009115762412522
1000,0.8,-0.08309395985066237
1000,0.8,-0.021086914536412496
1000,0.8,0.1030920518687859
1000,0.8,-0.004087980740627728
1000,0.8,0.12435339196592157
1000,0.8,-0.07068472696739292
1000,0.8,0.002686684600658929
1000,0.8,0.09252672730056766
1000,0.8,-0.09583986813190518
1000,0.8,0.18698550116204712
1000,0.8,0.003842849982352981
1000,0.8,-0.061235419894201476
1000,0.8,0.057757589172061155
1000,0.8,0.18835186470986243
1000,0.8,0.11796565480029902
1000,0.8,0.03303473447630339
1000,0.8,-0.014174880445614147
1000,0.8,-0.02557359380231903
1000,0.8,0.12139026604631376
1000,0.8,-0.14663530299943428
1000,0.8,0.2050344438519618
1000,0.8,-0.041515476087200215
1000,0.8,-0.12742306066374437
1000,0.8,0.1164981436315543
1000,0.8,0.10783388060888051
1000,0.8,0.145947104174536
1000,0.8,0.17290730229202503
1000,0.8,0.1597195201653433
1000,0.8,0.02536999884869271
1000,0.8,-0.04425003812314579
1000,0.8,0.0002810336104550615
1000,0.8,0.18165623822647226
1000,0.8,0.13665313997590775
1000,0.8,0.10430962299722993
1000,0.8,0.04918428245440261
1000,0.8,0.15077362297173755
1000,0.8,-0.1849910960873757
1000,0.8,0.016926147741581767
1000,0.8,-0.15188240349059656
1000,0.8,0.05665377419293538
1000,0.8,-0.04316695722749824
1000,0.8,0.2119410669959324
1000,0.8,0.10405246736051339
1000,0.8,0.17981556870961982
1000,0.8,0.1464109905594153
1000,0.8,-0.15333625717981356
1000,0.8,-0.03503817318866833
1000,0.8,0.17463200183274205
1000,0.8,0.1972870050960811
1000,0.8,-0.026054528247367516
1000,0.8,0.14359479242703427
1000,0.8,-0.11020430043407155
1000,0.8,-0.14507788641095393
1000,0.8,-0.1864451265010203
1000,0.8,0.15520682379524686
1000,0.8,0.036505129980251814
1000,0.8,0.08959168729787503
1000,0.8,-0.05258016506063248
1000,0.8,0.07020503957644682
1000,0.8,0.16036294210402177
1000,0.8,0.21443514811621772
1000,0.8,0.16716830487944226
1000,0.8,0.04419835565312145
1000,0.8,-0.043482810556717946
1000,0.8,0.02315502051962497
1000,0.8,0.11115311778037001
1000,0.8,-0.05830022615461239
1000,0.8,-0.03427717415351026
1000,0.8,0.06411522568674376
1000,0.8,0.13910333279370057
1000,0.8,0.15850541184610523
1000,0.8,-0.0536348188868617
1000,0.8,-0.0993982281736999
1000,0.8,-0.019668283018132726
1000,0.8,0.14425872718239266
1000,0.8,0.1831486063855449
1000,0.8,0.12850134225887208
1000,0.8,0.15875114115155942
1000,0.8,-0.1289478219529932
1000,0.8,-0.008096918536289622
1000,0.8,0.0015768254101940827
1000,0.8,0.07190891608267887
1000,0.8,0.016698993008212783
1000,0.8,-0.0643105308751668
1000,0.8,-0.1658718570843413
1000,0.8,0.07102646982516721
1000,0.8,-0.01398017651881558
1000,0.8,0.2101718594649361
1000,0.8,0.08695981643768143
1000,0.8,0.02619224614949829
1000,0.8,-0.015735630783899526
1000,0.8,0.0027813790193476962
1000,0.8,-0.0599040179787024
1000,0.8,0.2534790908493482
1000,0.8,0.11893100986626931
1000,0.8,0.0599899060300734
1000,0.8,-0.06686512085070238
1000,0.8,0.18053646214087815
1000,0.8,0.055189505325601296
1000,0.8,0.028885318070546086
1000,0.8,-0.08480215650250172
1000,0.8,-0.02406062518028769
1000,0.8,0.10368824456154241
1000,0.8,-1.797152690130588e-5
1000,0.8,0.1235199591507385
1000,0.8,-0.07196137653671082
1000,0.8,0.006079935182279783
1000,0.8,0.09049150016153612
1000,0.8,-0.09377274925834822
1000,0.8,0.18986528525971968
1000,0.8,-0.00011475336370789791
1000,0.8,-0.05643968409365892
1000,0.8,0.06107113122587507
1000,0.8,0.18824837044982115
1000,0.8,0.11543580018258198
1000,0.8,0.032957201280868986
1000,0.8,-0.015143494224752009
1000,0.8,-0.026927326619333683
1000,0.8,0.11741877708443323
1000,0.8,-0.1442702245679226
1000,0.8,0.2033949491911848
1000,0.8,-0.03942337886036765
1000,0.8,-0.12370134244492004
1000,0.8,0.11560973733125178
1000,0.8,0.1043582925685513
1000,0.8,0.14311783383623755
1000,0.8,0.17512279475088663
1000,0.8,0.15994816004155687
1000,0.8,0.02336949176605252
1000,0.8,-0.043325372154372224
1000,0.8,-0.0009485270831476989
1000,0.8,0.18239007726966855
1000,0.8,0.1311974669947867
1000,0.8,0.11001690138233738
1000,0.8,0.04989679706584341
1000,0.8,0.15171598686421905
1000,0.8,-0.1791931493021527
1000,0.8,0.01838322384913411
1000,0.8,-0.14990116762160088
1000,0.8,0.05488641219252859
1000,0.8,-0.04494699919313634
1000,0.8,0.21006354038187267
1000,0.8,0.10615913443139302
1000,0.8,0.1826003755930028
1000,0.8,0.1453686347425327
1000,0.8,-0.15499200079257883
1000,0.8,-0.037744607978034056
1000,0.8,0.17239594403477182
1000,0.8,0.20358698288809213
1000,0.8,-0.021182048298941325
1000,0.8,0.14373477330161927
1000,0.8,-0.11151502357261417
1000,0.8,-0.14731570731831
1000,0.8,-0.18617430823777542
1000,0.8,0.15531982126634214
1000,0.8,0.03585987565439854
1000,0.8,0.09207654600535929
1000,0.8,-0.049629384838937175
1000,0.8,0.07430282289848052
1000,0.8,0.15914616408423152
1000,0.8,0.21406186955170928
1000,0.8,0.16732618930337786
1000,0.8,0.04535740943213043
1000,0.8,-0.041171352096924
1000,0.8,0.02543134330812116
1000,0.8,0.11244954413199455
1000,0.8,-0.05955186890413558
1000,0.8,-0.030127506177043364
1000,0.8,0.06370605383343052
1000,0.8,0.1430410794317039
1000,0.8,0.15695070268827074
1000,0.8,-0.05329365479350674
1000,0.8,-0.09704698920747355
1000,0.8,-0.023496909186686923
1000,0.8,0.1414471049413562
1000,0.8,0.18502575844036057
1000,0.8,0.13411447235542548
1000,0.8,0.15979013398225403
1000,0.8,-0.1324273224283549
1000,0.8,-0.009313170744539611
1000,0.8,0.00498878711568267
1000,0.8,0.06913057613750517
1000,0.8,0.0184296879260037
1000,0.8,-0.0617373299488814
1000,0.8,-0.16610013713705937
1000,0.8,0.07541383325918823
1000,0.8,-0.010237034427468218
1000,0.8,0.21092515992613078
1000,0.8,0.08747329692640449
1000,0.8,0.02927405346379022
1000,0.8,-0.012686455282701915
1000,0.8,0.004207932514203527
1000,0.8,-0.059214926553758845
1000,0.8,0.251023795197996
1000,0.8,0.12065129953021128
1000,0.8,0.062225320004767326
1000,0.8,-0.07126781775528333
1000,0.8,0.17753805112540366
1000,0.8,0.05457171110605259
1000,0.8,0.02645967342862541
1000,0.8,-0.08227419192417118
1000,0.8,-0.021907125970505884
1000,0.8,0.10110119163180063
1000,0.8,0.0019564058340062473
1000,0.8,0.12278469907422895
1000,0.8,-0.07531026832267651
1000,0.8,0.004565567936718829
1000,0.8,0.0881905883550024
1000,0.8,-0.09275240484167471
1000,0.8,0.18857880916406292
1000,0.8,-0.004673624527696063
1000,0.8,-0.057051062162190025
1000,0.8,0.06267307945620626
1000,0.8,0.18865033492371153
1000,0.8,0.11938609819997553
1000,0.8,0.038416565380719095
1000,0.8,-0.012100186671694414
1000,0.8,-0.023994562636348606
1000,0.8,0.11219316800570596
1000,0.8,-0.14618190407444143
1000,0.8,0.19827592692297832
1000,0.8,-0.03845897516730856
1000,0.8,-0.1247226452641863
1000,0.8,0.11806429179164245
1000,0.8,0.1028193671758329
1000,0.8,0.14443648300733436
1000,0.8,0.17360993103175204
1000,0.8,0.1600260126811648
1000,0.8,0.02966404643643461
1000,0.8,-0.039325947214995875
1000,0.8,-0.0010044097080689873
1000,0.8,0.18074046499052532
1000,0.8,0.13320428358124178
1000,0.8,0.11086626794625404
1000,0.8,0.05014563365010645
1000,0.8,0.15046949084810493
1000,0.8,-0.18252145926916194
1000,0.8,0.018458027331712756
1000,0.8,-0.15143602835357894
1000,0.8,0.05522098116313021
1000,0.8,-0.04733148519493664
1000,0.8,0.21083206542020463
1000,0.8,0.10342512227550477
1000,0.8,0.182478437599622
1000,0.8,0.14686134431652195
1000,0.8,-0.15554634803448383
1000,0.8,-0.03759737129537486
1000,0.8,0.17432095379103796
1000,0.8,0.20494098871916525
1000,0.8,-0.023062423886407758
1000,0.8,0.14113547042810454
1000,0.8,-0.11167416361957666
1000,0.8,-0.14901415863431017
1000,0.8,-0.1859824314893399
1000,0.8,0.15297399390849425
1000,0.8,0.03689445925447306
1000,0.8,0.09623923681852897
1000,0.8,-0.047928235289458956
1000,0.8,0.07378766992647919
1000,0.8,0.15773672787453458
1000,0.8,0.21216732952795
1000,0.8,0.16580352069547377
1000,0.8,0.0472056026149593
1000,0.8,-0.040181009138774385
1000,0.8,0.025717245365123098
1000,0.8,0.10630870350766078
1000,0.8,-0.062055309981673905
1000,0.8,-0.023302807564802564
1000,0.8,0.06673830028922989
1000,0.8,0.1420679469118083
1000,0.8,0.15399735213310867
1000,0.8,-0.05565876466547586
1000,0.8,-0.09989950844772616
1000,0.8,-0.02026401922373138
1000,0.8,0.14154817091339708
1000,0.8,0.18502842233140912
1000,0.8,0.13427819208326747
1000,0.8,0.16186037371035786
1000,0.8,-0.12891208366585927
1000,0.8,-0.00870750519944874
1000,0.8,0.004533735028838848
1000,0.8,0.06865200208576568
1000,0.8,0.016851510666677606
1000,0.8,-0.06186323379557317
1000,0.8,-0.1674821527274169
1000,0.8,0.07622873624743552
1000,0.8,-0.011048655836074596
1000,0.8,0.2106421591167285
1000,0.8,0.08354881996215031
1000,0.8,0.02796481769200572
1000,0.8,-0.015260718282383135
1000,0.8,0.004053577736856973
1000,0.8,-0.05990392118144836
1000,0.8,0.25189380833037733
1000,0.8,0.12208197619730399
1000,0.8,0.06202399044236753
1000,0.8,-0.07359716754594565
1000,0.8,0.17590573544138108
1000,0.8,0.05779404734737792
1000,0.8,0.0266853856571478
1000,0.8,-0.08127009515306645
1000,0.8,-0.020051623571776568
1000,0.8,0.09988239439172607
1000,0.8,0.001037075046950342
1000,0.8,0.12466928659114114
1000,0.8,-0.07799460519324662
1000,0.8,0.005428283374276788
1000,0.8,0.08780026513054331
1000,0.8,-0.08988792785172467
1000,0.8,0.18726878820748
1000,0.8,-0.005488012761623651
1000,0.8,-0.054543750964112285
1000,0.8,0.06015690332909518
1000,0.8,0.19008411897950844
1000,0.8,0.1184378850843757
1000,0.8,0.039960184454093196
1000,0.8,-0.008689605667995348
1000,0.8,-0.02214270343074043
1000,0.8,0.1154940711890264
1000,0.8,-0.1412903889415298
1000,0.8,0.20006060770976167
1000,0.8,-0.03614623989185946
1000,0.8,-0.12187735241107758
1000,0.8,0.11316086807921036
1000,0.8,0.09845536511078219
1000,0.8,0.14809495613414683
1000,0.8,0.17321283710739532
1000,0.8,0.16031584112475025
1000,0.8,0.024302572009263737
1000,0.8,-0.0388433389411091
1000,0.8,-0.0008133575997685939
1000,0.8,0.182313667894522
1000,0.8,0.13000571775923273
1000,0.8,0.11272525125659172
1000,0.8,0.049042574334494486
1000,0.8,0.1474229689962023
1000,0.8,-0.18051446199244456
1000,0.8,0.02169525851537504
1000,0.8,-0.15368210223091847
1000,0.8,0.05509693067904156
1000,0.8,-0.04771911276830379
1000,0.8,0.21179335550149894
1000,0.8,0.1027373847474248
1000,0.8,0.18408339690189557
1000,0.8,0.14861804375408685
1000,0.8,-0.15768773713491085
1000,0.8,-0.038541437265802794
1000,0.8,0.17427675854065205
1000,0.8,0.20660579912460142
1000,0.8,-0.022237550759865957
1000,0.8,0.13914694144444084
1000,0.8,-0.10902638574564608
1000,0.8,-0.1522504680893504
1000,0.8,-0.1825170408248183
1000,0.8,0.1517589911760842
1000,0.8,0.028521942989841342
1000,0.8,0.09504947718701065
1000,0.8,-0.05221460621116743
1000,0.8,0.07315453001522201
1000,0.8,0.1566964558262944
1000,0.8,0.21664940899486249
1000,0.8,0.16891787420520893
1000,0.8,0.049095636899732044
1000,0.8,-0.04444973251530424
1000,0.8,0.029118708750975133
1000,0.8,0.10820609992299507
1000,0.8,-0.060139304827084586
1000,0.8,-0.02326982808840468
1000,0.8,0.06666338920935432
1000,0.8,0.1414617962262666
1000,0.8,0.15690644170370707
1000,0.8,-0.05022665172584331
1000,0.8,-0.0955717886971911
1000,0.8,-0.01949335282600817
1000,0.8,0.14044747517370873
1000,0.8,0.1836677138196052
1000,0.8,0.13454824193624157
1000,0.8,0.1650775961229666
1000,0.8,-0.12740935745798695
1000,0.8,-0.006736859967964382
1000,0.8,0.0050103087245318536
1000,0.8,0.06499706993263103
1000,0.8,0.013253794903531358
1000,0.8,-0.06321108965126375
1000,0.8,-0.1654621145687427
1000,0.8,0.07999777515544225
1000,0.8,-0.012357463593456776
1000,0.8,0.21153337531671623
1000,0.8,0.08440724492296764
1000,0.8,0.022619171869314947
1000,0.8,-0.02143420846482931
1000,0.8,0.0003416249947068906
1000,0.8,-0.06115993797796318
1000,0.8,0.25235382873232376
1000,0.8,0.12238771154870208
1000,0.8,0.05821923912720202
1000,0.8,-0.07304761419843935
1000,0.8,0.1754760851263523
1000,0.8,0.05242030884946694
1000,0.8,0.026111837430655704
1000,0.8,-0.08053904623062023
1000,0.8,-0.021223906442932528
1000,0.8,0.09730708550304126
1000,0.8,0.002560233084569852
1000,0.8,0.12679163651791558
1000,0.8,-0.07412854576868692
1000,0.8,0.002202702677284307
1000,0.8,0.08534280783275179
1000,0.8,-0.09230189933322741
1000,0.8,0.1868246665657649
1000,0.8,-0.001902177767045732
1000,0.8,-0.05572052872106861
1000,0.8,0.05630425052188368
1000,0.8,0.1845790744879576
1000,0.8,0.11705191517336466
1000,0.8,0.04423615116857907
1000,0.8,-0.008096079540726109
1000,0.8,-0.021885001988169606
1000,0.8,0.11764098201423981
1000,0.8,-0.13973465708721441
1000,0.8,0.19785507768790894
1000,0.8,-0.037112430668361895
1000,0.8,-0.12518178168870417
1000,0.8,0.11205141040809732
1000,0.8,0.0942084467734933
1000,0.8,0.1479490901805951
1000,0.8,0.17456082972603895
1000,0.8,0.15982887392433265
1000,0.8,0.024152033959184218
1000,0.8,-0.0400025219574534
1000,0.8,-0.0009178605659733386
1000,0.8,0.18360929972337062
1000,0.8,0.128684265482279
1000,0.8,0.11191078705911456
1000,0.8,0.04843182952162639
1000,0.8,0.1459024553228023
1000,0.8,-0.1818929676315258
1000,0.8,0.02002615135531798
1000,0.8,-0.1556293521011691
1000,0.8,0.053201134570515944
1000,0.8,-0.051828296137771096
1000,0.8,0.2178486797547411
1000,0.8,0.10341809410949505
1000,0.8,0.1840675700758263
1000,0.8,0.1471877335386461
1000,0.8,-0.156227723935986
1000,0.8,-0.041922420923283354
1000,0.8,0.17380564958288858
1000,0.8,0.20938151649323145
1000,0.8,-0.02567358914956515
1000,0.8,0.14005804824030008
1000,0.8,-0.10984314571889008
1000,0.8,-0.14903995375389814
1000,0.8,-0.18570940127204852
1000,0.8,0.1500942836714062
1000,0.8,0.031057262279137455
1000,0.8,0.09401801767225014
1000,0.8,-0.05199796325180089
1000,0.8,0.07212720444715526
1000,0.8,0.15469601589159865
1000,0.8,0.21088976189544228
1000,0.8,0.17053459720974368
1000,0.8,0.0498718833941064
1000,0.8,-0.04902210594140391
1000,0.8,0.027218051595716376
1000,0.8,0.10908687684514701
1000,0.8,-0.05944212113727661
1000,0.8,-0.023263480966552133
1000,0.8,0.06263779195663091
1000,0.8,0.14307051576305127
1000,0.8,0.15523567724330933
1000,0.8,-0.04989268865590146
1000,0.8,-0.09959838019746617
1000,0.8,-0.022479391237654592
1000,0.8,0.13838477424038162
1000,0.8,0.185171035724615
1000,0.8,0.13478741669191835
1000,0.8,0.1665444382051421
1000,0.8,-0.12593974606555536
1000,0.8,-0.006399501993587187
1000,0.8,0.002964019526106654
1000,0.8,0.06294924881092871
1000,0.8,0.01463508263586384
1000,0.8,-0.06395856835622764
1000,0.8,-0.16889068497983972
1000,0.8,0.07941766104865221
1000,0.8,-0.010908198516669732
1000,0.8,0.20858262056617907
1000,0.8,0.0834018309709709
1000,0.8,0.02215642768992563
1000,0.8,-0.022429461646884797
1000,0.8,0.0010816436296602562
1000,0.8,-0.05944350984101732
1000,0.8,0.24918855974612183
1000,0.8,0.12312447907999964
1000,0.8,0.06123263505681997
1000,0.8,-0.07500055719885045
1000,0.8,0.17875774874444872
1000,0.8,0.057052816083398385
1000,0.8,0.02221453847156951
1000,0.8,-0.07860665489659446
1000,0.8,-0.02085325407874681
1000,0.8,0.09294176184056974
1000,0.8,0.0007205188217307423
1000,0.8,0.12627011276079153
1000,0.8,-0.07310879160357767
1000,0.8,0.002002242801775012
1000,0.8,0.08418921423167003
1000,0.8,-0.09641301830761106
1000,0.8,0.18668391775157664
1000,0.8,-0.0065162622981822516
1000,0.8,-0.052030556947876595
1000,0.8,0.06037883120812762
1000,0.8,0.18394619553156863
1000,0.8,0.11379283324497323
1000,0.8,0.0441989493742188
1000,0.8,-0.006259750880294135
1000,0.8,-0.024801636631630597
1000,0.8,0.11769124938463787
1000,0.8,-0.13849600647611063
1000,0.8,0.19968412355173568
1000,0.8,-0.03308970097516051
1000,0.8,-0.12697629946785138
1000,0.8,0.11112563562301503
1000,0.8,0.0964390280136513
1000,0.8,0.15109814857150194
1000,0.8,0.1747223239379551
1000,0.8,0.1585663774435725
1000,0.8,0.025513365496199116
1000,0.8,-0.03920522296413198
1000,0.8,0.0025574377720612774
1000,0.8,0.1863989916805432
1000,0.8,0.12755863144700008
1000,0.8,0.11435840962051902
1000,0.8,0.0514644375894088
1000,0.8,0.14483502747251828
1000,0.8,-0.17675283674809378
1000,0.8,0.023422626780495472
1000,0.8,-0.15921164452301514
1000,0.8,0.057834507087105004
1000,0.8,-0.052600542888577455
1000,0.8,0.21589016084453352
1000,0.8,0.10062115605076923
1000,0.8,0.18490170737855627
1000,0.8,0.1461231589662802
1000,0.8,-0.15789205553985408
1000,0.8,-0.04180337177369547
1000,0.8,0.1723846777247644
1000,0.8,0.2076724075111498
1000,0.8,-0.023562610445662636
1000,0.8,0.1384431852044962
1000,0.8,-0.11069672660706625
1000,0.8,-0.1495168668806505
1000,0.8,-0.18020194278924598
1000,0.8,0.14885351275197375
1000,0.8,0.034512491386729315
1000,0.8,0.09168813894987178
1000,0.8,-0.05308270282517294
1000,0.8,0.07486638976588332
1000,0.8,0.15527127780776784
1000,0.8,0.21392529022972281
1000,0.8,0.1725741171123291
1000,0.8,0.05295482791000179
1000,0.8,-0.050080053671250103
1000,0.8,0.024137168375295028
1000,0.8,0.1062556952373388
1000,0.8,-0.0605895206401911
1000,0.8,-0.02185241941432281
1000,0.8,0.06670532736135684
1000,0.8,0.13855613865580169
1000,0.8,0.15691197591291994
1000,0.8,-0.04272044369931658
1000,0.8,-0.10271729739219851
1000,0.8,-0.02545365088548355
1000,0.8,0.1435921646495432
1000,0.8,0.1881308724920457
1000,0.8,0.13007600206987144
1000,0.8,0.1675475135432814
1000,0.8,-0.12449232380330183
1000,0.8,-0.005156417810782976
1000,0.8,0.001374026600013778
1000,0.8,0.06271473135382592
1000,0.8,0.017616044409656164
1000,0.8,-0.06477352466403667
1000,0.8,-0.16521198661786585
1000,0.8,0.07968010735032234
1000,0.8,-0.00994479865960285
1000,0.8,0.2085597216623709
1000,0.8,0.08452170103508135
1000,0.8,0.019740606848072953
1000,0.8,-0.022639472981147435
1000,0.8,0.0030107457050249312
1000,0.8,-0.05936443894246235
1000,0.8,0.25029617251357905
1000,0.8,0.12389324551800876
1000,0.8,0.06561848683035425
1000,0.8,-0.07367317523716022
1000,0.8,0.17750248337287058
1000,0.8,0.052984959146501615
1000,0.8,0.022506557327425195
1000,0.8,-0.07562950936533781
1000,0.8,-0.021307113762223297
1000,0.8,0.09565716604296047
1000,0.8,0.0011753489365402105
1000,0.8,0.130035648013477
1000,0.8,-0.07038472452223923
1000,0.8,-0.0014992466602366862
1000,0.8,0.08220015026452927
1000,0.8,-0.0964672574963747
1000,0.8,0.18518781255893588
1000,0.8,-0.008454778747611247
1000,0.8,-0.05500097773179782
1000,0.8,0.059225379096794664
1000,0.8,0.18417696465791505
1000,0.8,0.1147180688161825
1000,0.8,0.03891339082919903
1000,0.8,-0.005162191170501007
1000,0.8,-0.02548643910802406
1000,0.8,0.11460005352820098
1000,0.8,-0.1364616378603139
1000,0.8,0.1987027742535247
1000,0.8,-0.03527515538783401
1000,0.8,-0.12782431089712265
1000,0.8,0.11509498609192442
1000,0.8,0.09599208441067653
1000,0.8,0.1516120320034153
1000,0.8,0.17089055576621207
1000,0.8,0.15650661084735998
1000,0.8,0.027325762554364454
1000,0.8,-0.04221422997965077
1000,0.8,0.0030884382847672144
1000,0.8,0.18951595392181472
1000,0.8,0.12980040635257703
1000,0.8,0.11141695082867004
1000,0.8,0.05037109197590102
1000,0.8,0.14441869696880918
1000,0.8,-0.17439149954038946
1000,0.8,0.02433293924294926
1000,0.8,-0.1554862092767607
1000,0.8,0.060791666136357315
1000,0.8,-0.0485390319135969
1000,0.8,0.21873465506484724
1000,0.8,0.0990392604470582
1000,0.8,0.18395412227686841
1000,0.8,0.14668971179911577
1000,0.8,-0.1571306425131841
1000,0.8,-0.04091023496377071
1000,0.8,0.17563006951519855
1000,0.8,0.20466661449496348
1000,0.8,-0.01982434754789484
1000,0.8,0.1389470445037187
1000,0.8,-0.1116093317963026
1000,0.8,-0.14581222737242536
1000,0.8,-0.1809245557302364
1000,0.8,0.14787876850060774
1000,0.8,0.02922468252213957
1000,0.8,0.08566509107248095
1000,0.8,-0.05360701631457241
1000,0.8,0.07667340494786767
1000,0.8,0.1557468643996968
1000,0.8,0.2167144203541449
1000,0.8,0.17165054434455218
1000,0.8,0.05168992483576247
1000,0.8,-0.044622537104115616
1000,0.8,0.02892697457343072
1000,0.8,0.10863628635015204
1000,0.8,-0.060452049028991796
1000,0.8,-0.01956903072655889
1000,0.8,0.06397801871594062
1000,0.8,0.14060271950055156
1000,0.8,0.15331731361300527
1000,0.8,-0.04160703577593283
1000,0.8,-0.10123702987479506
1000,0.8,-0.030091386698670865
1000,0.8,0.14757225507794552
1000,0.8,0.18839842056945388
1000,0.8,0.12622696571290995
1000,0.8,0.1679634953791066
1000,0.8,-0.12081020359813072
1000,0.8,-0.006887072424454921
1000,0.8,-0.005033921678437104
1000,0.8,0.061084389781416705
1000,0.8,0.01638872307960515
1000,0.8,-0.0679766821394324
1000,0.8,-0.15996682567387507
1000,0.8,0.08356089079620564
1000,0.8,-0.010132022917897388
1000,0.8,0.2035595143365434
1000,0.8,0.0883533995901452
1000,0.8,0.019876736740031476
1000,0.8,-0.027131767818623143
1000,0.8,0.006420192701735595
1000,0.8,-0.06108373076493648
1000,0.8,0.2509585780700272
1000,0.8,0.12492362472052054
1000,0.8,0.06412561524864557
1000,0.8,-0.07394372564643802
1000,0.8,0.17013208613967967
1000,0.8,0.05394026876330571
1000,0.8,0.023698812494618516
1000,0.8,-0.07618857495063375
1000,0.8,-0.022593660067786115
1000,0.8,0.09797959447383137
1000,0.8,0.004467292910864273
1000,0.8,0.12961762152813475
1000,0.8,-0.06891340338476182
1000,0.8,-0.0014303607508333372
1000,0.8,0.08449924312488993
1000,0.8,-0.09229242312516837
1000,0.8,0.1834899265605987
1000,0.8,-0.004658615167642122
1000,0.8,-0.05622840980957875
1000,0.8,0.061145325258813624
1000,0.8,0.18167190455595483
1000,0.8,0.11486660881980307
1000,0.8,0.039671026554289494
1000,0.8,-0.006415289866112062
1000,0.8,-0.024776239118609312
1000,0.8,0.11691380620242367
1000,0.8,-0.13534894324684227
1000,0.8,0.2035428825465278
1000,0.8,-0.04050334822309303
1000,0.8,-0.12594283727685857
1000,0.8,0.11580340210407254
1000,0.8,0.09914316716646354
1000,0.8,0.15186642431322106
1000,0.8,0.17313778296197918
1000,0.8,0.15415120906521695
1000,0.8,0.027248052983625648
1000,0.8,-0.045871868995934054
1000,0.8,0.0027497620666199654
1000,0.8,0.1863393081716641
1000,0.8,0.12824989931800507
1000,0.8,0.11050985139889882
1000,0.8,0.05107621219165601
1000,0.8,0.14614909420107391
1000,0.8,-0.17210878768441473
1000,0.8,0.029782891558809865
1000,0.8,-0.15866332888663798
1000,0.8,0.06178739325924774
1000,0.8,-0.05265722699142366
1000,0.8,0.22495374343835428
1000,0.8,0.09776346671456722
1000,0.8,0.17874625173927222
1000,0.8,0.1424721080787583
1000,0.8,-0.15666080207676522
1000,0.8,-0.04344176721466733
1000,0.8,0.17942390313537937
1000,0.8,0.20252968558795584
1000,0.8,-0.02272775565899883
1000,0.8,0.1374758890304241
1000,0.8,-0.1102364047941305
1000,0.8,-0.14652501709654508
1000,0.8,-0.18239800885601476
1000,0.8,0.14590937023625816
1000,0.8,0.02809808797510538
1000,0.8,0.0863637333131532
1000,0.8,-0.0511866044078813
1000,0.8,0.07360329995829176
1000,0.8,0.15668842013043652
1000,0.8,0.2184355065573822
1000,0.8,0.16949413602530117
1000,0.8,0.05152558842593411
1000,0.8,-0.04582021538188261
1000,0.8,0.03185446607430844
1000,0.8,0.11108267178073704
1000,0.8,-0.0640840589768719
1000,0.8,-0.022126941770539334
1000,0.8,0.06090939320186842
1000,0.8,0.1417838737687024
1000,0.8,0.15061814102212825
1000,0.8,-0.04257638471773051
1000,0.8,-0.09740724446944649
1000,0.8,-0.02958294679724709
1000,0.8,0.14397547385594703
1000,0.8,0.18986022440941053
1000,0.8,0.12566723974374502
1000,0.8,0.16758393757877582
1000,0.8,-0.12019853054685488
1000,0.8,-0.00812171622843092
1000,0.8,-0.01065449733284618
1000,0.8,0.05854731295080438
1000,0.8,0.017387355279953276
1000,0.8,-0.07128765122047653
1000,0.8,-0.15669854655323645
1000,0.8,0.07996302105192098
1000,0.8,-0.006804517977066205
1000,0.8,0.20332785293073724
1000,0.8,0.08615503888653803
1000,0.8,0.019663024382681374
1000,0.8,-0.02525078690931819
1000,0.8,0.008175224080385846
1000,0.8,-0.05892505929639498
1000,0.8,0.24858982858662274
1000,0.8,0.12641022987577025
1000,0.8,0.06239716481866662
1000,0.8,-0.07002441002610445
1000,0.8,0.16898104745616127
1000,0.8,0.055061619761574934
1000,0.8,0.026332696918127674
1000,0.8,-0.08153230283390044
1000,0.8,-0.027045844704658074
1000,0.8,0.10173066681830001
1000,0.8,0.0046325311724706
1000,0.8,0.12695591396733671
1000,0.8,-0.06813437921600736
1000,0.8,-0.0011715596023291752
1000,0.8,0.08252638974318068
1000,0.8,-0.08977017730400752
1000,0.8,0.1836482808879165
1000,0.8,-0.007819666606419773
1000,0.8,-0.05569750339679391
1000,0.8,0.060846885712188305
1000,0.8,0.18143578901577018
1000,0.8,0.11360192521321295
1000,0.8,0.04251426907834421
1000,0.8,-0.007336584614951303
1000,0.8,-0.028524041427746474
1000,0.8,0.11908632225020277
1000,0.8,-0.1357914800335916
1000,0.8,0.20625295945171482
1000,0.8,-0.03835109451282355
1000,0.8,-0.12497894990571412
1000,0.8,0.11629649238363982
1000,0.8,0.0965730844275738
1000,0.8,0.15143239712571255
1000,0.8,0.1713903804943101
1000,0.8,0.1538442913777953
1000,0.8,0.03025462735094511
1000,0.8,-0.04078171866854703
1000,0.8,0.0031023887968673947
1000,0.8,0.1846659673976772
1000,0.8,0.1315117090009558
1000,0.8,0.11073417287265991
1000,0.8,0.050591976120701966
1000,0.8,0.1430891910361348
1000,0.8,-0.1751319640434665
1000,0.8,0.027690517783703152
1000,0.8,-0.15396023952041507
1000,0.8,0.06103330350414567
1000,0.8,-0.05496526266922413
1000,0.8,0.2225919439361464
1000,0.8,0.09849177578948308
1000,0.8,0.17850612697561577
1000,0.8,0.1397492714024134
1000,0.8,-0.1551409062704634
1000,0.8,-0.039806670576339534
1000,0.8,0.17617852992031402
1000,0.8,0.20513516982350968
1000,0.8,-0.02397135260221708
1000,0.8,0.13922097660778052
1000,0.8,-0.11238484502714555
1000,0.8,-0.14529378342775018
1000,0.8,-0.18658767323977443
1000,0.8,0.15060763185409592
1000,0.8,0.02613399472760456
1000,0.8,0.0857658558891517
1000,0.8,-0.051963703268274576
1000,0.8,0.0696858183155074
1000,0.8,0.15688931017691737
1000,0.8,0.21527483612267473
1000,0.8,0.17091902493262606
1000,0.8,0.05381568854627954
1000,0.8,-0.0456359425841093
1000,0.8,0.03458374007293195
1000,0.8,0.10998747558260807
1000,0.8,-0.057426276259545356
1000,0.8,-0.021617823845763162
1000,0.8,0.06351746533201279
1000,0.8,0.13876598410417335
1000,0.8,0.1476265209591853
1000,0.8,-0.04684236919075344
1000,0.8,-0.09790170490097916
1000,0.8,-0.033527323940664204
1000,0.8,0.141245615191691
1000,0.8,0.18971640366538658
1000,0.8,0.12487451443195018
1000,0.8,0.1672051217548498
1000,0.8,-0.11914428369012385
1000,0.8,-0.007871882368642958
1000,0.8,-0.013559463019907092
1000,0.8,0.05758903689839308
1000,0.8,0.02004877959777627
1000,0.8,-0.07232146643527218
1000,0.8,-0.15822917729609182
1000,0.8,0.08237580201897342
1000,0.8,-0.006212618553870986
1000,0.8,0.20278433844791854
1000,0.8,0.08378941521867862
1000,0.8,0.01788640825879728
1000,0.8,-0.0279945389198482
1000,0.8,0.009911554681084844
1000,0.8,-0.06123431876040497
1000,0.8,0.24923460536372116
1000,0.8,0.12698753078941927
1000,0.8,0.06183253215069691
1000,0.8,-0.07268253431241103
1000,0.8,0.16930266703686192
1000,0.8,0.049986560635368354
1000,0.8,0.024480820532285286
1000,0.8,-0.07878029302635392
1000,0.8,-0.02677026213661442
1000,0.8,0.10375678480495393
1000,0.8,0.0013583909842930454
1000,0.8,0.12260691372618365
1000,0.8,-0.06751082824074493
1000,0.8,0.0022246332138401216
1000,0.8,0.08047677848510536
1000,0.8,-0.08741715100712853
1000,0.8,0.185000147880238
1000,0.8,-0.00952114629092229
1000,0.8,-0.05665397690055878
1000,0.8,0.061686394488328494
1000,0.8,0.18433866208034308
1000,0.8,0.11115500864990509
1000,0.8,0.046741618715006795
1000,0.8,-0.00763607205806407
1000,0.8,-0.02676652676232614
1000,0.8,0.12397873944925877
1000,0.8,-0.13156738665683046
1000,0.8,0.20706574717291348
1000,0.8,-0.04254195655198885
1000,0.8,-0.12341461810606624
1000,0.8,0.11532424671361774
1000,0.8,0.09579338235473554
1000,0.8,0.14841102072162277
1000,0.8,0.17275681691552142
1000,0.8,0.15559857890553808
1000,0.8,0.030332640178720283
1000,0.8,-0.03880142393311373
1000,0.8,0.0016333301156207015
1000,0.8,0.186237525869198
1000,0.8,0.13333709877792793
1000,0.8,0.1111080906263407
1000,0.8,0.05433032285460389
1000,0.8,0.1432208993058037
1000,0.8,-0.17645813015222017
1000,0.8,0.027384776879519814
1000,0.8,-0.15080434441006238
1000,0.8,0.05927338044826254
1000,0.8,-0.05448035933914613
1000,0.8,0.22207837213765808
1000,0.8,0.09922149479183383
1000,0.8,0.18159794506209348
1000,0.8,0.13660088919148983
1000,0.8,-0.1518488884411906
1000,0.8,-0.040869039762707976
1000,0.8,0.17586421266749552
1000,0.8,0.20633942506562555
1000,0.8,-0.019447558783738564
1000,0.8,0.1394980109818121
1000,0.8,-0.11280756724937763
1000,0.8,-0.14404933056912556
1000,0.8,-0.18144414970464579
1000,0.8,0.15049447425445805
1000,0.8,0.027483173149154008
1000,0.8,0.08672856625989721
1000,0.8,-0.05601551371556157
1000,0.8,0.06909442432976398
1000,0.8,0.15681148142326773
1000,0.8,0.21656631767097656
1000,0.8,0.16747466863572846
1000,0.8,0.0550810361748999
1000,0.8,-0.04065185084130594
1000,0.8,0.031107443359790744
1000,0.8,0.11181276852322952
1000,0.8,-0.06166994069840009
1000,0.8,-0.02155296902712074
1000,0.8,0.06606559607531928
1000,0.8,0.13591229817861913
1000,0.8,0.14338257577582444
1000,0.8,-0.04793905066844815
1000,0.8,-0.10012394388095275
1000,0.8,-0.030105416091620898
1000,0.8,0.141735552504168
1000,0.8,0.1850962337188813
1000,0.8,0.128316266273435
1000,0.8,0.16575462592347653
1000,0.8,-0.11940028741436715
1000,0.8,-0.008166296291705599
1000,0.8,-0.016430552609934958
1000,0.8,0.05528264186316392
1000,0.8,0.02145489978040196
1000,0.8,-0.07177027220635371
1000,0.8,-0.1620016669057968
1000,0.8,0.07648527416140283
1000,0.8,-0.006549832169197512
1000,0.8,0.2014620466638089
1000,0.8,0.08526693500470853
1000,0.8,0.01842944116218952
1000,0.8,-0.02710089282596764
1000,0.8,0.013073300997914395
1000,0.8,-0.059780500190537024
1000,0.8,0.24863022018768233
1000,0.8,0.12351382453296048
1000,0.8,0.06172411333850345
1000,0.8,-0.07276886558446938
1000,0.8,0.163613963080093
1000,0.8,0.05349574867645615
1000,0.8,0.026672695064166165
1000,0.8,-0.08025982475512948
1000,0.8,-0.026026826558703586
1000,0.8,0.09912728074720008
1000,0.8,-0.0027688690921632286
1000,0.8,0.12550227039387105
1000,0.8,-0.06716750500794753
1000,0.8,0.005819072468355025
1000,0.8,0.08192852728855193
1000,0.8,-0.09207786424443265
1000,0.8,0.186468374060914
1000,0.8,-0.0039048163375816182
1000,0.8,-0.05215325544610164
1000,0.8,0.06661821708804663
1000,0.8,0.1814613409151308
1000,0.8,0.10456461994967158
1000,0.8,0.045306604933558425
1000,0.8,-0.008281114858021788
1000,0.8,-0.02420981587655753
1000,0.8,0.12206319695882223
1000,0.8,-0.13437320679835116
1000,0.8,0.20851883024722168
1000,0.8,-0.042829344683994824
1000,0.8,-0.12125413194928908
1000,0.8,0.11154784817981245
1000,0.8,0.09347784673863534
1000,0.8,0.1477149620531275
1000,0.8,0.17009216831173968
1000,0.8,0.153018124885684
1000,0.8,0.03089153209185085
1000,0.8,-0.03718015421225553
1000,0.8,0.0024714132371594037
1000,0.8,0.18479148000669296
1000,0.8,0.13401614378831878
1000,0.8,0.10782047228694758
1000,0.8,0.052897034914207455
1000,0.8,0.14245472714797866
1000,0.8,-0.17695286911412123
1000,0.8,0.03267195610838378
1000,0.8,-0.1502785737462607
1000,0.8,0.05792155573492668
1000,0.8,-0.05571513624696847
1000,0.8,0.22218902139407196
1000,0.8,0.09863565177895738
1000,0.8,0.17896111404351595
1000,0.8,0.13450023908614384
1000,0.8,-0.14964980170148154
1000,0.8,-0.0442448261951542
1000,0.8,0.18100712413096665
1000,0.8,0.20808064416616878
1000,0.8,-0.01879088035892469
1000,0.8,0.13913265589363633
1000,0.8,-0.11719354548614991
1000,0.8,-0.14186078361907548
1000,0.8,-0.18652997066197036
1000,0.8,0.1501315372443804
1000,0.8,0.02383818266305724
1000,0.8,0.08641968044647791
1000,0.8,-0.059108007705140686
1000,0.8,0.07038547000437508
1000,0.8,0.15443305445041117
1000,0.8,0.2121718736264372
1000,0.8,0.16485960161671365
1000,0.8,0.056370010931047966
1000,0.8,-0.04353903791720413
1000,0.8,0.03323984768731414
1000,0.8,0.11601550672476187
1000,0.8,-0.06078825857771486
1000,0.8,-0.020962722184107288
1000,0.8,0.06772606543684052
1000,0.8,0.13095117333254222
1000,0.8,0.1410258290734765
1000,0.8,-0.04683054936394493
1000,0.8,-0.10605217599147583
1000,0.8,-0.02330299086631742
1000,0.8,0.14556605109905957
1000,0.8,0.18432150450278986
1000,0.8,0.12483863246249759
1000,0.8,0.1677780827281694
1000,0.8,-0.11714175996757224
1000,0.8,-0.007520994142558291
1000,0.8,-0.014248816999764546
1000,0.8,0.056917417505153806
1000,0.8,0.02349170891546848
1000,0.8,-0.07040636832338346
1000,0.8,-0.16230884712617233
1000,0.8,0.07906327190931162
1000,0.8,-0.0068758298302792125
1000,0.8,0.20301812586062642
1000,0.8,0.08776153869455677
1000,0.8,0.01935470059540503
1000,0.8,-0.02972810228248557
1000,0.8,0.012447501530620464
1000,0.8,-0.05758069775893748
1000,0.8,0.2510235359933642
1000,0.8,0.12127283877118256
1000,0.8,0.05782140467269947
1000,0.8,-0.07482941602735337
1000,0.8,0.16238626195184713
1000,0.8,0.05280589200256874
1000,0.8,0.02994281481928578
1000,0.8,-0.07879944293188786
1000,0.8,-0.03012622935139886
1000,0.8,0.10160345223543317
1000,0.8,-0.002282747723932488
1000,0.8,0.12448832682488825
1000,0.8,-0.06598527182725071
1000,0.8,0.00694178508031591
1000,0.8,0.08253735956388707
1000,0.8,-0.08932033158223113
1000,0.8,0.1856759376110409
1000,0.8,-0.007236601199408988
1000,0.8,-0.05367701055789001
1000,0.8,0.07249624341568843
1000,0.8,0.1768936127601647
1000,0.8,0.10681341104712168
1000,0.8,0.04528853621806342
1000,0.8,-0.0050881045813627075
1000,0.8,-0.02524420993562089
1000,0.8,0.11438188077818162
1000,0.8,-0.13644718313861368
1000,0.8,0.2066840085402637
1000,0.8,-0.045513503655927684
1000,0.8,-0.11964571101700638
1000,0.8,0.10918673159844872
1000,0.8,0.09733568186902808
1000,0.8,0.14589842454960547
1000,0.8,0.16792701879860275
1000,0.8,0.15336668549348184
1000,0.8,0.033369009636880345
1000,0.8,-0.03497140928103546
1000,0.8,0.005865858581645612
1000,0.8,0.18569495031752387
1000,0.8,0.1353568585094674
1000,0.8,0.11149208214155185
1000,0.8,0.05431464125484897
1000,0.8,0.14132165750689138
1000,0.8,-0.1770419731987726
1000,0.8,0.031060311064688942
1000,0.8,-0.14904146349191044
1000,0.8,0.05539365660641718
1000,0.8,-0.05162477038504507
1000,0.8,0.22312457904058275
1000,0.8,0.09596286388322728
1000,0.8,0.1766837498894047
1000,0.8,0.1333674828769663
1000,0.8,-0.1493478142224019
1000,0.8,-0.04859844854604516
1000,0.8,0.1792874629497254
1000,0.8,0.2060970456849022
1000,0.8,-0.013729160570436251
1000,0.8,0.13882502221664836
1000,0.8,-0.12077183783648167
1000,0.8,-0.1422929951802506
1000,0.8,-0.18659199638944443
1000,0.8,0.1566015713261983
1000,0.8,0.025305164145711247
1000,0.8,0.08226383867392323
1000,0.8,-0.058084894942664
1000,0.8,0.07144636017132093
1000,0.8,0.15331692204040995
1000,0.8,0.21056241784172586
1000,0.8,0.16824071576830166
1000,0.8,0.05519653289817139
1000,0.8,-0.04524169488063201
1000,0.8,0.032955534694752056
1000,0.8,0.11513908874035135
1000,0.8,-0.061763772712367083
1000,0.8,-0.019272046138751088
1000,0.8,0.0659069538135963
1000,0.8,0.12846678800921635
1000,0.8,0.13625675480483945
1000,0.8,-0.047982190295992405
1000,0.8,-0.10684312583481743
1000,0.8,-0.024873760841579086
1000,0.8,0.14448058476588574
1000,0.8,0.1859160764282347
1000,0.8,0.12171971866828778
1000,0.8,0.17407242933282846
1000,0.8,-0.11570220330629831
1000,0.8,-0.012240235781986186
1000,0.8,-0.012329669589140125
1000,0.8,0.05819560145386813
1000,0.8,0.02188898948616096
1000,0.8,-0.07171161033961937
1000,0.8,-0.16387986223893902
1000,0.8,0.07786290484476428
1000,0.8,-0.006367475826069846
1000,0.8,0.20634704561961714
1000,0.8,0.0887887543656829
1000,0.8,0.019433802515683676
1000,0.8,-0.03276987361338284
1000,0.8,0.012527217730382923
1000,0.8,-0.05593993451572548
1000,0.8,0.25190270084556676
1000,0.8,0.11668755115542631
1000,0.8,0.06221181619333525
1000,0.8,-0.07527396618171958
1000,0.8,0.16632419886558197
1000,0.8,0.05234879676371556
1000,0.8,0.029499485313125542
1000,0.8,-0.07965147665381843
1000,0.8,-0.029252041084022462
1000,0.8,0.1010150747796189
1000,0.8,-0.002384065648858602
1000,0.8,0.12090888610810868
1000,0.8,-0.06195966439074701
1000,0.8,0.0021567377402671897
1000,0.8,0.0819977736275117
1000,0.8,-0.08784175241820097
1000,0.8,0.18729391028098982
1000,0.8,-0.006580484497926965
1000,0.8,-0.05501897263414009
1000,0.8,0.06841813725827209
1000,0.8,0.17713652773570507
1000,0.8,0.1025322418398929
1000,0.8,0.05163803011507273
1000,0.8,-0.005295206351944604
1000,0.8,-0.02532504896179333
1000,0.8,0.11722786760407794
1000,0.8,-0.14047235907414093
1000,0.8,0.205570817839887
1000,0.8,-0.043533099589549366
1000,0.8,-0.12385271934226126
1000,0.8,0.11134463505273616
1000,0.8,0.09949878342542995
1000,0.8,0.14721888038257608
1000,0.8,0.1709710745324216
1000,0.8,0.1536025880343937
1000,0.8,0.03278653453042537
1000,0.8,-0.03437199845383967
1000,0.8,0.0017994849652756884
1000,0.8,0.18827847750481422
1000,0.8,0.13935180042224166
1000,0.8,0.11187929118201474
1000,0.8,0.05344203481644421
1000,0.8,0.1430165516721317
1000,0.8,-0.1748454022345409
1000,0.8,0.030627954206432762
1000,0.8,-0.14773138396607247
1000,0.8,0.05312759751904164
1000,0.8,-0.04684610393075266
1000,0.8,0.2239098912458875
1000,0.8,0.09547893164471938
1000,0.8,0.17699839662654535
1000,0.8,0.12809181907846803
1000,0.8,-0.1510812562244861
1000,0.8,-0.05069588859566379
1000,0.8,0.17762663531341227
1000,0.8,0.20916168399865606
1000,0.8,-0.020479818119973195
1000,0.8,0.13397903379890083
1000,0.8,-0.1251282335315417
1000,0.8,-0.14396272816895622
1000,0.8,-0.18548465694809524
1000,0.8,0.1587681784677246
1000,0.8,0.02466964440053783
1000,0.8,0.08548916863814604
1000,0.8,-0.054028891500313495
1000,0.8,0.06754448392009636
1000,0.8,0.1531944719999615
1000,0.8,0.2084337398656123
1000,0.8,0.1712396984110992
1000,0.8,0.053591618984703264
1000,0.8,-0.046464715151841675
1000,0.8,0.03251189811347732
1000,0.8,0.11596592820778878
1000,0.8,-0.062319446592530525
1000,0.8,-0.01874111057984713
1000,0.8,0.06505152017320502
1000,0.8,0.1283656301579784
1000,0.8,0.13660587834362375
1000,0.8,-0.04997016728988504
1000,0.8,-0.10886616458359254
1000,0.8,-0.0249381204987575
1000,0.8,0.1474997055256278
1000,0.8,0.18405214306418963
1000,0.8,0.12242978884202281
1000,0.8,0.1717699789039278
1000,0.8,-0.11408542378778802
1000,0.8,-0.009686087608552364
1000,0.8,-0.014110051088848686
1000,0.8,0.05928029178151189
1000,0.8,0.019148145523529083
1000,0.8,-0.06694363616269632
1000,0.8,-0.16282697914850877
1000,0.8,0.07921827045645831
1000,0.8,-0.011178926264046485
1000,0.8,0.20783516884470307
1000,0.8,0.08302275064396838
1000,0.8,0.01986140318013856
1000,0.8,-0.03152219498445552
1000,0.8,0.012936430596295345
1000,0.8,-0.054889788516055575
1000,0.8,0.254413551591462
1000,0.8,0.11358769930453914
1000,0.8,0.06515648793779275
1000,0.8,-0.07650343642804076
1000,0.8,0.16377513122538032
1000,0.8,0.04983037808700939
1000,0.8,0.032655956149160836
1000,0.8,-0.08089078075302841
1000,0.8,-0.025462191661439173
1000,0.8,0.1008300897418259
1000,0.8,-0.00042884212160387847
1000,0.8,0.11889505942908461
1000,0.8,-0.06178106070526734
1000,0.8,0.002722199003252257
1000,0.8,0.08328241981521974
1000,0.8,-0.08609548561511159
1000,0.8,0.18493972890847418
1000,0.8,-0.007078285242567706
1000,0.8,-0.05102181593376658
1000,0.8,0.06836620513346237
1000,0.8,0.17747181472469917
1000,0.8,0.10243939137462076
1000,0.8,0.051690485451183044
1000,0.8,-0.00042714550307003667
1000,0.8,-0.0259780386530859
1000,0.8,0.11550753250514774
1000,0.8,-0.13846271099599844
1000,0.8,0.20409354321414935
1000,0.8,-0.04512082586516275
1000,0.8,-0.1221099694745826
1000,0.8,0.10830955713200492
1000,0.8,0.10187472348861917
1000,0.8,0.15064100970095728
1000,0.8,0.1713703605037841
1000,0.8,0.15408187158631428
1000,0.8,0.03047408531223077
1000,0.8,-0.03342108792196124
1000,0.8,0.0026247990685762447
1000,0.8,0.18991054014829115
1000,0.8,0.13754129121473932
1000,0.8,0.11414272901488368
1000,0.8,0.0495173236457406
1000,0.8,0.14496036141447668
1000,0.8,-0.17118085239696532
1000,0.8,0.02558231440775867
1000,0.8,-0.1498635175223347
1000,0.8,0.05348073021988427
1000,0.8,-0.04869011397584658
1000,0.8,0.22376178987425047
1000,0.8,0.09399929970889379
1000,0.8,0.17718717894013114
1000,0.8,0.12630196780267228
1000,0.8,-0.1504121378475909
1000,0.8,-0.04785736353840227
1000,0.8,0.1763970994922195
1000,0.8,0.20906114438792633
1000,0.8,-0.022187912055300442
1000,0.8,0.13306885144734526
1000,0.8,-0.1230053915909104
1000,0.8,-0.14357762659007775
1000,0.8,-0.18714942579534688
1000,0.8,0.16063338454681697
1000,0.8,0.020725844877218694
1000,0.8,0.08088744918547892
1000,0.8,-0.05108809550087399
1000,0.8,0.06885766601671417
1000,0.8,0.15214117731354548
1000,0.8,0.20439639808093304
1000,0.8,0.16731049053816704
1000,0.8,0.057918382864290234
1000,0.8,-0.046520632935928855
1000,0.8,0.03264439450786814
1000,0.8,0.11673650128963545
1000,0.8,-0.06407745379278139
1000,0.8,-0.01656442662466402
1000,0.8,0.0664366204942894
1000,0.8,0.12916239094896387
1000,0.8,0.13734832091219468
1000,0.8,-0.05045365170143726
1000,0.8,-0.10986548408475141
1000,0.8,-0.02710048185185885
1000,0.8,0.14951137194246655
1000,0.8,0.185740243290204
1000,0.8,0.1164060792753709
1000,0.8,0.17498800363420042
1000,0.8,-0.11208044080723073
1000,0.8,-0.008999246426130193
1000,0.8,-0.013363481841818549
1000,0.8,0.05666234850783809
1000,0.8,0.02098580964464887
1000,0.8,-0.06676414277275732
1000,0.8,-0.16294730630364224
1000,0.8,0.07578853791637563
1000,0.8,-0.011076433012616339
1000,0.8,0.20418732638143722
1000,0.8,0.08547012848850635
1000,0.8,0.018239882630588868
1000,0.8,-0.034284740961092734
1000,0.8,0.014128769860637115
1000,0.8,-0.05295825998464592
1000,0.8,0.25519225319270333
1000,0.8,0.11389301768893959
1000,0.8,0.0629889687365214
1000,0.8,-0.08058783062989444
1000,0.8,0.16061263228484038
1000,0.8,0.0510142861976588
1000,0.8,0.03715725219343185
1000,0.8,-0.08182171547330724
1000,0.8,-0.03003188601844782
1000,0.8,0.10137590695118703
1000,0.8,-0.0006409834751704758
1000,0.8,0.11911248766663506
1000,0.8,-0.0611432564519209
1000,0.8,0.007120882995443623
1000,0.8,0.08377472997816932
1000,0.8,-0.08666686669245137
1000,0.8,0.18635609971956182
1000,0.8,-0.010361668930346735
1000,0.8,-0.04888226476817401
1000,0.8,0.06900450950363908
1000,0.8,0.17860187239960226
1000,0.8,0.10152181089397275
1000,0.8,0.0515403440590827
1000,0.8,-0.0021526109233556134
1000,0.8,-0.027281814494152457
1000,0.8,0.11436723172473329
1000,0.8,-0.13563611987997712
1000,0.8,0.20640494180094376
1000,0.8,-0.04903861032840995
1000,0.8,-0.1252957411605209
1000,0.8,0.11192433128721274
1000,0.8,0.09971590125519257
1000,0.8,0.14927039843299408
1000,0.8,0.16974244874386085
1000,0.8,0.15713630109200594
1000,0.8,0.02748080388645793
1000,0.8,-0.028534769530924466
1000,0.8,0.0012456687462224282
1000,0.8,0.18821039473190632
1000,0.8,0.13817781649482816
1000,0.8,0.1146040641420802
1000,0.8,0.04905356851770613
1000,0.8,0.14191359222578834
1000,0.8,-0.17237072454167013
1000,0.8,0.028181322004981624
1000,0.8,-0.14994729573849944
1000,0.8,0.0501758423354941
1000,0.8,-0.04664797762216147
1000,0.8,0.22354739415684685
1000,0.8,0.09468474511750458
1000,0.8,0.17691211966535736
1000,0.8,0.12340797207660029
1000,0.8,-0.15075781129099602
1000,0.8,-0.0471608795159864
1000,0.8,0.17789610074337237
1000,0.8,0.2087968127249516
1000,0.8,-0.018675623030926403
1000,0.8,0.13498584100494035
1000,0.8,-0.1260845167175658
1000,0.8,-0.1436501710981907
1000,0.8,-0.18678522343513848
1000,0.8,0.15624652814578754
1000,0.8,0.022056181142724895
1000,0.8,0.08000205659254754
1000,0.8,-0.0539218974164081
1000,0.8,0.06993249404807092
1000,0.8,0.1491620651382485
1000,0.8,0.20692167228194533
1000,0.8,0.17191827912634994
1000,0.8,0.06217807663580697
1000,0.8,-0.045736983014569965
1000,0.8,0.031101719750252957
1000,0.8,0.12017033676913923
1000,0.8,-0.06648494875582137
1000,0.8,-0.015185933725411084
1000,0.8,0.07178316754663552
1000,0.8,0.1312905769175389
1000,0.8,0.1359878523108696
1000,0.8,-0.0531533828596098
1000,0.8,-0.10747474324756318
1000,0.8,-0.02682496415816482
1000,0.8,0.15239451660176506
1000,0.8,0.18687110057407352
1000,0.8,0.11675242830771851
1000,0.8,0.1749491709795354
1000,0.8,-0.11262151208893859
1000,0.8,-0.012040755717297992
1000,0.8,-0.01933653017450787
1000,0.8,0.05751559385403571
1000,0.8,0.022014397583214242
1000,0.8,-0.06776040760919476
1000,0.8,-0.16660039984817301
1000,0.8,0.06959705603744126
1000,0.8,-0.005437372389751883
1000,0.8,0.20134141083836088
1000,0.8,0.08663931761889271
1000,0.8,0.01784455334668138
1000,0.8,-0.0355768821672938
1000,0.8,0.015336976446834428
1000,0.8,-0.05619456608512392
1000,0.8,0.25925049264605066
1000,0.8,0.11636179392814193
1000,0.8,0.06340555532950987
1000,0.8,-0.07548435087268537
1000,0.8,0.15533936205373938
1000,0.8,0.05278484393481389
1000,0.8,0.03771427397097629
1000,0.8,-0.08452535218205136
1000,0.8,-0.029403091626405156
1000,0.8,0.10030731082931404
1000,0.8,-0.0006123338529592459
1000,0.8,0.11957648902906844
1000,0.8,-0.06093285746701547
1000,0.8,0.010852979849614109
1000,0.8,0.08248160766373136
1000,0.8,-0.08655592739311349
1000,0.8,0.18986105563354042
1000,0.8,-0.01197102832943564
1000,0.8,-0.04903921066097512
1000,0.8,0.06886459744955663
1000,0.8,0.18219500222818416
1000,0.8,0.10433694665045207
1000,0.8,0.05063905767525032
1000,0.8,-0.005524537020257636
1000,0.8,-0.02397916989446243
1000,0.8,0.11476389915891297
1000,0.8,-0.1382408641435051
1000,0.8,0.20928941061696982
1000,0.8,-0.04815345814272583
1000,0.8,-0.1311403540314208
1000,0.8,0.1086542679039436
1000,0.8,0.09665058119745816
1000,0.8,0.15001573148469483
1000,0.8,0.16633739763923927
1000,0.8,0.15825844622943583
1000,0.8,0.02865393548434092
1000,0.8,-0.030581133707046605
1000,0.8,-0.002354417891621097
1000,0.8,0.19159041232877103
1000,0.8,0.1365696695645143
1000,0.8,0.1160712783165744
1000,0.8,0.0479894328412076
1000,0.8,0.1404627812858836
1000,0.8,-0.17100311879636038
1000,0.8,0.028377784747332768
1000,0.8,-0.1520507062025887
1000,0.8,0.044078500351611365
1000,0.8,-0.05052358121237166
1000,0.8,0.2252004311325921
1000,0.8,0.0905442719985917
1000,0.8,0.1771023447364641
1000,0.8,0.11989765547733544
1000,0.8,-0.145837927422442
1000,0.8,-0.04383042772760044
1000,0.8,0.1783748104757521
1000,0.8,0.20786807965771192
1000,0.8,-0.01793039268049217
1000,0.8,0.13452613208615125
1000,0.8,-0.12842006237430434
1000,0.8,-0.14538223088931873
1000,0.8,-0.18270451807672272
1000,0.8,0.15417148662205557
1000,0.8,0.018228591282857743
1000,0.8,0.07757800223650922
1000,0.8,-0.05710958617841558
1000,0.8,0.07210795022357903
1000,0.8,0.15178211256726082
1000,0.8,0.20451698823776782
1000,0.8,0.17413083915445907
1000,0.8,0.06147877097523349
1000,0.8,-0.04377097023605563
1000,0.8,0.03309332354962074
1000,0.8,0.1243950697768467
1000,0.8,-0.06284040142756604
1000,0.8,-0.01414390104262573
1000,0.8,0.07016476176546416
1000,0.8,0.13115767486690705
1000,0.8,0.13394327211478638
1000,0.8,-0.05083561937237997
1000,0.8,-0.11115699215040903
1000,0.8,-0.023458007736215425
1000,0.8,0.15348888763198368
1000,0.8,0.18675013178352506
1000,0.8,0.12100975021153744
1000,0.8,0.1774324462788794
1000,0.8,-0.11185322073399684
1000,0.8,-0.011461536968084385
1000,0.8,-0.02059769555607769
1000,0.8,0.054382176044899394
1000,0.8,0.022069743434301972
1000,0.8,-0.06863894891499332
1000,0.8,-0.16424697120370058
1000,0.8,0.06561379025275453
1000,0.8,-0.00913038665120336
1000,0.8,0.2016007203986181
1000,0.8,0.08233162640844256
1000,0.8,0.01844170150370186
1000,0.8,-0.03284895195930648
1000,0.8,0.01647665998178365
1000,0.8,-0.05515139193925816
1000,0.8,0.25465890504205774
1000,0.8,0.11712732560788092
1000,0.8,0.06077385120601058
1000,0.8,-0.0755993961041507
1000,0.8,0.15458291572345326
1000,0.8,0.05741481980765198
1000,0.8,0.039937142483676885
1000,0.8,-0.08408028011187021
1000,0.8,-0.028230331810091516
1000,0.8,0.10301576758544986
1000,0.8,-0.0003470387129373975
1000,0.8,0.11919275513812906
1000,0.8,-0.0605759985649879
1000,0.8,0.010503990263194575
1000,0.8,0.082884446283434
1000,0.8,-0.08808890443270193
1000,0.8,0.1892038592742413
1000,0.8,-0.006670078970277516
1000,0.8,-0.050898384142407244
1000,0.8,0.07149974360276871
1000,0.8,0.1852128786213184
1000,0.8,0.10671970402293596
1000,0.8,0.04780135065816787
1000,0.8,-0.00566548278228014
1000,0.8,-0.019966798139937316
1000,0.8,0.11160724847025989
1000,0.8,-0.13638103324640458
1000,0.8,0.2066802045508771
1000,0.8,-0.047103739725371074
1000,0.8,-0.13071631876452247
1000,0.8,0.1084737388858617
1000,0.8,0.1006465923023015
1000,0.8,0.15193421898539106
1000,0.8,0.1652315908224125
1000,0.8,0.15969319102555382
1000,0.8,0.027076063972895706
1000,0.8,-0.026908066998172497
1000,0.8,-0.006362539387783351
1000,0.8,0.19156934341920184
1000,0.8,0.13723711946500236
1000,0.8,0.11259771282051752
1000,0.8,0.04701079174702354
1000,0.8,0.1456505966761272
1000,0.8,-0.16974957479151753
1000,0.8,0.030136353501968218
1000,0.8,-0.14991237110881217
1000,0.8,0.04999550154703467
1000,0.8,-0.04908004166282538
1000,0.8,0.2249473512159721
1000,0.8,0.08906602918118889
1000,0.8,0.17471639086968338
1000,0.8,0.11516080659518019
1000,0.8,-0.14240548258745997
1000,0.8,-0.04282285871616294
1000,0.8,0.17703259889080292
1000,0.8,0.20504650045241882
1000,0.8,-0.017041594415312923
1000,0.8,0.13662162473721937
1000,0.8,-0.12507800652791393
1000,0.8,-0.14331123259992262
1000,0.8,-0.18034614130393908
1000,0.8,0.15640907380028146
1000,0.8,0.012516656380689462
1000,0.8,0.074941861699471
1000,0.8,-0.0646193893628169
1000,0.8,0.06757235634304025
1000,0.8,0.1553909128055384
1000,0.8,0.20444029078087222
1000,0.8,0.17434494917057838
1000,0.8,0.06464775365429354
1000,0.8,-0.04216549508797103
1000,0.8,0.03330130418874973
1000,0.8,0.12103486100184534
1000,0.8,-0.06432828835605378
1000,0.8,-0.014728885929115698
1000,0.8,0.0685701872124346
1000,0.8,0.13225818920548776
1000,0.8,0.134937118052739
1000,0.8,-0.051194136300595265
1000,0.8,-0.11066722138586452
1000,0.8,-0.028161355373545496
1000,0.8,0.15721275400666812
1000,0.8,0.1900790817573622
1000,0.8,0.12316676318402404
1000,0.8,0.17834918978126277
1000,0.8,-0.11191103386253216
1000,0.8,-0.006075829305813763
1000,0.8,-0.022018297786928456
1000,0.8,0.05412328517182861
1000,0.8,0.02671348702936012
1000,0.8,-0.0712559537512818
1000,0.8,-0.16585012748630776
1000,0.8,0.06511480653588268
1000,0.8,-0.0025969095073654636
1000,0.8,0.20316017945976786
1000,0.8,0.08000484647062543
1000,0.8,0.018401468654638188
1000,0.8,-0.029357035790060326
1000,0.8,0.01936647262766158
1000,0.8,-0.05420967329629711
1000,0.8,0.254785788676044
1000,0.8,0.11926636882524377
1000,0.8,0.06281446542508747
1000,0.8,-0.07299809283550633
1000,0.8,0.15236931239182053
1000,0.8,0.06177676283505438
1000,0.8,0.04086450510847897
1000,0.8,-0.08672066933080372
1000,0.8,-0.026097543242142775
1000,0.8,0.1064623414824185
1000,0.8,-0.0005207675452309602
1000,0.8,0.12307875027589255
1000,0.8,-0.06312632101660087
1000,0.8,0.010304107052700219
1000,0.8,0.08507409747630651
1000,0.8,-0.08531323692718491
1000,0.8,0.18737583186252388
1000,0.8,-0.004670117407193342
1000,0.8,-0.0472541179288843
1000,0.8,0.07408344328361026
1000,0.8,0.18501744962827457
1000,0.8,0.10862760784135671
1000,0.8,0.047631058392572534
1000,0.8,-0.005389752135940818
1000,0.8,-0.017999745920213164
1000,0.8,0.11191675989494065
1000,0.8,-0.1368281174367299
1000,0.8,0.20613284965678
1000,0.8,-0.04672912620083674
1000,0.8,-0.1340511172403822
1000,0.8,0.10387313241286887
1000,0.8,0.10166811934317597
1000,0.8,0.1516434233091836
1000,0.8,0.1633068481338441
1000,0.8,0.15630073471955336
1000,0.8,0.02532843981949089
1000,0.8,-0.025380544134770935
1000,0.8,-0.007978938738652453
1000,0.8,0.18954651445778553
1000,0.8,0.13382315997683172
1000,0.8,0.11950258632577918
1000,0.8,0.04842939901268011
1000,0.8,0.14250874273242217
1000,0.8,-0.17117745872926388
1000,0.8,0.02950605051674007
1000,0.8,-0.14480813798317102
1000,0.8,0.0491563967741449
1000,0.8,-0.05315943847129461
1000,0.8,0.2257196005263408
1000,0.8,0.08671019340147926
1000,0.8,0.175056671526656
1000,0.8,0.11562753273316524
1000,0.8,-0.14265534689531734
1000,0.8,-0.04357451451980765
1000,0.8,0.17385927118504496
1000,0.8,0.202685281259941
1000,0.8,-0.018399136608586365
1000,0.8,0.13884087612205676
1000,0.8,-0.12717707802927328
1000,0.8,-0.13984749334767796
1000,0.8,-0.1781264005865981
1000,0.8,0.15791869050868534
1000,0.8,0.014319740618899068
1000,0.8,0.07418098391037624
1000,0.8,-0.06514288481841986
1000,0.8,0.07014659753361556
1000,0.8,0.1574216289435306
1000,0.8,0.20426245051164715
1000,0.8,0.16967100812651703
1000,0.8,0.06857077466350762
1000,0.8,-0.04482945696720382
1000,0.8,0.03464752270313163
1000,0.8,0.12313757259709934
1000,0.8,-0.06663434260484609
1000,0.8,-0.017636254755667834
1000,0.8,0.06807532836258438
1000,0.8,0.13573983666421885
1000,0.8,0.1349986166127069
1000,0.8,-0.05015879773030685
1000,0.8,-0.10770636415229716
1000,0.8,-0.025854282823207078
1000,0.8,0.15718224800609504
1000,0.8,0.18829948633642887
1000,0.8,0.11855223352040181
1000,0.8,0.17803334190611314
1000,0.8,-0.11383807080213355
1000,0.8,-0.005916260439522603
1000,0.8,-0.02020419689503319
1000,0.8,0.05719309171314091
1000,0.8,0.026516024892691628
1000,0.8,-0.07511259618332487
1000,0.8,-0.168909001823611
1000,0.8,0.06129258873180987
1000,0.8,-0.005137362824900383
1000,0.8,0.20750820419439436
1000,0.8,0.07964829405015693
1000,0.8,0.019367427155875385
1000,0.8,-0.029157563263183042
1000,0.8,0.020678372930557923
1000,0.8,-0.055385245988488666
1000,0.8,0.2553894423237903
1000,0.8,0.11694150434629993
1000,0.8,0.06498438943329657
1000,0.8,-0.07166674831811691
1000,0.8,0.15190123127115207
1000,0.8,0.05951613299630996
1000,0.8,0.038816344870508605
1000,0.8,-0.08614724092972957
1000,0.8,-0.027648111361450844
1000,0.8,0.1052620659486486
1000,0.8,0.0009884683243784665
1000,0.8,0.12018476964493754
1000,0.8,-0.06580622665418519
1000,0.8,0.009987820299165052
1000,0.8,0.08466166026213512
1000,0.8,-0.08585568998487654
1000,0.8,0.19017276359744636
1000,0.8,-0.004836255178164973
1000,0.8,-0.0434569458129439
1000,0.8,0.07338301570230836
1000,0.8,0.1847904862239892
1000,0.8,0.1076768379055034
1000,0.8,0.05010489725317449
1000,0.8,-0.007121005406588221
1000,0.8,-0.01603203670750215
1000,0.8,0.11261333553972222
1000,0.8,-0.13532590312986878
1000,0.8,0.2073750072393951
1000,0.8,-0.04931866913124505
1000,0.8,-0.13284439444566845
1000,0.8,0.1014114800983025
1000,0.8,0.1038037336596279
1000,0.8,0.15282063922526312
1000,0.8,0.16618456322289196
1000,0.8,0.15509418807419006
1000,0.8,0.0283044754002896
1000,0.8,-0.02236647850403646
1000,0.8,-0.0064496669125548856
1000,0.8,0.19262161611639927
1000,0.8,0.13588382886084835
1000,0.8,0.11836557282600087
1000,0.8,0.05105468876716568
1000,0.8,0.14096291722905185
1000,0.8,-0.17396209286091163
1000,0.8,0.029234497139040097
1000,0.8,-0.14647261573932732
1000,0.8,0.04559474520499851
1000,0.8,-0.05105117860336943
1000,0.8,0.22498273900496138
1000,0.8,0.08581194110628694
1000,0.8,0.17656822589824037
1000,0.8,0.1176701715129262
1000,0.8,-0.14278109846939363
1000,0.8,-0.04172178602606583
1000,0.8,0.17389082231316824
1000,0.8,0.20397040049491313
1000,0.8,-0.014968840086003521
1000,0.8,0.13911335018279944
1000,0.8,-0.12132990494523553
1000,0.8,-0.1447400033489366
1000,0.8,-0.17940279357200017
1000,0.8,0.15470806087059705
1000,0.8,0.010940119665612614
1000,0.8,0.07151323566349942
1000,0.8,-0.0677694327212894
1000,0.8,0.06975913741184368
1000,0.8,0.15779043111917268
1000,0.8,0.20530593366334493
1000,0.8,0.16809742665022293
1000,0.8,0.06793356350931905
1000,0.8,-0.04238063551255129
1000,0.8,0.034518530929327794
1000,0.8,0.12496195231378593
1000,0.8,-0.0662316341012918
1000,0.8,-0.02376918480929291
1000,0.8,0.06903494719265756
1000,0.8,0.12837549972728618
1000,0.8,0.13370290300314577
1000,0.8,-0.04992125049579626
1000,0.8,-0.10366778047276748
1000,0.8,-0.026871366329966673
1000,0.8,0.15910997790448872
1000,0.8,0.19418458984646403
1000,0.8,0.1173934794218134
1000,0.8,0.17644916484087148
1000,0.8,-0.11558337661379126
1000,0.8,-0.005648908895037597
1000,0.8,-0.018055753392274634
1000,0.8,0.055028512749472826
1000,0.8,0.024640731647777872
1000,0.8,-0.07428020741968107
1000,0.8,-0.16486843484639718
1000,0.8,0.059772426859306726
1000,0.8,-0.011614811603490961
1000,0.8,0.20584710531422826
1000,0.8,0.08395820712817237
1000,0.8,0.018874444363810385
1000,0.8,-0.028131582418514878
1000,0.8,0.01964476185966593
1000,0.8,-0.0540774532905453
1000,0.8,0.25526377408592554
1000,0.8,0.11676509882122979
1000,0.8,0.06632668435474028
1000,0.8,-0.07316442249377718
1000,0.8,0.15072147767566602
1000,0.8,0.05709943614020077
1000,0.8,0.034895451865016726
1000,0.8,-0.08911986480823
1000,0.8,-0.02334507648816322
1000,0.8,0.1078124882451947
1000,0.8,-0.0014646854582290203
1000,0.8,0.12004447989739903
1000,0.8,-0.061543436995339464
1000,0.8,0.011891255574963823
1000,0.8,0.08058648189781065
1000,0.8,-0.08284136951695978
1000,0.8,0.1918087538002915
1000,0.8,-0.0025685133859401966
1000,0.8,-0.04479015849897277
1000,0.8,0.07614411194996898
1000,0.8,0.1852501622587056
1000,0.8,0.10729627643632932
1000,0.8,0.04885006200526263
1000,0.8,-0.0017068877914126368
1000,0.8,-0.017969704877111515
1000,0.8,0.11042674070115997
1000,0.8,-0.13222233166647754
1000,0.8,0.2091707781919203
1000,0.8,-0.04991601203141647
1000,0.8,-0.13501831707373188
1000,0.8,0.09943097679713411
1000,0.8,0.10518912047101399
1000,0.8,0.1566660294200494
1000,0.8,0.16625819552749627
1000,0.8,0.15571591417778788
1000,0.8,0.025804395445615746
1000,0.8,-0.028983423245036822
1000,0.8,-0.007177893599623975
1000,0.8,0.1913277644239404
1000,0.8,0.13812128185162287
1000,0.8,0.1161040136871705
1000,0.8,0.05736295547940067
1000,0.8,0.14278919556373798
1000,0.8,-0.1746949288771945
1000,0.8,0.028468602252572417
1000,0.8,-0.14423519874754484
1000,0.8,0.043102497155073576
1000,0.8,-0.04970287099273847
1000,0.8,0.22526998534047796
1000,0.8,0.08844318301157834
1000,0.8,0.17304534735265753
1000,0.8,0.11716056927704842
1000,0.8,-0.14349512105083662
1000,0.8,-0.040343954327765635
1000,0.8,0.17149872503283065
1000,0.8,0.20148322034749847
1000,0.8,-0.013688430464947922
1000,0.8,0.13839983321354624
1000,0.8,-0.1164400735877404
1000,0.8,-0.14385787843501738
1000,0.8,-0.17674657637169533
1000,0.8,0.15081113229958093
1000,0.8,0.00972974778514928
1000,0.8,0.0728987914761742
1000,0.8,-0.0678393423996858
1000,0.8,0.0725531140623998
1000,0.8,0.1564677272788778
1000,0.8,0.20249786470931747
1000,0.8,0.17037045396621997
1000,0.8,0.0682740129482795
1000,0.8,-0.03949466505395778
1000,0.8,0.039595334941547655
1000,0.8,0.1305209363804872
1000,0.8,-0.06485913590344553
1000,0.8,-0.025811374641479735
1000,0.8,0.06512091090684927
1000,0.8,0.12936612753044816
1000,0.8,0.1319291601005592
1000,0.8,-0.04872979064290864
1000,0.8,-0.09866454797048628
1000,0.8,-0.029021583098207862
1000,0.8,0.15825799499388343
1000,0.8,0.19761772461707494
1000,0.8,0.11854815086046387
1000,0.8,0.18147721470492062
1000,0.8,-0.11550469039587288
1000,0.8,-0.0048076239524061926
1000,0.8,-0.015342888061824224
1000,0.8,0.05365666013829511
1000,0.8,0.027813878074110756
1000,0.8,-0.07422525377456593
1000,0.8,-0.15815050462070152
1000,0.8,0.06284095515516822
1000,0.8,-0.016218551239377543
1000,0.8,0.20161475130014817
1000,0.8,0.07945903743897667
1000,0.8,0.01635118819305479
1000,0.8,-0.029948049490675466
1000,0.8,0.017815064649264124
1000,0.8,-0.05310782738249085
1000,0.8,0.2553218576069069
1000,0.8,0.11903699785215682
1000,0.8,0.06909330195087034
1000,0.8,-0.07444474640322722
1000,0.8,0.14973626741103593
1000,0.8,0.05692619725068298
1000,0.8,0.034764619275314955
1000,0.8,-0.08774707115436389
1000,0.8,-0.01977994386140578
1000,0.8,0.11158690839452988
1000,0.8,-0.0008838026425391555
1000,0.8,0.11817078004014725
1000,0.8,-0.06140119077946374
1000,0.8,0.011208801154855765
1000,0.8,0.08047550564561412
1000,0.8,-0.08601823633032586
1000,0.8,0.18887789265647736
1000,0.8,-0.00037973553805565886
1000,0.8,-0.0453306316289849
1000,0.8,0.07782581763905227
1000,0.8,0.1840696792668947
1000,0.8,0.11024540689794673
1000,0.8,0.04766932624729403
1000,0.8,-0.0010673307788908737
1000,0.8,-0.014081199417221147
1000,0.8,0.1086125209536931
1000,0.8,-0.13049149206435384
1000,0.8,0.2076046663362714
1000,0.8,-0.04605286777412845
1000,0.8,-0.13713869920126057
1000,0.8,0.09631221802161782
1000,0.8,0.1021934649559178
1000,0.8,0.1560162806699605
1000,0.8,0.16486965774003384
1000,0.8,0.15493145613359652
1000,0.8,0.023076860155933333
1000,0.8,-0.03223647018154692
1000,0.8,-0.004973141182642316
1000,0.8,0.1917572660535198
1000,0.8,0.14329172024160358
1000,0.8,0.11840841517447381
1000,0.8,0.056278856296571256
1000,0.8,0.14653083310819603
1000,0.8,-0.17203892680610489
1000,0.8,0.030508293274370858
1000,0.8,-0.14067140808285616
1000,0.8,0.04461068081872757
1000,0.8,-0.051647762982161366
1000,0.8,0.2249000438555541
1000,0.8,0.08694983144158162
1000,0.8,0.16875085917237664
1000,0.8,0.11339493541963641
1000,0.8,-0.14120758452815868
1000,0.8,-0.033661213276513995
1000,0.8,0.17020701457173415
1000,0.8,0.20458627076463376
1000,0.8,-0.0116684364351336
1000,0.8,0.13768379522967109
1000,0.8,-0.11736215743580268
1000,0.8,-0.141781877560439
1000,0.8,-0.17575939059537557
1000,0.8,0.15155583835312464
1000,0.8,0.004213805670458904
1000,0.8,0.06977347605662843
1000,0.8,-0.06369831064934965
1000,0.8,0.07136061297128737
1000,0.8,0.1598937288185054
1000,0.8,0.20378396851772287
1000,0.8,0.16843514049017544
1000,0.8,0.06801436564560302
1000,0.8,-0.0412964102498302
1000,0.8,0.0366681339744078
1000,0.8,0.13039186038823
1000,0.8,-0.06234856647535656
1000,0.8,-0.02769891080091824
1000,0.8,0.0693673090649531
1000,0.8,0.13002653052213783
1000,0.8,0.1315509954576209
1000,0.8,-0.04636437345843252
1000,0.8,-0.09959758532009673
1000,0.8,-0.030834370740656338
1000,0.8,0.15641584241993822
1000,0.8,0.19357387258738987
1000,0.8,0.11966103254917027
1000,0.8,0.180432091637935
1000,0.8,-0.11625323418401337
1000,0.8,-0.0043450230682105405
1000,0.8,-0.018880476892548882
1000,0.8,0.047948241326269785
1000,0.8,0.025413148629487205
1000,0.8,-0.07287530797759444
1000,0.8,-0.1592448674311398
1000,0.8,0.06083078644562683
1000,0.8,-0.011475952770652765
1000,0.8,0.20585565367102437
1000,0.8,0.07701519613808472
1000,0.8,0.016295188609032073
1000,0.8,-0.029195766058281603
1000,0.8,0.020831312104654033
1000,0.8,-0.05420249737658889
1000,0.8,0.2528643462294308
1000,0.8,0.11648411373893133
1000,0.8,0.07019733117788522
1000,0.8,-0.0753270227317108
1000,0.8,0.1495349781311502
1000,0.8,0.05460629535270272
1000,0.8,0.03769894956440183
1000,0.8,-0.08970808769860028
1000,0.8,-0.018090726110527113
1000,0.8,0.11079487311069106
1000,0.8,-0.0009750531238038818
1000,0.8,0.1202955636026763
1000,0.8,-0.05911752725831061
1000,0.8,0.011300203158813284
1000,0.8,0.07979657515037548
1000,0.8,-0.08658470487129898
1000,0.8,0.18436021810520042
1000,0.8,0.0010193739057431372
1000,0.8,-0.044519254012148936
1000,0.8,0.07098957163334312
1000,0.8,0.18090219356102466
1000,0.8,0.1058046837787316
1000,0.8,0.04741794998141984
1000,0.8,0.0007969844397180737
1000,0.8,-0.013830600873175048
1000,0.8,0.10616283224555847
1000,0.8,-0.12950664872021742
1000,0.8,0.205442249109597
1000,0.8,-0.047288390315539976
1000,0.8,-0.1389933684230906
1000,0.8,0.09416514775596047
1000,0.8,0.0992570601456455
1000,0.8,0.15639676396377614
1000,0.8,0.16467895802550958
1000,0.8,0.1550408614027159
1000,0.8,0.024069994029551192
1000,0.8,-0.027343067295401015
1000,0.8,-0.005873633586274529
1000,0.8,0.1946948826993781
1000,0.8,0.13854534959975187
1000,0.8,0.11596536344209679
1000,0.8,0.05543405147907237
1000,0.8,0.14980725304678835
1000,0.8,-0.1752495380573824
1000,0.8,0.027009339432150628
1000,0.8,-0.13886609347485326
1000,0.8,0.04456140699318922
1000,0.8,-0.04927619947975712
1000,0.8,0.22144051149644606
1000,0.8,0.09042774838493912
1000,0.8,0.171804039366981
1000,0.8,0.11502009127208446
1000,0.8,-0.14302891277479654
1000,0.8,-0.0366220556913194
1000,0.8,0.17127535684931613
1000,0.8,0.2022626978142782
1000,0.8,-0.008188981309454935
1000,0.8,0.13832256076598348
1000,0.8,-0.1211076732719655
1000,0.8,-0.14650934768747376
1000,0.8,-0.1693881890779264
1000,0.8,0.15188817026141468
1000,0.8,0.003816842811733423
1000,0.8,0.07230370295687738
1000,0.8,-0.0599830424151671
1000,0.8,0.07190064601032642
1000,0.8,0.1601603095767235
1000,0.8,0.206243807817917
1000,0.8,0.16822758257710202
1000,0.8,0.06716239953736185
1000,0.8,-0.037988267307390536
1000,0.8,0.03802586678112477
1000,0.8,0.12809223288958319
1000,0.8,-0.060165645160063
1000,0.8,-0.030136913514665145
1000,0.8,0.06241750654148799
1000,0.8,0.1269023374079227
1000,0.8,0.12898206989903188
1000,0.8,-0.04573144837250212
1000,0.8,-0.10202189306311871
1000,0.8,-0.03193074058832899
1000,0.8,0.1545401386858446
1000,0.8,0.19359511505044846
1000,0.8,0.1151544546221274
1000,0.8,0.17917107200072488
1000,0.8,-0.1179477004093406
1000,0.8,-0.001221512641266287
1000,0.8,-0.020479313139248046
1000,0.8,0.04878775674195275
1000,0.8,0.026304966389580645
1000,0.8,-0.07517810328291166
1000,0.8,-0.1571032058818431
1000,0.8,0.06362941841697083
1000,0.8,-0.013472434026761793
1000,0.8,0.20582686439735626
1000,0.8,0.07805183466800242
1000,0.8,0.015766881693559755
1000,0.8,-0.026492724273576053
1000,0.8,0.027040130860549107
1000,0.8,-0.053190556826635586
1000,0.8,0.25224955684987693
1000,0.8,0.11512236274497188
1000,0.8,0.06996873137902818
1000,0.8,-0.07130934871741204
1000,0.8,0.14566538273932714
1000,0.8,0.0530544175513569
1000,0.8,0.03978692730274638
1000,0.8,-0.08562396044480494
1000,0.8,-0.01747167917050421
1000,0.8,0.11082423689575371
1000,0.8,0.000765128095008194
1000,0.8,0.1200737326272467
1000,0.8,-0.05961723603605984
1000,0.8,0.008605326547868232
1000,0.8,0.08219592226173678
1000,0.8,-0.08665730300444513
1000,0.8,0.18218632065052348
1000,0.8,-0.003883543128918277
1000,0.8,-0.039064425465613534
1000,0.8,0.07356602642254516
1000,0.8,0.18171750100975625
1000,0.8,0.10369004664239281
1000,0.8,0.04754335360291613
1000,0.8,0.001245473054998314
1000,0.8,-0.01034558317368859
1000,0.8,0.10851919260814409
1000,0.8,-0.1278498111837789
1000,0.8,0.20241126719729277
1000,0.8,-0.048841505708752654
1000,0.8,-0.13423287675847995
1000,0.8,0.09291324843185259
1000,0.8,0.09948035027492814
1000,0.8,0.15449707913168195
1000,0.8,0.1628422830605718
1000,0.8,0.15174473101268993
1000,0.8,0.02059436847950824
1000,0.8,-0.03045164079944831
1000,0.8,-0.006667743576334662
1000,0.8,0.19456357696913057
1000,0.8,0.1377984634918315
1000,0.8,0.11735568005749074
1000,0.8,0.05378430594344668
1000,0.8,0.14936953952430035
1000,0.8,-0.17411003327527697
1000,0.8,0.02868172826721409
1000,0.8,-0.14086587056651806
1000,0.8,0.04233584856367348
1000,0.8,-0.046956881155998435
1000,0.8,0.21590613087264893
1000,0.8,0.09167078565614464
1000,0.8,0.16662786142731323
1000,0.8,0.11787412105489814
1000,0.8,-0.14202382149096238
1000,0.8,-0.035946669735442076
1000,0.8,0.16860783992908246
1000,0.8,0.20218807216846085
1000,0.8,-0.007672440049351437
1000,0.8,0.14322006687972397
1000,0.8,-0.12238328676659514
1000,0.8,-0.14598979686543556
1000,0.8,-0.16729582939231183
1000,0.8,0.1508611790487162
1000,0.8,0.001903516700956054
1000,0.8,0.07053268402868688
1000,0.8,-0.05812248696057179
1000,0.8,0.0701153935045113
1000,0.8,0.16209914647215928
1000,0.8,0.20689855052637451
1000,0.8,0.16845628129790208
1000,0.8,0.06682662874973318
1000,0.8,-0.04392479876513527
1000,0.8,0.04163107288809975
1000,0.8,0.12869647715910962
1000,0.8,-0.061289704463044714
1000,0.8,-0.027995057609822904
1000,0.8,0.0652218813479987
1000,0.8,0.12768601301622837
1000,0.8,0.1295776326798066
1000,0.8,-0.04631051999767344
1000,0.8,-0.1004217405684452
1000,0.8,-0.030681126123104276
1000,0.8,0.15197124867020798
1000,0.8,0.19353595663552722
1000,0.8,0.1161517421735958
1000,0.8,0.18000765971690438
1000,0.8,-0.11713189325725759
1000,0.8,-0.0016733674978196334
1000,0.8,-0.019006952593466055
1000,0.8,0.04730775367926139
1000,0.8,0.025499274618962176
1000,0.8,-0.07395225349745137
1000,0.8,-0.15885143061106027
1000,0.8,0.06361963227058993
1000,0.8,-0.015148372197617733
1000,0.8,0.20421214548407607
1000,0.8,0.0778631804036639
1000,0.8,0.02030384413355293
1000,0.8,-0.027837871218396162
1000,0.8,0.027281961852611048
1000,0.8,-0.05574150409560011
1000,0.8,0.25249610935894024
1000,0.8,0.11748793982372874
1000,0.8,0.07261174431738837
1000,0.8,-0.06561999941871087
1000,0.8,0.15057642742875094
1000,0.8,0.05726358396624196
1000,0.8,0.041183403294985335
1000,0.8,-0.08578381115334582
1000,0.8,-0.0122938926632024
1000,0.8,0.11308074828167634
1000,0.8,-0.001234648258787008
1000,0.8,0.11869897720896533
1000,0.8,-0.05916932983397843
1000,0.8,0.01339597261276193
1000,0.8,0.08477257746829725
1000,0.8,-0.08455033158399523
1000,0.8,0.18145224455995237
1000,0.8,-0.003229345886852908
1000,0.8,-0.03960835770721021
1000,0.8,0.07118447801008365
1000,0.8,0.18190228690700874
1000,0.8,0.10604000087583537
1000,0.8,0.04822223972776083
1000,0.8,9.942011730341705e-5
1000,0.8,-0.013557816505857813
1000,0.8,0.10468715348143612
1000,0.8,-0.1248732122789325
1000,0.8,0.20237390027938107
1000,0.8,-0.04829882600753859
1000,0.8,-0.13092045812123781
1000,0.8,0.09376850271144051
1000,0.8,0.09895398418791768
1000,0.8,0.15462190287792676
1000,0.8,0.16615006159574844
1000,0.8,0.14682716713554952
1000,0.8,0.020329496616402487
1000,0.8,-0.03146693785674266
1000,0.8,-0.004863858853866088
1000,0.8,0.1974324152114756
1000,0.8,0.14122401900732573
1000,0.8,0.11595498689071189
1000,0.8,0.05267792670869405
1000,0.8,0.14658618668930964
1000,0.8,-0.1757299207680089
1000,0.8,0.026628394363177144
1000,0.8,-0.13895895415680598
1000,0.8,0.04150834933393828
1000,0.8,-0.04631961625413501
1000,0.8,0.21397655712052616
1000,0.8,0.09116612845393207
1000,0.8,0.16619302663225746
1000,0.8,0.11874270187886929
1000,0.8,-0.14399676678963055
1000,0.8,-0.03538103422492851
1000,0.8,0.16376729213851499
1000,0.8,0.20509358035001013
1000,0.8,-0.009423346029735758
1000,0.8,0.14679954031121412
1000,0.8,-0.12300602276375168
1000,0.8,-0.1509714779234683
1000,0.8,-0.1685276687833137
1000,0.8,0.1492781207543887
1000,0.8,0.002186872709486032
1000,0.8,0.06639961844678872
1000,0.8,-0.05745150465288243
1000,0.8,0.0719890669341174
1000,0.8,0.16400114938887392
1000,0.8,0.20920556074855004
1000,0.8,0.16693605551716895
1000,0.8,0.06555339240298573
1000,0.8,-0.04827515469079709
1000,0.8,0.04288123114891676
1000,0.8,0.13065441714615478
1000,0.8,-0.05907966381959798
1000,0.8,-0.026641826633549838
1000,0.8,0.06785582450286186
1000,0.8,0.12518927451564607
1000,0.8,0.13011012547382814
1000,0.8,-0.04790084728915938
1000,0.8,-0.10427235609993178
1000,0.8,-0.031947251388904356
1000,0.8,0.1491660194527796
1000,0.8,0.19366041069014078
1000,0.8,0.11503507441948742
1000,0.8,0.17808324903818973
1000,0.8,-0.11942456928659669
1000,0.8,-0.002753541937159376
1000,0.8,-0.02283371801912866
1000,0.8,0.0497017386509155
1000,0.8,0.021953771512917088
1000,0.8,-0.07113976233072235
1000,0.8,-0.15696580479992087
1000,0.8,0.06139400599761605
1000,0.8,-0.014276211564265307
1000,0.8,0.20218724137936414
1000,0.8,0.07728385230017328
1000,0.8,0.015732269987999103
1000,0.8,-0.026360530643221747
1000,0.8,0.021337898247250388
1000,0.8,-0.05356707788347608
1000,0.8,0.25716983218869116
1000,0.8,0.11849087845009071
1000,0.8,0.07526105025311836
1000,0.8,-0.06604076249574202
1000,0.8,0.1543553572000656
1000,0.8,0.05570387103497616
1000,0.8,0.04347196786556005
1000,0.8,-0.08879544475189496
1000,0.8,-0.013201357718990803
1000,0.8,0.1152966777375145
1000,0.8,-0.0002960516527191537
1000,0.8,0.12279740773720037
1000,0.8,-0.061400792433261846
1000,0.8,0.010724818876324883
1000,0.8,0.08680486432512709
1000,0.8,-0.0797111698611439
1000,0.8,0.18498458529465545
1000,0.8,-0.009506733757361552
1000,0.8,-0.040187906330229506
1000,0.8,0.0745410508444115
1000,0.8,0.18239194677330756
1000,0.8,0.1051082811392094
1000,0.8,0.048742145347448945
1000,0.8,0.006411505202163603
1000,0.8,-0.013541330509929228
1000,0.8,0.10897479498964611
1000,0.8,-0.1235264670806747
1000,0.8,0.20406132192567628
1000,0.8,-0.0469271106166171
1000,0.8,-0.13001602635670562
1000,0.8,0.0953297965431002
1000,0.8,0.10073337214805385
1000,0.8,0.15641120327832658
1000,0.8,0.17167587901148346
1000,0.8,0.14690113087925988
1000,0.8,0.01863598948181693
1000,0.8,-0.03136190787026623
1000,0.8,-0.007559932449338103
1000,0.8,0.19504907968126767
1000,0.8,0.14021787426290794
1000,0.8,0.11858790852516919
1000,0.8,0.05267570557027934
1000,0.8,0.14809240828137968
1000,0.8,-0.17503885361097835
1000,0.8,0.028097394314428394
1000,0.8,-0.13322122812320308
1000,0.8,0.046868527822641684
1000,0.8,-0.051203929284235984
1000,0.8,0.21744691204171504
1000,0.8,0.08967331487005713
1000,0.8,0.1668684384752398
1000,0.8,0.11919055624775546
1000,0.8,-0.14688981615843383
1000,0.8,-0.03753337524247176
1000,0.8,0.16220666521335156
1000,0.8,0.20719547814230257
1000,0.8,-0.006136888221414694
1000,0.8,0.14538209418381473
1000,0.8,-0.12169646521486754
1000,0.8,-0.15077851353024452
1000,0.8,-0.16817979483333084
1000,0.8,0.15231096744299305
1000,0.8,0.006352573130589967
1000,0.8,0.06658844626529792
1000,0.8,-0.06278660917596178
1000,0.8,0.07173792705654983
1000,0.8,0.1612689118790984
1000,0.8,0.2123180606851479
1000,0.8,0.16638377346935923
1000,0.8,0.0637432144623542
1000,0.8,-0.0508336334942614
1000,0.8,0.041047713709060754
1000,0.8,0.12597490680394205
1000,0.8,-0.05520885318386224
1000,0.8,-0.03024835268644175
1000,0.8,0.06802974989790496
1000,0.8,0.12081293855626925
1000,0.8,0.1300543527289559
1000,0.8,-0.04728118912391297
1000,0.8,-0.10185396806205356
1000,0.8,-0.026731591047219273
1000,0.8,0.15167336551248367
1000,0.8,0.1906377814767522
1000,0.8,0.11794062671690267
1000,0.8,0.17747211873981003
1000,0.8,-0.1152581974300479
1000,0.8,0.0047497853357098664
1000,0.8,-0.02022609558436175
1000,0.8,0.05207457122371082
1000,0.8,0.017424767724261336
1000,0.8,-0.06403794567853041
1000,0.8,-0.1558000132139329
1000,0.8,0.06582032566137618
1000,0.8,-0.012706597652227637
1000,0.8,0.20671516236651064
1000,0.8,0.07349697639277668
1000,0.8,0.01682618844851316
1000,0.8,-0.02561450595186292
1000,0.8,0.021376806299054252
1000,0.8,-0.05274367961938822
1000,0.8,0.25459430601957717
1000,0.8,0.11597209150068544
1000,0.8,0.07269540419995213
1000,0.8,-0.06695047490802226
1000,0.8,0.1516637694928681
1000,0.8,0.05694031388444074
1000,0.8,0.04296967522087343
1000,0.8,-0.08516342968554325
1000,0.8,-0.009593251707412343
1000,0.8,0.11617912346359596
1000,0.8,-0.00022114653476581483
1000,0.8,0.12432880549845127
1000,0.8,-0.06070895387443747
1000,0.8,0.011774551614153417
1000,0.8,0.08887182761142452
1000,0.8,-0.07907563517586791
1000,0.8,0.18284801488383878
1000,0.8,-0.010986664697762195
1000,0.8,-0.037741341724935665
1000,0.8,0.07874445211241597
1000,0.8,0.18389158216184143
1000,0.8,0.10438393857314701
1000,0.8,0.05187856392251433
1000,0.8,0.006503663074690103
1000,0.8,-0.009021109159397068
1000,0.8,0.10938139621409314
1000,0.8,-0.11884709963591407
1000,0.8,0.20510016178529789
1000,0.8,-0.04371074922753158
1000,0.8,-0.13189086708564332
1000,0.8,0.09441330444269519
1000,0.8,0.10295128653853265
1000,0.8,0.15287323681510295
1000,0.8,0.17004076305643245
1000,0.8,0.15047706664007646
1000,0.8,0.023435927801657642
1000,0.8,-0.03243765333559985
1000,0.8,-0.009141120583770502
1000,0.8,0.1944577397255813
1000,0.8,0.13898745979098645
1000,0.8,0.11706746988519985
1000,0.8,0.053073882592343226
1000,0.8,0.15143040412398978
1000,0.8,-0.1702815014091427
1000,0.8,0.024271514300721542
1000,0.8,-0.1333848788140835
1000,0.8,0.048530171804029014
1000,0.8,-0.05084824392167802
1000,0.8,0.21539145910693522
1000,0.8,0.0905216539020243
1000,0.8,0.1687482989862611
1000,0.8,0.11684957056130774
1000,0.8,-0.1464350124256944
1000,0.8,-0.03919829614333601
1000,0.8,0.1623038567901011
1000,0.8,0.20497389982127193
1000,0.8,-0.0012778146420247439
1000,0.8,0.14591649540699977
1000,0.8,-0.12551256884648873
1000,0.8,-0.15187885297431025
1000,0.8,-0.16807981816966847
1000,0.8,0.1542859818904031
1000,0.8,0.007436742803209207
1000,0.8,0.05953548272559353
1000,0.8,-0.06059322062072923
1000,0.8,0.07251420243703706
1000,0.8,0.16162158817525896
1000,0.8,0.2122878141778758
1000,0.8,0.17125708340235307
1000,0.8,0.06129938386013763
1000,0.8,-0.051568609079195055
1000,0.8,0.04112603232867418
1000,0.8,0.12820837744368774
1000,0.8,-0.051591348210705594
1000,0.8,-0.03466536249377335
1000,0.8,0.0674168667992575
1000,0.8,0.1198612956968299
1000,0.8,0.13201115582483408
1000,0.8,-0.04689407228076697
1000,0.8,-0.10395835302787333
1000,0.8,-0.02495748037177341
1000,0.8,0.15047818679396308
1000,0.8,0.1932211435313338
1000,0.8,0.11674990212961288
1000,0.8,0.17859818061462926
1000,0.8,-0.1184997436547592
1000,0.8,0.004362489098607015
1000,0.8,-0.02209539808249943
1000,0.8,0.0488086078031456
1000,0.8,0.018876958753493867
1000,0.8,-0.05850814962839906
1000,0.8,-0.1515795994082125
1000,0.8,0.06398940275408087
1000,0.8,-0.010890038604711095
1000,0.8,0.207616560098516
1000,0.8,0.0727968597562267
1000,0.8,0.01670976012010197
1000,0.8,-0.026967978269124962
1000,0.8,0.019641782258907628
1000,0.8,-0.05221932582288789
1000,0.8,0.253719742103641
1000,0.8,0.11507617975984133
1000,0.8,0.06752051495334524
1000,0.8,-0.06636941927447292
1000,0.8,0.15617358586043295
1000,0.8,0.05200914109881936
1000,0.8,0.044128636709940494
1000,0.8,-0.0816862029931607
1000,0.8,-0.005000122020269693
1000,0.8,0.11678470459224127
1000,0.8,-0.0014534655208526814
1000,0.8,0.12909872649711893
1000,0.8,-0.05854995585359984
1000,0.8,0.008564232566476626
1000,0.8,0.08957821985855433
1000,0.8,-0.07956347029148354
1000,0.8,0.18417195814025364
1000,0.8,-0.013961994689726432
1000,0.8,-0.037120898396463174
1000,0.8,0.08066479147672041
1000,0.8,0.17771318676597883
1000,0.8,0.10346600128901323
1000,0.8,0.0529347880037232
1000,0.8,0.0035845951196790795
1000,0.8,-0.011946134787866125
1000,0.8,0.1113365844593231
1000,0.8,-0.11771775998629481
1000,0.8,0.2001401292801994
1000,0.8,-0.04485713655974477
1000,0.8,-0.13063916853863686
1000,0.8,0.09523374325203093
1000,0.8,0.1006454309312666
1000,0.8,0.15019303024727915
1000,0.8,0.16568844298606678
1000,0.8,0.15219134124860664
1000,0.8,0.02474681776088712
1000,0.8,-0.036653163344781706
1000,0.8,-0.007676505733924266
1000,0.8,0.19394215071979987
1000,0.8,0.14079693334603452
1000,0.8,0.11766368390677365
1000,0.8,0.05428261960234551
1000,0.8,0.1529949634063236
1000,0.8,-0.17183017811153906
1000,0.8,0.022518356232928305
1000,0.8,-0.13343405040347706
1000,0.8,0.052443330551323976
1000,0.8,-0.05042167881887974
1000,0.8,0.21481222639173103
1000,0.8,0.09111747037372186
1000,0.8,0.16888841565675358
1000,0.8,0.11574415681159973
1000,0.8,-0.14774163201744753
1000,0.8,-0.03911176846915643
1000,0.8,0.16233802025090505
1000,0.8,0.20477702047438184
1000,0.8,-0.0013874639035730497
1000,0.8,0.14768377913824846
1000,0.8,-0.12589505701077375
1000,0.8,-0.14597769465842206
1000,0.8,-0.16934043194759882
1000,0.8,0.15425050950294938
1000,0.8,0.00849056362756162
1000,0.8,0.057310305918454145
1000,0.8,-0.06006629954540302
1000,0.8,0.0763543022324944
1000,0.8,0.1585446707917317
1000,0.8,0.20890085705206296
1000,0.8,0.17277122177254292
1000,0.8,0.06061559035480926
1000,0.8,-0.05701587554583121
1000,0.8,0.04057995103573493
1000,0.8,0.1258178116953623
1000,0.8,-0.05703261480116968
1000,0.8,-0.032750339396421156
1000,0.8,0.06990820894173151
1000,0.8,0.11748462563501008
1000,0.8,0.12645130705587723
1000,0.8,-0.041955319693940396
1000,0.8,-0.10304852917711066
1000,0.8,-0.03064267377030836
1000,0.8,0.1520969747690204
1000,0.8,0.19172920005198152
1000,0.8,0.1140822246459484
1000,0.8,0.18428531918834282
1000,0.8,-0.11727689301567051
1000,0.8,-0.00018700970786333926
1000,0.8,-0.023278203792495414
1000,0.8,0.04854577090611337
1000,0.8,0.020159706220161056
1000,0.8,-0.05488991421192049
1000,0.8,-0.1447163338119389
1000,0.8,0.06874468008335591
1000,0.8,-0.009337715936030212
1000,0.8,0.20530169219276273
1000,0.8,0.07543844166273939
1000,0.8,0.018620328493379645
1000,0.8,-0.03115594252312981
1000,0.8,0.021510697938185965
1000,0.8,-0.055705054221977246
1000,0.8,0.25761211260581457
1000,0.8,0.11437813028922489
1000,0.8,0.06925158333699777
1000,0.8,-0.06637445557899006
1000,0.8,0.15576166036541805
1000,0.8,0.05643023181019018
1000,0.8,0.045744996896326384
1000,0.8,-0.07947125833847633
1000,0.8,-0.0023905465877366973
1000,0.8,0.11633407085071923
1000,0.8,-0.002839878286490816
1000,0.8,0.12681064738722886
1000,0.8,-0.060112926305452424
1000,0.8,0.008382307448419902
1000,0.8,0.09074076805163518
1000,0.8,-0.07635460565794282
1000,0.8,0.18279606958667893
1000,0.8,-0.013192427509750183
1000,0.8,-0.0330016630569407
1000,0.8,0.08171580224394984
1000,0.8,0.17968742864264833
1000,0.8,0.10562621963270882
1000,0.8,0.056083916430637086
1000,0.8,0.0004939475858439125
1000,0.8,-0.013703552917325635
1000,0.8,0.11154393676684933
1000,0.8,-0.11453807809770532
1000,0.8,0.19811317622559274
1000,0.8,-0.043949229744747687
1000,0.8,-0.13209841951490872
1000,0.8,0.09595679394401842
1000,0.8,0.09596323172712787
1000,0.8,0.14941778880437387
1000,0.8,0.16018966082000202
1000,0.8,0.15460727176624528
1000,0.8,0.02288519960725051
1000,0.8,-0.033055930671922786
1000,0.8,-0.005165298276697251
1000,0.8,0.1927673774655604
1000,0.8,0.1366656703490909
1000,0.8,0.1167437973039288
1000,0.8,0.053226601206380765
1000,0.8,0.1539432529922946
1000,0.8,-0.16652984753417252
1000,0.8,0.02220364112595572
1000,0.8,-0.13595461213759538
1000,0.8,0.05006248977379908
1000,0.8,-0.04985238472873901
1000,0.8,0.21333981495449397
1000,0.8,0.08984423669399853
1000,0.8,0.16882405705271142
1000,0.8,0.11540895634072346
1000,0.8,-0.15150120654562693
1000,0.8,-0.04022128699328969
1000,0.8,0.1600885306558066
1000,0.8,0.20476995315350577
1000,0.8,0.0015782551855926031
1000,0.8,0.1527949269013103
1000,0.8,-0.12435571875038615
1000,0.8,-0.14198159354919523
1000,0.8,-0.16706625549756504
1000,0.8,0.1518899296644186
1000,0.8,0.009116647739177886
1000,0.8,0.05614218693900455
1000,0.8,-0.06383162955122233
1000,0.8,0.07300823911037427
1000,0.8,0.1605911384966886
1000,0.8,0.21063788694896993
1000,0.8,0.17400301043662056
1000,0.8,0.060090470060793245
1000,0.8,-0.059164763248909846
1000,0.8,0.04409684958660556
1000,0.8,0.12229156292188464
1000,0.8,-0.06157936145894674
1000,0.8,-0.03583334842128503
1000,0.8,0.07330407865503474
1000,0.8,0.12017161088509898
1000,0.8,0.12266513228334884
1000,0.8,-0.045292539626893814
1000,0.8,-0.10352711577385848
1000,0.8,-0.029921312429632252
1000,0.8,0.1557046655175432
1000,0.8,0.1923588963942848
1000,0.8,0.11093863741451351
1000,0.8,0.18936943372331197
1000,0.8,-0.11769552731315046
1000,0.8,0.0012461577143762172
1000,0.8,-0.02318287075405392
1000,0.8,0.04856160155738696
1000,0.8,0.019806731946421508
1000,0.8,-0.05623059966189006
1000,0.8,-0.14018179626264243
1000,0.8,0.07081600451426358
1000,0.8,-0.007921561334925631
1000,0.8,0.209052554617492
1000,0.8,0.0719727980082169
1000,0.8,0.012021549470935434
1000,0.8,-0.028631762748941192
1000,0.8,0.023640811465441305
1000,0.8,-0.053981699069205205
1000,0.8,0.2562898573099327
1000,0.8,0.11621982734694392
1000,0.8,0.07124438922140648
1000,0.8,-0.059670893681993235
1000,0.8,0.15866876244207972
1000,0.8,0.05136222750266999
1000,0.8,0.04304278174163816
1000,0.8,-0.07529116997115635
1000,0.8,0.002376108860294224
1000,0.8,0.11855094330706653
1000,0.8,-0.004888088578032157
1000,0.8,0.1236286118274057
1000,0.8,-0.05698587885757398
1000,0.8,0.006157553638035652
1000,0.8,0.08963527240819627
1000,0.8,-0.07842863016290309
1000,0.8,0.17890570069184905
1000,0.8,-0.013043536098007725
1000,0.8,-0.031218070764762462
1000,0.8,0.0826096119324376
1000,0.8,0.18013337301823873
1000,0.8,0.10315202161480208
1000,0.8,0.0553810171592195
1000,0.8,-0.0007607166207719729
1000,0.8,-0.014696321908001764
1000,0.8,0.11173415659622848
1000,0.8,-0.11787327321308255
1000,0.8,0.19508098119092826
1000,0.8,-0.04340002631338287
1000,0.8,-0.13000900178850028
1000,0.8,0.09457496333153231
1000,0.8,0.10273528094491163
1000,0.8,0.15364123552390813
1000,0.8,0.16256920679973685
1000,0.8,0.15438893230395279
1000,0.8,0.02155324940923098
1000,0.8,-0.030733565192355795
1000,0.8,-0.006967629226213923
1000,0.8,0.19697430069822064
1000,0.8,0.1322616872190368
1000,0.8,0.12277686479139245
1000,0.8,0.05621668023459314
1000,0.8,0.15404607230117212
1000,0.8,-0.1678685025223695
1000,0.8,0.021618341965485222
1000,0.8,-0.13782023287352504
1000,0.8,0.049152792347394225
1000,0.8,-0.046178788589275224
1000,0.8,0.21300646757542854
1000,0.8,0.08263443110778841
1000,0.8,0.16795580921481257
1000,0.8,0.1214575079764476
1000,0.8,-0.15115941489313453
1000,0.8,-0.035042121519403314
1000,0.8,0.16282681624742745
1000,0.8,0.20378525572648487
1000,0.8,-0.001723386460904486
1000,0.8,0.1515308207597654
1000,0.8,-0.11785200935474034
1000,0.8,-0.13437791550344036
1000,0.8,-0.16456987327765527
1000,0.8,0.1565826268400249
1000,0.8,0.013847024076237169
1000,0.8,0.05405433570205869
1000,0.8,-0.06216522184264255
1000,0.8,0.06890312173262957
1000,0.8,0.16031631974865004
1000,0.8,0.2099413502456237
1000,0.8,0.1791310536628263
1000,0.8,0.05944574705054642
1000,0.8,-0.06419432691204188
1000,0.8,0.04074235479226083
1000,0.8,0.1170182899050854
1000,0.8,-0.06365102487489419
1000,0.8,-0.0344429581039047
1000,0.8,0.07179114644063259
1000,0.8,0.12281037733896004
1000,0.8,0.12025735352033227
1000,0.8,-0.04292543383044727
1000,0.8,-0.10203305795030665
1000,0.8,-0.030688788729187524
1000,0.8,0.15630381850089262
1000,0.8,0.19801275640113725
1000,0.8,0.10820407294290374
1000,0.8,0.1874177076373151
1000,0.8,-0.11390185976897955
1000,0.8,-0.0010481930085600945
1000,0.8,-0.02218311898402261
1000,0.8,0.04796783468817836
1000,0.8,0.020836048578108723
1000,0.8,-0.053912281120775334
1000,0.8,-0.13918931547900631
1000,0.8,0.07285351088016227
1000,0.8,-0.007231775159567633
1000,0.8,0.20816465376140006
1000,0.8,0.07144280235844569
1000,0.8,0.0166014149069591
1000,0.8,-0.027887364641812074
1000,0.8,0.020355497294706204
1000,0.8,-0.04810670943364173
1000,0.8,0.25421341049003116
1000,0.8,0.1189678281440802
1000,0.8,0.07771771705519709
1000,0.8,-0.05763626915724034
1000,0.8,0.16028906040872198
1000,0.8,0.05195271471064072
1000,0.8,0.04443939096519714
1000,0.8,-0.07418828556437554
1000,0.8,0.0037387312466885094
1000,0.8,0.11496633791711766
1000,0.8,-0.006191724617543227
1000,0.8,0.12221636612417264
1000,0.8,-0.05591239512294273
1000,0.8,0.002213199920264941
1000,0.8,0.08425922864084293
1000,0.8,-0.08060387918802042
1000,0.8,0.17944275547593058
1000,0.8,-0.013550079068974964
1000,0.8,-0.030824832540029413
1000,0.8,0.08413236327894591
1000,0.8,0.1804250584245356
1000,0.8,0.10373948909671071
1000,0.8,0.06001796875461416
1000,0.8,0.002814045296189605
1000,0.8,-0.012841921836081394
1000,0.8,0.11154942379459083
1000,0.8,-0.11652468301954731
1000,0.8,0.19113267128560577
1000,0.8,-0.04504940172130541
1000,0.8,-0.1290367359309262
1000,0.8,0.09337658651332248
1000,0.8,0.10409649588103065
1000,0.8,0.15777481946791758
1000,0.8,0.16354284471509592
1000,0.8,0.1536925578050184
1000,0.8,0.022291944892032945
1000,0.8,-0.029556342976363937
1000,0.8,-0.005881192992175777
1000,0.8,0.20211780131524437
1000,0.8,0.1307555517488094
1000,0.8,0.12345700554426867
1000,0.8,0.05397809648752592
1000,0.8,0.15731886805154272
1000,0.8,-0.16646345321505615
1000,0.8,0.027000287283568982
1000,0.8,-0.1410722783642023
1000,0.8,0.04613970537683443
1000,0.8,-0.04447848306190885
1000,0.8,0.21149976419492164
1000,0.8,0.07984764945562138
1000,0.8,0.17005558027838355
1000,0.8,0.12227088814134977
1000,0.8,-0.15280262832731062
1000,0.8,-0.03780790438911757
1000,0.8,0.15235550894005334
1000,0.8,0.20322503728688215
1000,0.8,-0.0012056745480251152
1000,0.8,0.15427683646569365
1000,0.8,-0.12202588898999026
1000,0.8,-0.13679386342680058
1000,0.8,-0.15711401926734264
1000,0.8,0.15697596555778334
1000,0.8,0.018130746609165627
1000,0.8,0.05589598205672637
1000,0.8,-0.06268001749406125
1000,0.8,0.06875739434353659
1000,0.8,0.1625847452833158
1000,0.8,0.21167431233231115
1000,0.8,0.18446861007463725
1000,0.8,0.06305054142301376
1000,0.8,-0.06070549987726786
1000,0.8,0.04435153209399374
1000,0.8,0.11733022393189395
1000,0.8,-0.0612609192847291
1000,0.8,-0.026782658834978258
1000,0.8,0.07093397581302163
1000,0.8,0.11910256538265945
1000,0.8,0.11872560495646348
1000,0.8,-0.03771487813069623
1000,0.8,-0.0941831639633115
1000,0.8,-0.03365087881792599
1000,0.8,0.15813285188027174
1000,0.8,0.20170408863240682
1000,0.8,0.1070939391718726
1000,0.8,0.18513388424905203
1000,0.8,-0.11399426343781816
1000,0.8,0.0008769339317977299
1000,0.8,-0.02436304394316027
1000,0.8,0.044146069692972745
1000,0.8,0.021907488083903106
1000,0.8,-0.049110728323335275
1000,0.8,-0.13854525091743206
1000,0.8,0.07384431744905288
1000,0.8,-0.007485655550716519
1000,0.8,0.20646053496846728
1000,0.8,0.07401498658154769
1000,0.8,0.011190608976519379
1000,0.8,-0.029058261526915
1000,0.8,0.023497409955730044
1000,0.8,-0.0486281330767695
1000,0.8,0.2549873095788602
1000,0.8,0.12302648226342489
1000,0.8,0.0767557465822339
1000,0.8,-0.05531167825266303
1000,0.8,0.15626917213030628
1000,0.8,0.05489427273541736
1000,0.8,0.03927859456932712
1000,0.8,-0.07518564968890368
1000,0.8,0.005042509997161205
1000,0.8,0.11586861079337077
1000,0.8,-0.007152618357102902
1000,0.8,0.12302189791663842
1000,0.8,-0.05850235787567213
1000,0.8,0.00045826450827917147
1000,0.8,0.08263977416384592
1000,0.8,-0.0825396197794043
1000,0.8,0.181181065891734
1000,0.8,-0.013730579125964227
1000,0.8,-0.03420625881583907
1000,0.8,0.08627421996935603
1000,0.8,0.17578339041178934
1000,0.8,0.101675608546892
1000,0.8,0.05908994293232777
1000,0.8,0.004245217944702695
1000,0.8,-0.012744944245961953
1000,0.8,0.11339583932912252
1000,0.8,-0.11891349171594907
1000,0.8,0.1893990021180949
1000,0.8,-0.04303853392811448
1000,0.8,-0.12894604370818394
1000,0.8,0.09319282460681216
1000,0.8,0.1048298186268733
1000,0.8,0.1553062827945677
1000,0.8,0.1589337138935525
1000,0.8,0.1519664032207313
1000,0.8,0.025033903663568325
1000,0.8,-0.02711429630636566
1000,0.8,-0.008554915468690983
1000,0.8,0.20380493964009114
1000,0.8,0.1292423545247443
1000,0.8,0.12745222476330229
1000,0.8,0.05516501185827725
1000,0.8,0.15892641178566508
1000,0.8,-0.16637909566487458
1000,0.8,0.028111459698421905
1000,0.8,-0.1418071122985074
1000,0.8,0.04354383073942217
1000,0.8,-0.045640912621612184
1000,0.8,0.20486145866415875
1000,0.8,0.08230426305159266
1000,0.8,0.17167496037412047
1000,0.8,0.1227879582200929
1000,0.8,-0.1509126959593668
1000,0.8,-0.035695331758324934
1000,0.8,0.15439437939633366
1000,0.8,0.20101118388519978
1000,0.8,-2.2121168074029643e-5
1000,0.8,0.1553224695302351
1000,0.8,-0.1258955856231113
1000,0.8,-0.13841658251516256
1000,0.8,-0.15842563590652362
1000,0.8,0.15689832733831804
1000,0.8,0.01742726344530876
1000,0.8,0.05705083440444643
1000,0.8,-0.061999049059412406
1000,0.8,0.06647085035625437
1000,0.8,0.16296353134697075
1000,0.8,0.21324264795641296
1000,0.8,0.18439439529997728
1000,0.8,0.05943268200026761
1000,0.8,-0.05956425685514031
1000,0.8,0.04456712727717332
1000,0.8,0.11772946030497772
1000,0.8,-0.05849478453174939
1000,0.8,-0.029977112590029265
1000,0.8,0.06876182111238797
1000,0.8,0.12050161136834721
1000,0.8,0.11399426787812406
1000,0.8,-0.03225298181617484
1000,0.8,-0.09023970691921611
1000,0.8,-0.03383408693583556
1000,0.8,0.1598636734053482
1000,0.8,0.19971959287397922
1000,0.8,0.1076251429798182
1000,0.8,0.18519288684925803
1000,0.8,-0.11569618146182475
1000,0.8,-0.0007274887905933448
1000,0.8,-0.025831079725214413
1000,0.8,0.04600146381664878
1000,0.8,0.02034321423076424
1000,0.8,-0.04670660218406191
1000,0.8,-0.14143978794760184
1000,0.8,0.07340289692294633
1000,0.8,-0.0015021974689131135
1000,0.8,0.20572003748334816
1000,0.8,0.07629494674344475
1000,0.8,0.008111079828803726
1000,0.8,-0.027468931093466153
1000,0.8,0.02631891614900397
1000,0.8,-0.049716042478086475
1000,0.8,0.2585481142761955
1000,0.8,0.127852275933415
1000,0.8,0.07182627855927422
1000,0.8,-0.057706637658932004
1000,0.8,0.15621972587895724
1000,0.8,0.05298420081150752
1000,0.8,0.041647898014496046
1000,0.8,-0.07445583678840988
1000,0.8,0.008109208812628133
1000,0.8,0.11457563654253633
1000,0.8,-0.008282944622733891
1000,0.8,0.12179851300525596
1000,0.8,-0.05630991773149763
1000,0.8,0.002053666316989045
1000,0.8,0.07884312734143464
1000,0.8,-0.0861767528475057
1000,0.8,0.1839691756851387
1000,0.8,-0.01662279934107618
1000,0.8,-0.03401297872822822
1000,0.8,0.08545580298855118
1000,0.8,0.1772650637631763
1000,0.8,0.09936613221814934
1000,0.8,0.06018735440583676
1000,0.8,0.008717047877523499
1000,0.8,-0.00809613019602482
1000,0.8,0.11544226227747725
1000,0.8,-0.1222964341889778
1000,0.8,0.18903634358592322
1000,0.8,-0.04106989706476032
1000,0.8,-0.12468287575146607
1000,0.8,0.0936652903146653
1000,0.8,0.10398893578792734
1000,0.8,0.15668846801504088
1000,0.8,0.15769023345986888
1000,0.8,0.15363603465814288
1000,0.8,0.020259432023894065
1000,0.8,-0.02809357849184213
1000,0.8,-0.01159661483446488
1000,0.8,0.20322409495219934
1000,0.8,0.13099808894362805
1000,0.8,0.12646902104967772
1000,0.8,0.05905481546902305
1000,0.8,0.1560776634086244
1000,0.8,-0.16184362003832878
1000,0.8,0.030808063459103075
1000,0.8,-0.1418620534426742
1000,0.8,0.05052600163750398
1000,0.8,-0.04399280935309067
1000,0.8,0.20006507353243227
1000,0.8,0.08030126375469618
1000,0.8,0.17027017352620588
1000,0.8,0.12000818743178421
1000,0.8,-0.15084087531371343
1000,0.8,-0.03259518317159778
1000,0.8,0.1484611926648011
1000,0.8,0.1947568467411374
1000,0.8,0.0015185089629161652
1000,0.8,0.15249178641301153
1000,0.8,-0.12632161832375335
1000,0.8,-0.1373728013701343
1000,0.8,-0.15869517639752476
1000,0.8,0.15375812585577472
1000,0.8,0.015692117775026306
1000,0.8,0.06105116577688126
1000,0.8,-0.0628625629196999
1000,0.8,0.06755071871338779
1000,0.8,0.16305381390820664
1000,0.8,0.21283421454769372
1000,0.8,0.18578777959200662
1000,0.8,0.0543391905624592
1000,0.8,-0.059158598277093515
1000,0.8,0.04577842277076627
1000,0.8,0.11531426484945638
1000,0.8,-0.059233489502013376
1000,0.8,-0.026751765555277276
1000,0.8,0.06957186228033567
1000,0.8,0.11814314292639097
1000,0.8,0.11420847752696694
1000,0.8,-0.036242070636658054
1000,0.8,-0.09081169219010254
1000,0.8,-0.032166082653495034
1000,0.8,0.15676684802043006
1000,0.8,0.19804562710144147
1000,0.8,0.10225293203878678
1000,0.8,0.18513309040800596
1000,0.8,-0.11621708399520587
1000,0.8,-0.0006292873396959387
1000,0.8,-0.028688020284609997
1000,0.8,0.04569226189576288
1000,0.8,0.02008702421826172
1000,0.8,-0.04746371716029945
1000,0.8,-0.14018177512644678
1000,0.8,0.07144205998882801
1000,0.8,-0.003076898071198997
1000,0.8,0.20849707162767786
1000,0.8,0.07887773275388686
1000,0.8,0.006779767790191649
1000,0.8,-0.026880241137305562
1000,0.8,0.025900226615405055
1000,0.8,-0.051046625322440246
1000,0.8,0.26049458922955665
1000,0.8,0.13125375946337048
1000,0.8,0.06967483756446295
1000,0.8,-0.05858628973077638
1000,0.8,0.15287798687210136
1000,0.8,0.05273010254431601
1000,0.8,0.04271524040926629
1000,0.8,-0.07500770454929057
1000,0.8,0.011319839449960512
1000,0.8,0.11332269980300787
1000,0.8,-0.011277638608111219
1000,0.8,0.12189837677794789
1000,0.8,-0.05577217661782932
1000,0.8,0.0005810516549422218
1000,0.8,0.07496395141762502
1000,0.8,-0.09156567123099615
1000,0.8,0.18062149111524217
1000,0.8,-0.0224741782250784
1000,0.8,-0.03490227810013815
1000,0.8,0.08311597692231842
1000,0.8,0.17720886945295344
1000,0.8,0.093995908788105
1000,0.8,0.0627882673486516
1000,0.8,0.006918624837554611
1000,0.8,-0.009784211983591097
1000,0.8,0.11764243622849531
1000,0.8,-0.12141081521883708
1000,0.8,0.18704002414308044
1000,0.8,-0.04244658655058933
1000,0.8,-0.12804836168818098
1000,0.8,0.08963033605256002
1000,0.8,0.10454253023224763
1000,0.8,0.15199585182263925
1000,0.8,0.1548606973533181
1000,0.8,0.1537548873718654
1000,0.8,0.021845952306823513
1000,0.8,-0.025068599201788014
1000,0.8,-0.015875180157307513
1000,0.8,0.20406634480570923
1000,0.8,0.1328829252325887
1000,0.8,0.12400695237325082
1000,0.8,0.0628137021283962
1000,0.8,0.15468700729478294
1000,0.8,-0.15881771440273804
1000,0.8,0.0322039464732093
1000,0.8,-0.13897472857582205
1000,0.8,0.04557935851344173
1000,0.8,-0.04335653311843251
1000,0.8,0.19991070818123263
1000,0.8,0.08081175172191682
1000,0.8,0.1685343890499148
1000,0.8,0.12045551324048881
1000,0.8,-0.15231933912209794
1000,0.8,-0.03396268939320155
1000,0.8,0.15136591733525917
1000,0.8,0.19284672917450507
1000,0.8,-0.0013919695039830593
1000,0.8,0.1492694953380463
1000,0.8,-0.12625900547487198
1000,0.8,-0.13131846585084803
1000,0.8,-0.1629991427600902
1000,0.8,0.15703158867975447
1000,0.8,0.01728404807852222
1000,0.8,0.062096525127168616
1000,0.8,-0.064995498326038
1000,0.8,0.06541654347472968
1000,0.8,0.16429957472112522
1000,0.8,0.21685454289472564
1000,0.8,0.185583884682789
1000,0.8,0.05853526143066415
1000,0.8,-0.05885968344224928
1000,0.8,0.04519136441734002
1000,0.8,0.11611162980351325
1000,0.8,-0.05401023052527672
1000,0.8,-0.031202788266077787
1000,0.8,0.07202451522080047
1000,0.8,0.11533886737074539
1000,0.8,0.10729727066177155
1000,0.8,-0.03877955622841585
1000,0.8,-0.08517122599898874
1000,0.8,-0.03188466423754788
1000,0.8,0.1570023819998271
1000,0.8,0.20092643620659187
1000,0.8,0.10459510317746706
1000,0.8,0.18755170242932914
1000,0.8,-0.11361433546925
1000,0.8,-0.001860812375725196
1000,0.8,-0.028281288000568595
1000,0.8,0.04386779123403226
1000,0.8,0.023040998736549235
1000,0.8,-0.04853801159264313
1000,0.8,-0.14081817281554213
1000,0.8,0.07279155793001486
1000,0.8,-8.343425858576837e-5
1000,0.8,0.20964438503057112
1000,0.8,0.07857137307500928
1000,0.8,0.00477188247651057
1000,0.8,-0.026645335359949486
1000,0.8,0.03054091675603701
1000,0.8,-0.0473150399535224
1000,0.8,0.2580715432446235
1000,0.8,0.13318627834675692
1000,0.8,0.07066167341606687
1000,0.8,-0.06139870494151039
1000,0.8,0.1509554543732616
1000,0.8,0.055475170519227394
1000,0.8,0.04228054955214305
1000,0.8,-0.07441175524924697
1000,0.8,0.008429562533608782
1000,0.8,0.11179667251623632
1000,0.8,-0.011090024239137897
1000,0.8,0.11795482559110743
1000,0.8,-0.0600112548389915
1000,0.8,-0.002141621553294204
1000,0.8,0.07273613012503173
1000,0.8,-0.0938369646096196
1000,0.8,0.17741986209265337
1000,0.8,-0.02231659144200924
1000,0.8,-0.03500104391481793
1000,0.8,0.08407019610645286
1000,0.8,0.17707473735046284
1000,0.8,0.09139028092263146
1000,0.8,0.060844005539414076
1000,0.8,0.007161313423160643
1000,0.8,-0.013119877833006478
1000,0.8,0.11535943820904038
1000,0.8,-0.11891911899851593
1000,0.8,0.18817474135059095
1000,0.8,-0.046687465002585964
1000,0.8,-0.12852511625168345
1000,0.8,0.08922330911084889
1000,0.8,0.10498833433882614
1000,0.8,0.15503914293862575
1000,0.8,0.1532400618460244
1000,0.8,0.1552427148290466
1000,0.8,0.0183611408676299
1000,0.8,-0.02223696732585099
1000,0.8,-0.01915918524309106
1000,0.8,0.20540775038653242
1000,0.8,0.13124491957349935
1000,0.8,0.12330641931888274
1000,0.8,0.06311748956370167
1000,0.8,0.15435555372418117
1000,0.8,-0.15699523413673022
1000,0.8,0.028604110328440947
1000,0.8,-0.1403634322164285
1000,0.8,0.047128223575195
1000,0.8,-0.04441767304881186
1000,0.8,0.2042159796409111
1000,0.8,0.07515636482422182
1000,0.8,0.16581865507332605
1000,0.8,0.1197036312721135
1000,0.8,-0.15359669168261014
1000,0.8,-0.03327575064834498
1000,0.8,0.14853079894315543
1000,0.8,0.19404631009962633
1000,0.8,-0.002843356933060015
1000,0.8,0.14799969046571776
1000,0.8,-0.1263293636943609
1000,0.8,-0.12821303827172034
1000,0.8,-0.16150225487874154
1000,0.8,0.16142758202966265
1000,0.8,0.01714266923493657
1000,0.8,0.06333526424202827
1000,0.8,-0.06461897505512085
1000,0.8,0.061444679013754215
1000,0.8,0.16414092561449092
1000,0.8,0.21503427870968717
1000,0.8,0.18359249036471398
1000,0.8,0.05665144433911973
1000,0.8,-0.058378209895104054
1000,0.8,0.039934079972110764
1000,0.8,0.11944468641383583
1000,0.8,-0.05664492133185659
1000,0.8,-0.027972868789802166
1000,0.8,0.07444016395783137
1000,0.8,0.11893027972909138
1000,0.8,0.10634652717978775
1000,0.8,-0.04308920143604773
1000,0.8,-0.08265031797008984
1000,0.8,-0.03295359705408334
1000,0.8,0.15709185687192645
1000,0.8,0.20294198949325448
1000,0.8,0.10791538841406396
1000,0.8,0.1862381604601133
1000,0.8,-0.11297705430089505
1000,0.8,0.0008967199884232003
1000,0.8,-0.030504320877639036
1000,0.8,0.04229445424512353
1000,0.8,0.021018473657017367
1000,0.8,-0.04602945394068447
1000,0.8,-0.14370226326377342
1000,0.8,0.07393570098426032
1000,0.8,0.004738801258790559
1000,0.8,0.20722392898974978
1000,0.8,0.07630651569010533
1000,0.8,0.0013239750639018055
1000,0.8,-0.024868467027501496
1000,0.8,0.030222368715658556
1000,0.8,-0.048527970768178365
1000,0.8,0.25715996572715394
1000,0.8,0.12854071129795913
1000,0.8,0.06657103550986446
1000,0.8,-0.062320261523849396
1000,0.8,0.15150044459944248
1000,0.8,0.05548110196705043
1000,0.8,0.041761776301808246
1000,0.8,-0.07330502875620884
1000,0.8,0.0052824830624281565
1000,0.8,0.10673769272373637
1000,0.8,-0.007725290737722279
1000,0.8,0.11868358482883111
1000,0.8,-0.062206373833889564
1000,0.8,-0.0024382835437691598
1000,0.8,0.06846780053875552
1000,0.8,-0.09542122297132494
1000,0.8,0.17911120508842482
1000,0.8,-0.021991759858729587
1000,0.8,-0.034695865798001525
1000,0.8,0.08630532467479952
1000,0.8,0.17433185490627867
1000,0.8,0.08736017676849671
1000,0.8,0.060787432032374335
1000,0.8,0.008547330166456035
1000,0.8,-0.013094012669359856
1000,0.8,0.11532128124579054
1000,0.8,-0.11589923165052998
1000,0.8,0.1926412979028852
1000,0.8,-0.04480905520919692
1000,0.8,-0.12856849204232335
1000,0.8,0.08803907428208256
1000,0.8,0.09943615616264215
1000,0.8,0.15298815125446819
1000,0.8,0.15276406632363582
1000,0.8,0.1542123553055973
1000,0.8,0.01835755135774413
1000,0.8,-0.023448515134371385
1000,0.8,-0.02386767897724278
1000,0.8,0.20781466726874723
1000,0.8,0.13345456158110666
1000,0.8,0.12988021998498686
1000,0.8,0.05613263670661901
1000,0.8,0.1538688371098461
1000,0.8,-0.15697512252015047
1000,0.8,0.027300095150875416
1000,0.8,-0.14522436109368275
1000,0.8,0.04693298445740819
1000,0.8,-0.04057126936100293
1000,0.8,0.20522410248763504
1000,0.8,0.07627753474915125
1000,0.8,0.16425610663465573
1000,0.8,0.12054496865742106
1000,0.8,-0.15163680814181257
1000,0.8,-0.03424741695189679
1000,0.8,0.1467704161690044
1000,0.8,0.19705584712619686
1000,0.8,-0.0010319084409927905
1000,0.8,0.14955431833361052
1000,0.8,-0.12463746850053231
1000,0.8,-0.12361578421103366
1000,0.8,-0.16137555898539846
1000,0.8,0.16194403220465878
1000,0.8,0.015471469083515467
1000,0.8,0.06290548504880107
1000,0.8,-0.066075881151649
1000,0.8,0.059405652315345496
1000,0.8,0.16075182189671403
1000,0.8,0.21093384829637324
1000,0.8,0.18325379205076012
1000,0.8,0.05719432694792897
1000,0.8,-0.05454672411788702
1000,0.8,0.04289785372579918
1000,0.8,0.11873873124774069
1000,0.8,-0.05613689179551589
1000,0.8,-0.025836486971157948
1000,0.8,0.0756480249933226
1000,0.8,0.11816948311406623
1000,0.8,0.10486211072505061
1000,0.8,-0.03973794658176369
1000,0.8,-0.07688569647120147
1000,0.8,-0.036104745280692095
1000,0.8,0.1556738089441522
1000,0.8,0.20246205485797564
1000,0.8,0.10823180507483166
1000,0.8,0.18939064064559796
1000,0.8,-0.11340491531041641
1000,0.8,0.005635435824531499
1000,0.8,-0.028685694577311252
1000,0.8,0.046785565269379784
1000,0.8,0.022322302494785798
1000,0.8,-0.04527818337984542
1000,0.8,-0.14215001635561128
1000,0.8,0.07036327431346052
1000,0.8,0.006129779392131419
1000,0.8,0.20405600477713276
1000,0.8,0.0786842913633235
1000,0.8,0.0011731559530430147
1000,0.8,-0.02327929325711029
1000,0.8,0.02406218752426952
1000,0.8,-0.05126493058671695
1000,0.8,0.25624076979967986
1000,0.8,0.12885724936981865
1000,0.8,0.06600457357302113
1000,0.8,-0.06319215547314272
1000,0.8,0.15468512629280973
1000,0.8,0.05352762789879311
1000,0.8,0.04440388341340054
1000,0.8,-0.07421178717741954
1000,0.8,0.00509184561882119
1000,0.8,0.10589265455124597
1000,0.8,-0.008959197641946571
1000,0.8,0.11898961785528109
1000,0.8,-0.060365206218915994
1000,0.8,0.0004376120478315926
1000,0.8,0.06633703294138674
1000,0.8,-0.09444156924442969
1000,0.8,0.1776469543740536
1000,0.8,-0.023467706656730147
1000,0.8,-0.035905938301572515
1000,0.8,0.08840779278468142
1000,0.8,0.17142577464532868
1000,0.8,0.08809374044304903
1000,0.8,0.0560323855340636
1000,0.8,0.0057667781128998286
1000,0.8,-0.010076676305395972
1000,0.8,0.11873615353380647
1000,0.8,-0.11635663883313044
1000,0.8,0.190772676908486
1000,0.8,-0.04270914096059722
1000,0.8,-0.1275207588204472
1000,0.8,0.08447658752011976
1000,0.8,0.09856172748875434
1000,0.8,0.14995203431932236
1000,0.8,0.1528042308341643
1000,0.8,0.15427824171668797
1000,0.8,0.025561530638819187
1000,0.8,-0.021683900386906974
1000,0.8,-0.026738547727576112
1000,0.8,0.21186869993895974
1000,0.8,0.1335657746653549
1000,0.8,0.12891100385795654
1000,0.8,0.05720423236040393
1000,0.8,0.1526447131452704
1000,0.8,-0.15715021673910803
1000,0.8,0.028408882613288
1000,0.8,-0.14683409849181003
1000,0.8,0.04790405873884343
1000,0.8,-0.041973482412145297
1000,0.8,0.2046813209637291
1000,0.8,0.07430668078990231
1000,0.8,0.16433593321684317
1000,0.8,0.11794122558613047
1000,0.8,-0.15173482130992239
1000,0.8,-0.03093901483839705
1000,0.8,0.14704935413424886
1000,0.8,0.19832764366384392
1000,0.8,-0.004103449802034298
1000,0.8,0.14658792425731804
1000,0.8,-0.12485285811356972
1000,0.8,-0.11808829478655279
1000,0.8,-0.1628307845468413
1000,0.8,0.16045269248291769
1000,0.8,0.015139011790543045
1000,0.8,0.06394617120744765
1000,0.8,-0.06682729298861877
1000,0.8,0.058947159858227675
1000,0.8,0.15772741110892935
1000,0.8,0.21337797316553733
1000,0.8,0.1846402371228713
1000,0.8,0.05652111400227451
1000,0.8,-0.05270420712229473
1000,0.8,0.04236237819078408
1000,0.8,0.11754697313429806
1000,0.8,-0.05864943732833457
1000,0.8,-0.02708405263793212
1000,0.8,0.07672282252276617
1000,0.8,0.11721908426002568
1000,0.8,0.10543103357267399
1000,0.8,-0.0410587256133975
1000,0.8,-0.08215622369281848
1000,0.8,-0.03745062026036896
1000,0.8,0.1555960952236994
1000,0.8,0.20203960263841234
1000,0.8,0.10881666212874617
1000,0.8,0.1921327369680489
1000,0.8,-0.11403959821012188
1000,0.8,0.00708612337310246
1000,0.8,-0.026967669930054863
1000,0.8,0.04485736561998621
1000,0.8,0.023888574611740588
1000,0.8,-0.0447676984338405
1000,0.8,-0.14083548400228435
1000,0.8,0.06826450651325865
1000,0.8,0.007872325957138316
1000,0.8,0.20233443903086068
1000,0.8,0.07822469190952593
1000,0.8,-0.00030357343138005534
1000,0.8,-0.02611494478114942
1000,0.8,0.0281468871028455
1000,0.8,-0.04873950439235486
1000,0.8,0.25540263744787667
1000,0.8,0.12651015634140814
1000,0.8,0.06217260352801173
1000,0.8,-0.060813230423973956
1000,0.8,0.15282874510779348
1000,0.8,0.05452890699046656
1000,0.8,0.04516506118798187
1000,0.8,-0.07206694276787014
1000,0.8,0.00663653385788745
1000,0.8,0.1047263243315742
1000,0.8,-0.008582991910365224
1000,0.8,0.11924837952341268
1000,0.8,-0.06250230600003155
1000,0.8,-0.0013104242584295101
1000,0.8,0.06728378387537166
1000,0.8,-0.09071167563530845
1000,0.8,0.1744926155860611
1000,0.8,-0.025044761468785384
1000,0.8,-0.033697427605499986
1000,0.8,0.09070203939499884
1000,0.8,0.17291676138828846
1000,0.8,0.08743211487851515
1000,0.8,0.054167800542628625
1000,0.8,0.007467393763437968
1000,0.8,-0.010055617701440056
1000,0.8,0.11877567634744057
1000,0.8,-0.11734815422545086
1000,0.8,0.18871159362140288
1000,0.8,-0.04097681953929806
1000,0.8,-0.13060011645034902
1000,0.8,0.08714059190607043
1000,0.8,0.09935735891671645
1000,0.8,0.14673871347449002
1000,0.8,0.15291373749848347
1000,0.8,0.15756618396321134
1000,0.8,0.02544748930201859
1000,0.8,-0.024667225812290017
1000,0.8,-0.02952472824858319
1000,0.8,0.21145875925233268
1000,0.8,0.13243965541550384
1000,0.8,0.1310857351463735
1000,0.8,0.05505698914391158
1000,0.8,0.15302101335385387
1000,0.8,-0.15738800039148268
1000,0.8,0.031231934397792573
1000,0.8,-0.14716111815777017
1000,0.8,0.04769045874894893
1000,0.8,-0.04275893407830598
1000,0.8,0.2026159706348951
1000,0.8,0.07850390468603514
1000,0.8,0.1624404636180591
1000,0.8,0.12316907554980823
1000,0.8,-0.1483250331465947
1000,0.8,-0.02748456770740706
1000,0.8,0.14718870238589138
1000,0.8,0.19660770746058046
1000,0.8,-0.005617699307693603
1000,0.8,0.1466835009645859
1000,0.8,-0.1256670778148565
1000,0.8,-0.11976444018608011
1000,0.8,-0.1580917137025309
1000,0.8,0.15928700580692168
1000,0.8,0.018568730823553283
1000,0.8,0.06591805278345664
1000,0.8,-0.0615264395445708
1000,0.8,0.06475107221664943
1000,0.8,0.15916639698651275
1000,0.8,0.21151178781732743
1000,0.8,0.18776810960806395
1000,0.8,0.05754295289281846
1000,0.8,-0.0506720413320096
1000,0.8,0.04075460933316784
1000,0.8,0.11945372420877227
1000,0.8,-0.05838172623728637
1000,0.8,-0.02666668957955398
1000,0.8,0.07773066998078129
1000,0.8,0.11788213845592672
1000,0.8,0.10470228916949172
1000,0.8,-0.04119512767540981
1000,0.8,-0.07982405639827049
1000,0.8,-0.038938278007423846
1000,0.8,0.15377911287826224
1000,0.8,0.20164459203610346
1000,0.8,0.1061007894227851
1000,0.8,0.19342250715068054
1000,0.8,-0.11887226151813764
1000,0.8,0.010171067368013632
1000,0.8,-0.024911526694381347
1000,0.8,0.042569893320306564
1000,0.8,0.022466573005593207
1000,0.8,-0.04430174121220203
1000,0.8,-0.14389778069493442
1000,0.8,0.06934844185196276
1000,0.8,0.0090299343278069
1000,0.8,0.20361259859014905
1000,0.8,0.07762351324534987
1000,0.8,0.0045107286805386336
1000,0.8,-0.02250798018632292
1000,0.8,0.026532688635738922
1000,0.8,-0.05141073444033859
1000,0.8,0.258966912898654
1000,0.8,0.1270555681071393
1000,0.8,0.06125841736573481
1000,0.8,-0.058613852260322834
1000,0.8,0.15322322154851842
1000,0.8,0.053925921176665885
1000,0.8,0.04777326620182923
1000,0.8,-0.06980051384819168
1000,0.8,0.006879925279858945
1000,0.8,0.10088463347051065
1000,0.8,-0.0038548166513467487
1000,0.8,0.11838410131825441
1000,0.8,-0.060417119466029595
1000,0.8,0.0015713129012578265
1000,0.8,0.06996932090613157
1000,0.8,-0.0940351059116579
1000,0.8,0.17318966462080213
1000,0.8,-0.02346506237203663
1000,0.8,-0.03201801646717426
1000,0.8,0.08692525325949862
1000,0.8,0.1713816045471786
1000,0.8,0.08823824190780663
1000,0.8,0.058527653277651664
1000,0.8,0.005983720945860149
1000,0.8,-0.008692560943406492
1000,0.8,0.11625988579822427
1000,0.8,-0.11589026209388545
1000,0.8,0.18848957642390848
1000,0.8,-0.04010491635719254
1000,0.8,-0.12907801134785846
1000,0.8,0.08796463176178584
1000,0.8,0.09810992134934633
1000,0.8,0.14641966961636294
1000,0.8,0.15119744714647682
1000,0.8,0.14827393689036264
1000,0.8,0.02217484580786593
1000,0.8,-0.026119636793966273
1000,0.8,-0.03084325941089743
1000,0.8,0.2155456471840017
1000,0.8,0.13114575607148532
1000,0.8,0.12935864108405043
1000,0.8,0.06088266795083311
1000,0.8,0.15338148639605598
1000,0.8,-0.15722675614926276
1000,0.8,0.02916169547698253
1000,0.8,-0.14711859786662568
1000,0.8,0.04745587567168315
1000,0.8,-0.040464910561002924
1000,0.8,0.19600489432027912
1000,0.8,0.07483413948368174
1000,0.8,0.1614031050014246
1000,0.8,0.1219466697220824
1000,0.8,-0.14805498001529066
1000,0.8,-0.02545193212119914
1000,0.8,0.14684450428351445
1000,0.8,0.1965675608008285
1000,0.8,-0.005621187036622555
1000,0.8,0.14704823395106745
1000,0.8,-0.12170611050226939
1000,0.8,-0.1214068793084417
1000,0.8,-0.15330585812233732
1000,0.8,0.15639477632869633
1000,0.8,0.01839118796602257
1000,0.8,0.06636250717165808
1000,0.8,-0.06081967807333247
1000,0.8,0.06860704745454953
1000,0.8,0.1608735716360725
1000,0.8,0.21253228410827135
1000,0.8,0.18616068466298455
1000,0.8,0.057357051895141176
1000,0.8,-0.04676362841269075
1000,0.8,0.03844471995625938
1000,0.8,0.12300413264573394
1000,0.8,-0.056042118849927824
1000,0.8,-0.026790203556387927
1000,0.8,0.07363573430023536
1000,0.8,0.11482536070437739
1000,0.8,0.10195860164056399
1000,0.8,-0.04251233527191687
1000,0.8,-0.07776732185512572
1000,0.8,-0.03990999328010539
1000,0.8,0.15353592188614462
1000,0.8,0.20426676978918332
1000,0.8,0.1038852447288738
1000,0.8,0.19153914774165842
1000,0.8,-0.11911934090511851
1000,0.8,0.013176854387040216
1000,0.8,-0.024839050449817712
1000,0.8,0.0451824943702297
1000,0.8,0.025220902488943334
1000,0.8,-0.04991454523256858
1000,0.8,-0.14225326436085073
1000,0.8,0.06829087462149044
1000,0.8,0.01048459560110242
1000,0.8,0.20374041259344705
1000,0.8,0.07354633180433137
1000,0.8,-0.0003109309025252749
1000,0.8,-0.02718837296588932
1000,0.8,0.029557397778930294
1000,0.8,-0.050666154714538884
1000,0.8,0.25510449021515935
1000,0.8,0.12418773264962263
1000,0.8,0.06270804577260058
1000,0.8,-0.05770716825542284
1000,0.8,0.15648601789891592
1000,0.8,0.0501827611070917
1000,0.8,0.04916580672715423
1000,0.8,-0.06894464745714916
1000,0.8,0.010136706006811736
1000,0.8,0.10483822957220533
1000,0.8,-0.002706089223218289
1000,0.8,0.11756375843729394
1000,0.8,-0.05857527860285288
1000,0.8,0.004868075892196622
1000,0.8,0.06900029613513699
1000,0.8,-0.09357750201026392
1000,0.8,0.17626624664234056
1000,0.8,-0.025978644681531195
1000,0.8,-0.03194932538706032
1000,0.8,0.08959814603137471
1000,0.8,0.17307989288817272
1000,0.8,0.0838774651511498
1000,0.8,0.056849239107899054
1000,0.8,0.0057286874635583025
1000,0.8,-0.006957279691539498
1000,0.8,0.11568872530518295
1000,0.8,-0.11346094607075888
1000,0.8,0.19140859324339898
1000,0.8,-0.04013588021392787
1000,0.8,-0.12786131186822267
1000,0.8,0.08866103552379184
1000,0.8,0.09518262879837387
1000,0.8,0.14169140500982333
1000,0.8,0.1546233636769211
1000,0.8,0.14963673799011784
1000,0.8,0.020507885244348323
1000,0.8,-0.030396243607331553
1000,0.8,-0.02735589914597867
1000,0.8,0.21661483040424515
1000,0.8,0.1360313657555956
1000,0.8,0.12824393214300686
1000,0.8,0.060134467554062
1000,0.8,0.1536186892852367
1000,0.8,-0.1568019773486606
1000,0.8,0.027805135460599928
1000,0.8,-0.1502140609012158
1000,0.8,0.04657929749317642
1000,0.8,-0.04012370858272592
1000,0.8,0.19530511797462716
1000,0.8,0.07423810169334573
1000,0.8,0.16272488105578412
1000,0.8,0.12099014135008322
1000,0.8,-0.1448309945823099
1000,0.8,-0.02486899164884653
1000,0.8,0.14873355173556693
1000,0.8,0.19464835937562555
1000,0.8,-0.005334650931097862
1000,0.8,0.14532456827121437
1000,0.8,-0.12169345676414674
1000,0.8,-0.12051035203786427
1000,0.8,-0.15182752418104972
1000,0.8,0.15799269231860863
1000,0.8,0.01682883416045655
1000,0.8,0.06360295207849109
1000,0.8,-0.0584860030669975
1000,0.8,0.07131513495578937
1000,0.8,0.15957596327548862
1000,0.8,0.21027336666318241
1000,0.8,0.18228798820978975
1000,0.8,0.06155483668613862
1000,0.8,-0.0459245863077804
1000,0.8,0.038350051064031734
1000,0.8,0.12366962453963258
1000,0.8,-0.0540851715423349
1000,0.8,-0.0296159241150062
1000,0.8,0.07613541212627838
1000,0.8,0.11698144912550089
1000,0.8,0.10282924722279266
1000,0.8,-0.04204459039539837
1000,0.8,-0.0786385257560469
1000,0.8,-0.03836307873344627
1000,0.8,0.1578714793746402
1000,0.8,0.20194188358400514
1000,0.8,0.10137659443689309
1000,0.8,0.19135977851186878
1000,0.8,-0.12075677396423119
1000,0.8,0.014724409932814986
1000,0.8,-0.022775342816610422
1000,0.8,0.038531303299461334
1000,0.8,0.025453730679649136
1000,0.8,-0.05135100713160386
1000,0.8,-0.1409733306120108
1000,0.8,0.0707465422738844
1000,0.8,0.009025839237929035
1000,0.8,0.20490871612828593
1000,0.8,0.07294896644936433
1000,0.8,0.002525136441159148
1000,0.8,-0.028538538707809293
1000,0.8,0.030758543947982633
1000,0.8,-0.05167340693691189
1000,0.8,0.25423239957114435
1000,0.8,0.11999125717033597
1000,0.8,0.062107101092011875
1000,0.8,-0.06182651032826989
1000,0.8,0.15352111817482933
1000,0.8,0.05145422554439705
1000,0.8,0.05045408737551487
1000,0.8,-0.07112414884770395
1000,0.8,0.013317568535061853
1000,0.8,0.10389705722618121
1000,0.8,-0.0024677377481545195
1000,0.8,0.11333131291516896
1000,0.8,-0.06081515029218725
1000,0.8,0.00486596735129563
1000,0.8,0.0683035226936024
1000,0.8,-0.0925459577689388
1000,0.8,0.17304108313562008
1000,0.8,-0.027198200773173566
1000,0.8,-0.034881416019827687
1000,0.8,0.08755932307329886
1000,0.8,0.17292897156576165
1000,0.8,0.08451736151018743
1000,0.8,0.056576866594217456
1000,0.8,0.007066064478990164
1000,0.8,-0.00998748234230753
1000,0.8,0.11894906506147668
1000,0.8,-0.10946250562579136
1000,0.8,0.19430817862568653
1000,0.8,-0.03992467975844827
1000,0.8,-0.12698085898791903
1000,0.8,0.08910866958432102
1000,0.8,0.09296430265489929
1000,0.8,0.1375490206795403
1000,0.8,0.1574843711874131
1000,0.8,0.14513862850989145
1000,0.8,0.02045673781967903
1000,0.8,-0.03168717719009129
1000,0.8,-0.03171670388420269
1000,0.8,0.2131102213933506
1000,0.8,0.1378071434461619
1000,0.8,0.12675717816753665
1000,0.8,0.06129422611728881
1000,0.8,0.152434706507324
1000,0.8,-0.15358850369393187
1000,0.8,0.032163192697765554
1000,0.8,-0.1518694849222566
1000,0.8,0.04580171033718568
1000,0.8,-0.03816319478839878
1000,0.8,0.19516455348188036
1000,0.8,0.07530463422399675
1000,0.8,0.15989113457038437
1000,0.8,0.1259236237463
1000,0.8,-0.1435372091192318
1000,0.8,-0.026406429947434074
1000,0.8,0.14869626626910507
1000,0.8,0.18967540466851301
1000,0.8,-0.006596782401719903
1000,0.8,0.14533424488444738
1000,0.8,-0.12211550835894745
1000,0.8,-0.11770061180235523
1000,0.8,-0.15346623724145722
1000,0.8,0.15661502238884212
1000,0.8,0.019969409825506015
1000,0.8,0.06610698056608957
1000,0.8,-0.05655877812536865
1000,0.8,0.0705241031878071
1000,0.8,0.15798245458337323
1000,0.8,0.20998230825064043
1000,0.8,0.17888819383630106
1000,0.8,0.061023034637504386
1000,0.8,-0.045446578282342644
1000,0.8,0.03954812290309171
1000,0.8,0.12104475225078826
1000,0.8,-0.05344012518525352
1000,0.8,-0.033788604223247636
1000,0.8,0.07395119164225009
1000,0.8,0.11901486347533954
1000,0.8,0.10496281215670483
1000,0.8,-0.04015840942576539
1000,0.8,-0.07779347067112106
1000,0.8,-0.03617990186755931
1000,0.8,0.16108462620039107
1000,0.8,0.2016150972908818
1000,0.8,0.10026936623329537
1000,0.8,0.19273145731121277
1000,0.8,-0.11962578305678724
1000,0.8,0.011488657641847056
1000,0.8,-0.020791980709606063
1000,0.8,0.042705878531441144
1000,0.8,0.02519002372562227
1000,0.8,-0.05383324130620979
1000,0.8,-0.13752591379641546
1000,0.8,0.07200265096675391
1000,0.8,0.011661245003719145
1000,0.8,0.20639758272283368
1000,0.8,0.06915986662775264
1000,0.8,0.0006550111043665652
1000,0.8,-0.024929805028425813
1000,0.8,0.028943058380969867
1000,0.8,-0.04929921941951463
1000,0.8,0.25361480592156765
1000,0.8,0.12190739695291378
1000,0.8,0.05674480273885738
1000,0.8,-0.06273406461411941
1000,0.8,0.15387817756624786
1000,0.8,0.0508349846846917
1000,0.8,0.0513422065248875
1000,0.8,-0.07176878076963193
1000,0.8,0.009844779251832848
1000,0.8,0.10482664927243501
1000,0.8,-0.0011421415163640704
1000,0.8,0.11477450551389978
1000,0.8,-0.058764113650233
1000,0.8,0.006527962847132862
1000,0.8,0.06654109422396833
1000,0.8,-0.09275737263908966
1000,0.8,0.16969493948076
1000,0.8,-0.024139840938171543
1000,0.8,-0.03727423589339507
1000,0.8,0.08675567034429861
1000,0.8,0.17316633026257158
1000,0.8,0.082598015651363
1000,0.8,0.056675197848823626
1000,0.8,0.010367160697628464
1000,0.8,-0.008585360368690776
1000,0.8,0.11628575017228204
1000,0.8,-0.10871478564321127
1000,0.8,0.19395486791567668
1000,0.8,-0.04085653998009127
1000,0.8,-0.12227711634172725
1000,0.8,0.08651161731523285
1000,0.8,0.09304784920535046
1000,0.8,0.13646629524068407
1000,0.8,0.15648230092018345
1000,0.8,0.1482230133214598
1000,0.8,0.0203843046522195
1000,0.8,-0.029939332237639782
1000,0.8,-0.03345731246685526
1000,0.8,0.21440018244423895
1000,0.8,0.13791747552535671
1000,0.8,0.13184840748439194
1000,0.8,0.05742949729393985
1000,0.8,0.15391818698258658
1000,0.8,-0.1527479571795537
1000,0.8,0.03637078212738736
1000,0.8,-0.15352893216995184
1000,0.8,0.04580244798430666
1000,0.8,-0.037840419169049344
1000,0.8,0.19959088515497073
1000,0.8,0.07893769621687899
1000,0.8,0.15802777275409366
1000,0.8,0.12277690490994023
1000,0.8,-0.14522122159663198
1000,0.8,-0.027854270781052206
1000,0.8,0.14845444239887726
1000,0.8,0.18976347924633502
1000,0.8,-0.00932950266167385
1000,0.8,0.14885394066564467
1000,0.8,-0.12439571084398127
1000,0.8,-0.11646953842332533
1000,0.8,-0.15451106835149497
1000,0.8,0.15986052995832623
1000,0.8,0.02122014459940491
1000,0.8,0.06697735828839964
1000,0.8,-0.054308000739111774
1000,0.8,0.06893494520516245
1000,0.8,0.1535260168785877
1000,0.8,0.2092584161975493
1000,0.8,0.1820746168719122
1000,0.8,0.06248001680937279
1000,0.8,-0.04451025567392089
1000,0.8,0.042248476885272626
1000,0.8,0.12477251399723883
1000,0.8,-0.057638758049032734
1000,0.8,-0.032020421678487135
1000,0.8,0.07010340220841603
1000,0.8,0.11832126055887092
1000,0.8,0.10385554501308612
1000,0.8,-0.04325876966959444
1000,0.8,-0.0757365509142808
1000,0.8,-0.03733566380409386
1000,0.8,0.15957649769361312
1000,0.8,0.2029964061091823
1000,0.8,0.09921409375326001
1000,0.8,0.19433817530928563
1000,0.8,-0.11821532322160211
1000,0.8,0.005264213487317449
1000,0.8,-0.022110882498836748
1000,0.8,0.04224882578720575
1000,0.8,0.026895557435856254
1000,0.8,-0.04841583369452521
1000,0.8,-0.13556134957291546
1000,0.8,0.06571133024800968
1000,0.8,0.007844415091052782
1000,0.8,0.2068362673614555
1000,0.8,0.06815076653233874
1000,0.8,0.00017351972449031194
1000,0.8,-0.020615029142793964
1000,0.8,0.03243605599492838
1000,0.8,-0.05441586676690635
1000,0.8,0.246821970869952
1000,0.8,0.12301977024324114
1000,0.8,0.05846344375581865
1000,0.8,-0.06586735561749694
1000,0.8,0.157505241768631
1000,0.8,0.05115899305500254
1000,0.8,0.05168205467877787
1000,0.8,-0.07488999309737317
1000,0.8,0.009489049514437476
1000,0.8,0.10759873344065128
1000,0.8,-0.002006020509978157
1000,0.8,0.11909175053593568
1000,0.8,-0.0557418814371097
1000,0.8,0.0056848507003186555
1000,0.8,0.06750936907962775
1000,0.8,-0.09090028322119448
1000,0.8,0.16523785961284165
1000,0.8,-0.023266460930429035
1000,0.8,-0.03741804102417321
1000,0.8,0.08635298527189957
1000,0.8,0.1701382906882749
1000,0.8,0.08260465503015997
1000,0.8,0.05843336227098348
1000,0.8,0.009576623195718349
1000,0.8,-0.010954594869647671
1000,0.8,0.11589017282179395
1000,0.8,-0.10810570849304738
1000,0.8,0.19426009270554376
1000,0.8,-0.03662807700174815
1000,0.8,-0.1201489509023114
1000,0.8,0.0833864382645599
1000,0.8,0.09280337651652566
1000,0.8,0.1344066219226745
1000,0.8,0.15993686113566438
1000,0.8,0.14796323144725215
1000,0.8,0.02541979811873443
1000,0.8,-0.026899590578447975
1000,0.8,-0.03222377302597801
1000,0.8,0.21741075151938016
1000,0.8,0.135216766392748
1000,0.8,0.131313558597685
1000,0.8,0.056285430781248105
1000,0.8,0.1528913774312713
1000,0.8,-0.150337912826346
1000,0.8,0.038623140897681735
1000,0.8,-0.15559691716571467
1000,0.8,0.04864421898555396
1000,0.8,-0.03851119406986783
1000,0.8,0.2012558528775161
1000,0.8,0.08181428446333978
1000,0.8,0.15562060534129643
1000,0.8,0.11731800835195703
1000,0.8,-0.14743947400536506
1000,0.8,-0.02536977569784389
1000,0.8,0.1507615167349064
1000,0.8,0.18679819805514608
1000,0.8,-0.009705546380441188
1000,0.8,0.14805462995808352
1000,0.8,-0.12372590967320916
1000,0.8,-0.11260116553742874
1000,0.8,-0.15202297628095246
1000,0.8,0.15733827722299162
1000,0.8,0.019832779729525463
1000,0.8,0.0747188993308555
1000,0.8,-0.05595056759713018
1000,0.8,0.06917244291172296
1000,0.8,0.15323256498868718
1000,0.8,0.20617094512583398
1000,0.8,0.17892555927736656
1000,0.8,0.06737472161322078
1000,0.8,-0.044919341678528915
1000,0.8,0.040969755031940204
1000,0.8,0.12267777110687383
1000,0.8,-0.05481425735118091
1000,0.8,-0.03257902756854732
1000,0.8,0.07061001331071158
1000,0.8,0.11471663397189076
1000,0.8,0.1051169205586362
1000,0.8,-0.04218658471944403
1000,0.8,-0.07561773667257335
1000,0.8,-0.04035066259610174
1000,0.8,0.16027173314655185
1000,0.8,0.20007864358809543
1000,0.8,0.09587068755917799
1000,0.8,0.19750084492910158
1000,0.8,-0.12084459225813378
1000,0.8,0.007483025985173875
1000,0.8,-0.01812533167244599
1000,0.8,0.04594394565768028
1000,0.8,0.025603987162620537
1000,0.8,-0.04412837225733997
1000,0.8,-0.13373638510808625
1000,0.8,0.06364492024777117
1000,0.8,0.006010190198512966
1000,0.8,0.20615126209712892
1000,0.8,0.07018645925011117
1000,0.8,0.0023518964392280853
1000,0.8,-0.023962299049581318
1000,0.8,0.030724149501318722
1000,0.8,-0.05189685795757511
1000,0.8,0.2468620957552112
1000,0.8,0.12365515402063032
1000,0.8,0.06140748946680859
1000,0.8,-0.06295157350518403
1000,0.8,0.1575832905263985
1000,0.8,0.05243485255155936
1000,0.8,0.04911435870072563
1000,0.8,-0.07536795732338693
1000,0.8,0.014342721358760892
1000,0.8,0.10664107849337015
1000,0.8,-0.0012141967597879778
1000,0.8,0.11694760868465526
1000,0.8,-0.058003979136169725
1000,0.8,0.007054385652658546
1000,0.8,0.06729265639747802
1000,0.8,-0.09424674800598352
1000,0.8,0.16563792892944243
1000,0.8,-0.022815669367954695
1000,0.8,-0.03501656205157105
1000,0.8,0.08506111996329829
1000,0.8,0.17014872075597953
1000,0.8,0.08655974415396486
1000,0.8,0.05862936660131393
1000,0.8,0.011491689958673314
1000,0.8,-0.013051941929356126
1000,0.8,0.1164331695626947
1000,0.8,-0.10683428371702952
1000,0.8,0.1922339407582829
1000,0.8,-0.03626151538075817
1000,0.8,-0.12063383083842388
1000,0.8,0.0831141693703616
1000,0.8,0.0945891738985246
1000,0.8,0.13308165720748946
1000,0.8,0.16100744110041046
1000,0.8,0.15490981043394286
1000,0.8,0.02920867204254343
1000,0.8,-0.02832230166673009
1000,0.8,-0.0339030794918572
1000,0.8,0.21774595358350857
1000,0.8,0.13326158615497566
1000,0.8,0.13077508610667207
1000,0.8,0.05864662923756985
1000,0.8,0.1530076628369148
1000,0.8,-0.14997791315823453
1000,0.8,0.037897892826121375
1000,0.8,-0.15401863359896995
1000,0.8,0.051469630449664905
1000,0.8,-0.04166566856624652
1000,0.8,0.20045486611710697
1000,0.8,0.08055100513348688
1000,0.8,0.15481645962901053
1000,0.8,0.11589773647219453
1000,0.8,-0.15144848996527013
1000,0.8,-0.020983589699352302
1000,0.8,0.14968272638640964
1000,0.8,0.18392061732880727
1000,0.8,-0.008449753728917209
1000,0.8,0.14818659627356148
1000,0.8,-0.12598352106910202
1000,0.8,-0.11284773062492937
1000,0.8,-0.15374702546346608
1000,0.8,0.162762459372642
1000,0.8,0.016928702471341418
1000,0.8,0.0774788470206314
1000,0.8,-0.060352752815567984
1000,0.8,0.07271454059098624
1000,0.8,0.1533363655952643
1000,0.8,0.2038459166161422
1000,0.8,0.1805537293637306
1000,0.8,0.0686718912750635
1000,0.8,-0.044107248212313
1000,0.8,0.0381175059816373
1000,0.8,0.127093954534144
1000,0.8,-0.05207867718089476
1000,0.8,-0.03706707279127288
1000,0.8,0.0668969137531807
1000,0.8,0.1205860427769471
1000,0.8,0.1110974513627749
1000,0.8,-0.039743153199028484
1000,0.8,-0.07532675749219848
1000,0.8,-0.04074696438497121
1000,0.8,0.1583613337966906
1000,0.8,0.20066745843722578
1000,0.8,0.10337224287264775
1000,0.8,0.1994850433432518
1000,0.8,-0.11975467031770144
1000,0.8,0.007546110451706234
1000,0.8,-0.01589901339373938
1000,0.8,0.0497605101406748
1000,0.8,0.02735381858597581
1000,0.8,-0.047097854656447696
1000,0.8,-0.13586765396605696
1000,0.8,0.06223845598670419
1000,0.8,0.006908530790753709
1000,0.8,0.20769047771221932
1000,0.8,0.06879251241681797
1000,0.8,0.00021398882519747532
1000,0.8,-0.02274778438091385
1000,0.8,0.035723067937643196
1000,0.8,-0.050237456478950816
1000,0.8,0.24969990864204822
1000,0.8,0.1230277580867746
1000,0.8,0.06581337785754436
1000,0.8,-0.061545148114799275
1000,0.8,0.15641699568035464
1000,0.8,0.049654140293001525
1000,0.8,0.05253646243673132
1000,0.8,-0.07669426237273287
1000,0.8,0.013396950700283662
1000,0.8,0.10619980011163453
1000,0.8,0.0027497672787399454
1000,0.8,0.11951049046062484
1000,0.8,-0.054984056109384394
1000,0.8,0.009394160187882151
1000,0.8,0.06752514742230585
1000,0.8,-0.09407358320208026
1000,0.8,0.16010898935463766
1000,0.8,-0.018644897574058027
1000,0.8,-0.039636096305039815
1000,0.8,0.08642461086884962
1000,0.8,0.167679950329644
1000,0.8,0.08743927364992761
1000,0.8,0.06154342789500298
1000,0.8,0.004737870999500338
1000,0.8,-0.00934835740072222
1000,0.8,0.11910095004664907
1000,0.8,-0.10666721817435959
1000,0.8,0.19133990769562087
1000,0.8,-0.036923403038316316
1000,0.8,-0.12148278303908865
1000,0.8,0.08751148280518173
1000,0.8,0.09290102645950143
1000,0.8,0.1313015507829629
1000,0.8,0.15573367227438872
1000,0.8,0.15868326346939413
1000,0.8,0.032766188748794355
1000,0.8,-0.03028128735796587
1000,0.8,-0.034310936907117465
1000,0.8,0.21799738883419
1000,0.8,0.1329490556726956
1000,0.8,0.13017769335739296
1000,0.8,0.06048516411234282
1000,0.8,0.15082834256842903
1000,0.8,-0.14495077918168447
1000,0.8,0.03809377608047644
1000,0.8,-0.15034767736895926
1000,0.8,0.05453344994531584
1000,0.8,-0.04019129959850157
1000,0.8,0.20216942725312653
1000,0.8,0.07437331778902508
1000,0.8,0.15569499723288996
1000,0.8,0.11552244947564604
1000,0.8,-0.14887242113783242
1000,0.8,-0.017190893322145673
1000,0.8,0.14602549784225635
1000,0.8,0.18601057711488594
1000,0.8,-0.012278665315793625
1000,0.8,0.14923927485839047
1000,0.8,-0.12373370253132006
1000,0.8,-0.11415754154443523
1000,0.8,-0.15603594069536275
1000,0.8,0.15857971596452175
1000,0.8,0.01607029020627291
1000,0.8,0.07600790758929961
1000,0.8,-0.05928293006321442
1000,0.8,0.07583001111620363
1000,0.8,0.15117504877824806
1000,0.8,0.20081919745430954
1000,0.8,0.18363223642077067
1000,0.8,0.06720587106139445
1000,0.8,-0.05029533246906555
1000,0.8,0.04007744587917231
1000,0.8,0.12366100872157376
1000,0.8,-0.0507066492652057
1000,0.8,-0.037385055989504944
1000,0.8,0.06517700546767742
1000,0.8,0.12133720608260319
1000,0.8,0.10937433239887594
1000,0.8,-0.03549458991408061
1000,0.8,-0.0737181738754578
1000,0.8,-0.04099154795858624
1000,0.8,0.15746607470286503
1000,0.8,0.1993187602777498
1000,0.8,0.10627339971336235
1000,0.8,0.2013854885450499
1000,0.8,-0.11736947913667813
1000,0.8,0.010961400548743151
1000,0.8,-0.014600335701324952
1000,0.8,0.0485949877712482
1000,0.8,0.0278794906487974
1000,0.8,-0.04705995526218026
1000,0.8,-0.13321810774680642
1000,0.8,0.0662511382173813
1000,0.8,0.008605161146280871
1000,0.8,0.20737887360230475
1000,0.8,0.07127822323775579
1000,0.8,0.005307872330102193
1000,0.8,-0.0235935472673539
1000,0.8,0.03272969046703569
1000,0.8,-0.05191541845809962
1000,0.8,0.25323465776948295
1000,0.8,0.1197027551499529
1000,0.8,0.0686286576776638
1000,0.8,-0.05713173154949676
1000,0.8,0.15963618594631443
1000,0.8,0.04707115825705835
1000,0.8,0.05658075714632478
1000,0.8,-0.07244399722790185
1000,0.8,0.016924013393703065
1000,0.8,0.10386698741388667
1000,0.8,0.0019231969227346823
1000,0.8,0.12457744439746073
1000,0.8,-0.05241812125511816
1000,0.8,0.007254170268844185
1000,0.8,0.07003235540899998
1000,0.8,-0.09376139371048327
1000,0.8,0.15592530356520395
1000,0.8,-0.017729558332894604
1000,0.8,-0.038774957712718106
1000,0.8,0.0857306188074599
1000,0.8,0.1665247107009442
1000,0.8,0.07832496160672218
1000,0.8,0.06443559932521907
1000,0.8,0.00679809033151777
1000,0.8,-0.015789205399561548
1000,0.8,0.12147088577715924
1000,0.8,-0.10645126774485858
1000,0.8,0.18870784035818497
1000,0.8,-0.03309072436111258
1000,0.8,-0.11896816537669697
1000,0.8,0.09308897057336303
1000,0.8,0.0937403206632494
1000,0.8,0.12788474471694436
1000,0.8,0.1501672109132656
1000,0.8,0.16485668250274818
1000,0.8,0.03161298071551535
1000,0.8,-0.033594453670931036
1000,0.8,-0.03738760689142069
1000,0.8,0.2178964897542576
1000,0.8,0.13370954919372996
1000,0.8,0.12900222608554338
1000,0.8,0.06496900651734859
1000,0.8,0.15710824487969044
1000,0.8,-0.1410173195576621
1000,0.8,0.03645778641754127
1000,0.8,-0.15227302303855544
1000,0.8,0.051759388133094754
1000,0.8,-0.03769345037554866
1000,0.8,0.20156292784322397
1000,0.8,0.07122257755180393
1000,0.8,0.1572768006247417
1000,0.8,0.11446149706994345
1000,0.8,-0.14523997245729978
1000,0.8,-0.014887151818674572
1000,0.8,0.14620539192890583
1000,0.8,0.18404811797587703
1000,0.8,-0.010454103961843143
1000,0.8,0.1508018553448361
1000,0.8,-0.1229443992988081
1000,0.8,-0.11674753787943067
1000,0.8,-0.15203720523834738
1000,0.8,0.1575622903296523
1000,0.8,0.013917325379196833
1000,0.8,0.07635299780051863
1000,0.8,-0.057641272108646294
1000,0.8,0.07678942025036158
1000,0.8,0.14420287431306386
1000,0.8,0.20360408061677848
1000,0.8,0.17766101444110732
1000,0.8,0.07134685202849944
1000,0.8,-0.04172848102974065
1000,0.8,0.04017784121327459
1000,0.8,0.12321018388951065
1000,0.8,-0.046882049759516334
1000,0.8,-0.04066195495739571
1000,0.8,0.06226341812064025
1000,0.8,0.11750173004045604
1000,0.8,0.11285584900204988
1000,0.8,-0.0400631789381178
1000,0.8,-0.07250712204215493
1000,0.8,-0.041579806573577655
1000,0.8,0.15628641395348739
1000,0.8,0.20317289045482134
1000,0.8,0.10676505740325695
1000,0.8,0.19544158005816767
1000,0.8,-0.11626257566024618
1000,0.8,0.014521734864816338
1000,0.8,-0.00928974421771116
1000,0.8,0.04708047259893231
1000,0.8,0.03261041089797434
1000,0.8,-0.04602784073004598
1000,0.83515,-0.14521205427606704
1000,0.83515,-0.0628023793410551
1000,0.83515,-0.08782497735260297
1000,0.83515,0.28426457191170573
1000,0.83515,0.19838150888313075
1000,0.83515,-0.10967701152716083
1000,0.83515,-0.16990269797043453
1000,0.83515,-0.1735695548390358
1000,0.83515,0.1787527601475275
1000,0.83515,-0.11867508783900643
1000,0.83515,-0.0764942075876277
1000,0.83515,-0.21004526205405616
1000,0.83515,0.10080570378879526
1000,0.83515,-0.09296681293514494
1000,0.83515,0.08221064998725751
1000,0.83515,-0.0192436616317548
1000,0.83515,0.22433216061167655
1000,0.83515,0.08189969172607395
1000,0.83515,0.150133119966494
1000,0.83515,0.06148332387454949
1000,0.83515,0.10191242833939784
1000,0.83515,-0.027948722103737993
1000,0.83515,-0.1280051726130799
1000,0.83515,-0.10620785363195648
1000,0.83515,0.0343432602531614
1000,0.83515,-0.14736267950937448
1000,0.83515,0.06381865645028276
1000,0.83515,0.15387533372375872
1000,0.83515,-0.13905155756343027
1000,0.83515,0.022553068907415603
1000,0.83515,0.1665269543723732
1000,0.83515,0.023272883935565092
1000,0.83515,0.12298390763269407
1000,0.83515,-0.1656183963794301
1000,0.83515,-0.09060315215629142
1000,0.83515,-0.12527040849052606
1000,0.83515,0.04330097580062421
1000,0.83515,0.13967610125118576
1000,0.83515,0.04577853214035298
1000,0.83515,-0.05577988335089622
1000,0.83515,0.1983560599246661
1000,0.83515,0.08790356850288679
1000,0.83515,-0.040280835214729055
1000,0.83515,-0.09746192042350015
1000,0.83515,0.2365571425749426
1000,0.83515,0.05032805149815089
1000,0.83515,-0.1630619820856316
1000,0.83515,-0.0340352504048927
1000,0.83515,0.09909490616366481
1000,0.83515,-0.046250412087457914
1000,0.83515,-0.13749271706698762
1000,0.83515,0.07198544693163206
1000,0.83515,-0.0002751288416246122
1000,0.83515,0.03716596313138318
1000,0.83515,-0.19196290831430682
1000,0.83515,-0.14199405419914782
1000,0.83515,0.05284897508502696
1000,0.83515,-0.04968142050757567
1000,0.83515,0.2636603259485154
1000,0.83515,0.13225588516630843
1000,0.83515,0.301557755915748
1000,0.83515,-0.18725260904901642
1000,0.83515,0.12585514559798353
1000,0.83515,-0.1582890944219501
1000,0.83515,-0.12319536461535506
1000,0.83515,-0.0027953703218893205
1000,0.83515,-0.18181400572380793
1000,0.83515,-0.0772356182278431
1000,0.83515,0.00992326467792332
1000,0.83515,-0.005605218185269113
1000,0.83515,-0.11560017569667433
1000,0.83515,-0.12237732328046388
1000,0.83515,-0.14690267030567555
1000,0.83515,-0.09902002110016109
1000,0.83515,0.15426959730311476
1000,0.83515,0.08337019117031606
1000,0.83515,0.2582217296065267
1000,0.83515,0.12151349895854638
1000,0.83515,-0.22724352017258065
1000,0.83515,0.08240752649980414
1000,0.83515,0.1986405741908775
1000,0.83515,0.21537285534754028
1000,0.83515,0.015691610018301615
1000,0.83515,0.18614054147233527
1000,0.83515,-0.07895841335127321
1000,0.83515,-0.05975425882725251
1000,0.83515,-0.10447664491223488
1000,0.83515,-0.11141406111237505
1000,0.83515,-0.17342812329692958
1000,0.83515,0.2321259299007689
1000,0.83515,0.14796467168024596
1000,0.83515,-0.17226093633825593
1000,0.83515,0.1260071416652952
1000,0.83515,0.051474101491708654
1000,0.83515,-0.21242725101702106
1000,0.83515,0.3062144887539676
1000,0.83515,0.1992908326755129
1000,0.83515,0.005311533868208683
1000,0.83515,-0.14436146613844922
1000,0.83515,-0.11985079439563526
1000,0.83515,-0.14054824465564872
1000,0.83515,-0.057353279518879134
1000,0.83515,-0.09013119551035721
1000,0.83515,0.28345441610479705
1000,0.83515,0.19828087518597617
1000,0.83515,-0.1084892892048095
1000,0.83515,-0.17294761143927262
1000,0.83515,-0.17516650232847822
1000,0.83515,0.17697203878853035
1000,0.83515,-0.12080678094066037
1000,0.83515,-0.07740506521039586
1000,0.83515,-0.20976713149876938
1000,0.83515,0.09843698791806785
1000,0.83515,-0.09021577691224085
1000,0.83515,0.08152075740558497
1000,0.83515,-0.01725447418908427
1000,0.83515,0.2236396579905535
1000,0.83515,0.08116472828746675
1000,0.83515,0.14856533414876832
1000,0.83515,0.060983421892013695
1000,0.83515,0.09911848571129439
1000,0.83515,-0.0243631467973152
1000,0.83515,-0.12686319378196145
1000,0.83515,-0.10206007495018223
1000,0.83515,0.030703340799216404
1000,0.83515,-0.1462045117055601
1000,0.83515,0.06333326836229093
1000,0.83515,0.155570157805346
1000,0.83515,-0.13783032247407181
1000,0.83515,0.028856713814100512
1000,0.83515,0.1666106831323598
1000,0.83515,0.02467115209393147
1000,0.83515,0.1219638705926021
1000,0.83515,-0.16553946288674973
1000,0.83515,-0.09131252505011306
1000,0.83515,-0.13036067175734292
1000,0.83515,0.044350086175246106
1000,0.83515,0.13651967749344773
1000,0.83515,0.04539174573903374
1000,0.83515,-0.058326290096963274
1000,0.83515,0.19966914127745616
1000,0.83515,0.08834187211740802
1000,0.83515,-0.036520748049842774
1000,0.83515,-0.099714272649625
1000,0.83515,0.2361073359396573
1000,0.83515,0.053036262175345
1000,0.83515,-0.15986330991198058
1000,0.83515,-0.03870978975155301
1000,0.83515,0.09334061338799444
1000,0.83515,-0.04721137628285195
1000,0.83515,-0.1394480806479828
1000,0.83515,0.07432955552047922
1000,0.83515,-0.00021140640993808497
1000,0.83515,0.04168563727938733
1000,0.83515,-0.19337664011693426
1000,0.83515,-0.13712579426201948
1000,0.83515,0.05392650167059225
1000,0.83515,-0.04909998650745045
1000,0.83515,0.2626329796809227
1000,0.83515,0.13126631958529697
1000,0.83515,0.30032758402812143
1000,0.83515,-0.18403581944077183
1000,0.83515,0.12130922132796429
1000,0.83515,-0.15678536762167727
1000,0.83515,-0.12550589738525483
1000,0.83515,-0.004358589216329826
1000,0.83515,-0.1782480361061128
1000,0.83515,-0.07497364704666334
1000,0.83515,0.013120452470974956
1000,0.83515,-0.010429110879853223
1000,0.83515,-0.11290552822508021
1000,0.83515,-0.1243723886459031
1000,0.83515,-0.142052163782614
1000,0.83515,-0.10150004353363012
1000,0.83515,0.15438969764414584
1000,0.83515,0.08566131726124046
1000,0.83515,0.25754428744028923
1000,0.83515,0.11891653034366419
1000,0.83515,-0.2298232848768253
1000,0.83515,0.08145184769501672
1000,0.83515,0.20309138761290635
1000,0.83515,0.21314935238605226
1000,0.83515,0.01543281212499931
1000,0.83515,0.18920726505266872
1000,0.83515,-0.07803037107022666
1000,0.83515,-0.06385753634123303
1000,0.83515,-0.10166588452068398
1000,0.83515,-0.11173623727128607
1000,0.83515,-0.17341728872821296
1000,0.83515,0.23465710402831724
1000,0.83515,0.1498718128288366
1000,0.83515,-0.17056300907487934
1000,0.83515,0.13131357792858833
1000,0.83515,0.04921266079668322
1000,0.83515,-0.20844819478428767
1000,0.83515,0.30488315309227143
1000,0.83515,0.20050453198778215
1000,0.83515,0.007050787908886408
1000,0.83515,-0.14460168203739424
1000,0.83515,-0.11729773937919458
1000,0.83515,-0.1411085485263638
1000,0.83515,-0.056388907048541416
1000,0.83515,-0.09121922183651661
1000,0.83515,0.28573648402589497
1000,0.83515,0.19756917655954148
1000,0.83515,-0.10856805105212063
1000,0.83515,-0.17239409675061249
1000,0.83515,-0.17684712655101542
1000,0.83515,0.17794995607030084
1000,0.83515,-0.12075546330310379
1000,0.83515,-0.0793388295949884
1000,0.83515,-0.20586337824675852
1000,0.83515,0.09860112607556268
1000,0.83515,-0.09204847209448364
1000,0.83515,0.08492157787946283
1000,0.83515,-0.015162779617745425
1000,0.83515,0.2234739629195762
1000,0.83515,0.08310135884852746
1000,0.83515,0.1490376752649426
1000,0.83515,0.06152287615623269
1000,0.83515,0.09851075756519999
1000,0.83515,-0.022220698752314666
1000,0.83515,-0.1291025431944951
1000,0.83515,-0.10218931716133334
1000,0.83515,0.0299810683764592
1000,0.83515,-0.1459614483797801
1000,0.83515,0.05922078679604211
1000,0.83515,0.1552063327585063
1000,0.83515,-0.13684973931053449
1000,0.83515,0.025116019070607506
1000,0.83515,0.16771371363296253
1000,0.83515,0.02943202194768745
1000,0.83515,0.1188644308723361
1000,0.83515,-0.1651415768105001
1000,0.83515,-0.08697405218458411
1000,0.83515,-0.12949264849660258
1000,0.83515,0.04585598531772267
1000,0.83515,0.13713253433636005
1000,0.83515,0.04996365533269231
1000,0.83515,-0.05819095821294594
1000,0.83515,0.20268236131059675
1000,0.83515,0.08867211121175246
1000,0.83515,-0.038091444671633556
1000,0.83515,-0.09685816593538901
1000,0.83515,0.23352467950052988
1000,0.83515,0.054416363240030456
1000,0.83515,-0.16333269266358535
1000,0.83515,-0.04174684044949579
1000,0.83515,0.089036370939443
1000,0.83515,-0.04478978226600996
1000,0.83515,-0.13845959071492503
1000,0.83515,0.07553071040996175
1000,0.83515,0.00024167877588471802
1000,0.83515,0.046284046544086084
1000,0.83515,-0.19645046669386568
1000,0.83515,-0.13540382588272598
1000,0.83515,0.053769983464525814
1000,0.83515,-0.05210506410777237
1000,0.83515,0.2619974103404879
1000,0.83515,0.12883152425184138
1000,0.83515,0.2993068283616112
1000,0.83515,-0.18042357656698046
1000,0.83515,0.12048234291733345
1000,0.83515,-0.1586430306745786
1000,0.83515,-0.12538482259527428
1000,0.83515,-0.0023849652857720876
1000,0.83515,-0.1746311008732172
1000,0.83515,-0.07155765918576856
1000,0.83515,0.011856648610894176
1000,0.83515,-0.0068429381325738
1000,0.83515,-0.1152631902043149
1000,0.83515,-0.12124130770312941
1000,0.83515,-0.14260564868866535
1000,0.83515,-0.09552407214996396
1000,0.83515,0.15487711271763968
1000,0.83515,0.08366589155293883
1000,0.83515,0.2546838591803419
1000,0.83515,0.12271679721843938
1000,0.83515,-0.2325866724598659
1000,0.83515,0.08566889057339391
1000,0.83515,0.2029888695326266
1000,0.83515,0.20991528528530015
1000,0.83515,0.01025057034581501
1000,0.83515,0.1923197111553123
1000,0.83515,-0.07691052408707111
1000,0.83515,-0.06287950071130533
1000,0.83515,-0.10258987381443503
1000,0.83515,-0.11027716715492475
1000,0.83515,-0.17517844643171662
1000,0.83515,0.23738160918756313
1000,0.83515,0.15037524847163855
1000,0.83515,-0.1678079838151874
1000,0.83515,0.13121393738605602
1000,0.83515,0.05211409057675932
1000,0.83515,-0.2076461211199315
1000,0.83515,0.30846238838582773
1000,0.83515,0.19899837604619394
1000,0.83515,0.0035124432954221083
1000,0.83515,-0.1427908354282081
1000,0.83515,-0.11884498498797352
1000,0.83515,-0.140053270679723
1000,0.83515,-0.06092747340610665
1000,0.83515,-0.09382243866550291
1000,0.83515,0.2842988416654281
1000,0.83515,0.19736405166331264
1000,0.83515,-0.10422407543535321
1000,0.83515,-0.1693763910255852
1000,0.83515,-0.1785426312902783
1000,0.83515,0.17591279783028527
1000,0.83515,-0.11516145322373132
1000,0.83515,-0.08213824047157652
1000,0.83515,-0.19922066557012635
1000,0.83515,0.09455000784685803
1000,0.83515,-0.09267106502851685
1000,0.83515,0.08274626187668625
1000,0.83515,-0.016138270932912865
1000,0.83515,0.2231690928264707
1000,0.83515,0.08357778858707983
1000,0.83515,0.14739101180592146
1000,0.83515,0.06583167602980075
1000,0.83515,0.09575659084357617
1000,0.83515,-0.024982188957948313
1000,0.83515,-0.12595536706446978
1000,0.83515,-0.10110045061540354
1000,0.83515,0.02981136500925313
1000,0.83515,-0.14447608879087093
1000,0.83515,0.0618977082829306
1000,0.83515,0.15371066911582115
1000,0.83515,-0.1402055438752072
1000,0.83515,0.0262626457106064
1000,0.83515,0.1689083119167637
1000,0.83515,0.031069735162005032
1000,0.83515,0.11432322850811882
1000,0.83515,-0.16047804623482514
1000,0.83515,-0.09115377994573343
1000,0.83515,-0.1311188192991201
1000,0.83515,0.04672420148432958
1000,0.83515,0.1403915972108022
1000,0.83515,0.052843525185907535
1000,0.83515,-0.06217402379458597
1000,0.83515,0.20401309632276168
1000,0.83515,0.08779576417650678
1000,0.83515,-0.0394079217403951
1000,0.83515,-0.10078878825045046
1000,0.83515,0.2330527571420599
1000,0.83515,0.05541176325641937
1000,0.83515,-0.1683872349117791
1000,0.83515,-0.04631153449266594
1000,0.83515,0.09017131911556775
1000,0.83515,-0.04922989210018659
1000,0.83515,-0.14060056199976737
1000,0.83515,0.07763229392815535
1000,0.83515,0.003245678447053069
1000,0.83515,0.044360283062438374
1000,0.83515,-0.1933049591452722
1000,0.83515,-0.1354049616224654
1000,0.83515,0.056385445762919505
1000,0.83515,-0.0548316267081354
1000,0.83515,0.2607941501269215
1000,0.83515,0.13060420482071702
1000,0.83515,0.30150255622907246
1000,0.83515,-0.17908755392357756
1000,0.83515,0.11446851122401688
1000,0.83515,-0.162181043604245
1000,0.83515,-0.12550686134371905
1000,0.83515,-0.007254124761416975
1000,0.83515,-0.17491936485656084
1000,0.83515,-0.07593346744263986
1000,0.83515,0.011522162097419969
1000,0.83515,-0.001734088297787247
1000,0.83515,-0.11262578404211333
1000,0.83515,-0.12188129643552204
1000,0.83515,-0.14318897770683495
1000,0.83515,-0.09637224247526532
1000,0.83515,0.1537295101587956
1000,0.83515,0.08265432461889832
1000,0.83515,0.2540415914326892
1000,0.83515,0.12139445275451857
1000,0.83515,-0.22697159789758906
1000,0.83515,0.08625626708992115
1000,0.83515,0.19929950979215671
1000,0.83515,0.2094791370326439
1000,0.83515,0.011697027958155498
1000,0.83515,0.1853475386832205
1000,0.83515,-0.07764058786888646
1000,0.83515,-0.06552559920326641
1000,0.83515,-0.10139770065186082
1000,0.83515,-0.10717625210662085
1000,0.83515,-0.17489455278514487
1000,0.83515,0.23999023020026738
1000,0.83515,0.15235784764656884
1000,0.83515,-0.16437574588421225
1000,0.83515,0.13140546666520148
1000,0.83515,0.05034025648744399
1000,0.83515,-0.20521233924568033
1000,0.83515,0.30551017335851516
1000,0.83515,0.20009880847828593
1000,0.83515,0.00014799537536275376
1000,0.83515,-0.1444665251360621
1000,0.83515,-0.11927190398738464
1000,0.83515,-0.1456420820800513
1000,0.83515,-0.06034839109941731
1000,0.83515,-0.09645758673904892
1000,0.83515,0.28052975328766866
1000,0.83515,0.18978302253879872
1000,0.83515,-0.1067833223022341
1000,0.83515,-0.1747060929956318
1000,0.83515,-0.18197184034756192
1000,0.83515,0.17637258305485395
1000,0.83515,-0.11539096462633433
1000,0.83515,-0.07953497422164349
1000,0.83515,-0.20038255681740333
1000,0.83515,0.09327975286952589
1000,0.83515,-0.0971861314637068
1000,0.83515,0.08738634311675429
1000,0.83515,-0.015521450066164734
1000,0.83515,0.2279392566026541
1000,0.83515,0.08980313393030434
1000,0.83515,0.15102400416651088
1000,0.83515,0.0688070671379215
1000,0.83515,0.09495941258992668
1000,0.83515,-0.023296533245605277
1000,0.83515,-0.12602510585773835
1000,0.83515,-0.10054528072651642
1000,0.83515,0.029657839219257544
1000,0.83515,-0.14664756562928002
1000,0.83515,0.06461483256627774
1000,0.83515,0.15404578991791534
1000,0.83515,-0.138205270562613
1000,0.83515,0.027132833955157632
1000,0.83515,0.16890344271424187
1000,0.83515,0.02743106791152015
1000,0.83515,0.11339037869440585
1000,0.83515,-0.16048628263101025
1000,0.83515,-0.09537173788881781
1000,0.83515,-0.12589557757823827
1000,0.83515,0.046073259697938025
1000,0.83515,0.1392180485315715
1000,0.83515,0.055502277205605285
1000,0.83515,-0.061105661221305035
1000,0.83515,0.20267303356926095
1000,0.83515,0.08159616992259087
1000,0.83515,-0.03575391884754534
1000,0.83515,-0.09802085028904624
1000,0.83515,0.23018645599390802
1000,0.83515,0.053394424438344905
1000,0.83515,-0.16794285705106943
1000,0.83515,-0.04632945299658738
1000,0.83515,0.08628327127757703
1000,0.83515,-0.05215195608526406
1000,0.83515,-0.13721307807425992
1000,0.83515,0.0800943676187828
1000,0.83515,0.010389789735828209
1000,0.83515,0.045249848096445236
1000,0.83515,-0.1933114015537991
1000,0.83515,-0.13457091960577885
1000,0.83515,0.05569146408514839
1000,0.83515,-0.05713821641929433
1000,0.83515,0.26174159047266427
1000,0.83515,0.1296705244327538
1000,0.83515,0.30074394070840194
1000,0.83515,-0.17894812120155348
1000,0.83515,0.11696367099380568
1000,0.83515,-0.16250127065873524
1000,0.83515,-0.1262932895283222
1000,0.83515,-0.0038177004528136952
1000,0.83515,-0.17993628930379268
1000,0.83515,-0.07498907796394744
1000,0.83515,0.013105294014391625
1000,0.83515,-0.002977292360630597
1000,0.83515,-0.11083917391726533
1000,0.83515,-0.11725254903365558
1000,0.83515,-0.14239682758304448
1000,0.83515,-0.09798842839236642
1000,0.83515,0.155824498760671
1000,0.83515,0.083801727951425
1000,0.83515,0.2518819578486208
1000,0.83515,0.12180741000835316
1000,0.83515,-0.22826085431633142
1000,0.83515,0.08368337912343532
1000,0.83515,0.19206032956982574
1000,0.83515,0.21074592090348632
1000,0.83515,0.015218717968727525
1000,0.83515,0.18369322482330844
1000,0.83515,-0.07668162917903841
1000,0.83515,-0.06964316107754158
1000,0.83515,-0.10414751374385964
1000,0.83515,-0.10975228819660961
1000,0.83515,-0.1728748926005997
1000,0.83515,0.2408548807331214
1000,0.83515,0.14889396969811455
1000,0.83515,-0.16415238962212467
1000,0.83515,0.12761358447300122
1000,0.83515,0.04624283338033338
1000,0.83515,-0.20500595192366533
1000,0.83515,0.30632078359228343
1000,0.83515,0.19818395392459995
1000,0.83515,0.0005970052949409804
1000,0.83515,-0.14165667664300824
1000,0.83515,-0.11641835858309042
1000,0.83515,-0.14912961973471908
1000,0.83515,-0.06164948961382459
1000,0.83515,-0.0952572170229762
1000,0.83515,0.2827318878031945
1000,0.83515,0.18788279433256103
1000,0.83515,-0.10753482547078369
1000,0.83515,-0.17164170923756114
1000,0.83515,-0.1816935560122666
1000,0.83515,0.17447903432109177
1000,0.83515,-0.11763455168131103
1000,0.83515,-0.07860518888140439
1000,0.83515,-0.20025590952922934
1000,0.83515,0.09095020637577708
1000,0.83515,-0.09622811552834477
1000,0.83515,0.08486010812630317
1000,0.83515,-0.01530347112634037
1000,0.83515,0.2290470321592891
1000,0.83515,0.09066241970079227
1000,0.83515,0.1466350735145089
1000,0.83515,0.06999134712871831
1000,0.83515,0.09268695359503461
1000,0.83515,-0.02466763152568
1000,0.83515,-0.1250170565599502
1000,0.83515,-0.09615643705682397
1000,0.83515,0.03587646772721422
1000,0.83515,-0.14852294643757985
1000,0.83515,0.06414685862454576
1000,0.83515,0.15236886311587608
1000,0.83515,-0.13512357936580524
1000,0.83515,0.02820068214066153
1000,0.83515,0.16745143890798161
1000,0.83515,0.03020670169706563
1000,0.83515,0.11042902813355107
1000,0.83515,-0.15753209252547887
1000,0.83515,-0.09791083422536206
1000,0.83515,-0.1264066309034223
1000,0.83515,0.04237003060840831
1000,0.83515,0.13618719317222305
1000,0.83515,0.05500960334934801
1000,0.83515,-0.06210550283711241
1000,0.83515,0.20084479089748702
1000,0.83515,0.08407406101742725
1000,0.83515,-0.0340134687307938
1000,0.83515,-0.09721662707733937
1000,0.83515,0.2296170489529215
1000,0.83515,0.05121251346692809
1000,0.83515,-0.16817064047224206
1000,0.83515,-0.041337004383121406
1000,0.83515,0.08370506744963506
1000,0.83515,-0.05503231744667262
1000,0.83515,-0.13456943459070417
1000,0.83515,0.08233072058081503
1000,0.83515,0.007024386119590433
1000,0.83515,0.041456342627083274
1000,0.83515,-0.19133014108746824
1000,0.83515,-0.1382140809560844
1000,0.83515,0.05684337753948135
1000,0.83515,-0.05327052144046301
1000,0.83515,0.2622086226244723
1000,0.83515,0.12863013687911373
1000,0.83515,0.299271809608335
1000,0.83515,-0.17888216761489376
1000,0.83515,0.11564452536823569
1000,0.83515,-0.15952026517026946
1000,0.83515,-0.12987866838419618
1000,0.83515,-0.0005300054482707838
1000,0.83515,-0.18147444892012743
1000,0.83515,-0.07757741823422441
1000,0.83515,0.01609486772519755
1000,0.83515,0.0034907555614295607
1000,0.83515,-0.10805763963816345
1000,0.83515,-0.1177171270058217
1000,0.83515,-0.14114770968684104
1000,0.83515,-0.09872972016182986
1000,0.83515,0.15615316430427306
1000,0.83515,0.08156491602842478
1000,0.83515,0.24962934847752802
1000,0.83515,0.12208783886196606
1000,0.83515,-0.2259222280654165
1000,0.83515,0.082990484796585
1000,0.83515,0.1900947669226402
1000,0.83515,0.21351647140850002
1000,0.83515,0.011751355584987008
1000,0.83515,0.1802758378535573
1000,0.83515,-0.07621149154112536
1000,0.83515,-0.07389268872631503
1000,0.83515,-0.10320726788559638
1000,0.83515,-0.10849284929692427
1000,0.83515,-0.174117845857473
1000,0.83515,0.24340822296494927
1000,0.83515,0.14918192127107888
1000,0.83515,-0.16595457287654736
1000,0.83515,0.12804987617182037
1000,0.83515,0.046063025784169945
1000,0.83515,-0.20308107882824233
1000,0.83515,0.30152451374721606
1000,0.83515,0.19644944156563557
1000,0.83515,0.0007766288580182112
1000,0.83515,-0.14055478894511853
1000,0.83515,-0.11858035238495503
1000,0.83515,-0.15284772665348736
1000,0.83515,-0.06382747348654848
1000,0.83515,-0.09233766815953576
1000,0.83515,0.28344020559317773
1000,0.83515,0.19100882996668636
1000,0.83515,-0.1053568150234827
1000,0.83515,-0.16966262823829598
1000,0.83515,-0.1832494835201429
1000,0.83515,0.17793789907191485
1000,0.83515,-0.12014721650434722
1000,0.83515,-0.07651337195327934
1000,0.83515,-0.20013163269694886
1000,0.83515,0.08877696826222291
1000,0.83515,-0.09871980443235523
1000,0.83515,0.08900367120650124
1000,0.83515,-0.015412333401340997
1000,0.83515,0.22725789684817824
1000,0.83515,0.09159520486851212
1000,0.83515,0.1502534241157468
1000,0.83515,0.07451435051499024
1000,0.83515,0.09385563754885974
1000,0.83515,-0.024707442817959488
1000,0.83515,-0.12425384264627111
1000,0.83515,-0.09721606600179432
1000,0.83515,0.03525362817162524
1000,0.83515,-0.1481339073734949
1000,0.83515,0.06468796225937018
1000,0.83515,0.1560376716755297
1000,0.83515,-0.13250700094899828
1000,0.83515,0.030024935424422965
1000,0.83515,0.166982734461149
1000,0.83515,0.03029961248274789
1000,0.83515,0.11445064339357061
1000,0.83515,-0.15797236397848236
1000,0.83515,-0.1019578574951389
1000,0.83515,-0.12171936568729491
1000,0.83515,0.04404418096469195
1000,0.83515,0.13980568614942412
1000,0.83515,0.049388631307717916
1000,0.83515,-0.06592208141598924
1000,0.83515,0.19687911129149677
1000,0.83515,0.08497405104906473
1000,0.83515,-0.03008343215036699
1000,0.83515,-0.0959699706188669
1000,0.83515,0.22919357713741012
1000,0.83515,0.05265948053691068
1000,0.83515,-0.1714177731744027
1000,0.83515,-0.042176353910649174
1000,0.83515,0.08572633891847893
1000,0.83515,-0.058718006170308236
1000,0.83515,-0.13205967369802174
1000,0.83515,0.0819044711604018
1000,0.83515,0.007209336588864976
1000,0.83515,0.04612929703784383
1000,0.83515,-0.1891380200362784
1000,0.83515,-0.1403716772078957
1000,0.83515,0.05662513376961889
1000,0.83515,-0.0548230895963839
1000,0.83515,0.26472416828918355
1000,0.83515,0.12921067839520015
1000,0.83515,0.2982920719721303
1000,0.83515,-0.17756808880874994
1000,0.83515,0.11342840125440429
1000,0.83515,-0.16139290468051812
1000,0.83515,-0.12833370495012075
1000,0.83515,-9.211336087611463e-5
1000,0.83515,-0.18101066767228496
1000,0.83515,-0.07565755340915449
1000,0.83515,0.011497842140077336
1000,0.83515,-0.00012836825644415553
1000,0.83515,-0.10891662857313016
1000,0.83515,-0.11618987474745891
1000,0.83515,-0.14311599665932598
1000,0.83515,-0.09798808993955743
1000,0.83515,0.15104152414284933
1000,0.83515,0.07886778158341423
1000,0.83515,0.2489622720881186
1000,0.83515,0.11800337832661116
1000,0.83515,-0.22399470232720198
1000,0.83515,0.08394787193063534
1000,0.83515,0.19167484684977293
1000,0.83515,0.21485076145935927
1000,0.83515,0.012841044107049329
1000,0.83515,0.17816462219456727
1000,0.83515,-0.08056620692608399
1000,0.83515,-0.07178220456295227
1000,0.83515,-0.10347501811832799
1000,0.83515,-0.1103451777008704
1000,0.83515,-0.17220174601024943
1000,0.83515,0.246132973253934
1000,0.83515,0.15288215877044045
1000,0.83515,-0.16703062231622373
1000,0.83515,0.12719528920487777
1000,0.83515,0.045241684824438855
1000,0.83515,-0.20229390532281127
1000,0.83515,0.3067870143044586
1000,0.83515,0.1988385485639827
1000,0.83515,0.0010380034045816573
1000,0.83515,-0.1420664776211765
1000,0.83515,-0.11711377618643018
1000,0.83515,-0.15282196342250395
1000,0.83515,-0.06176583935755201
1000,0.83515,-0.09186525723853634
1000,0.83515,0.28265408340074233
1000,0.83515,0.19223120274142694
1000,0.83515,-0.1013481428521696
1000,0.83515,-0.1725426925500071
1000,0.83515,-0.18310108602066208
1000,0.83515,0.17630049336912845
1000,0.83515,-0.11940516978224922
1000,0.83515,-0.07080063125802276
1000,0.83515,-0.2012017305070644
1000,0.83515,0.08747173819306622
1000,0.83515,-0.09633129789694385
1000,0.83515,0.08821412788773172
1000,0.83515,-0.010280759322041987
1000,0.83515,0.22803693470317674
1000,0.83515,0.0907466482256512
1000,0.83515,0.14877632318114517
1000,0.83515,0.07727515949565272
1000,0.83515,0.09638632331121975
1000,0.83515,-0.025572924205421944
1000,0.83515,-0.12316511880754548
1000,0.83515,-0.09621767295506106
1000,0.83515,0.03681362917937289
1000,0.83515,-0.1467897777386646
1000,0.83515,0.06602055726338968
1000,0.83515,0.15443687662083722
1000,0.83515,-0.13384502565855624
1000,0.83515,0.02781424958273544
1000,0.83515,0.16651871838207283
1000,0.83515,0.03007272307627625
1000,0.83515,0.11036381154748486
1000,0.83515,-0.1545412605380366
1000,0.83515,-0.10441247085234197
1000,0.83515,-0.1204490079667643
1000,0.83515,0.04516025320525808
1000,0.83515,0.13843635449888142
1000,0.83515,0.04901740062205817
1000,0.83515,-0.06339379883712154
1000,0.83515,0.2014908537636
1000,0.83515,0.08272032324068923
1000,0.83515,-0.031237409340136812
1000,0.83515,-0.09852967364566806
1000,0.83515,0.22813329412484262
1000,0.83515,0.052536304565816344
1000,0.83515,-0.16981322832924775
1000,0.83515,-0.038340269726996126
1000,0.83515,0.08833652512104548
1000,0.83515,-0.06464944525230672
1000,0.83515,-0.13188708585341674
1000,0.83515,0.08605855675959528
1000,0.83515,0.010266148847507718
1000,0.83515,0.04613387083977797
1000,0.83515,-0.1892558225385828
1000,0.83515,-0.1421089449796621
1000,0.83515,0.059515674240930995
1000,0.83515,-0.054201538626688896
1000,0.83515,0.2655891108922162
1000,0.83515,0.12788061434980547
1000,0.83515,0.30144812519196884
1000,0.83515,-0.18085455785991336
1000,0.83515,0.11228232828871705
1000,0.83515,-0.15977349222985998
1000,0.83515,-0.12411690316880043
1000,0.83515,-0.0030901592468076007
1000,0.83515,-0.1827135768066297
1000,0.83515,-0.07483171322597634
1000,0.83515,0.009945263449855232
1000,0.83515,-0.0032454781439067728
1000,0.83515,-0.11436239533026701
1000,0.83515,-0.11664407492999077
1000,0.83515,-0.14029282839185858
1000,0.83515,-0.10017783754834308
1000,0.83515,0.14849155669016267
1000,0.83515,0.07698146278315278
1000,0.83515,0.24801075011892787
1000,0.83515,0.12030419970559253
1000,0.83515,-0.22331967219792015
1000,0.83515,0.08964201677654103
1000,0.83515,0.19021315366351546
1000,0.83515,0.21285198948554104
1000,0.83515,0.010830584984756818
1000,0.83515,0.18144537370329916
1000,0.83515,-0.0827929396625486
1000,0.83515,-0.07270223896492735
1000,0.83515,-0.1021047808508109
1000,0.83515,-0.11082578045877675
1000,0.83515,-0.17704548721444177
1000,0.83515,0.25177847428242506
1000,0.83515,0.15286823785557646
1000,0.83515,-0.17006452273109746
1000,0.83515,0.12487387871702384
1000,0.83515,0.04332258339694349
1000,0.83515,-0.20180329986859372
1000,0.83515,0.30542809365623924
1000,0.83515,0.20037064535936017
1000,0.83515,0.004010289367772592
1000,0.83515,-0.14231583618156848
1000,0.83515,-0.11286236015160095
1000,0.83515,-0.15613196922235592
1000,0.83515,-0.06455434031724865
1000,0.83515,-0.09251985541789244
1000,0.83515,0.28298248322117325
1000,0.83515,0.19173348952321956
1000,0.83515,-0.10026795768582022
1000,0.83515,-0.17240543375690445
1000,0.83515,-0.18128160796308726
1000,0.83515,0.1795946797278743
1000,0.83515,-0.12325949825103623
1000,0.83515,-0.06824188985345792
1000,0.83515,-0.20401461933874512
1000,0.83515,0.08999593348119583
1000,0.83515,-0.09714634488486193
1000,0.83515,0.09397070080715215
1000,0.83515,-0.0101753601761685
1000,0.83515,0.22579880076408598
1000,0.83515,0.08989081962826191
1000,0.83515,0.14580425602735284
1000,0.83515,0.07302942509424792
1000,0.83515,0.09876680096855586
1000,0.83515,-0.0237771369651976
1000,0.83515,-0.12350833629627207
1000,0.83515,-0.09369196769204713
1000,0.83515,0.043131620201455785
1000,0.83515,-0.14532634471337588
1000,0.83515,0.06187165153064809
1000,0.83515,0.15454353428309164
1000,0.83515,-0.13570610191606358
1000,0.83515,0.025967100613324457
1000,0.83515,0.16810413220616083
1000,0.83515,0.03143941757658804
1000,0.83515,0.11262765401743076
1000,0.83515,-0.1514427938872865
1000,0.83515,-0.1032780897639009
1000,0.83515,-0.11755936449366843
1000,0.83515,0.04463526289172448
1000,0.83515,0.13844881359802672
1000,0.83515,0.04689154602455297
1000,0.83515,-0.059335015412559
1000,0.83515,0.1976543345059484
1000,0.83515,0.08026437263714169
1000,0.83515,-0.027835705550600737
1000,0.83515,-0.09602841134933778
1000,0.83515,0.23265414811420657
1000,0.83515,0.05680015351691735
1000,0.83515,-0.1712361943727761
1000,0.83515,-0.03817717171371834
1000,0.83515,0.0908516612891885
1000,0.83515,-0.0691225112202302
1000,0.83515,-0.12886544609908687
1000,0.83515,0.08364137719861993
1000,0.83515,0.01016089505114725
1000,0.83515,0.04714799596156166
1000,0.83515,-0.1890606470693505
1000,0.83515,-0.14238500911296056
1000,0.83515,0.06403530598172699
1000,0.83515,-0.05375797855694992
1000,0.83515,0.2663945047230492
1000,0.83515,0.12812879265739474
1000,0.83515,0.2987116746573431
1000,0.83515,-0.18053221960380428
1000,0.83515,0.10773718667273191
1000,0.83515,-0.1646384478548731
1000,0.83515,-0.12144828324362035
1000,0.83515,-0.004926012994517647
1000,0.83515,-0.18592295809735418
1000,0.83515,-0.07582714210619622
1000,0.83515,0.011621116840663111
1000,0.83515,-0.0049523844906006614
1000,0.83515,-0.11512484940310667
1000,0.83515,-0.12222105320242405
1000,0.83515,-0.13382407843166957
1000,0.83515,-0.1024087594585403
1000,0.83515,0.14343997446756307
1000,0.83515,0.07487912588283058
1000,0.83515,0.24736984797186967
1000,0.83515,0.12414958434701417
1000,0.83515,-0.22768902838436803
1000,0.83515,0.0938619423565221
1000,0.83515,0.19343707307668936
1000,0.83515,0.21559695749350277
1000,0.83515,0.012357433984083028
1000,0.83515,0.1812195482882691
1000,0.83515,-0.08356435923453372
1000,0.83515,-0.07045430206135243
1000,0.83515,-0.10289040090387896
1000,0.83515,-0.10786764135541806
1000,0.83515,-0.17534724734661372
1000,0.83515,0.2507947629217801
1000,0.83515,0.15306428192662241
1000,0.83515,-0.1698581284221392
1000,0.83515,0.12376143550715443
1000,0.83515,0.03458326679919926
1000,0.83515,-0.20310667706174884
1000,0.83515,0.3075880487737058
1000,0.83515,0.19806477770014166
1000,0.83515,0.009043467340880969
1000,0.83515,-0.14272641968486258
1000,0.83515,-0.10996753320628541
1000,0.83515,-0.15782396957224992
1000,0.83515,-0.06561112049657304
1000,0.83515,-0.0897100712935469
1000,0.83515,0.2851625204603813
1000,0.83515,0.19149875132452654
1000,0.83515,-0.09751013782419497
1000,0.83515,-0.17219515048697495
1000,0.83515,-0.1799353336981937
1000,0.83515,0.18086872501822732
1000,0.83515,-0.125484192166579
1000,0.83515,-0.06583027083561022
1000,0.83515,-0.20353208519598853
1000,0.83515,0.09216164006214796
1000,0.83515,-0.09794774522558207
1000,0.83515,0.0915594332661855
1000,0.83515,-0.011831688052072029
1000,0.83515,0.22555860860799568
1000,0.83515,0.09569973371686458
1000,0.83515,0.1472446216951056
1000,0.83515,0.06717726535573014
1000,0.83515,0.09916708743636392
1000,0.83515,-0.023551826775850215
1000,0.83515,-0.13048903021507002
1000,0.83515,-0.09428718647677638
1000,0.83515,0.03965137507769078
1000,0.83515,-0.14714918847207661
1000,0.83515,0.05628819010254738
1000,0.83515,0.1527548535116972
1000,0.83515,-0.13413619016370593
1000,0.83515,0.030424133760986592
1000,0.83515,0.16835391368678054
1000,0.83515,0.03458472748965225
1000,0.83515,0.11193289895975378
1000,0.83515,-0.14995658310910753
1000,0.83515,-0.10393245024491571
1000,0.83515,-0.11657330586065578
1000,0.83515,0.04112699410737389
1000,0.83515,0.13687335184511548
1000,0.83515,0.04641092036319395
1000,0.83515,-0.06352426995995765
1000,0.83515,0.19916060325939672
1000,0.83515,0.0764066078600505
1000,0.83515,-0.028846822530489334
1000,0.83515,-0.09678657478675128
1000,0.83515,0.2348784125368012
1000,0.83515,0.052966537366327386
1000,0.83515,-0.17620588777811236
1000,0.83515,-0.04259273254143774
1000,0.83515,0.09149472902093526
1000,0.83515,-0.06997756242499605
1000,0.83515,-0.1295761005754397
1000,0.83515,0.08428304259015298
1000,0.83515,0.013515572705701855
1000,0.83515,0.04645569796746692
1000,0.83515,-0.19179942429033844
1000,0.83515,-0.14253533359426662
1000,0.83515,0.06663963079695512
1000,0.83515,-0.05822982448909448
1000,0.83515,0.2702594543199027
1000,0.83515,0.1303482167139835
1000,0.83515,0.2992378761697684
1000,0.83515,-0.182271078881854
1000,0.83515,0.10803735890225331
1000,0.83515,-0.16454216569094596
1000,0.83515,-0.12040221097370246
1000,0.83515,-0.0048223503855029885
1000,0.83515,-0.18392542007164123
1000,0.83515,-0.07699485652722657
1000,0.83515,0.008052773284141378
1000,0.83515,-0.003538216324006762
1000,0.83515,-0.11073973813890678
1000,0.83515,-0.12247215847078724
1000,0.83515,-0.13100562200400717
1000,0.83515,-0.10007875681867803
1000,0.83515,0.13884337570546115
1000,0.83515,0.07391317672142904
1000,0.83515,0.2481717912956669
1000,0.83515,0.12466468759141167
1000,0.83515,-0.22713081257662565
1000,0.83515,0.09639757270578284
1000,0.83515,0.18656304929824735
1000,0.83515,0.21503771744154393
1000,0.83515,0.01378323564621335
1000,0.83515,0.17624023783111628
1000,0.83515,-0.08420671944981269
1000,0.83515,-0.06989908997088236
1000,0.83515,-0.10016632068042397
1000,0.83515,-0.10872106147684234
1000,0.83515,-0.17328214036565617
1000,0.83515,0.24982593333053385
1000,0.83515,0.14962278788651254
1000,0.83515,-0.16490343416238828
1000,0.83515,0.12193755514227538
1000,0.83515,0.03534829382954961
1000,0.83515,-0.20098192069942838
1000,0.83515,0.3030432263859291
1000,0.83515,0.19806194769872057
1000,0.83515,0.01069503325589853
1000,0.83515,-0.14321421611578258
1000,0.83515,-0.11044565546688569
1000,0.83515,-0.15797520595024017
1000,0.83515,-0.06489299830065351
1000,0.83515,-0.08744139150722305
1000,0.83515,0.28387786845394447
1000,0.83515,0.19606080986368607
1000,0.83515,-0.09823154811359909
1000,0.83515,-0.1736888820384809
1000,0.83515,-0.1831095488594907
1000,0.83515,0.1825272598871996
1000,0.83515,-0.12571308731148706
1000,0.83515,-0.06685780996544266
1000,0.83515,-0.2015099476080599
1000,0.83515,0.09315274084158867
1000,0.83515,-0.09861835387074797
1000,0.83515,0.09385764764516842
1000,0.83515,-0.015086326911064964
1000,0.83515,0.22962009287988128
1000,0.83515,0.09145026024488573
1000,0.83515,0.1457903891956218
1000,0.83515,0.066642089106831
1000,0.83515,0.09639310518428452
1000,0.83515,-0.023207992638606675
1000,0.83515,-0.13413345773267946
1000,0.83515,-0.09979074762007355
1000,0.83515,0.03457523444082541
1000,0.83515,-0.14586878486769894
1000,0.83515,0.05910175979737979
1000,0.83515,0.15466783039655305
1000,0.83515,-0.13599796571708814
1000,0.83515,0.03349190190625124
1000,0.83515,0.1681610999965929
1000,0.83515,0.0341622203623157
1000,0.83515,0.11403502496878071
1000,0.83515,-0.1483992172732355
1000,0.83515,-0.1028176242248568
1000,0.83515,-0.1169089948171773
1000,0.83515,0.04212780789697263
1000,0.83515,0.13220777496850758
1000,0.83515,0.052158437702476336
1000,0.83515,-0.06630271726764435
1000,0.83515,0.20367009800107766
1000,0.83515,0.07558079189036389
1000,0.83515,-0.025420893422722437
1000,0.83515,-0.0942296767785178
1000,0.83515,0.23904459980852022
1000,0.83515,0.052371971213423484
1000,0.83515,-0.1759683166940352
1000,0.83515,-0.04531163127186026
1000,0.83515,0.08922151756868622
1000,0.83515,-0.07244595565821899
1000,0.83515,-0.13150665469463896
1000,0.83515,0.08816001652713629
1000,0.83515,0.011990590286678041
1000,0.83515,0.04766720916855164
1000,0.83515,-0.19486415685273215
1000,0.83515,-0.14584656681455807
1000,0.83515,0.06289443436655416
1000,0.83515,-0.056053708022586544
1000,0.83515,0.2738972315151122
1000,0.83515,0.1337870270940427
1000,0.83515,0.3012688705819715
1000,0.83515,-0.18065018577574557
1000,0.83515,0.1068868025218797
1000,0.83515,-0.16635402421850967
1000,0.83515,-0.1209037356189224
1000,0.83515,-0.007958062150673415
1000,0.83515,-0.1852940546088835
1000,0.83515,-0.07290269556773216
1000,0.83515,0.009834846460627447
1000,0.83515,-0.0020673217907226323
1000,0.83515,-0.10983365426686265
1000,0.83515,-0.12289344220558077
1000,0.83515,-0.13464188190046028
1000,0.83515,-0.10247724772218553
1000,0.83515,0.13567620769342545
1000,0.83515,0.07307224002175128
1000,0.83515,0.24897201171760563
1000,0.83515,0.12209242566759382
1000,0.83515,-0.22684257752658057
1000,0.83515,0.09715547937020327
1000,0.83515,0.18812939465815834
1000,0.83515,0.20965714680091904
1000,0.83515,0.010546726695563193
1000,0.83515,0.17795325521007427
1000,0.83515,-0.08329788239567658
1000,0.83515,-0.06759706821078905
1000,0.83515,-0.10040236935400956
1000,0.83515,-0.10302671330099825
1000,0.83515,-0.17502022287327743
1000,0.83515,0.24908462749652943
1000,0.83515,0.15134148886419058
1000,0.83515,-0.16188002610600347
1000,0.83515,0.12215124297270384
1000,0.83515,0.03165563737029723
1000,0.83515,-0.20072440047615275
1000,0.83515,0.30176683541209437
1000,0.83515,0.1930910959110707
1000,0.83515,0.010708098985994383
1000,0.83515,-0.1480441615209604
1000,0.83515,-0.11077731201004043
1000,0.83515,-0.15616481770116294
1000,0.83515,-0.067395810439296
1000,0.83515,-0.08799697108222039
1000,0.83515,0.28444013289367287
1000,0.83515,0.1974605401409442
1000,0.83515,-0.10076677285986471
1000,0.83515,-0.17531175745497946
1000,0.83515,-0.1861792985750987
1000,0.83515,0.18575563728446115
1000,0.83515,-0.12587801086365796
1000,0.83515,-0.06007166874379364
1000,0.83515,-0.19968319812439506
1000,0.83515,0.0971218468064294
1000,0.83515,-0.09906950687322916
1000,0.83515,0.09796843590715866
1000,0.83515,-0.013350894906230136
1000,0.83515,0.2302827003269294
1000,0.83515,0.09067763794127785
1000,0.83515,0.1443135587347434
1000,0.83515,0.06589892955490154
1000,0.83515,0.09724357672802547
1000,0.83515,-0.029541906107268177
1000,0.83515,-0.13468329475971555
1000,0.83515,-0.10026982969742168
1000,0.83515,0.03608200221480086
1000,0.83515,-0.1508496425872054
1000,0.83515,0.054985846724962775
1000,0.83515,0.15613171704226114
1000,0.83515,-0.13454118443262117
1000,0.83515,0.03305568207606045
1000,0.83515,0.16791609224890697
1000,0.83515,0.03714801133175474
1000,0.83515,0.11277973948649327
1000,0.83515,-0.1483831195849867
1000,0.83515,-0.1049890416680883
1000,0.83515,-0.11611342656991035
1000,0.83515,0.03975186357400319
1000,0.83515,0.13408928673651366
1000,0.83515,0.04526518051783067
1000,0.83515,-0.0625347731915878
1000,0.83515,0.20307609330739587
1000,0.83515,0.07500038055788785
1000,0.83515,-0.026832532993694726
1000,0.83515,-0.09321855976307145
1000,0.83515,0.23839732304566524
1000,0.83515,0.05007771471227395
1000,0.83515,-0.17912064346251144
1000,0.83515,-0.04805189459758939
1000,0.83515,0.08996062864231814
1000,0.83515,-0.07182776564549681
1000,0.83515,-0.13661106173999202
1000,0.83515,0.08849634652446146
1000,0.83515,0.013657695556869279
1000,0.83515,0.05054836327246473
1000,0.83515,-0.19462581336573073
1000,0.83515,-0.14416847120140613
1000,0.83515,0.06198269210809611
1000,0.83515,-0.05365203552807988
1000,0.83515,0.27739261427126743
1000,0.83515,0.13413500884075308
1000,0.83515,0.2952670231917349
1000,0.83515,-0.17915367043209024
1000,0.83515,0.1108917642959957
1000,0.83515,-0.1680145347391433
1000,0.83515,-0.121192550365526
1000,0.83515,-0.008190092197187438
1000,0.83515,-0.18228019710672458
1000,0.83515,-0.07400714200468722
1000,0.83515,0.014613128847631461
1000,0.83515,-0.00533139898504306
1000,0.83515,-0.10693837045530577
1000,0.83515,-0.11816147656355014
1000,0.83515,-0.13628401481211808
1000,0.83515,-0.10120632963773075
1000,0.83515,0.14093006436772007
1000,0.83515,0.07040806334047786
1000,0.83515,0.2464468047821298
1000,0.83515,0.12218612234678973
1000,0.83515,-0.22489087271429511
1000,0.83515,0.09757495028271121
1000,0.83515,0.1911642787907574
1000,0.83515,0.20923918170892072
1000,0.83515,0.005608325949909631
1000,0.83515,0.17629266810906738
1000,0.83515,-0.08391048492542756
1000,0.83515,-0.06840715717986101
1000,0.83515,-0.09806593409566272
1000,0.83515,-0.10520960733895728
1000,0.83515,-0.1782078113987341
1000,0.83515,0.24658896721739607
1000,0.83515,0.14847992202754323
1000,0.83515,-0.15867319990457918
1000,0.83515,0.12385170455118988
1000,0.83515,0.03162210218164139
1000,0.83515,-0.20213804811834854
1000,0.83515,0.3049930742854319
1000,0.83515,0.19264792577924394
1000,0.83515,0.010455196460821829
1000,0.83515,-0.14843356862033047
1000,0.83515,-0.1147353086779541
1000,0.83515,-0.15619665816967904
1000,0.83515,-0.06192822640979968
1000,0.83515,-0.08525674349966046
1000,0.83515,0.2866480138559503
1000,0.83515,0.19711113369153052
1000,0.83515,-0.1014357439601531
1000,0.83515,-0.17347384522569392
1000,0.83515,-0.1879260429462768
1000,0.83515,0.18418419684297818
1000,0.83515,-0.12311424649302607
1000,0.83515,-0.06453278787986035
1000,0.83515,-0.20095556350702676
1000,0.83515,0.09462595112665069
1000,0.83515,-0.0953405722111957
1000,0.83515,0.09668465846925701
1000,0.83515,-0.011116204909133733
1000,0.83515,0.22610404508480125
1000,0.83515,0.09171093783003739
1000,0.83515,0.14099050281563466
1000,0.83515,0.06493527895592538
1000,0.83515,0.09625466972793185
1000,0.83515,-0.02755423543673827
1000,0.83515,-0.1371068902205922
1000,0.83515,-0.10124026790055739
1000,0.83515,0.03361601017310101
1000,0.83515,-0.14420016759968532
1000,0.83515,0.04906967634693236
1000,0.83515,0.15786323485270498
1000,0.83515,-0.12828814439310685
1000,0.83515,0.03586350240219
1000,0.83515,0.16773050731071842
1000,0.83515,0.03316631466808533
1000,0.83515,0.109781194465957
1000,0.83515,-0.153599445882653
1000,0.83515,-0.10562567457922585
1000,0.83515,-0.11170393314262539
1000,0.83515,0.04105147604963727
1000,0.83515,0.13292644058620623
1000,0.83515,0.04499627924396209
1000,0.83515,-0.06394023662972224
1000,0.83515,0.19933786173178417
1000,0.83515,0.07739384644451845
1000,0.83515,-0.029836832124864796
1000,0.83515,-0.0958239784370302
1000,0.83515,0.23778962552617375
1000,0.83515,0.04934504543782369
1000,0.83515,-0.18059557711345386
1000,0.83515,-0.04761630766913699
1000,0.83515,0.08759295782215329
1000,0.83515,-0.07094056768304803
1000,0.83515,-0.13552510232503331
1000,0.83515,0.08948642462435874
1000,0.83515,0.012054458683430533
1000,0.83515,0.05650511243358926
1000,0.83515,-0.19400839837421072
1000,0.83515,-0.14260792752667759
1000,0.83515,0.06666029868646296
1000,0.83515,-0.05123945517761758
1000,0.83515,0.27622577505715606
1000,0.83515,0.13656713359540576
1000,0.83515,0.2920923083635729
1000,0.83515,-0.17599645780601686
1000,0.83515,0.10989985399713136
1000,0.83515,-0.16482458788225357
1000,0.83515,-0.12305328497326058
1000,0.83515,-0.013309318999282515
1000,0.83515,-0.17985905447568162
1000,0.83515,-0.07523636851904447
1000,0.83515,0.01912115014542151
1000,0.83515,-0.006912643492055516
1000,0.83515,-0.10436178584339273
1000,0.83515,-0.11715579090813356
1000,0.83515,-0.13843626338792028
1000,0.83515,-0.10363317408218334
1000,0.83515,0.14638093693544985
1000,0.83515,0.07296582035565587
1000,0.83515,0.24879413427943045
1000,0.83515,0.1176802572996141
1000,0.83515,-0.22265365022691505
1000,0.83515,0.09298641127118552
1000,0.83515,0.18802353147432782
1000,0.83515,0.20525907084996026
1000,0.83515,0.0050650551033299416
1000,0.83515,0.17114291580599514
1000,0.83515,-0.08493878689885427
1000,0.83515,-0.07058321961513664
1000,0.83515,-0.0971280771915725
1000,0.83515,-0.10572081858535545
1000,0.83515,-0.1796760290604035
1000,0.83515,0.24405776981392915
1000,0.83515,0.1454861530748819
1000,0.83515,-0.162025132059688
1000,0.83515,0.11892732392264387
1000,0.83515,0.03126066913591319
1000,0.83515,-0.19986823655127747
1000,0.83515,0.30658493185030955
1000,0.83515,0.19069500471154163
1000,0.83515,0.004986228685255962
1000,0.83515,-0.15532997308436955
1000,0.83515,-0.11584920003822025
1000,0.83515,-0.15947456548609865
1000,0.83515,-0.06628398093672862
1000,0.83515,-0.08440921668855847
1000,0.83515,0.28887651638445944
1000,0.83515,0.19857972704868712
1000,0.83515,-0.10532091781777146
1000,0.83515,-0.17358004070197658
1000,0.83515,-0.18755654616726425
1000,0.83515,0.1870959108863824
1000,0.83515,-0.1189103458173854
1000,0.83515,-0.06709739134790621
1000,0.83515,-0.20201259238250446
1000,0.83515,0.09382708331234584
1000,0.83515,-0.09575102822348197
1000,0.83515,0.09234619305704447
1000,0.83515,-0.015888919994143134
1000,0.83515,0.22538089208952197
1000,0.83515,0.09228049209008701
1000,0.83515,0.14431306924640752
1000,0.83515,0.057809954551082204
1000,0.83515,0.09856283583398416
1000,0.83515,-0.02874242658814712
1000,0.83515,-0.13705596153510985
1000,0.83515,-0.10355444602463132
1000,0.83515,0.03670118767761376
1000,0.83515,-0.1425505361761916
1000,0.83515,0.04365089937259502
1000,0.83515,0.16115125933392557
1000,0.83515,-0.13159346186489237
1000,0.83515,0.03544702626163493
1000,0.83515,0.1644953577007917
1000,0.83515,0.03579590286518435
1000,0.83515,0.10875534638365128
1000,0.83515,-0.1570232397021248
1000,0.83515,-0.1032822387167018
1000,0.83515,-0.11039146138690194
1000,0.83515,0.04216944669673049
1000,0.83515,0.13318230109275508
1000,0.83515,0.04292811328600048
1000,0.83515,-0.06982598086229969
1000,0.83515,0.1987668360873214
1000,0.83515,0.07366574293222597
1000,0.83515,-0.03285934308946891
1000,0.83515,-0.10125902225957344
1000,0.83515,0.23894333012547336
1000,0.83515,0.053834486177414896
1000,0.83515,-0.18045215378847693
1000,0.83515,-0.04725539295711488
1000,0.83515,0.08676697798324069
1000,0.83515,-0.06686697892886198
1000,0.83515,-0.13740687116021982
1000,0.83515,0.08836765667840948
1000,0.83515,0.008954817522334431
1000,0.83515,0.05267099303012073
1000,0.83515,-0.1936505603644654
1000,0.83515,-0.14150052188824203
1000,0.83515,0.0642793945340446
1000,0.83515,-0.0524481391074708
1000,0.83515,0.27025942221839283
1000,0.83515,0.13696775495501634
1000,0.83515,0.2904851016735229
1000,0.83515,-0.1742373545923228
1000,0.83515,0.11515975022366555
1000,0.83515,-0.16493808279938707
1000,0.83515,-0.1250020902327072
1000,0.83515,-0.012972100585134405
1000,0.83515,-0.17654605005873433
1000,0.83515,-0.0778818089689139
1000,0.83515,0.020511991809428646
1000,0.83515,-0.002078536478634258
1000,0.83515,-0.10311259603414914
1000,0.83515,-0.11302637435953575
1000,0.83515,-0.14053477845194717
1000,0.83515,-0.10126759306280092
1000,0.83515,0.14824827691510647
1000,0.83515,0.07060282952857913
1000,0.83515,0.2495314342045496
1000,0.83515,0.11652449302727556
1000,0.83515,-0.22381889634580687
1000,0.83515,0.08865116039592057
1000,0.83515,0.1893255063659553
1000,0.83515,0.20825775149643125
1000,0.83515,0.0032289398842664267
1000,0.83515,0.17104841377815908
1000,0.83515,-0.07790644900469633
1000,0.83515,-0.07317501150978677
1000,0.83515,-0.0929383287349224
1000,0.83515,-0.10453444985292697
1000,0.83515,-0.1776647598744863
1000,0.83515,0.2402398385905121
1000,0.83515,0.1470767106119255
1000,0.83515,-0.16069477380829195
1000,0.83515,0.11939601233120198
1000,0.83515,0.02775646707090694
1000,0.83515,-0.19953944049357178
1000,0.83515,0.3085624540827529
1000,0.83515,0.19353949185205915
1000,0.83515,0.0049547959181317925
1000,0.83515,-0.15536141972837644
1000,0.83515,-0.11927416063008335
1000,0.83515,-0.16400544968896183
1000,0.83515,-0.06794352349653413
1000,0.83515,-0.08469476627599008
1000,0.83515,0.29342173620625916
1000,0.83515,0.19618489051709398
1000,0.83515,-0.10320823546863166
1000,0.83515,-0.17630551034150613
1000,0.83515,-0.1876213573495966
1000,0.83515,0.1883790304335001
1000,0.83515,-0.11918904723375928
1000,0.83515,-0.0658826574767941
1000,0.83515,-0.20036129289692733
1000,0.83515,0.0955695369673817
1000,0.83515,-0.09397381904353061
1000,0.83515,0.08654469327893882
1000,0.83515,-0.015060823050825381
1000,0.83515,0.22585781295815605
1000,0.83515,0.09414437415074008
1000,0.83515,0.1456621602877187
1000,0.83515,0.055753269419751186
1000,0.83515,0.09594238496789481
1000,0.83515,-0.03270649130596694
1000,0.83515,-0.13594843480743224
1000,0.83515,-0.1007458501116807
1000,0.83515,0.039570717179651334
1000,0.83515,-0.1431183450338544
1000,0.83515,0.04938695453794383
1000,0.83515,0.15821451144224397
1000,0.83515,-0.1238134251076107
1000,0.83515,0.03429270695778583
1000,0.83515,0.1625432200667186
1000,0.83515,0.040255124036688336
1000,0.83515,0.11069505886327648
1000,0.83515,-0.1562372657358593
1000,0.83515,-0.09916300706781805
1000,0.83515,-0.11283993978103189
1000,0.83515,0.04029313751332937
1000,0.83515,0.1318940308450027
1000,0.83515,0.045802476186387046
1000,0.83515,-0.07349622182269139
1000,0.83515,0.19916848129540993
1000,0.83515,0.07341367231691623
1000,0.83515,-0.026214247856941583
1000,0.83515,-0.10457596346519403
1000,0.83515,0.2424179475741654
1000,0.83515,0.05209423324317617
1000,0.83515,-0.17998616119191813
1000,0.83515,-0.04754060401612226
1000,0.83515,0.09250073388250736
1000,0.83515,-0.06415247631356098
1000,0.83515,-0.13785691707556522
1000,0.83515,0.090067595928835
1000,0.83515,0.007785792149043042
1000,0.83515,0.05676418317375002
1000,0.83515,-0.1935214295382092
1000,0.83515,-0.14577910595855115
1000,0.83515,0.06802652853792501
1000,0.83515,-0.05632251302468344
1000,0.83515,0.2704850316390527
1000,0.83515,0.13258658932534823
1000,0.83515,0.2933782341409245
1000,0.83515,-0.17557034950401185
1000,0.83515,0.11544599962195119
1000,0.83515,-0.1610688578940273
1000,0.83515,-0.12249473639753136
1000,0.83515,-0.013350526305639944
1000,0.83515,-0.17554218771774316
1000,0.83515,-0.07612127747608867
1000,0.83515,0.019422289697549642
1000,0.83515,-0.007422608644733288
1000,0.83515,-0.10141836618379692
1000,0.83515,-0.11163817671228027
1000,0.83515,-0.13620225632662608
1000,0.83515,-0.09927324466588472
1000,0.83515,0.1466559874763575
1000,0.83515,0.06819720783393332
1000,0.83515,0.2497980133253796
1000,0.83515,0.12005270248796215
1000,0.83515,-0.22041121100960678
1000,0.83515,0.0883089908898854
1000,0.83515,0.18879213687959
1000,0.83515,0.20697539568575418
1000,0.83515,0.006309001600368293
1000,0.83515,0.17716840161333172
1000,0.83515,-0.07829915382742257
1000,0.83515,-0.07192660054503411
1000,0.83515,-0.09312516316900736
1000,0.83515,-0.1067306711800893
1000,0.83515,-0.17687855023753785
1000,0.83515,0.23929948947272445
1000,0.83515,0.15057609785451703
1000,0.83515,-0.16144570882319223
1000,0.83515,0.12110442135744068
1000,0.83515,0.025008671268519793
1000,0.83515,-0.19502643980494466
1000,0.83515,0.3074370978008186
1000,0.83515,0.19586378649476135
1000,0.83515,0.0009989907544070372
1000,0.83515,-0.15326908639555636
1000,0.83515,-0.1175980077454085
1000,0.83515,-0.1633086315664979
1000,0.83515,-0.06952592951980745
1000,0.83515,-0.08522631224853722
1000,0.83515,0.29417173375028366
1000,0.83515,0.19829122914677777
1000,0.83515,-0.10213780537608265
1000,0.83515,-0.17982804959381882
1000,0.83515,-0.18325937043929041
1000,0.83515,0.18818242678388425
1000,0.83515,-0.1227528298343971
1000,0.83515,-0.062158181004041906
1000,0.83515,-0.20126697485498743
1000,0.83515,0.09432358334746062
1000,0.83515,-0.09622535555632519
1000,0.83515,0.08356588228811708
1000,0.83515,-0.014909243015501976
1000,0.83515,0.22562140371269498
1000,0.83515,0.09493019429592087
1000,0.83515,0.14768962525540183
1000,0.83515,0.05582379661129694
1000,0.83515,0.09497229303184149
1000,0.83515,-0.02637073652207137
1000,0.83515,-0.13665014436536368
1000,0.83515,-0.09981003197735817
1000,0.83515,0.04097355700318452
1000,0.83515,-0.1394576113066306
1000,0.83515,0.043549758601964854
1000,0.83515,0.16000852060715945
1000,0.83515,-0.12172018529127014
1000,0.83515,0.0309136961922177
1000,0.83515,0.1626934924648382
1000,0.83515,0.04411313445893256
1000,0.83515,0.11502955193705147
1000,0.83515,-0.1522812492037754
1000,0.83515,-0.09635396373794042
1000,0.83515,-0.10935851366946427
1000,0.83515,0.03835999434431715
1000,0.83515,0.1325291342084208
1000,0.83515,0.047672424112471
1000,0.83515,-0.06857862457919617
1000,0.83515,0.19546373710769469
1000,0.83515,0.07696973228811733
1000,0.83515,-0.03014779194780829
1000,0.83515,-0.1051608069740249
1000,0.83515,0.2470506473939962
1000,0.83515,0.04981553116484041
1000,0.83515,-0.18402750530859446
1000,0.83515,-0.04114972735068499
1000,0.83515,0.0927817160661877
1000,0.83515,-0.06391489249428615
1000,0.83515,-0.1384449230513613
1000,0.83515,0.08715551635623496
1000,0.83515,0.004654886386742493
1000,0.83515,0.0529394901809027
1000,0.83515,-0.18796906494236598
1000,0.83515,-0.14153351437550052
1000,0.83515,0.07476886500674876
1000,0.83515,-0.05768011329283949
1000,0.83515,0.2698992677541531
1000,0.83515,0.13464560329375896
1000,0.83515,0.2933256712689068
1000,0.83515,-0.1732470089566137
1000,0.83515,0.11748223253157283
1000,0.83515,-0.15528442148711155
1000,0.83515,-0.12248107895800271
1000,0.83515,-0.012176640003394081
1000,0.83515,-0.17891957273540426
1000,0.83515,-0.07319651574352307
1000,0.83515,0.01405403876275235
1000,0.83515,-0.007498967546584886
1000,0.83515,-0.10191043898869356
1000,0.83515,-0.10833982048129716
1000,0.83515,-0.1310658274610218
1000,0.83515,-0.09580149726635218
1000,0.83515,0.14334316401568178
1000,0.83515,0.06732861274766398
1000,0.83515,0.24910116918791733
1000,0.83515,0.11522943870314445
1000,0.83515,-0.21782555113732127
1000,0.83515,0.08943459558966745
1000,0.83515,0.18717367354837944
1000,0.83515,0.21064357076760343
1000,0.83515,0.008245129246791593
1000,0.83515,0.17202697567890496
1000,0.83515,-0.07554920134656348
1000,0.83515,-0.07491723111579877
1000,0.83515,-0.08841108553237277
1000,0.83515,-0.10342473335041512
1000,0.83515,-0.17699300683833538
1000,0.83515,0.23601782876741936
1000,0.83515,0.1472970563182589
1000,0.83515,-0.1616852712205261
1000,0.83515,0.12538574764163304
1000,0.83515,0.0268590650282775
1000,0.83515,-0.1926961280540708
1000,0.83515,0.30966684359600044
1000,0.83515,0.19894657011054134
1000,0.83515,0.0020848009895778332
1000,0.83515,-0.14952327678225386
1000,0.83515,-0.1189176189036059
1000,0.83515,-0.15985246337850642
1000,0.83515,-0.06878666783591321
1000,0.83515,-0.08591330898720208
1000,0.83515,0.2894243898223007
1000,0.83515,0.19599229324555786
1000,0.83515,-0.0989841116876831
1000,0.83515,-0.18307415551014725
1000,0.83515,-0.18455436986567392
1000,0.83515,0.18979349315358732
1000,0.83515,-0.12305467237044644
1000,0.83515,-0.0647019973136988
1000,0.83515,-0.20125661215547153
1000,0.83515,0.09651339239540879
1000,0.83515,-0.09539401333452639
1000,0.83515,0.08620325495062185
1000,0.83515,-0.014832402544160385
1000,0.83515,0.23007625017974834
1000,0.83515,0.09557755761803029
1000,0.83515,0.14974121439529567
1000,0.83515,0.05384067793634854
1000,0.83515,0.0908035355765191
1000,0.83515,-0.027520976016864335
1000,0.83515,-0.1401379516446162
1000,0.83515,-0.09718562176116885
1000,0.83515,0.03891202076550917
1000,0.83515,-0.14144732803016408
1000,0.83515,0.044545578036689466
1000,0.83515,0.1583692116295955
1000,0.83515,-0.11708511268829076
1000,0.83515,0.0322552421900761
1000,0.83515,0.16269830592301313
1000,0.83515,0.04364014832114862
1000,0.83515,0.11541892517278583
1000,0.83515,-0.15113739427462397
1000,0.83515,-0.09862581584032917
1000,0.83515,-0.10986469918959106
1000,0.83515,0.03640003046661757
1000,0.83515,0.13130215968442774
1000,0.83515,0.04891210617500174
1000,0.83515,-0.06651282107931757
1000,0.83515,0.19860546902655762
1000,0.83515,0.07292899153892629
1000,0.83515,-0.023343259707004706
1000,0.83515,-0.1045181402178894
1000,0.83515,0.2497852879421444
1000,0.83515,0.05253199903415649
1000,0.83515,-0.18210443629344109
1000,0.83515,-0.0406550557473631
1000,0.83515,0.08871738888427741
1000,0.83515,-0.06318921080410883
1000,0.83515,-0.13881347943170078
1000,0.83515,0.08293677188792987
1000,0.83515,0.004391921363144818
1000,0.83515,0.05242827861767638
1000,0.83515,-0.18632202959903166
1000,0.83515,-0.14146860554110235
1000,0.83515,0.07410417369687633
1000,0.83515,-0.058620456567684165
1000,0.83515,0.2674992876868841
1000,0.83515,0.13669978234859764
1000,0.83515,0.29054968876636356
1000,0.83515,-0.16807486852746198
1000,0.83515,0.12302728581272035
1000,0.83515,-0.15526691972272205
1000,0.83515,-0.12118825783533577
1000,0.83515,-0.011779475895374593
1000,0.83515,-0.17862147378894322
1000,0.83515,-0.07764937460687735
1000,0.83515,0.01408253561494137
1000,0.83515,-0.007373204869926958
1000,0.83515,-0.10573916620350138
1000,0.83515,-0.10737750071559136
1000,0.83515,-0.12655984374091533
1000,0.83515,-0.09656191835728906
1000,0.83515,0.14670035479337956
1000,0.83515,0.06183904915022749
1000,0.83515,0.24674331330256286
1000,0.83515,0.11229375059207747
1000,0.83515,-0.21738848272364647
1000,0.83515,0.08882944463014249
1000,0.83515,0.1888868515413344
1000,0.83515,0.20975263842760616
1000,0.83515,0.007969064884914475
1000,0.83515,0.17520698012606528
1000,0.83515,-0.07194445239256543
1000,0.83515,-0.0742846113889148
1000,0.83515,-0.0859471918554355
1000,0.83515,-0.10358599874054382
1000,0.83515,-0.17990770281400367
1000,0.83515,0.23865212935722951
1000,0.83515,0.14757874182073175
1000,0.83515,-0.16170692267859413
1000,0.83515,0.12448894740105083
1000,0.83515,0.0282131233927383
1000,0.83515,-0.1944542706487444
1000,0.83515,0.3047360309705693
1000,0.83515,0.19561450467333105
1000,0.83515,0.005157766632753201
1000,0.83515,-0.1461566789131984
1000,0.83515,-0.11972476900806207
1000,0.83515,-0.1575427090096039
1000,0.83515,-0.06735906114939341
1000,0.83515,-0.0804240516609017
1000,0.83515,0.2937192188731248
1000,0.83515,0.19417033775057385
1000,0.83515,-0.09704191702306794
1000,0.83515,-0.17972248724915715
1000,0.83515,-0.18447178199446534
1000,0.83515,0.19032602843817528
1000,0.83515,-0.12047407088968713
1000,0.83515,-0.061771914165718984
1000,0.83515,-0.20333288234360933
1000,0.83515,0.09617323442992634
1000,0.83515,-0.09721195806999043
1000,0.83515,0.08274095461700581
1000,0.83515,-0.020472356867476782
1000,0.83515,0.2336135811148931
1000,0.83515,0.09729188604714839
1000,0.83515,0.14877949058196824
1000,0.83515,0.054078304288030406
1000,0.83515,0.09191660156281936
1000,0.83515,-0.03159902396603186
1000,0.83515,-0.14606199873843834
1000,0.83515,-0.09020413286136156
1000,0.83515,0.03281349845341282
1000,0.83515,-0.14252879225697535
1000,0.83515,0.046683096445026315
1000,0.83515,0.15542556360489193
1000,0.83515,-0.11720169532521602
1000,0.83515,0.03095233892992835
1000,0.83515,0.16197568485989797
1000,0.83515,0.04383070888199591
1000,0.83515,0.11201512723422768
1000,0.83515,-0.15362240167444025
1000,0.83515,-0.10360765359041042
1000,0.83515,-0.1080975517423298
1000,0.83515,0.03667273970821288
1000,0.83515,0.12549154758739572
1000,0.83515,0.052091621698257505
1000,0.83515,-0.06786290891023204
1000,0.83515,0.20071061361496365
1000,0.83515,0.07573918633075485
1000,0.83515,-0.027642570756156604
1000,0.83515,-0.10450002759457079
1000,0.83515,0.24991719908670054
1000,0.83515,0.05940689463724702
1000,0.83515,-0.1793226085848568
1000,0.83515,-0.03596380239919401
1000,0.83515,0.09353106474795884
1000,0.83515,-0.061980051567222305
1000,0.83515,-0.1417273204866735
1000,0.83515,0.08408493728580098
1000,0.83515,0.008883870289179861
1000,0.83515,0.05134412591772824
1000,0.83515,-0.1840016591384638
1000,0.83515,-0.14417629510614138
1000,0.83515,0.0658467509304929
1000,0.83515,-0.05674162758565774
1000,0.83515,0.2673346607149673
1000,0.83515,0.1389107109586711
1000,0.83515,0.2882153136074396
1000,0.83515,-0.16561379743212876
1000,0.83515,0.12777236490728272
1000,0.83515,-0.1538765726875979
1000,0.83515,-0.12399282146200628
1000,0.83515,-0.008761972837525348
1000,0.83515,-0.1744414039606476
1000,0.83515,-0.07557706280408226
1000,0.83515,0.016650411342186706
1000,0.83515,-0.008141791637302625
1000,0.83515,-0.10595722525645318
1000,0.83515,-0.1056837791004358
1000,0.83515,-0.12450630632354504
1000,0.83515,-0.09480252918993669
1000,0.83515,0.14760445682786413
1000,0.83515,0.06238104814876544
1000,0.83515,0.24999787657047187
1000,0.83515,0.11170124240574383
1000,0.83515,-0.21776962765838614
1000,0.83515,0.08838474770296167
1000,0.83515,0.18736763743593063
1000,0.83515,0.20001782727591588
1000,0.83515,0.0039942770233990284
1000,0.83515,0.17205837211535366
1000,0.83515,-0.06885215260382174
1000,0.83515,-0.07599302901916034
1000,0.83515,-0.08431891784965595
1000,0.83515,-0.10613600480029775
1000,0.83515,-0.1809377981587188
1000,0.83515,0.24033817683807404
1000,0.83515,0.14654199502284232
1000,0.83515,-0.16433131694379893
1000,0.83515,0.1242055202239864
1000,0.83515,0.025759110171146647
1000,0.83515,-0.19605644849109904
1000,0.83515,0.30899671103298204
1000,0.83515,0.19580797732788863
1000,0.83515,0.002520759658374393
1000,0.83515,-0.1505127224815139
1000,0.83515,-0.11759929286403065
1000,0.83515,-0.1560939990476307
1000,0.83515,-0.06463991078140519
1000,0.83515,-0.08447724876448162
1000,0.83515,0.29449480178650206
1000,0.83515,0.1914153189784488
1000,0.83515,-0.09559833445792142
1000,0.83515,-0.18249849209920768
1000,0.83515,-0.1853088192894285
1000,0.83515,0.1930840515739625
1000,0.83515,-0.11825402855663295
1000,0.83515,-0.0575655356718101
1000,0.83515,-0.20152797822317298
1000,0.83515,0.09438123575305492
1000,0.83515,-0.09739740016902534
1000,0.83515,0.08224437581389521
1000,0.83515,-0.022333724111857016
1000,0.83515,0.22948511883026285
1000,0.83515,0.10067923049563471
1000,0.83515,0.14656715241545282
1000,0.83515,0.05145564000930902
1000,0.83515,0.08999915610860945
1000,0.83515,-0.03298593553662905
1000,0.83515,-0.1493910633531293
1000,0.83515,-0.08818092653802945
1000,0.83515,0.03371467595786053
1000,0.83515,-0.13916870309217969
1000,0.83515,0.04522668527932278
1000,0.83515,0.1557472526937994
1000,0.83515,-0.12069099850966962
1000,0.83515,0.03257458610526365
1000,0.83515,0.15978053126394995
1000,0.83515,0.04365460721853317
1000,0.83515,0.11373911084323408
1000,0.83515,-0.14776115461436093
1000,0.83515,-0.09703348276976352
1000,0.83515,-0.1111692989138687
1000,0.83515,0.03620201207219348
1000,0.83515,0.125008439474131
1000,0.83515,0.055707433129923614
1000,0.83515,-0.07129878607437617
1000,0.83515,0.20090804675168858
1000,0.83515,0.07513333668292578
1000,0.83515,-0.026785049603412995
1000,0.83515,-0.1084157204458377
1000,0.83515,0.25503057584266875
1000,0.83515,0.05666314664894775
1000,0.83515,-0.1772614670268733
1000,0.83515,-0.0330439235531505
1000,0.83515,0.092413156478931
1000,0.83515,-0.06473907410959971
1000,0.83515,-0.14112189643701106
1000,0.83515,0.08163762656391445
1000,0.83515,0.01529198165541942
1000,0.83515,0.04866763647987358
1000,0.83515,-0.17935734714670704
1000,0.83515,-0.14258212764379266
1000,0.83515,0.06596579252177914
1000,0.83515,-0.05628792824319785
1000,0.83515,0.2683562306972332
1000,0.83515,0.134356595135587
1000,0.83515,0.28942441688708426
1000,0.83515,-0.16685408058016632
1000,0.83515,0.12656031029074713
1000,0.83515,-0.15813232820917034
1000,0.83515,-0.12752412600042565
1000,0.83515,-0.006311849613222306
1000,0.83515,-0.1660252431869168
1000,0.83515,-0.07706488612109125
1000,0.83515,0.011952358631497722
1000,0.83515,-0.011796360912000372
1000,0.83515,-0.10924570704125837
1000,0.83515,-0.10500943976443879
1000,0.83515,-0.12591233437034538
1000,0.83515,-0.09730503222049748
1000,0.83515,0.14401782060335552
1000,0.83515,0.05902275190059348
1000,0.83515,0.24907149121162353
1000,0.83515,0.11601392987577733
1000,0.83515,-0.2202310346857995
1000,0.83515,0.08791610174485849
1000,0.83515,0.18593258226715612
1000,0.83515,0.19765875942250924
1000,0.83515,0.003052320620927965
1000,0.83515,0.17654605399547052
1000,0.83515,-0.07242119649993062
1000,0.83515,-0.0720812885840436
1000,0.83515,-0.08025189759277808
1000,0.83515,-0.1043349217012247
1000,0.83515,-0.1815341493877609
1000,0.83515,0.24450377652993127
1000,0.83515,0.15048039977372799
1000,0.83515,-0.16602568202292173
1000,0.83515,0.12813254348471767
1000,0.83515,0.02368072563293876
1000,0.83515,-0.1969139292774761
1000,0.83515,0.3084625929949112
1000,0.83515,0.19504972779793725
1000,0.83515,-0.0007709230252768673
1000,0.83515,-0.1568082348066083
1000,0.83515,-0.11664624085144418
1000,0.83515,-0.15775170481030948
1000,0.83515,-0.06537228092070181
1000,0.83515,-0.085334609095636
1000,0.83515,0.29630248509448476
1000,0.83515,0.19124604500721323
1000,0.83515,-0.09617447924114063
1000,0.83515,-0.18432138113993682
1000,0.83515,-0.1902726735419815
1000,0.83515,0.1929905158551029
1000,0.83515,-0.12030626511157756
1000,0.83515,-0.06042524983566161
1000,0.83515,-0.19767633717359004
1000,0.83515,0.09305006315087579
1000,0.83515,-0.09982997654453005
1000,0.83515,0.08514069246162267
1000,0.83515,-0.02395962023295675
1000,0.83515,0.23352678324472018
1000,0.83515,0.10309205203827923
1000,0.83515,0.14343295623332747
1000,0.83515,0.05143224626944786
1000,0.83515,0.09262245303375495
1000,0.83515,-0.03426624112742949
1000,0.83515,-0.14929106287040908
1000,0.83515,-0.0836919109273845
1000,0.83515,0.033550715661001575
1000,0.83515,-0.13774425486476644
1000,0.83515,0.042806679697049134
1000,0.83515,0.16250221436630427
1000,0.83515,-0.12092914951286882
1000,0.83515,0.028935555950215613
1000,0.83515,0.16283219441371
1000,0.83515,0.04510047977175314
1000,0.83515,0.1113035205904155
1000,0.83515,-0.14949586901410383
1000,0.83515,-0.09614512747118607
1000,0.83515,-0.10663193869256228
1000,0.83515,0.035610935413542606
1000,0.83515,0.12542764469762188
1000,0.83515,0.053616773325983705
1000,0.83515,-0.06700310034088407
1000,0.83515,0.20050337784730082
1000,0.83515,0.07467271870445268
1000,0.83515,-0.028150857480939154
1000,0.83515,-0.1104064539942495
1000,0.83515,0.25434288356427026
1000,0.83515,0.06281562967768285
1000,0.83515,-0.17574060606148142
1000,0.83515,-0.03093530961968416
1000,0.83515,0.09141793860653798
1000,0.83515,-0.06407502133719653
1000,0.83515,-0.14142543010951003
1000,0.83515,0.08083118143988634
1000,0.83515,0.016772059358605883
1000,0.83515,0.051862616098844114
1000,0.83515,-0.18052669128688098
1000,0.83515,-0.140881621689423
1000,0.83515,0.06012009878856441
1000,0.83515,-0.06043514739418246
1000,0.83515,0.26931169946979555
1000,0.83515,0.13609262598744376
1000,0.83515,0.29175169976487286
1000,0.83515,-0.1655640711248919
1000,0.83515,0.1268181926636465
1000,0.83515,-0.15790333300334827
1000,0.83515,-0.12278495412664195
1000,0.83515,-0.0044655072937601235
1000,0.83515,-0.16596190859532445
1000,0.83515,-0.07631432844005656
1000,0.83515,0.013738909983777081
1000,0.83515,-0.011610642537440912
1000,0.83515,-0.10791461374053357
1000,0.83515,-0.10269933004256125
1000,0.83515,-0.12665962623287969
1000,0.83515,-0.0913047597176129
1000,0.83515,0.1426129071581847
1000,0.83515,0.058510689066205046
1000,0.83515,0.24820173699097475
1000,0.83515,0.1130471337434165
1000,0.83515,-0.21667006768511604
1000,0.83515,0.08523308524402591
1000,0.83515,0.18762591110248983
1000,0.83515,0.1924833697946198
1000,0.83515,0.0014645849489860895
1000,0.83515,0.176468547041668
1000,0.83515,-0.07013552415998246
1000,0.83515,-0.07280715859921011
1000,0.83515,-0.0814849853428549
1000,0.83515,-0.10466889174864816
1000,0.83515,-0.1783579261610316
1000,0.83515,0.24226876219177854
1000,0.83515,0.14917670081370799
1000,0.83515,-0.16744684298504814
1000,0.83515,0.13048218623796157
1000,0.83515,0.021953325433974255
1000,0.83515,-0.19829774127010186
1000,0.83515,0.3072109522118096
1000,0.83515,0.19664607161041617
1000,0.83515,0.0010209360075188415
1000,0.83515,-0.15885137547253897
1000,0.83515,-0.11199347560346916
1000,0.83515,-0.15751426411833547
1000,0.83515,-0.05937769944479122
1000,0.83515,-0.08377937078101545
1000,0.83515,0.29101287572246964
1000,0.83515,0.1961247957854157
1000,0.83515,-0.09338848897737333
1000,0.83515,-0.18173940423720072
1000,0.83515,-0.19211598256390464
1000,0.83515,0.1948256083289568
1000,0.83515,-0.11874892368460607
1000,0.83515,-0.057955083325211675
1000,0.83515,-0.19843246327443642
1000,0.83515,0.0893068567194039
1000,0.83515,-0.09665024532795122
1000,0.83515,0.08349722565555491
1000,0.83515,-0.02141507410279242
1000,0.83515,0.23181232267992838
1000,0.83515,0.10428369480673132
1000,0.83515,0.14330679148781844
1000,0.83515,0.05008740546493791
1000,0.83515,0.08989790608195473
1000,0.83515,-0.03926165558741336
1000,0.83515,-0.14701920974468732
1000,0.83515,-0.07948106839379361
1000,0.83515,0.03345775183275764
1000,0.83515,-0.134052765608459
1000,0.83515,0.03800839548363552
1000,0.83515,0.16621370492000595
1000,0.83515,-0.1209999662671655
1000,0.83515,0.02931311018861509
1000,0.83515,0.16101164211316674
1000,0.83515,0.0448675001066581
1000,0.83515,0.10691227398359779
1000,0.83515,-0.14733884217777315
1000,0.83515,-0.09551700212213181
1000,0.83515,-0.10530237105600582
1000,0.83515,0.0405126906116386
1000,0.83515,0.12593322570276586
1000,0.83515,0.05285837603279654
1000,0.83515,-0.06657670703383833
1000,0.83515,0.2022076661228009
1000,0.83515,0.07261216601847059
1000,0.83515,-0.02807605997397063
1000,0.83515,-0.1115697382747298
1000,0.83515,0.25550201900770536
1000,0.83515,0.06752220170592838
1000,0.83515,-0.17432326392887876
1000,0.83515,-0.03127054789488693
1000,0.83515,0.09575415963073305
1000,0.83515,-0.06312036789789548
1000,0.83515,-0.13725127068872106
1000,0.83515,0.08023344083778894
1000,0.83515,0.013754408019739942
1000,0.83515,0.04956515971574034
1000,0.83515,-0.1783892904642052
1000,0.83515,-0.1418736236302524
1000,0.83515,0.057696594514548165
1000,0.83515,-0.06200048035829599
1000,0.83515,0.27036065383270674
1000,0.83515,0.13443143917959693
1000,0.83515,0.2915223177402727
1000,0.83515,-0.16729762616576735
1000,0.83515,0.12642803101281438
1000,0.83515,-0.1556117385429575
1000,0.83515,-0.12182212124856805
1000,0.83515,-0.009672313243948528
1000,0.83515,-0.1710504368016132
1000,0.83515,-0.07481830624753033
1000,0.83515,0.011814869843582468
1000,0.83515,-0.011214170641142966
1000,0.83515,-0.10959533167887993
1000,0.83515,-0.09794410442761281
1000,0.83515,-0.12463665755749957
1000,0.83515,-0.08664524209967005
1000,0.83515,0.146476926070773
1000,0.83515,0.06281473986545622
1000,0.83515,0.25099026701464083
1000,0.83515,0.11324957517366502
1000,0.83515,-0.21730527686849316
1000,0.83515,0.08564902241616815
1000,0.83515,0.1925738051911229
1000,0.83515,0.19145556597553862
1000,0.83515,0.001748457741730239
1000,0.83515,0.17745988914046237
1000,0.83515,-0.07325794021995265
1000,0.83515,-0.06821998354936047
1000,0.83515,-0.08501595743112819
1000,0.83515,-0.10631261976953493
1000,0.83515,-0.17871579620664002
1000,0.83515,0.242159988741612
1000,0.83515,0.15100784302876516
1000,0.83515,-0.16757052506135847
1000,0.83515,0.13040791459674453
1000,0.83515,0.022567918111131086
1000,0.83515,-0.203172375487626
1000,0.83515,0.30651175230153793
1000,0.83515,0.19956708366108183
1000,0.83515,0.007873744897108336
1000,0.83515,-0.15902452815512702
1000,0.83515,-0.111224986118926
1000,0.83515,-0.15991067103143847
1000,0.83515,-0.0603041023362749
1000,0.83515,-0.08222364427377775
1000,0.83515,0.29529243789125204
1000,0.83515,0.199367698215784
1000,0.83515,-0.08961881867302024
1000,0.83515,-0.18144446477164908
1000,0.83515,-0.19206258180638738
1000,0.83515,0.19341904715246352
1000,0.83515,-0.11734969567075282
1000,0.83515,-0.05967699307068455
1000,0.83515,-0.19721876299725813
1000,0.83515,0.08856067661189913
1000,0.83515,-0.09117067664560334
1000,0.83515,0.087912470023447
1000,0.83515,-0.015276709857164806
1000,0.83515,0.23073136773438913
1000,0.83515,0.10552380773707203
1000,0.83515,0.14195805552571114
1000,0.83515,0.04862322917759117
1000,0.83515,0.08425573700085251
1000,0.83515,-0.03515829117922119
1000,0.83515,-0.14834431161193215
1000,0.83515,-0.07864872036119172
1000,0.83515,0.035510695445821736
1000,0.83515,-0.13475296872730236
1000,0.83515,0.038078061400558035
1000,0.83515,0.16957418693890372
1000,0.83515,-0.12011421382560879
1000,0.83515,0.02749056546565395
1000,0.83515,0.15732193897664273
1000,0.83515,0.04512309314961539
1000,0.83515,0.10961372574718324
1000,0.83515,-0.14301980579701892
1000,0.83515,-0.09875512901505387
1000,0.83515,-0.09974195512094773
1000,0.83515,0.03995317011703831
1000,0.83515,0.12659016280787722
1000,0.83515,0.052291110826431134
1000,0.83515,-0.0636971162808079
1000,0.83515,0.2038111223550561
1000,0.83515,0.07233490317509561
1000,0.83515,-0.02883627845537041
1000,0.83515,-0.11429229816643424
1000,0.83515,0.25377808767098287
1000,0.83515,0.07104728506512943
1000,0.83515,-0.1701098132547833
1000,0.83515,-0.03455221852409017
1000,0.83515,0.09384528530974254
1000,0.83515,-0.06247264269708346
1000,0.83515,-0.13427022840745215
1000,0.83515,0.08063164108003905
1000,0.83515,0.014200130242813606
1000,0.83515,0.04599428407862522
1000,0.83515,-0.17692107483815586
1000,0.83515,-0.1392693555095338
1000,0.83515,0.061477864951340756
1000,0.83515,-0.06052504869484159
1000,0.83515,0.26790531187985167
1000,0.83515,0.13295665258075387
1000,0.83515,0.29132764981710596
1000,0.83515,-0.16600260994050803
1000,0.83515,0.12220152178388659
1000,0.83515,-0.15328503704157398
1000,0.83515,-0.1241846304348225
1000,0.83515,-0.002112846894034848
1000,0.83515,-0.16863465116189796
1000,0.83515,-0.0747635838541408
1000,0.83515,0.012945908162540697
1000,0.83515,-0.007888015436628431
1000,0.83515,-0.10712620901509218
1000,0.83515,-0.09517253442296668
1000,0.83515,-0.12624368829431482
1000,0.83515,-0.08803624517887645
1000,0.83515,0.14721224617117176
1000,0.83515,0.06804607568959262
1000,0.83515,0.25347433931441715
1000,0.83515,0.1163293785666857
1000,0.83515,-0.22393658872191816
1000,0.83515,0.08910431228414027
1000,0.83515,0.1883976090195283
1000,0.83515,0.19527270806594857
1000,0.83515,0.0009463992759863762
1000,0.83515,0.17692730578576596
1000,0.83515,-0.07396919819471783
1000,0.83515,-0.06230684371991329
1000,0.83515,-0.09001050486895669
1000,0.83515,-0.10543937825241029
1000,0.83515,-0.17914158426202248
1000,0.83515,0.2402403922263059
1000,0.83515,0.15044714255185188
1000,0.83515,-0.16471043670998356
1000,0.83515,0.13278199575390767
1000,0.83515,0.025204281415860168
1000,0.83515,-0.20093901146537943
1000,0.83515,0.31218561330073724
1000,0.83515,0.20489280462837964
1000,0.83515,0.012956730326844499
1000,0.83515,-0.1599087509752577
1000,0.83515,-0.1139512462268363
1000,0.83515,-0.16140663919772405
1000,0.83515,-0.06028127121944814
1000,0.83515,-0.08248914195771476
1000,0.83515,0.2890651834929738
1000,0.83515,0.20296326137865725
1000,0.83515,-0.08895811583434368
1000,0.83515,-0.1784167938382466
1000,0.83515,-0.18828508672680652
1000,0.83515,0.1906511550650196
1000,0.83515,-0.11434691347702823
1000,0.83515,-0.06130229501614023
1000,0.83515,-0.19815673696321395
1000,0.83515,0.0898817846868228
1000,0.83515,-0.09535174397225747
1000,0.83515,0.0922716582453953
1000,0.83515,-0.014562050366431567
1000,0.83515,0.23008430719744283
1000,0.83515,0.10953197586909239
1000,0.83515,0.14591239077195875
1000,0.83515,0.040917347927929164
1000,0.83515,0.0804150292735312
1000,0.83515,-0.04177565887703968
1000,0.83515,-0.14671192025148247
1000,0.83515,-0.07962538047085674
1000,0.83515,0.03568793684051921
1000,0.83515,-0.13451775051776516
1000,0.83515,0.037887139867711854
1000,0.83515,0.17121693611222083
1000,0.83515,-0.12270016277660467
1000,0.83515,0.029113587839053857
1000,0.83515,0.15440318171965287
1000,0.83515,0.04616623565464865
1000,0.83515,0.10921847118846562
1000,0.83515,-0.1481879888217988
1000,0.83515,-0.09998732207239291
1000,0.83515,-0.09479720550760232
1000,0.83515,0.04126305666523423
1000,0.83515,0.12917811290141876
1000,0.83515,0.053469147733648345
1000,0.83515,-0.06116829338007408
1000,0.83515,0.20227642786155609
1000,0.83515,0.07159547944972977
1000,0.83515,-0.027963106683859075
1000,0.83515,-0.11610533954029431
1000,0.83515,0.24966961573526525
1000,0.83515,0.0712298201499048
1000,0.83515,-0.17226099804883147
1000,0.83515,-0.03338823998051112
1000,0.83515,0.09527461131828865
1000,0.83515,-0.06476772144642878
1000,0.83515,-0.13678430217275575
1000,0.83515,0.08525500835701547
1000,0.83515,0.01601136518324682
1000,0.83515,0.043598978351397734
1000,0.83515,-0.17585890563601642
1000,0.83515,-0.1360228110390692
1000,0.83515,0.05833586904685273
1000,0.83515,-0.06201616364628437
1000,0.83515,0.26672229190336205
1000,0.83515,0.12762227572844143
1000,0.83515,0.28957668424057387
1000,0.83515,-0.16420857622863014
1000,0.83515,0.12316609815981275
1000,0.83515,-0.14944759502385774
1000,0.83515,-0.12364429020694648
1000,0.83515,-0.0001753476422943149
1000,0.83515,-0.16526372295045394
1000,0.83515,-0.07188666537084765
1000,0.83515,0.015803310196305657
1000,0.83515,-0.004809164468102936
1000,0.83515,-0.10548843104050021
1000,0.83515,-0.09647898627989891
1000,0.83515,-0.12496334593314304
1000,0.83515,-0.08842341678140073
1000,0.83515,0.14980049065615741
1000,0.83515,0.07096831193748879
1000,0.83515,0.2561519253161787
1000,0.83515,0.11534401092044376
1000,0.83515,-0.22371012971424303
1000,0.83515,0.08835959917893023
1000,0.83515,0.1839826625712029
1000,0.83515,0.19452227266199318
1000,0.83515,0.0031509488353777325
1000,0.83515,0.17826329752772666
1000,0.83515,-0.07240243479939767
1000,0.83515,-0.05969590854772693
1000,0.83515,-0.08922274581530353
1000,0.83515,-0.10783021858084732
1000,0.83515,-0.1799466177339979
1000,0.83515,0.23599800776700416
1000,0.83515,0.14659522953478393
1000,0.83515,-0.15986674791588854
1000,0.83515,0.13318268406058792
1000,0.83515,0.021492220061913966
1000,0.83515,-0.19880522324638544
1000,0.83515,0.3051088380563703
1000,0.83515,0.20650631096676073
1000,0.83515,0.013018022482142755
1000,0.83515,-0.16372254921122129
1000,0.83515,-0.11223292128496512
1000,0.83515,-0.1644040696786165
1000,0.83515,-0.05814959431736862
1000,0.83515,-0.08179155501031989
1000,0.83515,0.2911126982104993
1000,0.83515,0.20580077396635496
1000,0.83515,-0.09282172359357961
1000,0.83515,-0.17991501383572064
1000,0.83515,-0.18793627235915716
1000,0.83515,0.1905574902273383
1000,0.83515,-0.11463087910184269
1000,0.83515,-0.06229786000350193
1000,0.83515,-0.19777908971835734
1000,0.83515,0.08755432188546931
1000,0.83515,-0.09285907771529733
1000,0.83515,0.0915207194751982
1000,0.83515,-0.017672727157887397
1000,0.83515,0.23262805139178994
1000,0.83515,0.10860236482267598
1000,0.83515,0.14316888248580628
1000,0.83515,0.03910950076549359
1000,0.83515,0.07644119156591404
1000,0.83515,-0.03998069444027929
1000,0.83515,-0.14368169329240843
1000,0.83515,-0.08025695050651073
1000,0.83515,0.03550756557625799
1000,0.83515,-0.13473020397637903
1000,0.83515,0.039216425797282635
1000,0.83515,0.16968914238364818
1000,0.83515,-0.12156249574078301
1000,0.83515,0.0241537563417289
1000,0.83515,0.15130131152973272
1000,0.83515,0.04560447580281128
1000,0.83515,0.11294995861346478
1000,0.83515,-0.14664177087143218
1000,0.83515,-0.09737176116690688
1000,0.83515,-0.09553310419041512
1000,0.83515,0.03640915923544643
1000,0.83515,0.12475284222374049
1000,0.83515,0.05153473084814323
1000,0.83515,-0.05888496353153153
1000,0.83515,0.2050837236997408
1000,0.83515,0.0757101155440296
1000,0.83515,-0.026329643755611577
1000,0.83515,-0.11671607068629798
1000,0.83515,0.2520611227223157
1000,0.83515,0.07044117951956665
1000,0.83515,-0.17537132558805754
1000,0.83515,-0.036245565466832025
1000,0.83515,0.09887899329638682
1000,0.83515,-0.059412337676998696
1000,0.83515,-0.13082080359758477
1000,0.83515,0.08915624490293245
1000,0.83515,0.01735811763948523
1000,0.83515,0.047631432179975126
1000,0.83515,-0.17416089223473089
1000,0.83515,-0.13771919559951384
1000,0.83515,0.059198638074396404
1000,0.83515,-0.06283844825077589
1000,0.83515,0.27046318257434226
1000,0.83515,0.1264944670752078
1000,0.83515,0.2885074953805822
1000,0.83515,-0.1640611997184541
1000,0.83515,0.11880431580718531
1000,0.83515,-0.1512424231936307
1000,0.83515,-0.12103254675904333
1000,0.83515,0.004522239483218497
1000,0.83515,-0.16845265686756833
1000,0.83515,-0.07295575943957607
1000,0.83515,0.015781667463435695
1000,0.83515,-0.009430610140455877
1000,0.83515,-0.10616768652827205
1000,0.83515,-0.09570455090891378
1000,0.83515,-0.12385720416510689
1000,0.83515,-0.08585997067183523
1000,0.83515,0.15289660229983149
1000,0.83515,0.06871038564837398
1000,0.83515,0.2536949438155932
1000,0.83515,0.11136116554614889
1000,0.83515,-0.2202452925367198
1000,0.83515,0.08919858419778882
1000,0.83515,0.1836478998760906
1000,0.83515,0.1958337945044692
1000,0.83515,0.0032169169081227304
1000,0.83515,0.1797627041165237
1000,0.83515,-0.07338053943199808
1000,0.83515,-0.06085540157360146
1000,0.83515,-0.08985666823396929
1000,0.83515,-0.10361139169701644
1000,0.83515,-0.18151357939046495
1000,0.83515,0.23529718445336303
1000,0.83515,0.14691117835249914
1000,0.83515,-0.16306937130257934
1000,0.83515,0.1303646940085008
1000,0.83515,0.02263529548649796
1000,0.83515,-0.19691318854566423
1000,0.83515,0.303927305010994
1000,0.83515,0.20776250582128367
1000,0.83515,0.012965900029787017
1000,0.83515,-0.16845013374869316
1000,0.83515,-0.10811174625739325
1000,0.83515,-0.16733662132509083
1000,0.83515,-0.06243751728825758
1000,0.83515,-0.0781705192573574
1000,0.83515,0.29002561744023353
1000,0.83515,0.2071533849350037
1000,0.83515,-0.09339442498419435
1000,0.83515,-0.18145505801023107
1000,0.83515,-0.18905720785635188
1000,0.83515,0.19020965300496218
1000,0.83515,-0.11501077723123401
1000,0.83515,-0.06143852363442808
1000,0.83515,-0.19573199940811317
1000,0.83515,0.08047990704731295
1000,0.83515,-0.08864896404253834
1000,0.83515,0.09058649032640903
1000,0.83515,-0.01732504986605476
1000,0.83515,0.2334083643658956
1000,0.83515,0.10935649985711246
1000,0.83515,0.14363611289962566
1000,0.83515,0.04322215763501028
1000,0.83515,0.07739492085459718
1000,0.83515,-0.04086205718572935
1000,0.83515,-0.1453169500698852
1000,0.83515,-0.08127958460750338
1000,0.83515,0.036625302440117066
1000,0.83515,-0.1349284225315025
1000,0.83515,0.03877114223145191
1000,0.83515,0.1743439012201268
1000,0.83515,-0.1220880142353198
1000,0.83515,0.028563050724459176
1000,0.83515,0.15318594833709132
1000,0.83515,0.0483990988611933
1000,0.83515,0.1105363833011426
1000,0.83515,-0.14522030236622607
1000,0.83515,-0.0977993499568672
1000,0.83515,-0.0943852673745262
1000,0.83515,0.037741459711752294
1000,0.83515,0.12494600580483467
1000,0.83515,0.052744346650252495
1000,0.83515,-0.05691836716842253
1000,0.83515,0.2014725934150659
1000,0.83515,0.07660931432443838
1000,0.83515,-0.027698519792452782
1000,0.83515,-0.11729780617670904
1000,0.83515,0.2545042332116366
1000,0.83515,0.0712403335940805
1000,0.83515,-0.17398784772584963
1000,0.83515,-0.037246292057272985
1000,0.83515,0.09507507313482452
1000,0.83515,-0.05869347363047902
1000,0.83515,-0.1263588015052491
1000,0.83515,0.09156478785501367
1000,0.83515,0.0158362549511661
1000,0.83515,0.04888215263807203
1000,0.83515,-0.17094972923345336
1000,0.83515,-0.1395997482632228
1000,0.83515,0.058735058386672485
1000,0.83515,-0.06052101494950447
1000,0.83515,0.27111998898935413
1000,0.83515,0.1250148257924253
1000,0.83515,0.29213172983282887
1000,0.83515,-0.16583304531558016
1000,0.83515,0.11755797995243877
1000,0.83515,-0.14836269934620178
1000,0.83515,-0.12473711684765303
1000,0.83515,0.009295307513676085
1000,0.83515,-0.16845252992978196
1000,0.83515,-0.07699263780110817
1000,0.83515,0.013958260634630548
1000,0.83515,-0.009541263259716196
1000,0.83515,-0.10964874606717136
1000,0.83515,-0.09497961337291529
1000,0.83515,-0.12096676081747564
1000,0.83515,-0.0835886713534496
1000,0.83515,0.14666263146442754
1000,0.83515,0.06954274468728132
1000,0.83515,0.25424796375397013
1000,0.83515,0.10719837834515726
1000,0.83515,-0.2226564755187466
1000,0.83515,0.08663592900069833
1000,0.83515,0.1820487744916784
1000,0.83515,0.19569769593342654
1000,0.83515,0.006161662263447165
1000,0.83515,0.18593556522053534
1000,0.83515,-0.07091542669686347
1000,0.83515,-0.06024040089885909
1000,0.83515,-0.08742082221628628
1000,0.83515,-0.10736259040246496
1000,0.83515,-0.18465002518759008
1000,0.83515,0.2362988810029892
1000,0.83515,0.145698079203814
1000,0.83515,-0.1586319932490376
1000,0.83515,0.13078859303063947
1000,0.83515,0.02560606678707243
1000,0.83515,-0.19327846179038805
1000,0.83515,0.3026815868735337
1000,0.83515,0.20258455758508448
1000,0.83515,0.012997374950682187
1000,0.83515,-0.1669271562811559
1000,0.83515,-0.10725950517430204
1000,0.83515,-0.1656940043510427
1000,0.83515,-0.058304107135889335
1000,0.83515,-0.07811506611171047
1000,0.83515,0.2891792867331081
1000,0.83515,0.20330134065107291
1000,0.83515,-0.09606956208855573
1000,0.83515,-0.1816255958121454
1000,0.83515,-0.18865332383888228
1000,0.83515,0.1829567835060821
1000,0.83515,-0.11695415652945386
1000,0.83515,-0.0626941787951258
1000,0.83515,-0.19576345985717084
1000,0.83515,0.08278659403746133
1000,0.83515,-0.08559007143867638
1000,0.83515,0.09150898565042058
1000,0.83515,-0.020329490228687335
1000,0.83515,0.23148572589357086
1000,0.83515,0.10868566330959033
1000,0.83515,0.13871395558403377
1000,0.83515,0.04022357042682822
1000,0.83515,0.07753225085491557
1000,0.83515,-0.04210228816830205
1000,0.83515,-0.14382835510452985
1000,0.83515,-0.0823117181021468
1000,0.83515,0.03212968693202219
1000,0.83515,-0.12783643744261042
1000,0.83515,0.04152497716302773
1000,0.83515,0.1699488461465854
1000,0.83515,-0.12062825748270518
1000,0.83515,0.029426335864185086
1000,0.83515,0.15845100036369625
1000,0.83515,0.04956151595447473
1000,0.83515,0.11302727986852253
1000,0.83515,-0.14774992547011212
1000,0.83515,-0.09910640962528254
1000,0.83515,-0.09176442602515233
1000,0.83515,0.037685507206453
1000,0.83515,0.1290442959377441
1000,0.83515,0.05389955231188174
1000,0.83515,-0.0561428277367485
1000,0.83515,0.20077908824440002
1000,0.83515,0.07728645153222044
1000,0.83515,-0.02685202603302351
1000,0.83515,-0.11640353224444161
1000,0.83515,0.2556778481747778
1000,0.83515,0.06854984373089637
1000,0.83515,-0.17747092216996357
1000,0.83515,-0.03474400696503354
1000,0.83515,0.09794705684737487
1000,0.83515,-0.056800735573877256
1000,0.83515,-0.12331360261070536
1000,0.83515,0.09437097073778442
1000,0.83515,0.01594026989492258
1000,0.83515,0.04491837533332721
1000,0.83515,-0.17101176619156191
1000,0.83515,-0.14374339735525982
1000,0.83515,0.05646174327877995
1000,0.83515,-0.05777609615585444
1000,0.83515,0.2738680946998918
1000,0.83515,0.13058189250369356
1000,0.83515,0.29419221677123253
1000,0.83515,-0.16772215497657514
1000,0.83515,0.12173705000311534
1000,0.83515,-0.14671525933238214
1000,0.83515,-0.12553107134195382
1000,0.83515,0.007071003608951563
1000,0.83515,-0.17009665107724856
1000,0.83515,-0.07939523777072102
1000,0.83515,0.013656172824342486
1000,0.83515,-0.010023655822241483
1000,0.83515,-0.10832767552452471
1000,0.83515,-0.09079187419370845
1000,0.83515,-0.12198979400590448
1000,0.83515,-0.08219463387943675
1000,0.83515,0.1450263237375801
1000,0.83515,0.07021406232650391
1000,0.83515,0.25314466883643966
1000,0.83515,0.10238719033495396
1000,0.83515,-0.22768555358797662
1000,0.83515,0.08951818599906765
1000,0.83515,0.1808796717763975
1000,0.83515,0.19837423663948592
1000,0.83515,0.007931335454754499
1000,0.83515,0.18226546043691383
1000,0.83515,-0.07186704025567885
1000,0.83515,-0.05664920689792235
1000,0.83515,-0.08705430820060187
1000,0.83515,-0.10923853812912891
1000,0.83515,-0.18831589958600325
1000,0.83515,0.23338854441846674
1000,0.83515,0.14793789601127227
1000,0.83515,-0.16038295735528513
1000,0.83515,0.13194286694129606
1000,0.83515,0.030977006749265602
1000,0.83515,-0.18865718141076868
1000,0.83515,0.29909207987523806
1000,0.83515,0.205855054993489
1000,0.83515,0.013130249759088872
1000,0.83515,-0.170994726446506
1000,0.83515,-0.10750323882263922
1000,0.83515,-0.16584669584985137
1000,0.83515,-0.056454167388838704
1000,0.83515,-0.08052498379423738
1000,0.83515,0.2861464974217862
1000,0.83515,0.20304687918195882
1000,0.83515,-0.10031929112761924
1000,0.83515,-0.1764829477625657
1000,0.83515,-0.19012619283156015
1000,0.83515,0.18302201338377938
1000,0.83515,-0.11793324525005655
1000,0.83515,-0.0655284125059991
1000,0.83515,-0.1971050395132305
1000,0.83515,0.08283878009918731
1000,0.83515,-0.08786019900031304
1000,0.83515,0.08936811779662847
1000,0.83515,-0.0234598887100633
1000,0.83515,0.23459854038750064
1000,0.83515,0.11237446722248502
1000,0.83515,0.14096680192774383
1000,0.83515,0.041081485685826494
1000,0.83515,0.07734606418813406
1000,0.83515,-0.04505909861877302
1000,0.83515,-0.1454617642873894
1000,0.83515,-0.08153921897500091
1000,0.83515,0.03351724159048757
1000,0.83515,-0.12328493411098956
1000,0.83515,0.042599080962973906
1000,0.83515,0.1734600453094756
1000,0.83515,-0.12313793298995682
1000,0.83515,0.02904956256190847
1000,0.83515,0.16083721123126515
1000,0.83515,0.04995696249365551
1000,0.83515,0.11148099476447174
1000,0.83515,-0.14781075405106894
1000,0.83515,-0.0996919990618454
1000,0.83515,-0.09450087446392
1000,0.83515,0.03843163174039626
1000,0.83515,0.12703062156380482
1000,0.83515,0.05224726145256918
1000,0.83515,-0.055643091662750034
1000,0.83515,0.20092247861683032
1000,0.83515,0.0712435597439576
1000,0.83515,-0.029850211492768855
1000,0.83515,-0.12038180880102584
1000,0.83515,0.25451157066985775
1000,0.83515,0.06573131444676206
1000,0.83515,-0.1774203558649037
1000,0.83515,-0.036272512680257836
1000,0.83515,0.09669055190182727
1000,0.83515,-0.052872068746565665
1000,0.83515,-0.12753445505100583
1000,0.83515,0.09460781712192928
1000,0.83515,0.013663071437626665
1000,0.83515,0.047468346627495196
1000,0.83515,-0.16960732270577822
1000,0.83515,-0.14459862884825747
1000,0.83515,0.05588741698606572
1000,0.83515,-0.053774272611607596
1000,0.83515,0.2710021776073511
1000,0.83515,0.13074846852723945
1000,0.83515,0.29327440288604056
1000,0.83515,-0.1656109070123178
1000,0.83515,0.12352081834359896
1000,0.83515,-0.15225646591680173
1000,0.83515,-0.12918409099443293
1000,0.83515,0.008468499647305389
1000,0.83515,-0.17045343352476583
1000,0.83515,-0.07950283512890412
1000,0.83515,0.011949761344971799
1000,0.83515,-0.0062445629964326035
1000,0.83515,-0.10535086835963858
1000,0.83515,-0.09469942867085286
1000,0.83515,-0.12465988345618349
1000,0.83515,-0.075872961035234
1000,0.83515,0.14355853402297106
1000,0.83515,0.06631333828589037
1000,0.83515,0.2522730115632444
1000,0.83515,0.10351894266867875
1000,0.83515,-0.22716308093705223
1000,0.83515,0.0917433691247829
1000,0.83515,0.18582418066013667
1000,0.83515,0.19789826921981082
1000,0.83515,0.008121983014657995
1000,0.83515,0.1804344563377933
1000,0.83515,-0.06941421742529248
1000,0.83515,-0.05061220196678281
1000,0.83515,-0.08800782092510159
1000,0.83515,-0.10655304918924982
1000,0.83515,-0.19103969656127642
1000,0.83515,0.23405861983600307
1000,0.83515,0.15004707066187836
1000,0.83515,-0.15740477132587702
1000,0.83515,0.12903651696387117
1000,0.83515,0.029103663893709
1000,0.83515,-0.18952351257520303
1000,0.83515,0.29793573716025545
1000,0.83515,0.2077015480014197
1000,0.83515,0.011377765525354848
1000,0.83515,-0.16812577363613002
1000,0.83515,-0.10831841654077021
1000,0.83515,-0.16297459669818964
1000,0.83515,-0.061614983253791764
1000,0.83515,-0.07917519958608801
1000,0.83515,0.2795516564995629
1000,0.83515,0.2022135134203046
1000,0.83515,-0.10286173821654471
1000,0.83515,-0.17843264356972027
1000,0.83515,-0.19156805072966782
1000,0.83515,0.17891436162129618
1000,0.83515,-0.11755389575315241
1000,0.83515,-0.06553879722676596
1000,0.83515,-0.19287758495607354
1000,0.83515,0.08918364179767233
1000,0.83515,-0.08629260744251895
1000,0.83515,0.08937549704749052
1000,0.83515,-0.02547044457999336
1000,0.83515,0.23496069901572808
1000,0.83515,0.10867373589712684
1000,0.83515,0.13376672422325456
1000,0.83515,0.044653239308713004
1000,0.83515,0.07587795676313194
1000,0.83515,-0.046634250923258395
1000,0.83515,-0.14929512902208225
1000,0.83515,-0.08288654084379807
1000,0.83515,0.029245065252535604
1000,0.83515,-0.12572650613124015
1000,0.83515,0.04480425430310469
1000,0.83515,0.1712533310934702
1000,0.83515,-0.11949405087013232
1000,0.83515,0.028573412042336706
1000,0.83515,0.1616731059947462
1000,0.83515,0.04526692114797471
1000,0.83515,0.11158888645180558
1000,0.83515,-0.14269074836627932
1000,0.83515,-0.10204046099913397
1000,0.83515,-0.09787726221456425
1000,0.83515,0.03765276362994937
1000,0.83515,0.13294145697699905
1000,0.83515,0.052668159270210374
1000,0.83515,-0.04952470115423245
1000,0.83515,0.2015748359792913
1000,0.83515,0.07012063309420453
1000,0.83515,-0.024599693391290714
1000,0.83515,-0.12042721883828558
1000,0.83515,0.2558324987576205
1000,0.83515,0.06413773139807047
1000,0.83515,-0.17625746669002965
1000,0.83515,-0.04011200808295875
1000,0.83515,0.10153404764822671
1000,0.83515,-0.04811162322338624
1000,0.83515,-0.12503981192008437
1000,0.83515,0.08991291081716873
1000,0.83515,0.013038663858605358
1000,0.83515,0.04766366120312761
1000,0.83515,-0.16530646045681852
1000,0.83515,-0.1450035325687621
1000,0.83515,0.05903570429876657
1000,0.83515,-0.052296838225190066
1000,0.83515,0.272338681543405
1000,0.83515,0.1332739137951739
1000,0.83515,0.2915605905597887
1000,0.83515,-0.16328588064535737
1000,0.83515,0.12288273422215668
1000,0.83515,-0.15593795444731476
1000,0.83515,-0.12802382556339548
1000,0.83515,0.0030210565884528136
1000,0.83515,-0.17268005400919298
1000,0.83515,-0.08138515854938408
1000,0.83515,0.00897299287875418
1000,0.83515,-0.0049127049809722665
1000,0.83515,-0.10949483901495116
1000,0.83515,-0.09657020679174054
1000,0.83515,-0.12875304075421268
1000,0.83515,-0.08016181533826096
1000,0.83515,0.14288497787197563
1000,0.83515,0.061721546980689705
1000,0.83515,0.25491805817402485
1000,0.83515,0.10005644966158485
1000,0.83515,-0.23199459029222708
1000,0.83515,0.09011109838447383
1000,0.83515,0.18180761150587363
1000,0.83515,0.19947233140233947
1000,0.83515,0.00702788892079784
1000,0.83515,0.17793902413656734
1000,0.83515,-0.06499396311646179
1000,0.83515,-0.05734713059315778
1000,0.83515,-0.08839120654567978
1000,0.83515,-0.10592974280473443
1000,0.83515,-0.18807078139958947
1000,0.83515,0.23400531114420223
1000,0.83515,0.14949561608299364
1000,0.83515,-0.1580533083358969
1000,0.83515,0.12992621989511643
1000,0.83515,0.028130937946174484
1000,0.83515,-0.18399702019206243
1000,0.83515,0.298844542319649
1000,0.83515,0.20490972163119353
1000,0.83515,0.015572126557311763
1000,0.83515,-0.17027308886632786
1000,0.83515,-0.10804528434023786
1000,0.83515,-0.16641354394670738
1000,0.83515,-0.0643064036344754
1000,0.83515,-0.07852036279858755
1000,0.83515,0.2768626504605117
1000,0.83515,0.20051680107864292
1000,0.83515,-0.10363815336064687
1000,0.83515,-0.17848346628027917
1000,0.83515,-0.19278999318273923
1000,0.83515,0.17858890128797703
1000,0.83515,-0.11993244468744971
1000,0.83515,-0.0616280824795113
1000,0.83515,-0.18927016915148367
1000,0.83515,0.09008696674761187
1000,0.83515,-0.08850781971072852
1000,0.83515,0.08877885874568596
1000,0.83515,-0.028174317431104014
1000,0.83515,0.23562208459083617
1000,0.83515,0.1073493049728147
1000,0.83515,0.13059675533722953
1000,0.83515,0.049116223093229945
1000,0.83515,0.07807241133267598
1000,0.83515,-0.044806305927778504
1000,0.83515,-0.1495544294119771
1000,0.83515,-0.08548801417891508
1000,0.83515,0.02394612688837853
1000,0.83515,-0.12431293651568864
1000,0.83515,0.04776968819019487
1000,0.83515,0.17463983637390415
1000,0.83515,-0.1197663710020455
1000,0.83515,0.02850102033305202
1000,0.83515,0.1588325672053189
1000,0.83515,0.04985082855150858
1000,0.83515,0.10744998451107415
1000,0.83515,-0.13792232765918033
1000,0.83515,-0.10068888166673202
1000,0.83515,-0.09713513102821883
1000,0.83515,0.03901123537215798
1000,0.83515,0.13345229991178997
1000,0.83515,0.05238830091062141
1000,0.83515,-0.04879997255566416
1000,0.83515,0.2013823928828304
1000,0.83515,0.069529772643289
1000,0.83515,-0.02298105205507166
1000,0.83515,-0.12370905891673477
1000,0.83515,0.2515284906340236
1000,0.83515,0.06375038338695233
1000,0.83515,-0.17431446529959166
1000,0.83515,-0.041520477484964353
1000,0.83515,0.09913254285939124
1000,0.83515,-0.052500998699569264
1000,0.83515,-0.1250740030260184
1000,0.83515,0.09256086965996438
1000,0.83515,0.014770235036526259
1000,0.83515,0.04392115013146344
1000,0.83515,-0.16182885048558596
1000,0.83515,-0.1468311512144962
1000,0.83515,0.05821883436868517
1000,0.83515,-0.05294214783596579
1000,0.83515,0.2678402294379659
1000,0.83515,0.1323859722516935
1000,0.83515,0.29367046954841497
1000,0.83515,-0.16495301756256484
1000,0.83515,0.11847351480793651
1000,0.83515,-0.15415954204545065
1000,0.83515,-0.12822152278909985
1000,0.83515,0.0017276069553553099
1000,0.83515,-0.17380270286490818
1000,0.83515,-0.08051512123661124
1000,0.83515,0.008857209725606916
1000,0.83515,-0.007745051804038837
1000,0.83515,-0.11139351699975243
1000,0.83515,-0.09423629986250737
1000,0.83515,-0.13077726598512188
1000,0.83515,-0.07901617391746237
1000,0.83515,0.1397472440334899
1000,0.83515,0.06287078250491845
1000,0.83515,0.2573577767508533
1000,0.83515,0.0990034427373305
1000,0.83515,-0.2331168201432088
1000,0.83515,0.09400279188694197
1000,0.83515,0.1828422987436602
1000,0.83515,0.2024666165559208
1000,0.83515,0.009903413850190912
1000,0.83515,0.17944434077892624
1000,0.83515,-0.06425187408596718
1000,0.83515,-0.06007967996429133
1000,0.83515,-0.08566053805366314
1000,0.83515,-0.10994273111121222
1000,0.83515,-0.1864997418382534
1000,0.83515,0.23468080875360806
1000,0.83515,0.1451707051222463
1000,0.83515,-0.15618437177765612
1000,0.83515,0.13323273669226987
1000,0.83515,0.026338488124300886
1000,0.83515,-0.18244851928866873
1000,0.83515,0.30251780096772307
1000,0.83515,0.20615245070143873
1000,0.83515,0.01657625461420278
1000,0.83515,-0.17047529016287316
1000,0.83515,-0.10378849960323451
1000,0.83515,-0.16419466253996629
1000,0.83515,-0.06270494903716725
1000,0.83515,-0.08320235637259804
1000,0.83515,0.27935552042342776
1000,0.83515,0.20555367959333465
1000,0.83515,-0.10303103880599587
1000,0.83515,-0.1760077087623662
1000,0.83515,-0.1915373012543982
1000,0.83515,0.17598344706255836
1000,0.83515,-0.11490926967054486
1000,0.83515,-0.0596164785189098
1000,0.83515,-0.18977965543730105
1000,0.83515,0.09702326508909417
1000,0.83515,-0.08710096409131189
1000,0.83515,0.08633771144293727
1000,0.83515,-0.03203488206005986
1000,0.83515,0.2333132725142729
1000,0.83515,0.10433574016145628
1000,0.83515,0.1322898546821425
1000,0.83515,0.04835011370752978
1000,0.83515,0.07858784139603976
1000,0.83515,-0.04603265930176726
1000,0.83515,-0.15139557099483836
1000,0.83515,-0.08302707102450045
1000,0.83515,0.02395948088274887
1000,0.83515,-0.12202789830539777
1000,0.83515,0.04745790422879986
1000,0.83515,0.17220737502348746
1000,0.83515,-0.12212754826552684
1000,0.83515,0.024596930437260682
1000,0.83515,0.1635852988691493
1000,0.83515,0.04897619287070303
1000,0.83515,0.10440203914368185
1000,0.83515,-0.13963430447971856
1000,0.83515,-0.1052728418720955
1000,0.83515,-0.09938217708747268
1000,0.83515,0.04003010579666681
1000,0.83515,0.1346747585545157
1000,0.83515,0.054483103466443424
1000,0.83515,-0.04615809823143814
1000,0.83515,0.2070191395573623
1000,0.83515,0.07241209125117218
1000,0.83515,-0.021912215334621687
1000,0.83515,-0.12396252376593997
1000,0.83515,0.25826436984749424
1000,0.83515,0.06126054116973884
1000,0.83515,-0.17165491884810347
1000,0.83515,-0.03885812872038431
1000,0.83515,0.10291144211851251
1000,0.83515,-0.047714480485640434
1000,0.83515,-0.1255075871854472
1000,0.83515,0.08950303961661804
1000,0.83515,0.019463009878843827
1000,0.83515,0.047166679489479425
1000,0.83515,-0.15747960442893508
1000,0.83515,-0.14721104803642268
1000,0.83515,0.05908883040940212
1000,0.83515,-0.05030126073795093
1000,0.83515,0.2646074897989568
1000,0.83515,0.13015697403946003
1000,0.83515,0.2999199662772982
1000,0.83515,-0.16434814252436536
1000,0.83515,0.11825478420146832
1000,0.83515,-0.16045888305195571
1000,0.83515,-0.12694437656661403
1000,0.83515,0.0035075424429932105
1000,0.83515,-0.17321325987187644
1000,0.83515,-0.07956746038444952
1000,0.83515,0.008840015792604261
1000,0.83515,-0.0046788339333637225
1000,0.83515,-0.10780260755808846
1000,0.83515,-0.09355137680968448
1000,0.83515,-0.12795254205191053
1000,0.83515,-0.07930658433063623
1000,0.83515,0.1391067460453749
1000,0.83515,0.06342356682831302
1000,0.83515,0.2543600999111837
1000,0.83515,0.09784239855626452
1000,0.83515,-0.234612924968091
1000,0.83515,0.09492369477546289
1000,0.83515,0.18047412185548622
1000,0.83515,0.2025475117366091
1000,0.83515,0.01193541020317688
1000,0.83515,0.1785677397025771
1000,0.83515,-0.060533481606371994
1000,0.83515,-0.05608245904981123
1000,0.83515,-0.08315183276599834
1000,0.83515,-0.10946543754146991
1000,0.83515,-0.18920151420023468
1000,0.83515,0.2360677979164599
1000,0.83515,0.14217985902606073
1000,0.83515,-0.15640370319425098
1000,0.83515,0.13467185662386336
1000,0.83515,0.020164488523170647
1000,0.83515,-0.17969509349190793
1000,0.83515,0.3004222653428936
1000,0.83515,0.20496315439997398
1000,0.83515,0.01679223899886377
1000,0.83515,-0.17357556655902295
1000,0.83515,-0.10129806872371447
1000,0.83515,-0.16523794099355893
1000,0.83515,-0.06561224872094014
1000,0.83515,-0.08172126071851708
1000,0.83515,0.2770362351577734
1000,0.83515,0.2045049507981546
1000,0.83515,-0.10244235567187233
1000,0.83515,-0.17955956914561486
1000,0.83515,-0.19134391840522416
1000,0.83515,0.17217104164325042
1000,0.83515,-0.11017458131309056
1000,0.83515,-0.06408332856725302
1000,0.83515,-0.18750649517988663
1000,0.83515,0.09723782673521557
1000,0.83515,-0.09147570469786645
1000,0.83515,0.08668332582001272
1000,0.83515,-0.030926687295862735
1000,0.83515,0.2346970236634191
1000,0.83515,0.10271662032922856
1000,0.83515,0.1337165776480084
1000,0.83515,0.04805422922885633
1000,0.83515,0.07982209247614608
1000,0.83515,-0.04939506322294821
1000,0.83515,-0.15343109401398794
1000,0.83515,-0.08570009078455725
1000,0.83515,0.02493402059346011
1000,0.83515,-0.11887553637146744
1000,0.83515,0.04742020364704574
1000,0.83515,0.17325483549940074
1000,0.83515,-0.12931656083159945
1000,0.83515,0.026554212449805895
1000,0.83515,0.16307769974346661
1000,0.83515,0.05042915322325814
1000,0.83515,0.1035963090770431
1000,0.83515,-0.14333638779186184
1000,0.83515,-0.11096582331146604
1000,0.83515,-0.10524196265816166
1000,0.83515,0.03745047457993018
1000,0.83515,0.13273463482475897
1000,0.83515,0.055799465896088
1000,0.83515,-0.04857027822181189
1000,0.83515,0.202754315325235
1000,0.83515,0.07376724177930724
1000,0.83515,-0.020573521818278602
1000,0.83515,-0.12053060249678434
1000,0.83515,0.255926140024799
1000,0.83515,0.058431274408171384
1000,0.83515,-0.16790665141422692
1000,0.83515,-0.035018125427152484
1000,0.83515,0.10636801126000724
1000,0.83515,-0.049261545239954095
1000,0.83515,-0.12796127738915658
1000,0.83515,0.08342299136989167
1000,0.83515,0.020556402532666804
1000,0.83515,0.04632894811634743
1000,0.83515,-0.15354806359626644
1000,0.83515,-0.14543694109442298
1000,0.83515,0.06050174839632458
1000,0.83515,-0.0504147955540958
1000,0.83515,0.26470012694571027
1000,0.83515,0.1283482950298476
1000,0.83515,0.2998594995411802
1000,0.83515,-0.16310885006596107
1000,0.83515,0.1152388097343044
1000,0.83515,-0.16258802717337048
1000,0.83515,-0.12534675872909706
1000,0.83515,0.0028299656926954087
1000,0.83515,-0.17043405106544826
1000,0.83515,-0.07834746316314092
1000,0.83515,0.0037053986414097395
1000,0.83515,-0.005955181588818344
1000,0.83515,-0.11045479014845243
1000,0.83515,-0.09452888158704616
1000,0.83515,-0.12734025995470882
1000,0.83515,-0.08066149202943577
1000,0.83515,0.13666987984332357
1000,0.83515,0.06346020837757814
1000,0.83515,0.2496134517197363
1000,0.83515,0.09483834210006582
1000,0.83515,-0.23607397796225593
1000,0.83515,0.09751066173266444
1000,0.83515,0.1781399277063823
1000,0.83515,0.20892569411556727
1000,0.83515,0.011495829828591516
1000,0.83515,0.1698807997864395
1000,0.83515,-0.059557393594375105
1000,0.83515,-0.057393274178243615
1000,0.83515,-0.082857414813627
1000,0.83515,-0.11193634475275277
1000,0.83515,-0.18361925360973266
1000,0.83515,0.23333334638241218
1000,0.83515,0.14121668722964623
1000,0.83515,-0.1616885721312195
1000,0.83515,0.1329482722205076
1000,0.83515,0.023522217649884068
1000,0.83515,-0.17991505697247176
1000,0.83515,0.3027723093339544
1000,0.83515,0.19996254594146878
1000,0.83515,0.014591201992614765
1000,0.83515,-0.16649905060138015
1000,0.83515,-0.10005304180249068
1000,0.83515,-0.16596869762866837
1000,0.83515,-0.07061947416704208
1000,0.83515,-0.07905703425081448
1000,0.83515,0.2747179412730628
1000,0.83515,0.20584059615250935
1000,0.83515,-0.10707128601314948
1000,0.83515,-0.18336443406180938
1000,0.83515,-0.1943633225426117
1000,0.83515,0.17525177710849818
1000,0.83515,-0.10824451585631242
1000,0.83515,-0.06147845932082322
1000,0.83515,-0.18478263450010748
1000,0.83515,0.09669675879909632
1000,0.83515,-0.09710854683502536
1000,0.83515,0.08545356515356035
1000,0.83515,-0.02659037502167628
1000,0.83515,0.23611853931568877
1000,0.83515,0.10023775350191995
1000,0.83515,0.1298359409131058
1000,0.83515,0.0430461817763066
1000,0.83515,0.08777187223420246
1000,0.83515,-0.04847924788451153
1000,0.83515,-0.1500399963381455
1000,0.83515,-0.08774580301590092
1000,0.83515,0.01897848120345183
1000,0.83515,-0.117348786935283
1000,0.83515,0.04241882927473853
1000,0.83515,0.17439145092669817
1000,0.83515,-0.12769233175292585
1000,0.83515,0.03028984652263683
1000,0.83515,0.161263066967803
1000,0.83515,0.045750518857590156
1000,0.83515,0.10346612007501893
1000,0.83515,-0.1442496681384868
1000,0.83515,-0.11639353314927123
1000,0.83515,-0.10982740783302113
1000,0.83515,0.038692093469050906
1000,0.83515,0.13299351220219274
1000,0.83515,0.055487771679611414
1000,0.83515,-0.046258035798007184
1000,0.83515,0.1976388881030401
1000,0.83515,0.07314300968933743
1000,0.83515,-0.020235546342752583
1000,0.83515,-0.12485650592321476
1000,0.83515,0.25573182971255565
1000,0.83515,0.05758097898378528
1000,0.83515,-0.16893893066913743
1000,0.83515,-0.03440184045777814
1000,0.83515,0.11247606566149095
1000,0.83515,-0.049514775475532756
1000,0.83515,-0.1234210587624913
1000,0.83515,0.08294090485485675
1000,0.83515,0.02333858965546496
1000,0.83515,0.04749724003061076
1000,0.83515,-0.15615385767744086
1000,0.83515,-0.14294607045920135
1000,0.83515,0.06322026349148507
1000,0.83515,-0.04876519587955937
1000,0.83515,0.26764571483419775
1000,0.83515,0.12578040029696164
1000,0.83515,0.2991364928645253
1000,0.83515,-0.15783779161519929
1000,0.83515,0.11393538524817416
1000,0.83515,-0.16181376356211438
1000,0.83515,-0.12311994720101568
1000,0.83515,0.005249937863423103
1000,0.83515,-0.17106213017319774
1000,0.83515,-0.07979059663815258
1000,0.83515,0.0007341580121996101
1000,0.83515,-0.004941849012207254
1000,0.83515,-0.10959727277488768
1000,0.83515,-0.09072801031691076
1000,0.83515,-0.12935530382769855
1000,0.83515,-0.07412249642358808
1000,0.83515,0.13616840313820186
1000,0.83515,0.065225289696867
1000,0.83515,0.2512081635009632
1000,0.83515,0.09936495234510971
1000,0.83515,-0.23708204121798926
1000,0.83515,0.09072495720133168
1000,0.83515,0.1775025464013151
1000,0.83515,0.2052626828624291
1000,0.83515,0.012311802299024788
1000,0.83515,0.17040388238961332
1000,0.83515,-0.0618503857296928
1000,0.83515,-0.059239301074464644
1000,0.83515,-0.08548109991561383
1000,0.83515,-0.11369817006244064
1000,0.83515,-0.18309215989483196
1000,0.83515,0.2359108143735771
1000,0.83515,0.13721901241061113
1000,0.83515,-0.1610667868432238
1000,0.83515,0.13230239313331063
1000,0.83515,0.025765862169652102
1000,0.83515,-0.17758709664685263
1000,0.83515,0.2966534078686416
1000,0.83515,0.20000068762087742
1000,0.83515,0.013622593655819856
1000,0.83515,-0.16880667812065764
1000,0.83515,-0.09973019258618573
1000,0.83515,-0.16368471324296113
1000,0.83515,-0.06856446396289413
1000,0.83515,-0.07683715650100073
1000,0.83515,0.2750651679688651
1000,0.83515,0.2049134759507181
1000,0.83515,-0.107542294125596
1000,0.83515,-0.1827236577730023
1000,0.83515,-0.1992047064546441
1000,0.83515,0.1768226389353647
1000,0.83515,-0.10880837376985568
1000,0.83515,-0.06097680201402331
1000,0.83515,-0.18609635438857833
1000,0.83515,0.09733018211919298
1000,0.83515,-0.09622311586874784
1000,0.83515,0.08733371080353804
1000,0.83515,-0.022526785844852317
1000,0.83515,0.24013624014522839
1000,0.83515,0.09719499291272655
1000,0.83515,0.12996208804091733
1000,0.83515,0.04017560620260552
1000,0.83515,0.08543918892016523
1000,0.83515,-0.04986289971665678
1000,0.83515,-0.15161101403828914
1000,0.83515,-0.08793879245145032
1000,0.83515,0.017371808450076673
1000,0.83515,-0.11407347134466805
1000,0.83515,0.04339040236940115
1000,0.83515,0.17101272527789405
1000,0.83515,-0.13129755478533717
1000,0.83515,0.030372875115837035
1000,0.83515,0.16275308938575975
1000,0.83515,0.04717506837356186
1000,0.83515,0.10236594096639566
1000,0.83515,-0.14640525249235511
1000,0.83515,-0.11579101438627867
1000,0.83515,-0.11054387804310459
1000,0.83515,0.03979080915078548
1000,0.83515,0.13676660395601067
1000,0.83515,0.05846883310240531
1000,0.83515,-0.04941320362845495
1000,0.83515,0.19570879080006515
1000,0.83515,0.07389445103399941
1000,0.83515,-0.01948698447741945
1000,0.83515,-0.12212637335271598
1000,0.83515,0.25995993269658035
1000,0.83515,0.05836250074125049
1000,0.83515,-0.17559665401438077
1000,0.83515,-0.03229658930718116
1000,0.83515,0.1110340505305291
1000,0.83515,-0.05025804651706408
1000,0.83515,-0.12400918084525225
1000,0.83515,0.08149415047615687
1000,0.83515,0.026895546176001924
1000,0.83515,0.05081576119689268
1000,0.83515,-0.15495326804936052
1000,0.83515,-0.14182191645752082
1000,0.83515,0.0605446149278857
1000,0.83515,-0.04963182535937031
1000,0.83515,0.264420000843527
1000,0.83515,0.12242232087340227
1000,0.83515,0.2995233818709389
1000,0.83515,-0.15396611729546125
1000,0.83515,0.11578568821870795
1000,0.83515,-0.15709659574669949
1000,0.83515,-0.12492809699401049
1000,0.83515,0.005348725167784195
1000,0.83515,-0.17153560898672607
1000,0.83515,-0.08063581430779101
1000,0.83515,0.005765919680697142
1000,0.83515,-0.00653373891908386
1000,0.83515,-0.1053341935985283
1000,0.83515,-0.09474306176612626
1000,0.83515,-0.1299443560751718
1000,0.83515,-0.07295709865701869
1000,0.83515,0.1366291357251304
1000,0.83515,0.06687380427703668
1000,0.83515,0.24957587049315408
1000,0.83515,0.09823202342293204
1000,0.83515,-0.23485803213778006
1000,0.83515,0.08818984286684516
1000,0.83515,0.1756503134676547
1000,0.83515,0.20633589585909015
1000,0.83515,0.0070152353929920945
1000,0.83515,0.171793562711656
1000,0.83515,-0.060286422503416585
1000,0.83515,-0.057044724981089145
1000,0.83515,-0.08668203246187761
1000,0.83515,-0.11369186731551906
1000,0.83515,-0.17608891409074906
1000,0.83515,0.23877941379754725
1000,0.83515,0.1358355851505773
1000,0.83515,-0.16306844669907053
1000,0.83515,0.13408651133412353
1000,0.83515,0.023221709199532762
1000,0.83515,-0.1791329329441094
1000,0.83515,0.2958070606456371
1000,0.83515,0.19795401577887495
1000,0.83515,0.018520876079281903
1000,0.83515,-0.16854636657122285
1000,0.83515,-0.0990394095381859
1000,0.83515,-0.16251431370500224
1000,0.83515,-0.06983414707243434
1000,0.83515,-0.07557787452284725
1000,0.83515,0.2795531011515274
1000,0.83515,0.20847978048966534
1000,0.83515,-0.1022046643384639
1000,0.83515,-0.18489258791658436
1000,0.83515,-0.1995613888666847
1000,0.83515,0.1806115097751919
1000,0.83515,-0.10861995151465317
1000,0.83515,-0.059425921755410935
1000,0.83515,-0.17978110902117006
1000,0.83515,0.10226033527417079
1000,0.83515,-0.09313842987456376
1000,0.83515,0.0891159107381961
1000,0.83515,-0.02284047584173417
1000,0.83515,0.2400171513921204
1000,0.83515,0.09550077539166321
1000,0.83515,0.12732442461979984
1000,0.83515,0.043788994912416834
1000,0.83515,0.08414154514640988
1000,0.83515,-0.05334834093994811
1000,0.83515,-0.15201095348711235
1000,0.83515,-0.08770357594691966
1000,0.83515,0.019305990946084813
1000,0.83515,-0.11321520368907537
1000,0.83515,0.045595146189888136
1000,0.83515,0.17280900302192378
1000,0.83515,-0.12635614019706576
1000,0.83515,0.03137413133367298
1000,0.83515,0.1653221973511406
1000,0.83515,0.05097294969803939
1000,0.83515,0.1040877863135908
1000,0.83515,-0.14597832061625288
1000,0.83515,-0.1214492797746257
1000,0.83515,-0.10888455379461436
1000,0.83515,0.03837561345971803
1000,0.83515,0.1358372392910583
1000,0.83515,0.06525273484770609
1000,0.83515,-0.0448330113305861
1000,0.83515,0.19089552533696771
1000,0.83515,0.07095195622512088
1000,0.83515,-0.017100507314117667
1000,0.83515,-0.1252683140722863
1000,0.83515,0.25928938768107096
1000,0.83515,0.05238110559412498
1000,0.83515,-0.17646509194535773
1000,0.83515,-0.03318632407997306
1000,0.83515,0.1093642853381192
1000,0.83515,-0.052465759630248604
1000,0.83515,-0.123906096459968
1000,0.83515,0.0814317265464262
1000,0.83515,0.030805650204390907
1000,0.83515,0.04994628899844996
1000,0.83515,-0.15590697696011957
1000,0.83515,-0.14462491309268116
1000,0.83515,0.062467522417707415
1000,0.83515,-0.050276858586077104
1000,0.83515,0.2641239427330509
1000,0.83515,0.12013284625460616
1000,0.83515,0.29586096671014117
1000,0.83515,-0.15594635464106113
1000,0.83515,0.11399683449297995
1000,0.83515,-0.152757187765399
1000,0.83515,-0.1257328401009204
1000,0.83515,0.0057573866959540485
1000,0.83515,-0.17038457226225381
1000,0.83515,-0.08188226516712611
1000,0.83515,0.006003498023387491
1000,0.83515,-0.008800168119169055
1000,0.83515,-0.10304446253206961
1000,0.83515,-0.09108677416733392
1000,0.83515,-0.13233722852079824
1000,0.83515,-0.07447559162016176
1000,0.83515,0.13708371657992435
1000,0.83515,0.07019390780397944
1000,0.83515,0.24936006455754295
1000,0.83515,0.09773674385104017
1000,0.83515,-0.2333819059309718
1000,0.83515,0.0909110333853189
1000,0.83515,0.17574938605859458
1000,0.83515,0.20158238331214381
1000,0.83515,0.0058883866124221735
1000,0.83515,0.17895221773721862
1000,0.83515,-0.055994064652828315
1000,0.83515,-0.05537076320839998
1000,0.83515,-0.08792587627030007
1000,0.83515,-0.11634070740380713
1000,0.83515,-0.1747352001058242
1000,0.83515,0.23860239802238312
1000,0.83515,0.13174101466418808
1000,0.83515,-0.16343554841583197
1000,0.83515,0.138606326497276
1000,0.83515,0.027353904237069182
1000,0.83515,-0.17828968481657917
1000,0.83515,0.2979169577716871
1000,0.83515,0.2015642996529734
1000,0.83515,0.025660059406934877
1000,0.83515,-0.16905145593961618
1000,0.83515,-0.09920888473617062
1000,0.83515,-0.15943552231217406
1000,0.83515,-0.07201007948310632
1000,0.83515,-0.07679438608379137
1000,0.83515,0.28357346044286824
1000,0.83515,0.21144353048778997
1000,0.83515,-0.10162053312134078
1000,0.83515,-0.18668842489628407
1000,0.83515,-0.19705730112297007
1000,0.83515,0.1804503796770305
1000,0.83515,-0.11077021256865362
1000,0.83515,-0.06091522158276327
1000,0.83515,-0.183040226992231
1000,0.83515,0.10128193959251833
1000,0.83515,-0.09710425870215235
1000,0.83515,0.08639669131435404
1000,0.83515,-0.019139987811072713
1000,0.83515,0.23604935448443154
1000,0.83515,0.09421147248064696
1000,0.83515,0.12314493558689961
1000,0.83515,0.04974697517105262
1000,0.83515,0.0833755605097368
1000,0.83515,-0.05613293117228164
1000,0.83515,-0.14946268119832942
1000,0.83515,-0.08965734796149907
1000,0.83515,0.018742632712346836
1000,0.83515,-0.10846169374541932
1000,0.83515,0.04666427124018688
1000,0.83515,0.1713811461414976
1000,0.83515,-0.12721921127636632
1000,0.83515,0.03119962047289421
1000,0.83515,0.16401194340099215
1000,0.83515,0.052447430465773666
1000,0.83515,0.10434323496561419
1000,0.83515,-0.14283639060238265
1000,0.83515,-0.11860275776396421
1000,0.83515,-0.11135263845502401
1000,0.83515,0.041735759789607876
1000,0.83515,0.13630821087458664
1000,0.83515,0.061823035323747576
1000,0.83515,-0.0447864733737806
1000,0.83515,0.19378749669374967
1000,0.83515,0.07218033873334415
1000,0.83515,-0.01540076792169007
1000,0.83515,-0.1239377140479915
1000,0.83515,0.2585846018230204
1000,0.83515,0.05333394695218481
1000,0.83515,-0.1729887114044675
1000,0.83515,-0.03442831971622437
1000,0.83515,0.11184217085482348
1000,0.83515,-0.051804793347308024
1000,0.83515,-0.12445221796556773
1000,0.83515,0.08215665665074967
1000,0.83515,0.027426153528212958
1000,0.83515,0.04936901306484976
1000,0.83515,-0.15233244024644105
1000,0.83515,-0.14781155776216812
1000,0.83515,0.061975375361558484
1000,0.83515,-0.05183899445502208
1000,0.83515,0.26123130917378656
1000,0.83515,0.11911455563309233
1000,0.83515,0.2978129611181573
1000,0.83515,-0.15409026287363775
1000,0.83515,0.11925789451129665
1000,0.83515,-0.1530064282979464
1000,0.83515,-0.12436333971809362
1000,0.83515,0.004413059650195473
1000,0.83515,-0.17487648541033193
1000,0.83515,-0.07744727525075697
1000,0.83515,0.003714099577819362
1000,0.83515,-0.012400130320442074
1000,0.83515,-0.10367303037230952
1000,0.83515,-0.08949236308930118
1000,0.83515,-0.13398395728096676
1000,0.83515,-0.0724461341603692
1000,0.83515,0.1407902301334984
1000,0.83515,0.07428402741315812
1000,0.83515,0.2487855654030925
1000,0.83515,0.09706308971969382
1000,0.83515,-0.23232967329681412
1000,0.83515,0.08834259753021505
1000,0.83515,0.17248202961521683
1000,0.83515,0.1999226812744882
1000,0.83515,0.0076630399747144255
1000,0.83515,0.17744664240586056
1000,0.83515,-0.0554030372962794
1000,0.83515,-0.05535325494473213
1000,0.83515,-0.08667836359500715
1000,0.83515,-0.11185795314003384
1000,0.83515,-0.17813564151963554
1000,0.83515,0.23956330186277344
1000,0.83515,0.12864346382047914
1000,0.83515,-0.16018801414286532
1000,0.83515,0.13589937846476005
1000,0.83515,0.032206840792450495
1000,0.83515,-0.17295489044199147
1000,0.83515,0.3014966927363451
1000,0.83515,0.2008855469801386
1000,0.83515,0.024974937581473046
1000,0.83515,-0.16268341686914056
1000,0.83515,-0.0986795438854359
1000,0.83515,-0.15821852990664032
1000,0.83515,-0.06814964489584802
1000,0.83515,-0.07585590858658922
1000,0.83515,0.2842047760844209
1000,0.83515,0.20920675540110187
1000,0.83515,-0.1003655397151739
1000,0.83515,-0.18818631809933029
1000,0.83515,-0.1954037789816863
1000,0.83515,0.180116235863069
1000,0.83515,-0.11099427183125421
1000,0.83515,-0.06196246219163271
1000,0.83515,-0.18105678760962177
1000,0.83515,0.09857464841940505
1000,0.83515,-0.09948397314761517
1000,0.83515,0.08378324798048312
1000,0.83515,-0.01920508945904109
1000,0.83515,0.23558146486893916
1000,0.83515,0.09203411211752995
1000,0.83515,0.12064343798143919
1000,0.83515,0.04904326620879769
1000,0.83515,0.08588185705463833
1000,0.83515,-0.058889259866959934
1000,0.83515,-0.1464295084047439
1000,0.83515,-0.09324237308561037
1000,0.83515,0.01825634967098045
1000,0.83515,-0.10769445593586864
1000,0.83515,0.04330196812735809
1000,0.83515,0.1696880118737694
1000,0.83515,-0.12780545945742688
1000,0.83515,0.02947999734695835
1000,0.83515,0.16072425470825738
1000,0.83515,0.050556758150298454
1000,0.83515,0.1016546361187215
1000,0.83515,-0.14324834250055443
1000,0.83515,-0.1176305841859005
1000,0.83515,-0.11364932192468724
1000,0.83515,0.04146504674057429
1000,0.83515,0.13482384507266224
1000,0.83515,0.061351955867382034
1000,0.83515,-0.045627987166950296
1000,0.83515,0.1902304537736988
1000,0.83515,0.07290969933301032
1000,0.83515,-0.014987419375186195
1000,0.83515,-0.12248996237986677
1000,0.83515,0.25785274157713356
1000,0.83515,0.05268493319508866
1000,0.83515,-0.16997826965777668
1000,0.83515,-0.03590424620530566
1000,0.83515,0.11371393411415516
1000,0.83515,-0.05458173044495129
1000,0.83515,-0.1235269997626125
1000,0.83515,0.08276779945100643
1000,0.83515,0.027441084531885998
1000,0.83515,0.052113764683601085
1000,0.83515,-0.1541928079414506
1000,0.83515,-0.14628690193601288
1000,0.83515,0.06468239592647927
1000,0.83515,-0.050095308131337106
1000,0.83515,0.2631998782360516
1000,0.83515,0.11772077858834956
1000,0.83515,0.29675050871607006
1000,0.83515,-0.15432423838664358
1000,0.83515,0.1179984018286938
1000,0.83515,-0.1548574242716007
1000,0.83515,-0.12639090562869063
1000,0.83515,0.0061264315440394575
1000,0.83515,-0.17650471811607654
1000,0.83515,-0.07998307930223182
1000,0.83515,0.005075820447174419
1000,0.83515,-0.015182608244060985
1000,0.83515,-0.10298375483456185
1000,0.83515,-0.08699354477311108
1000,0.83515,-0.13601769558319032
1000,0.83515,-0.06998960115814053
1000,0.83515,0.1395752502837176
1000,0.83515,0.07027254479002874
1000,0.83515,0.24783840678482694
1000,0.83515,0.09933058482970827
1000,0.83515,-0.2349167745637958
1000,0.83515,0.08573689155149973
1000,0.83515,0.1691006201246818
1000,0.83515,0.19823166589459357
1000,0.83515,0.007712735018436301
1000,0.83515,0.17559358421553323
1000,0.83515,-0.055053929947692176
1000,0.83515,-0.056440270819812205
1000,0.83515,-0.0906891091272355
1000,0.83515,-0.11394151472526205
1000,0.83515,-0.17618767837023025
1000,0.83515,0.2404831631545109
1000,0.83515,0.13528720734921748
1000,0.83515,-0.15730743951071915
1000,0.83515,0.13474318325784237
1000,0.83515,0.03206856331846471
1000,0.83515,-0.17411716632406468
1000,0.83515,0.3018978638268354
1000,0.83515,0.20345034463366504
1000,0.83515,0.028029897488032723
1000,0.83515,-0.1582640074965675
1000,0.83515,-0.09943022873891481
1000,0.83515,-0.15741869672939568
1000,0.83515,-0.06417962077247115
1000,0.83515,-0.0707163499738255
1000,0.83515,0.2874974497077175
1000,0.83515,0.20759296138184416
1000,0.83515,-0.1002870887474844
1000,0.83515,-0.19169785995947192
1000,0.83515,-0.19572345455578738
1000,0.83515,0.17695713993888396
1000,0.83515,-0.10961171067219713
1000,0.83515,-0.06383763246066528
1000,0.83515,-0.18041935706275586
1000,0.83515,0.09851526054208064
1000,0.83515,-0.10087767390762027
1000,0.83515,0.08408702667721654
1000,0.83515,-0.019908427641218945
1000,0.83515,0.24260032097935827
1000,0.83515,0.08938699863210821
1000,0.83515,0.12164420515356932
1000,0.83515,0.052676676848250156
1000,0.83515,0.0910206750693731
1000,0.83515,-0.06156404233672741
1000,0.83515,-0.14502767198854224
1000,0.83515,-0.08715830240520535
1000,0.83515,0.01734275368880586
1000,0.83515,-0.10979789980366372
1000,0.83515,0.041884635202574044
1000,0.83515,0.1702580774139258
1000,0.83515,-0.1309173905412663
1000,0.83515,0.030065271060531258
1000,0.83515,0.16350041965522247
1000,0.83515,0.05211828404847618
1000,0.83515,0.10479614288823579
1000,0.83515,-0.14007069189046167
1000,0.83515,-0.11336314336198153
1000,0.83515,-0.11303736194634395
1000,0.83515,0.04195127517343257
1000,0.83515,0.13636889649815911
1000,0.83515,0.06484232852365508
1000,0.83515,-0.043412342178737545
1000,0.83515,0.19290200598335644
1000,0.83515,0.07371771777572683
1000,0.83515,-0.011756798082807026
1000,0.83515,-0.1215415379922125
1000,0.83515,0.2556269386979169
1000,0.83515,0.045832159793461176
1000,0.83515,-0.16691735261870547
1000,0.83515,-0.037008269091687016
1000,0.83515,0.11349781934627336
1000,0.83515,-0.05350612412689502
1000,0.83515,-0.1242819668990985
1000,0.83515,0.08439941179463786
1000,0.83515,0.030030743494736944
1000,0.83515,0.05344459345420711
1000,0.83515,-0.1540804010041127
1000,0.83515,-0.14626704558034034
1000,0.83515,0.06393517130216828
1000,0.83515,-0.046477320089889265
1000,0.83515,0.25840610905814715
1000,0.83515,0.12286952362329298
1000,0.83515,0.2977492730789384
1000,0.83515,-0.1548158126939269
1000,0.83515,0.11323428504503884
1000,0.83515,-0.15159273295876133
1000,0.83515,-0.1266225588090344
1000,0.83515,0.0056917180902756855
1000,0.83515,-0.17319908251543836
1000,0.83515,-0.08325429265569997
1000,0.83515,0.008492355929115288
1000,0.83515,-0.017417953860255804
1000,0.83515,-0.10204829314408592
1000,0.83515,-0.08277930015042438
1000,0.83515,-0.13189894503211314
1000,0.83515,-0.07159450063025537
1000,0.83515,0.13830387885844517
1000,0.83515,0.06467349460317776
1000,0.83515,0.2496694730603665
1000,0.83515,0.09900220933139683
1000,0.83515,-0.23307438003091183
1000,0.83515,0.08946602754878095
1000,0.83515,0.16458312081407978
1000,0.83515,0.19823286154888406
1000,0.83515,0.0059423122782946815
1000,0.83515,0.17692212986318304
1000,0.83515,-0.054326235059031454
1000,0.83515,-0.053084777712047296
1000,0.83515,-0.08535540414228951
1000,0.83515,-0.10775803093738331
1000,0.83515,-0.17581778822344868
1000,0.83515,0.24272223109520674
1000,0.83515,0.129022156575411
1000,0.83515,-0.1541999291803281
1000,0.83515,0.13735131409517332
1000,0.83515,0.03470473530823801
1000,0.83515,-0.17457234652952838
1000,0.83515,0.29750875243496633
1000,0.83515,0.2051116806872735
1000,0.83515,0.029197204104619526
1000,0.83515,-0.15508237489089025
1000,0.83515,-0.09974836046380295
1000,0.83515,-0.16344792729553703
1000,0.83515,-0.06963387576607864
1000,0.83515,-0.06918976592719528
1000,0.83515,0.28548401430223763
1000,0.83515,0.20988727332215623
1000,0.83515,-0.09691575799185
1000,0.83515,-0.18759365635431904
1000,0.83515,-0.1973792938011392
1000,0.83515,0.17533988830609498
1000,0.83515,-0.10601093218745176
1000,0.83515,-0.0661569289618314
1000,0.83515,-0.17806396188404625
1000,0.83515,0.09554256418443914
1000,0.83515,-0.1033047719621994
1000,0.83515,0.08552718735169443
1000,0.83515,-0.01354634965194622
1000,0.83515,0.24238557989422116
1000,0.83515,0.0913800347777496
1000,0.83515,0.1206200433172648
1000,0.83515,0.055514917056817076
1000,0.83515,0.08763217610802265
1000,0.83515,-0.05628658103808547
1000,0.83515,-0.14147727317175143
1000,0.83515,-0.08736207348563448
1000,0.83515,0.017922505152880172
1000,0.83515,-0.10931543282248907
1000,0.83515,0.042605795983532924
1000,0.83515,0.1687077051138949
1000,0.83515,-0.12854484863393023
1000,0.83515,0.029818459756575644
1000,0.83515,0.16555025617468808
1000,0.83515,0.05107052263113817
1000,0.83515,0.10023905396556046
1000,0.83515,-0.14197706000919266
1000,0.83515,-0.1197545550010508
1000,0.83515,-0.1087736283142469
1000,0.83515,0.04219408169868926
1000,0.83515,0.13371165801851717
1000,0.83515,0.06717464022332764
1000,0.83515,-0.04742436857314454
1000,0.83515,0.1926766469237071
1000,0.83515,0.06953758750301259
1000,0.83515,-0.010704949451215416
1000,0.83515,-0.12049941178338103
1000,0.83515,0.26050045782282877
1000,0.83515,0.05034405067711796
1000,0.83515,-0.16781077000980218
1000,0.83515,-0.03277299300289368
1000,0.83515,0.11846966683956807
1000,0.83515,-0.047877606428853144
1000,0.83515,-0.12213754819199077
1000,0.83515,0.08969678169601705
1000,0.83515,0.03271415012554445
1000,0.83515,0.06062620079369376
1000,0.83515,-0.15206015890562968
1000,0.83515,-0.14002664444939805
1000,0.83515,0.06674756385498234
1000,0.83515,-0.04284721518990974
1000,0.83515,0.2574073065150508
1000,0.83515,0.12228225289715802
1000,0.83515,0.2990706326253243
1000,0.83515,-0.15393313443198586
1000,0.83515,0.11436197970032731
1000,0.83515,-0.14762059681741171
1000,0.83515,-0.12595105572610482
1000,0.83515,0.005347829776585786
1000,0.83515,-0.16896078522022986
1000,0.83515,-0.08317009314777682
1000,0.83515,0.01071691146571556
1000,0.83515,-0.01379457161138884
1000,0.83515,-0.10160087549431275
1000,0.83515,-0.08336631463711071
1000,0.83515,-0.13074454232140503
1000,0.83515,-0.07032235804239022
1000,0.83515,0.14138707990449348
1000,0.83515,0.06132375490026269
1000,0.83515,0.25294500075079235
1000,0.83515,0.10139091841111252
1000,0.83515,-0.23359020546855458
1000,0.83515,0.0903606103710609
1000,0.83515,0.1720152185404034
1000,0.83515,0.19328179074506724
1000,0.83515,0.006244620814889955
1000,0.83515,0.1827080315039424
1000,0.83515,-0.06143083142360386
1000,0.83515,-0.05169796267985101
1000,0.83515,-0.08946397933413053
1000,0.83515,-0.10193172801359872
1000,0.83515,-0.17044707400364148
1000,0.83515,0.24628901134028236
1000,0.83515,0.132350252386662
1000,0.83515,-0.15439080809477929
1000,0.83515,0.13317696163585424
1000,0.83515,0.03364384576105317
1000,0.83515,-0.17571261500708496
1000,0.83515,0.2974199476608566
1000,0.83515,0.2077668603609133
1000,0.83515,0.02895680032120965
1000,0.83515,-0.1542052963193336
1000,0.83515,-0.09678916369615975
1000,0.83515,-0.16345366654286259
1000,0.83515,-0.06589215018104903
1000,0.83515,-0.0669444206883665
1000,0.83515,0.2796121035035363
1000,0.83515,0.2079174817914302
1000,0.83515,-0.09129007120215396
1000,0.83515,-0.18734485561260622
1000,0.83515,-0.19383187399385918
1000,0.83515,0.17667947275609816
1000,0.83515,-0.10674565614500411
1000,0.83515,-0.06531429800110108
1000,0.83515,-0.1764247534051151
1000,0.83515,0.09173800533953849
1000,0.83515,-0.1054963028062124
1000,0.83515,0.0894469126608521
1000,0.83515,-0.012036091270020668
1000,0.83515,0.23704458511652812
1000,0.83515,0.08890504961457603
1000,0.83515,0.1240524411047594
1000,0.83515,0.05972073825667973
1000,0.83515,0.08536700951061851
1000,0.83515,-0.05589645554331085
1000,0.83515,-0.14015673647831353
1000,0.83515,-0.08495900236277396
1000,0.83515,0.02074044869023386
1000,0.83515,-0.10981135328233513
1000,0.83515,0.042227476938087934
1000,0.83515,0.17024186232180574
1000,0.83515,-0.125719092513262
1000,0.83515,0.031052975660275626
1000,0.83515,0.16559714889369506
1000,0.83515,0.04599822001813962
1000,0.83515,0.10238957203393713
1000,0.83515,-0.1437949673135606
1000,0.83515,-0.12014592115911137
1000,0.83515,-0.11090873163728243
1000,0.83515,0.038752828310626486
1000,0.83515,0.13409411803656626
1000,0.83515,0.06644768049619798
1000,0.83515,-0.04698106656840367
1000,0.83515,0.1956285963034298
1000,0.83515,0.06738770569477252
1000,0.83515,-0.00758867136024301
1000,0.83515,-0.12400619287300915
1000,0.83515,0.2595754441130735
1000,0.83515,0.046738161593178514
1000,0.83515,-0.17098562010897447
1000,0.83515,-0.03259968304545766
1000,0.83515,0.11728689059988615
1000,0.83515,-0.05051866955815583
1000,0.83515,-0.12260051198507321
1000,0.83515,0.08722864748025476
1000,0.83515,0.03226805131285332
1000,0.83515,0.06167206278743799
1000,0.83515,-0.15367167621588698
1000,0.83515,-0.13574822789833602
1000,0.83515,0.06463254912820728
1000,0.83515,-0.04404890325011039
1000,0.83515,0.25817582564556163
1000,0.83515,0.11954291752637837
1000,0.83515,0.30254003355482495
1000,0.83515,-0.1541258131813834
1000,0.83515,0.11493289813849168
1000,0.83515,-0.14773283357738135
1000,0.83515,-0.12476679410509411
1000,0.83515,0.0036900564916167635
1000,0.83515,-0.17212496889071424
1000,0.83515,-0.08544708771248553
1000,0.83515,0.010757246992364602
1000,0.83515,-0.015275042080326021
1000,0.83515,-0.09902502560571899
1000,0.83515,-0.08558697863399832
1000,0.83515,-0.13126215643010947
1000,0.83515,-0.0711785037783351
1000,0.83515,0.14015683613986332
1000,0.83515,0.06072432676656965
1000,0.83515,0.25534544669695997
1000,0.83515,0.10518181480612818
1000,0.83515,-0.23464613032361395
1000,0.83515,0.08955165905440571
1000,0.83515,0.17202944575317097
1000,0.83515,0.1884406959158751
1000,0.83515,0.009206386273779128
1000,0.83515,0.18254224999094265
1000,0.83515,-0.06560009003449323
1000,0.83515,-0.04821850700006135
1000,0.83515,-0.09013172748026534
1000,0.83515,-0.10248529437214532
1000,0.83515,-0.17200511818517852
1000,0.83515,0.245483086815614
1000,0.83515,0.1312296207223398
1000,0.83515,-0.14998689455829242
1000,0.83515,0.13180679806292964
1000,0.83515,0.03493207054466592
1000,0.83515,-0.17570705501234488
1000,0.83515,0.297681746174798
1000,0.83515,0.2074419218314261
1000,0.83515,0.03330064409219441
1000,0.83515,-0.15600500632231262
1000,0.83515,-0.09273696272203008
1000,0.83515,-0.16515944723498932
1000,0.83515,-0.06541965752899408
1000,0.83515,-0.06770304034362382
1000,0.83515,0.2769899204807438
1000,0.83515,0.21094037757992612
1000,0.83515,-0.09375345673396981
1000,0.83515,-0.18404680108629973
1000,0.83515,-0.19374694264743364
1000,0.83515,0.180028983342798
1000,0.83515,-0.1086455720680864
1000,0.83515,-0.06616590430822146
1000,0.83515,-0.17951900897212694
1000,0.83515,0.09102274857978015
1000,0.83515,-0.10564993856336766
1000,0.83515,0.08734862595478138
1000,0.83515,-0.006927376249419507
1000,0.83515,0.2362091396681564
1000,0.83515,0.08822063021120448
1000,0.83515,0.11844769314734684
1000,0.83515,0.06364877612974487
1000,0.83515,0.08426369569589175
1000,0.83515,-0.05192626077912336
1000,0.83515,-0.13996861264358457
1000,0.83515,-0.0840831622019973
1000,0.83515,0.020843477580136396
1000,0.83515,-0.11204605912470908
1000,0.83515,0.04151576718144605
1000,0.83515,0.1698242519993057
1000,0.83515,-0.12091732076545376
1000,0.83515,0.027153660224683285
1000,0.83515,0.16900776305734386
1000,0.83515,0.04421909568173081
1000,0.83515,0.1043474254761553
1000,0.83515,-0.1425664173201605
1000,0.83515,-0.12028542413198905
1000,0.83515,-0.11009672717140341
1000,0.83515,0.038317333559649454
1000,0.83515,0.13240232111669314
1000,0.83515,0.0691545168939483
1000,0.83515,-0.049960356849196794
1000,0.83515,0.1925836791529043
1000,0.83515,0.06801382978162171
1000,0.83515,-0.0025238088900077322
1000,0.83515,-0.11980031186864272
1000,0.83515,0.2621089851140477
1000,0.83515,0.04429509745581038
1000,0.83515,-0.16963280382700352
1000,0.83515,-0.03267863995096273
1000,0.83515,0.11747486066365305
1000,0.83515,-0.053339242905681
1000,0.83515,-0.12450001687885809
1000,0.83515,0.08464260411083188
1000,0.83515,0.03168980568317218
1000,0.83515,0.06450649657509847
1000,0.83515,-0.1539752514723926
1000,0.83515,-0.13242750469236417
1000,0.83515,0.06582353781560266
1000,0.83515,-0.043440256423265426
1000,0.83515,0.25734084626582643
1000,0.83515,0.12016802438100423
1000,0.83515,0.30137450522359127
1000,0.83515,-0.15068694156584347
1000,0.83515,0.1165531862879286
1000,0.83515,-0.1441858190326413
1000,0.83515,-0.12217003318480582
1000,0.83515,0.0018211024039890096
1000,0.83515,-0.17060472480494043
1000,0.83515,-0.08427842499976676
1000,0.83515,0.012462214470572204
1000,0.83515,-0.01484284644714873
1000,0.83515,-0.09309944374503949
1000,0.83515,-0.08656909386019487
1000,0.83515,-0.1349020698508225
1000,0.83515,-0.07076894446441202
1000,0.83515,0.14246084742387566
1000,0.83515,0.06494442873662633
1000,0.83515,0.25636973554628745
1000,0.83515,0.10562796455232275
1000,0.83515,-0.23544234111439874
1000,0.83515,0.08716829346722306
1000,0.83515,0.1737672259512905
1000,0.83515,0.18632849680823219
1000,0.83515,0.010945389902201915
1000,0.83515,0.17950393489359223
1000,0.83515,-0.0631458377300715
1000,0.83515,-0.04594783787119333
1000,0.83515,-0.0925926799321817
1000,0.83515,-0.09938302749106888
1000,0.83515,-0.17174641705031243
1000,0.83515,0.24813986667525662
1000,0.83515,0.13012524003593512
1000,0.83515,-0.14972431062400599
1000,0.83515,0.132097039369297
1000,0.83515,0.03429535597412715
1000,0.83515,-0.17199232887565816
1000,0.83515,0.29800194338699015
1000,0.83515,0.20731565508991256
1000,0.83515,0.03024830974588066
1000,0.83515,-0.15432480558715525
1000,0.83515,-0.09163175459342389
1000,0.83515,-0.15889276261220991
1000,0.83515,-0.06321526437348822
1000,0.83515,-0.06710593734276268
1000,0.83515,0.27739632078334486
1000,0.83515,0.20718964428150494
1000,0.83515,-0.09780659160755428
1000,0.83515,-0.18387797706801332
1000,0.83515,-0.19513424614978897
1000,0.83515,0.18162954282337532
1000,0.83515,-0.10741877200324917
1000,0.83515,-0.06865829827413067
1000,0.83515,-0.179546946875413
1000,0.83515,0.09014022519172964
1000,0.83515,-0.10795732211324033
1000,0.83515,0.08649396368061764
1000,0.83515,-0.002063759235702361
1000,0.83515,0.2388854142801392
1000,0.83515,0.09185794497221841
1000,0.83515,0.11859807865512961
1000,0.83515,0.05837491023156764
1000,0.83515,0.08168318157499643
1000,0.83515,-0.04974245580535918
1000,0.83515,-0.14015346356736424
1000,0.83515,-0.08495621026735962
1000,0.83515,0.017441939415132657
1000,0.83515,-0.11106798702947775
1000,0.83515,0.04254394419607802
1000,0.83515,0.16820370779320842
1000,0.83515,-0.11658752611702079
1000,0.83515,0.02356257504490633
1000,0.83515,0.16898439241372457
1000,0.83515,0.040386179862269306
1000,0.83515,0.10658151650274121
1000,0.83515,-0.14098910465194237
1000,0.83515,-0.12057838658267692
1000,0.83515,-0.11073518677205135
1000,0.83515,0.04262849492764608
1000,0.83515,0.12969580719069043
1000,0.83515,0.06517548113980123
1000,0.83515,-0.05258594498456346
1000,0.83515,0.1893456843931511
1000,0.83515,0.06909434239710917
1000,0.83515,-0.004331209239781181
1000,0.83515,-0.11689257872921584
1000,0.83515,0.2614198351166344
1000,0.83515,0.04405915150629729
1000,0.83515,-0.16799246338364573
1000,0.83515,-0.032293653026997576
1000,0.83515,0.11791445755813877
1000,0.83515,-0.056037257546350014
1000,0.83515,-0.12473845993086487
1000,0.83515,0.08574445320801632
1000,0.83515,0.02833004781089281
1000,0.83515,0.06702296824973439
1000,0.83515,-0.15404861287536956
1000,0.83515,-0.13576721668546407
1000,0.83515,0.06377642372520675
1000,0.83515,-0.046201881581285895
1000,0.83515,0.2582052762308442
1000,0.83515,0.11914008411369076
1000,0.83515,0.30013282809089464
1000,0.83515,-0.14780523401487194
1000,0.83515,0.11684636720308525
1000,0.83515,-0.1476583683391756
1000,0.83515,-0.11937197099368625
1000,0.83515,-0.0030494361384052356
1000,0.83515,-0.1752895225847359
1000,0.83515,-0.08364768817031426
1000,0.83515,0.012551880304697591
1000,0.83515,-0.016171780256310525
1000,0.83515,-0.09220801539875194
1000,0.83515,-0.08716799447709349
1000,0.83515,-0.12888755738506952
1000,0.83515,-0.07140921970344308
1000,0.83515,0.14259213521245434
1000,0.83515,0.061098781108511135
1000,0.83515,0.2524851592696998
1000,0.83515,0.10636436353487955
1000,0.83515,-0.23172161365189442
1000,0.83515,0.09111348079912504
1000,0.83515,0.1770617643298138
1000,0.83515,0.1829534642043544
1000,0.83515,0.014156848172743874
1000,0.83515,0.18075218257018316
1000,0.83515,-0.06410031016458387
1000,0.83515,-0.040614405608656076
1000,0.83515,-0.09469243857504198
1000,0.83515,-0.0998738782607943
1000,0.83515,-0.1748114852141872
1000,0.83515,0.2473998673467719
1000,0.83515,0.12717229727015975
1000,0.83515,-0.14680590180377295
1000,0.83515,0.13068695468231778
1000,0.83515,0.035572938215933186
1000,0.83515,-0.17013787117599335
1000,0.83515,0.29687269880536515
1000,0.83515,0.20830666206070378
1000,0.83515,0.02844731732633044
1000,0.83515,-0.1514222220985035
1000,0.83515,-0.08780690443501023
1000,0.83515,-0.15913143176465358
1000,0.83515,-0.06413934071980733
1000,0.83515,-0.0681522758188439
1000,0.83515,0.27468138699301947
1000,0.83515,0.20360650080706547
1000,0.83515,-0.09522705606544572
1000,0.83515,-0.1837282609505715
1000,0.83515,-0.1950185739818104
1000,0.83515,0.18123676645209438
1000,0.83515,-0.10485513600347797
1000,0.83515,-0.07101210887281485
1000,0.83515,-0.18099205294157505
1000,0.83515,0.09089693439577949
1000,0.83515,-0.11018488149770563
1000,0.83515,0.0872698705458798
1000,0.83515,-0.00196286473895827
1000,0.83515,0.24131803573010593
1000,0.83515,0.09413208656057001
1000,0.83515,0.11927791373208303
1000,0.83515,0.05772148835639704
1000,0.83515,0.08087717947498707
1000,0.83515,-0.04466442918646293
1000,0.83515,-0.14016817446819427
1000,0.83515,-0.08262709905637108
1000,0.83515,0.02043488395934901
1000,0.83515,-0.11009930342286225
1000,0.83515,0.04195718553797953
1000,0.83515,0.17140468713659854
1000,0.83515,-0.11219622827773555
1000,0.83515,0.021659031949294513
1000,0.83515,0.16753047423561093
1000,0.83515,0.04179040610201424
1000,0.83515,0.10430194563478104
1000,0.83515,-0.14600125366194197
1000,0.83515,-0.11941085152354572
1000,0.83515,-0.11452603168579222
1000,0.83515,0.042255146424363746
1000,0.83515,0.1252883241805899
1000,0.83515,0.06621469967880057
1000,0.83515,-0.053726256511035214
1000,0.83515,0.1893193422791766
1000,0.83515,0.07483383985212612
1000,0.83515,-0.0011307058699154332
1000,0.83515,-0.12213254280744196
1000,0.83515,0.26362625338399476
1000,0.83515,0.039057121323337135
1000,0.83515,-0.1695484971010521
1000,0.83515,-0.030586926784758085
1000,0.83515,0.11520395657774234
1000,0.83515,-0.05565457014124408
1000,0.83515,-0.12496227173284802
1000,0.83515,0.08163794895832
1000,0.83515,0.021717109774538258
1000,0.83515,0.06463379590484088
1000,0.83515,-0.1556645618905195
1000,0.83515,-0.1344870636078391
1000,0.83515,0.06323549784016036
1000,0.83515,-0.04263342711070432
1000,0.83515,0.26041574644743004
1000,0.83515,0.11811564006688663
1000,0.83515,0.30206114288504265
1000,0.83515,-0.14329598111712866
1000,0.83515,0.11564931606297875
1000,0.83515,-0.1463753997453879
1000,0.83515,-0.11825779384701174
1000,0.83515,-0.001525014051470728
1000,0.83515,-0.17034076810081672
1000,0.83515,-0.08284899310687407
1000,0.83515,0.01081511649111056
1000,0.83515,-0.014552674955447738
1000,0.83515,-0.09613671099113194
1000,0.83515,-0.08639288585440313
1000,0.83515,-0.13253731389002896
1000,0.83515,-0.07088650303274459
1000,0.83515,0.14282681123765092
1000,0.83515,0.05744196532933787
1000,0.83515,0.25164257441323457
1000,0.83515,0.1036464925772592
1000,0.83515,-0.23429670655566912
1000,0.83515,0.09364370323126953
1000,0.83515,0.17209872669913387
1000,0.83515,0.18282345952869772
1000,0.83515,0.017257657101167313
1000,0.83515,0.1823187849601431
1000,0.83515,-0.06642019830805164
1000,0.83515,-0.04507252438932041
1000,0.83515,-0.09560751646892471
1000,0.83515,-0.10057974735711693
1000,0.83515,-0.17309673652907537
1000,0.83515,0.24498110129358977
1000,0.83515,0.13060462515965823
1000,0.83515,-0.1487002466632938
1000,0.83515,0.13123992509852922
1000,0.83515,0.03522921417728588
1000,0.83515,-0.16849126148390212
1000,0.83515,0.2954380184255477
1000,0.83515,0.2062855426885801
1000,0.83515,0.026497183748589007
1000,0.83515,-0.15173151975989804
1000,0.83515,-0.08851783426881453
1000,0.83515,-0.15782330939705064
1000,0.83515,-0.06178601294768691
1000,0.83515,-0.06422708667706914
1000,0.83515,0.27692768481845464
1000,0.83515,0.1988582481630312
1000,0.83515,-0.09284061805742652
1000,0.83515,-0.18220977170562488
1000,0.83515,-0.19617222142085955
1000,0.83515,0.1825547161243953
1000,0.83515,-0.1051455982830923
1000,0.83515,-0.07033441452295248
1000,0.83515,-0.1823359564914989
1000,0.83515,0.09006739481460595
1000,0.83515,-0.10730922450362519
1000,0.83515,0.08487757284867187
1000,0.83515,-0.004999222888199352
1000,0.83515,0.24231975312471082
1000,0.83515,0.09966721510106728
1000,0.83515,0.11812346225607201
1000,0.83515,0.05378848441518068
1000,0.83515,0.08192463859222787
1000,0.83515,-0.0456712295746154
1000,0.83515,-0.14218632446073148
1000,0.83515,-0.08006429429374184
1000,0.83515,0.02057863482792568
1000,0.83515,-0.11698480144898112
1000,0.83515,0.049489800269740085
1000,0.83515,0.16976306960578752
1000,0.83515,-0.1113205511533134
1000,0.83515,0.02144074740126111
1000,0.83515,0.17202139863126042
1000,0.83515,0.04117943733136975
1000,0.83515,0.10154922457091473
1000,0.83515,-0.14764495582682544
1000,0.83515,-0.11369838326848815
1000,0.83515,-0.1119626337328242
1000,0.83515,0.04340637821890296
1000,0.83515,0.1207581109296379
1000,0.83515,0.06406257481337829
1000,0.83515,-0.054765477159133956
1000,0.83515,0.18748564034141024
1000,0.83515,0.07740297436562994
1000,0.83515,-0.0013864887588972484
1000,0.83515,-0.11768236477550009
1000,0.83515,0.2610964966013997
1000,0.83515,0.043157826091911565
1000,0.83515,-0.16667368560653845
1000,0.83515,-0.028422733518416208
1000,0.83515,0.1140367119965277
1000,0.83515,-0.05360231914205812
1000,0.83515,-0.12863172764589398
1000,0.83515,0.07769027131171537
1000,0.83515,0.02155722587540006
1000,0.83515,0.06744182526997217
1000,0.83515,-0.1558318905100933
1000,0.83515,-0.13483584641193827
1000,0.83515,0.0612012769006995
1000,0.83515,-0.040460031516582055
1000,0.83515,0.25768993092592485
1000,0.83515,0.12025393593237106
1000,0.83515,0.3009840054796925
1000,0.83515,-0.14319850234615808
1000,0.83515,0.11641240468245576
1000,0.83515,-0.14166036766010257
1000,0.83515,-0.11562197542815526
1000,0.83515,0.001843968503287798
1000,0.83515,-0.17210049913224065
1000,0.83515,-0.08179569074198745
1000,0.83515,0.0140669100756439
1000,0.83515,-0.01618158282799757
1000,0.83515,-0.09698595140037504
1000,0.83515,-0.08547770239914691
1000,0.83515,-0.13419893091883844
1000,0.83515,-0.07021664662953951
1000,0.83515,0.1413513984653815
1000,0.83515,0.058384606639012585
1000,0.83515,0.2479437062027114
1000,0.83515,0.10451114348409359
1000,0.83515,-0.23665157709393025
1000,0.83515,0.09116940375284628
1000,0.83515,0.17380478163744298
1000,0.83515,0.18287559678422582
1000,0.83515,0.018670374942900903
1000,0.83515,0.1837826624903241
1000,0.83515,-0.06271477579178532
1000,0.83515,-0.04923491406149655
1000,0.83515,-0.09619220316276125
1000,0.83515,-0.10289062117715436
1000,0.83515,-0.1731940593028756
1000,0.83515,0.24447899945880752
1000,0.83515,0.1357933895166338
1000,0.83515,-0.15067435270391832
1000,0.83515,0.13181963408451924
1000,0.83515,0.03190309825308758
1000,0.83515,-0.1717843226068257
1000,0.83515,0.2959596879816846
1000,0.83515,0.20922715027948524
1000,0.83515,0.027750543130460614
1000,0.83515,-0.14870486165901897
1000,0.83515,-0.08943212965949622
1000,0.83515,-0.16163769232181413
1000,0.83515,-0.0578048444509756
1000,0.83515,-0.06460286780507053
1000,0.83515,0.2782490598156261
1000,0.83515,0.19911169327795125
1000,0.83515,-0.09394770191963206
1000,0.83515,-0.18401926248005887
1000,0.83515,-0.19611681112818286
1000,0.83515,0.18453832166237602
1000,0.83515,-0.1079736617605219
1000,0.83515,-0.07071580832400959
1000,0.83515,-0.1794069652765232
1000,0.83515,0.08710670182130406
1000,0.83515,-0.10837876902664786
1000,0.83515,0.09129907283523524
1000,0.83515,-0.008793224529199367
1000,0.83515,0.24014626836238043
1000,0.83515,0.0943791065449443
1000,0.83515,0.11472821850156141
1000,0.83515,0.05138528546321389
1000,0.83515,0.08210162712865168
1000,0.83515,-0.04455032402748648
1000,0.83515,-0.13978588196882322
1000,0.83515,-0.08141215240280146
1000,0.83515,0.022645887068519114
1000,0.83515,-0.12130464236959543
1000,0.83515,0.048073397570217655
1000,0.83515,0.16792939571651622
1000,0.83515,-0.11382348053060364
1000,0.83515,0.019340107028204538
1000,0.83515,0.17528759650885783
1000,0.83515,0.041077115505439375
1000,0.83515,0.09799290991533469
1000,0.83515,-0.1450231055234558
1000,0.83515,-0.11609269994409138
1000,0.83515,-0.11047335065641102
1000,0.83515,0.03887751762404413
1000,0.83515,0.12243492839078406
1000,0.83515,0.05905899814386402
1000,0.83515,-0.05183437241616273
1000,0.83515,0.18665813350684998
1000,0.83515,0.07586096458826802
1000,0.83515,-0.0022463378393496923
1000,0.83515,-0.12021206667275915
1000,0.83515,0.25770564059434736
1000,0.83515,0.04203562605387337
1000,0.83515,-0.16867694898229296
1000,0.83515,-0.0267499239176068
1000,0.83515,0.11633608881600989
1000,0.83515,-0.05503094965275093
1000,0.83515,-0.1283134396501298
1000,0.83515,0.0712998733732883
1000,0.83515,0.020865382064983857
1000,0.83515,0.06961132341026793
1000,0.83515,-0.15974159912974029
1000,0.83515,-0.12973409451869589
1000,0.83515,0.06093588047495413
1000,0.83515,-0.03966329253278662
1000,0.83515,0.2543769660311656
1000,0.83515,0.11984390945142431
1000,0.83515,0.301637861997118
1000,0.83515,-0.14246648269302095
1000,0.83515,0.11928371007912275
1000,0.83515,-0.14054355844315097
1000,0.83515,-0.11831827723181473
1000,0.83515,0.0008297481792004335
1000,0.83515,-0.17406762454397587
1000,0.83515,-0.08058443539092648
1000,0.83515,0.01326378929022949
1000,0.83515,-0.015166430814592837
1000,0.83515,-0.09628249753573308
1000,0.83515,-0.08570330868063737
1000,0.83515,-0.13710934051961157
1000,0.83515,-0.06712846120226315
1000,0.83515,0.13917397418759495
1000,0.83515,0.0583697881784976
1000,0.83515,0.24634939557336025
1000,0.83515,0.11032707274678147
1000,0.83515,-0.23662944115506135
1000,0.83515,0.09107215269007375
1000,0.83515,0.16949152330548076
1000,0.83515,0.1820139876656581
1000,0.83515,0.01665319328980253
1000,0.83515,0.18557554730193576
1000,0.83515,-0.06577980108508497
1000,0.83515,-0.052791606398357456
1000,0.83515,-0.09706286986165201
1000,0.83515,-0.10434093775565534
1000,0.83515,-0.17486887609594987
1000,0.83515,0.24921549030014745
1000,0.83515,0.13473852154943466
1000,0.83515,-0.15491356346465127
1000,0.83515,0.13119074727699925
1000,0.83515,0.03344660195698275
1000,0.83515,-0.17088575626949384
1000,0.83515,0.2951927568038352
1000,0.83515,0.2075230412879177
1000,0.83515,0.02368132837767194
1000,0.83515,-0.14596184508210763
1000,0.83515,-0.09384317639499568
1000,0.83515,-0.1602752461710973
1000,0.83515,-0.05565204615630639
1000,0.83515,-0.06737567745310648
1000,0.83515,0.2772827190893121
1000,0.83515,0.20203775105075886
1000,0.83515,-0.09155117541778961
1000,0.83515,-0.18223579616630378
1000,0.83515,-0.19911992442572266
1000,0.83515,0.19066367613593538
1000,0.83515,-0.10863510710098652
1000,0.83515,-0.07309432085197445
1000,0.83515,-0.18085429990036758
1000,0.83515,0.08789950305224363
1000,0.83515,-0.10730318022613494
1000,0.83515,0.09211626729562275
1000,0.83515,-0.008719073392164262
1000,0.83515,0.2409401203638685
1000,0.83515,0.09194560725387114
1000,0.83515,0.11549245952994783
1000,0.83515,0.047760579636130035
1000,0.83515,0.07816121127277238
1000,0.83515,-0.044066235883563475
1000,0.83515,-0.13989808284373112
1000,0.83515,-0.08054049311962187
1000,0.83515,0.025486138301827492
1000,0.83515,-0.12318969534627827
1000,0.83515,0.047669592892965656
1000,0.83515,0.16452391638711078
1000,0.83515,-0.11291119383113328
1000,0.83515,0.017554563364116173
1000,0.83515,0.17383155976196296
1000,0.83515,0.04217990549096992
1000,0.83515,0.0987183463159494
1000,0.83515,-0.14332512020540605
1000,0.83515,-0.11816187154359066
1000,0.83515,-0.11562789067692708
1000,0.83515,0.036728384572700744
1000,0.83515,0.11956932087033209
1000,0.83515,0.05685584643099412
1000,0.83515,-0.05271054822113504
1000,0.83515,0.18482113009130077
1000,0.83515,0.07179146950985314
1000,0.83515,-0.0008291065744405231
1000,0.83515,-0.1239422152078075
1000,0.83515,0.25368560134425355
1000,0.83515,0.04003772468272533
1000,0.83515,-0.16526463783972148
1000,0.83515,-0.023147915887046518
1000,0.83515,0.11861732551082003
1000,0.83515,-0.054691495396186854
1000,0.83515,-0.13344030884270766
1000,0.83515,0.06727008160500035
1000,0.83515,0.0253601636230648
1000,0.83515,0.07028952416907253
1000,0.83515,-0.16128600852469324
1000,0.83515,-0.12989289887528227
1000,0.83515,0.05702059029061896
1000,0.83515,-0.03773099022958408
1000,0.83515,0.25362390083673614
1000,0.83515,0.11709628387619538
1000,0.83515,0.2971597090267681
1000,0.83515,-0.14446487140717987
1000,0.83515,0.1179968309661251
1000,0.83515,-0.1392955186574421
1000,0.83515,-0.1187511976722268
1000,0.83515,0.003968153587479988
1000,0.83515,-0.1788061548933287
1000,0.83515,-0.07975977942841973
1000,0.83515,0.0130592524555921
1000,0.83515,-0.015362703159100717
1000,0.83515,-0.09073169890650136
1000,0.83515,-0.08805407222269124
1000,0.83515,-0.13577395345953341
1000,0.83515,-0.06661768181618123
1000,0.83515,0.1362752271037028
1000,0.83515,0.06117041433007289
1000,0.83515,0.24718899303031
1000,0.83515,0.10900268524386206
1000,0.83515,-0.23755927099501625
1000,0.83515,0.09031155665329611
1000,0.83515,0.17273136795649158
1000,0.83515,0.18513593628798955
1000,0.83515,0.019658564234031495
1000,0.83515,0.18372964786429447
1000,0.83515,-0.06515413087363775
1000,0.83515,-0.04744507944937774
1000,0.83515,-0.0975781254614742
1000,0.83515,-0.10356359116952793
1000,0.83515,-0.17636775690091147
1000,0.83515,0.24682444423447392
1000,0.83515,0.13333508245230796
1000,0.83515,-0.1549566332152162
1000,0.83515,0.13130479766789147
1000,0.83515,0.03156041822858709
1000,0.83515,-0.17233036433160967
1000,0.83515,0.2908506517165769
1000,0.83515,0.21014137539572583
1000,0.83515,0.02804848152125937
1000,0.83515,-0.14627481250652913
1000,0.83515,-0.08988497704787246
1000,0.83515,-0.1549437013140329
1000,0.83515,-0.05738469529692047
1000,0.83515,-0.0703430356688623
1000,0.83515,0.27397544886433195
1000,0.83515,0.1993608324046121
1000,0.83515,-0.08833943962883886
1000,0.83515,-0.18110988749764279
1000,0.83515,-0.1961451849989126
1000,0.83515,0.1876231241977723
1000,0.83515,-0.1079077260027716
1000,0.83515,-0.06822292613332859
1000,0.83515,-0.1769616945953526
1000,0.83515,0.08741430488972082
1000,0.83515,-0.10403220894234036
1000,0.83515,0.08882239095430057
1000,0.83515,-0.004525442163197696
1000,0.83515,0.23892727971067448
1000,0.83515,0.08900320635204688
1000,0.83515,0.11798393651146806
1000,0.83515,0.04794833409133598
1000,0.83515,0.07509904200100599
1000,0.83515,-0.04453397641744186
1000,0.83515,-0.1410316040196835
1000,0.83515,-0.08370706101899915
1000,0.83515,0.029323043146039195
1000,0.83515,-0.12447681827091378
1000,0.83515,0.05125524833372991
1000,0.83515,0.16535466423484702
1000,0.83515,-0.11706868902588748
1000,0.83515,0.019951733876684252
1000,0.83515,0.17584137975249478
1000,0.83515,0.03930109935933059
1000,0.83515,0.09555265248678686
1000,0.83515,-0.13929581662734333
1000,0.83515,-0.11901470609841512
1000,0.83515,-0.11374638107655333
1000,0.83515,0.040087268677926384
1000,0.83515,0.11722715271829648
1000,0.83515,0.058455039113737846
1000,0.83515,-0.05292047154629207
1000,0.83515,0.18847838645925186
1000,0.83515,0.06896594297451245
1000,0.83515,0.0011700936821877304
1000,0.83515,-0.12484470657982949
1000,0.83515,0.25359748222200496
1000,0.83515,0.03753086850913693
1000,0.83515,-0.16095805810330335
1000,0.83515,-0.021808597977758172
1000,0.83515,0.12123248057856509
1000,0.83515,-0.05493594321613112
1000,0.83515,-0.132580752830445
1000,0.83515,0.06899845935422386
1000,0.83515,0.027084327708448964
1000,0.83515,0.0719214592432537
1000,0.83515,-0.1586807201447015
1000,0.83515,-0.12945079417387978
1000,0.83515,0.05721431986918887
1000,0.83515,-0.03926653231365308
1000,0.83515,0.2551654873664088
1000,0.83515,0.11513901563550179
1000,0.83515,0.29940730950214484
1000,0.83515,-0.14097855109430804
1000,0.83515,0.11781662496149213
1000,0.83515,-0.1384834231618393
1000,0.83515,-0.11677794699089691
1000,0.83515,0.006237547171897213
1000,0.83515,-0.17908971801135928
1000,0.83515,-0.07794100308661854
1000,0.83515,0.01223371493793215
1000,0.83515,-0.016303583393580144
1000,0.83515,-0.09054676727079773
1000,0.83515,-0.08951529496176837
1000,0.83515,-0.13493334456817882
1000,0.83515,-0.06362950024232579
1000,0.83515,0.13721648671626732
1000,0.83515,0.05945235021857287
1000,0.83515,0.24869881719664216
1000,0.83515,0.11198603405992996
1000,0.83515,-0.23402315894601022
1000,0.83515,0.09022957803335148
1000,0.83515,0.17452794193753157
1000,0.83515,0.18882530694841246
1000,0.83515,0.020133604619285858
1000,0.83515,0.18598787842174283
1000,0.83515,-0.07164941181508735
1000,0.83515,-0.04601282746719163
1000,0.83515,-0.09297740657503467
1000,0.83515,-0.10183353705100312
1000,0.83515,-0.17555574774263
1000,0.83515,0.2434990597985342
1000,0.83515,0.13596714614471767
1000,0.83515,-0.15710147542142666
1000,0.83515,0.13221165701224555
1000,0.83515,0.03371829457572183
1000,0.83515,-0.17464227137653324
1000,0.83515,0.29025673533636936
1000,0.83515,0.2120252262103104
1000,0.83515,0.03009292967752827
1000,0.83515,-0.14276819521916875
1000,0.83515,-0.09456354222515624
1000,0.83515,-0.15336887409456215
1000,0.83515,-0.060890441350669296
1000,0.83515,-0.07169492887420967
1000,0.83515,0.27177566486659205
1000,0.83515,0.19924232627427976
1000,0.83515,-0.08486289859468314
1000,0.83515,-0.17848086397264398
1000,0.83515,-0.1968019295921203
1000,0.83515,0.19296171156345918
1000,0.83515,-0.10809070097492575
1000,0.83515,-0.07090816166730209
1000,0.83515,-0.17719207638993112
1000,0.83515,0.082666961648366
1000,0.83515,-0.10292229470606046
1000,0.83515,0.08857599002012488
1000,0.83515,-0.001077907116917697
1000,0.83515,0.2321358841747788
1000,0.83515,0.09358670002550175
1000,0.83515,0.11240631552614248
1000,0.83515,0.04912217183217989
1000,0.83515,0.07756516488049635
1000,0.83515,-0.040970099133617446
1000,0.83515,-0.1337215599619203
1000,0.83515,-0.0826692539478391
1000,0.83515,0.02883577230127849
1000,0.83515,-0.12476445090786867
1000,0.83515,0.047659953922159125
1000,0.83515,0.16768956204518226
1000,0.83515,-0.11614904143078697
1000,0.83515,0.020666735531262706
1000,0.83515,0.1766936104944354
1000,0.83515,0.04315383909912751
1000,0.83515,0.09641261677332397
1000,0.83515,-0.14009003777007964
1000,0.83515,-0.1193605466381094
1000,0.83515,-0.11248197347130427
1000,0.83515,0.04179103912432747
1000,0.83515,0.1190959821384591
1000,0.83515,0.06008986867340339
1000,0.83515,-0.051404153322175475
1000,0.83515,0.1885016186526772
1000,0.83515,0.0722979351806302
1000,0.83515,0.005127705464860291
1000,0.83515,-0.11795830184306025
1000,0.83515,0.2582608654230426
1000,0.83515,0.03349537168950062
1000,0.83515,-0.1613195554719153
1000,0.83515,-0.023186574523955256
1000,0.83515,0.11748424459773138
1000,0.83515,-0.05264597098517176
1000,0.83515,-0.13171063015767437
1000,0.83515,0.06833474081564922
1000,0.83515,0.023647531131562562
1000,0.83515,0.07058218226160204
1000,0.83515,-0.16078150563339993
1000,0.83515,-0.13018748374527747
1000,0.83515,0.05656089353380527
1000,0.83515,-0.037059410305452775
1000,0.83515,0.2580719826386312
1000,0.83515,0.11821143856900748
1000,0.83515,0.3001898276729816
1000,0.83515,-0.14012958679973928
1000,0.83515,0.12063337791146768
1000,0.83515,-0.13494800580330119
1000,0.83515,-0.11726588422498872
1000,0.83515,0.007363161743877033
1000,0.83515,-0.18296047369260654
1000,0.83515,-0.07881807079689196
1000,0.83515,0.014189321152069634
1000,0.83515,-0.017662026169800626
1000,0.83515,-0.09151277803106227
1000,0.83515,-0.08756088704508178
1000,0.83515,-0.13558374592839664
1000,0.83515,-0.06023863286580143
1000,0.83515,0.13786729924100644
1000,0.83515,0.06288260494278086
1000,0.83515,0.24848457065983157
1000,0.83515,0.11405906460108925
1000,0.83515,-0.23846686353134444
1000,0.83515,0.09486587762701364
1000,0.83515,0.17168212073000658
1000,0.83515,0.1901094270070867
1000,0.83515,0.02240855813684065
1000,0.83515,0.18443286565674166
1000,0.83515,-0.07259040625115883
1000,0.83515,-0.04527377452077168
1000,0.83515,-0.09302660608824814
1000,0.83515,-0.0974819028477539
1000,0.83515,-0.17338173642372368
1000,0.83515,0.24149725418680934
1000,0.83515,0.14009890803662017
1000,0.83515,-0.1607821339510462
1000,0.83515,0.1285874346228042
1000,0.83515,0.035460485398561906
1000,0.83515,-0.1763995822667163
1000,0.83515,0.29061140351474624
1000,0.83515,0.21227999673733683
1000,0.83515,0.02930025129461165
1000,0.83515,-0.14341330206556127
1000,0.83515,-0.09260032706512245
1000,0.83515,-0.15348456270285804
1000,0.83515,-0.06186801828713034
1000,0.83515,-0.07238947402778284
1000,0.83515,0.26925647963673144
1000,0.83515,0.20230129419157378
1000,0.83515,-0.08201715547914731
1000,0.83515,-0.1762473604379731
1000,0.83515,-0.19536401250006322
1000,0.83515,0.19380827498153635
1000,0.83515,-0.10563662864302248
1000,0.83515,-0.071787275242147
1000,0.83515,-0.17688044392004187
1000,0.83515,0.08369475988760737
1000,0.83515,-0.09889113764431917
1000,0.83515,0.08765424901089867
1000,0.83515,-0.0013798727506365324
1000,0.83515,0.2332068297035716
1000,0.83515,0.09255489447481144
1000,0.83515,0.10941428985780949
1000,0.83515,0.04983096654269948
1000,0.83515,0.07346006339793107
1000,0.83515,-0.04204167212306863
1000,0.83515,-0.1274003107232198
1000,0.83515,-0.08676442877584546
1000,0.83515,0.027013929361342226
1000,0.83515,-0.1219014971777012
1000,0.83515,0.04754692364170009
1000,0.83515,0.16466388886524103
1000,0.83515,-0.11164639181395372
1000,0.83515,0.02404221798416134
1000,0.83515,0.1768290566736292
1000,0.83515,0.043049014513800485
1000,0.83515,0.09276545284905503
1000,0.83515,-0.1388209641010604
1000,0.83515,-0.11980801692301131
1000,0.83515,-0.11797269530688315
1000,0.83515,0.044900731097636384
1000,0.83515,0.12302965396297731
1000,0.83515,0.06287194222851987
1000,0.83515,-0.04978341360011871
1000,0.83515,0.18462313778408662
1000,0.83515,0.07308338872035215
1000,0.83515,0.0030390733312656657
1000,0.83515,-0.11732577043092439
1000,0.83515,0.25782464653671194
1000,0.83515,0.031344746830372416
1000,0.83515,-0.16158210801755454
1000,0.83515,-0.02333168785848083
1000,0.83515,0.12143349870495497
1000,0.83515,-0.05352445039404344
1000,0.83515,-0.12877884840656853
1000,0.83515,0.06935407864972044
1000,0.83515,0.025055950533447106
1000,0.83515,0.07303747294069937
1000,0.83515,-0.16063606045129233
1000,0.83515,-0.13549325959069536
1000,0.83515,0.059111727377762505
1000,0.83515,-0.03828414386165392
1000,0.83515,0.2602627784216655
1000,0.83515,0.11996606556870942
1000,0.83515,0.30084134522954586
1000,0.83515,-0.1387062545649456
1000,0.83515,0.12254615264391276
1000,0.83515,-0.13658371779227751
1000,0.83515,-0.12271328395170862
1000,0.83515,0.008755045596110792
1000,0.83515,-0.18275298470147816
1000,0.83515,-0.08264975670444978
1000,0.83515,0.013666099411580444
1000,0.83515,-0.015946594138022532
1000,0.83515,-0.09523842930007788
1000,0.83515,-0.08787646579417771
1000,0.83515,-0.1359312646350543
1000,0.83515,-0.059706198468400584
1000,0.83515,0.1351067405130703
1000,0.83515,0.06044763311792345
1000,0.83515,0.24809991452571845
1000,0.83515,0.1143869876718655
1000,0.83515,-0.23666902391489245
1000,0.83515,0.09385879580463637
1000,0.83515,0.17120134411716686
1000,0.83515,0.18986530676028396
1000,0.83515,0.020326827549931772
1000,0.83515,0.1796339392436144
1000,0.83515,-0.07023025930371793
1000,0.83515,-0.04450997196446951
1000,0.83515,-0.09201571110179836
1000,0.83515,-0.09853555053244518
1000,0.83515,-0.17137639668201904
1000,0.83515,0.23813411682297675
1000,0.83515,0.14225815927945124
1000,0.83515,-0.15913604708883775
1000,0.83515,0.12731099593594716
1000,0.83515,0.03825050052018301
1000,0.83515,-0.17759164614290535
1000,0.83515,0.29117695133119126
1000,0.83515,0.2101023413121455
1000,0.83515,0.02565395382883661
1000,0.83515,-0.14701662622773182
1000,0.83515,-0.0947411709147357
1000,0.83515,-0.15384725270263813
1000,0.83515,-0.062414887372281375
1000,0.83515,-0.06827395186896311
1000,0.83515,0.26936159038191476
1000,0.83515,0.2006470699064748
1000,0.83515,-0.08415702559394418
1000,0.83515,-0.1732002945410176
1000,0.83515,-0.19482121009496112
1000,0.83515,0.19471453633455843
1000,0.83515,-0.10270822893264991
1000,0.83515,-0.07244392135084508
1000,0.83515,-0.17327472245017944
1000,0.83515,0.08015085785095005
1000,0.83515,-0.09977225246598788
1000,0.83515,0.0881321212334304
1000,0.83515,-0.004237406711718099
1000,0.83515,0.23438888144802675
1000,0.83515,0.09043772934519129
1000,0.83515,0.11017388519084428
1000,0.83515,0.04815147379485004
1000,0.83515,0.07440808591850191
1000,0.83515,-0.03980197835725799
1000,0.83515,-0.127998472451279
1000,0.83515,-0.08603677107168692
1000,0.83515,0.02806391950151029
1000,0.83515,-0.12273876302441246
1000,0.83515,0.04694345786760157
1000,0.83515,0.16479294458478908
1000,0.83515,-0.11025089295795631
1000,0.83515,0.02113683473107079
1000,0.83515,0.17953756800070544
1000,0.83515,0.04290418190100076
1000,0.83515,0.09361286292943681
1000,0.83515,-0.13761802797835382
1000,0.83515,-0.11854433580670938
1000,0.83515,-0.1186235041045558
1000,0.83515,0.04411227933605818
1000,0.83515,0.12684319331129262
1000,0.83515,0.06410845914964505
1000,0.83515,-0.0512041169416036
1000,0.83515,0.1893638075275536
1000,0.83515,0.07587248920399084
1000,0.83515,0.003145061781198257
1000,0.83515,-0.12103914620622598
1000,0.83515,0.2550199706101214
1000,0.83515,0.028268031662170276
1000,0.83515,-0.15965883943650408
1000,0.83515,-0.019774567800556152
1000,0.83515,0.12042399386375768
1000,0.83515,-0.05444391950145354
1000,0.83515,-0.12315522087891496
1000,0.83515,0.06674230901492742
1000,0.83515,0.02770155717573582
1000,0.83515,0.07054781673951555
1000,0.83515,-0.16187375144089178
1000,0.83515,-0.13757899411640248
1000,0.83515,0.058142875956988735
1000,0.83515,-0.0359027035999916
1000,0.83515,0.262713026494093
1000,0.83515,0.12061149375981438
1000,0.83515,0.2998217965800956
1000,0.83515,-0.13709246080679113
1000,0.83515,0.12326841721724587
1000,0.83515,-0.13544746125080523
1000,0.83515,-0.12176656056909846
1000,0.83515,0.0073396695364977725
1000,0.83515,-0.18451069842335752
1000,0.83515,-0.07857535815858119
1000,0.83515,0.011763417407296124
1000,0.83515,-0.013820862688889806
1000,0.83515,-0.09409657819432342
1000,0.83515,-0.08825938700366923
1000,0.83515,-0.13799351438979782
1000,0.83515,-0.06241776095832331
1000,0.83515,0.13515299297096806
1000,0.83515,0.05702118702420394
1000,0.83515,0.24596894877366002
1000,0.83515,0.11762012541183978
1000,0.83515,-0.23933559903525653
1000,0.83515,0.08953332426854337
1000,0.83515,0.17296995525926517
1000,0.83515,0.189187755977148
1000,0.83515,0.018873407827161966
1000,0.83515,0.17817896367050914
1000,0.83515,-0.07458805945439265
1000,0.83515,-0.04069283922928968
1000,0.83515,-0.0928857951635154
1000,0.83515,-0.09724632911402757
1000,0.83515,-0.17311411099948168
1000,0.83515,0.23859891612469192
1000,0.83515,0.14280969695240558
1000,0.83515,-0.15899705345441528
1000,0.83515,0.13114734809826384
1000,0.83515,0.04438835333582819
1000,0.83515,-0.1791766371796717
1000,0.83515,0.29475860109838375
1000,0.83515,0.20792785450896115
1000,0.83515,0.027336019730838452
1000,0.83515,-0.14827301841664628
1000,0.83515,-0.09355200088350603
1000,0.83515,-0.1523408848231483
1000,0.83515,-0.06341050858384678
1000,0.83515,-0.06763123286286733
1000,0.83515,0.26528001152408576
1000,0.83515,0.20190138924677983
1000,0.83515,-0.08649037514448761
1000,0.83515,-0.17313835646712383
1000,0.83515,-0.19461354402830228
1000,0.83515,0.19434840342700702
1000,0.83515,-0.10487280764611982
1000,0.83515,-0.07478773880641933
1000,0.83515,-0.17169612885382787
1000,0.83515,0.07949187894658585
1000,0.83515,-0.10191117002777463
1000,0.83515,0.08722683599526583
1000,0.83515,-0.004174261294890324
1000,0.83515,0.23828178571571712
1000,0.83515,0.08953758615102923
1000,0.83515,0.11211343423909369
1000,0.83515,0.04764790324666044
1000,0.83515,0.07368456710291815
1000,0.83515,-0.0424474230072187
1000,0.83515,-0.12692746302099922
1000,0.83515,-0.08521225285383105
1000,0.83515,0.027878080165271924
1000,0.83515,-0.12474848956134113
1000,0.83515,0.04796070296570021
1000,0.83515,0.16480708955108866
1000,0.83515,-0.10758461433125445
1000,0.83515,0.023935202008657116
1000,0.83515,0.17627886603399334
1000,0.83515,0.04090644241665615
1000,0.83515,0.09284565867341048
1000,0.83515,-0.1377922243615688
1000,0.83515,-0.11747861852159085
1000,0.83515,-0.11443973233284935
1000,0.83515,0.0406227849527637
1000,0.83515,0.1272695677912984
1000,0.83515,0.06511759583397116
1000,0.83515,-0.05232446628214983
1000,0.83515,0.18301796946064336
1000,0.83515,0.07667277380059954
1000,0.83515,0.004599048652476442
1000,0.83515,-0.1213858095108236
1000,0.83515,0.2556495881041467
1000,0.83515,0.02958681783302746
1000,0.83515,-0.1597266240840836
1000,0.83515,-0.019556323381983425
1000,0.83515,0.11781894763310354
1000,0.83515,-0.04933405794892819
1000,0.83515,-0.1204614707252629
1000,0.83515,0.06472773791668152
1000,0.83515,0.02895410949044316
1000,0.83515,0.06526859899429674
1000,0.83515,-0.16029358745078318
1000,0.83515,-0.1393931254382892
1000,0.83515,0.06212468020785459
1000,0.83515,-0.0340771967931315
1000,0.83515,0.26342027613056473
1000,0.83515,0.11942135584805744
1000,0.83515,0.2971246535746986
1000,0.83515,-0.13587159151817838
1000,0.83515,0.12680436792325198
1000,0.83515,-0.13568182020394726
1000,0.83515,-0.12375743105237832
1000,0.83515,0.008866281792273806
1000,0.83515,-0.18436359686711376
1000,0.83515,-0.08091998420520813
1000,0.83515,0.011650228353318685
1000,0.83515,-0.012125840634134057
1000,0.83515,-0.09325117497467161
1000,0.83515,-0.09057816510313683
1000,0.83515,-0.13970990310623713
1000,0.83515,-0.05875504368226791
1000,0.83515,0.13690308885399452
1000,0.83515,0.05642517130631567
1000,0.83515,0.24536012081874728
1000,0.83515,0.11665982787598904
1000,0.83515,-0.24020680721984497
1000,0.83515,0.08871240469650697
1000,0.83515,0.17291384149642344
1000,0.83515,0.19211915554397596
1000,0.83515,0.01876226280881743
1000,0.83515,0.17348454596333174
1000,0.83515,-0.07399104821974055
1000,0.83515,-0.03878215497872524
1000,0.83515,-0.08905302617560631
1000,0.83515,-0.09627870464518626
1000,0.83515,-0.1760296461017445
1000,0.83515,0.2363736701284787
1000,0.83515,0.1413816631165497
1000,0.83515,-0.16216892811825845
1000,0.83515,0.12990054915935487
1000,0.83515,0.047126029479201394
1000,0.83515,-0.18065951663018626
1000,0.83515,0.2950504901719828
1000,0.83515,0.20450739604285031
1000,0.83515,0.02406147740654118
1000,0.83515,-0.14849441191206791
1000,0.83515,-0.09733379407803212
1000,0.9,0.4022979354364639
1000,0.9,0.5523116887686913
1000,0.9,0.47367900388307455
1000,0.9,0.5682241005706318
1000,0.9,0.5305799381978475
1000,0.9,0.5164571901481024
1000,0.9,0.5625204782323626
1000,0.9,0.47487974973471286
1000,0.9,0.182256549509316
1000,0.9,0.6253895414558793
1000,0.9,0.5494500254581293
1000,0.9,0.0037070818972824607
1000,0.9,0.5466862027306814
1000,0.9,0.23214183452496456
1000,0.9,0.2996569962324872
1000,0.9,0.5519139462786791
1000,0.9,0.6251644188201404
1000,0.9,0.13716209313759015
1000,0.9,-0.03873923946643298
1000,0.9,-0.004303933176393471
1000,0.9,0.04271686338751575
1000,0.9,0.16622196734912004
1000,0.9,0.3079542804329751
1000,0.9,0.43253760033968647
1000,0.9,0.5147614675223083
1000,0.9,0.13934262205021652
1000,0.9,0.39576804080294126
1000,0.9,0.59051606503386
1000,0.9,0.0035528609157893464
1000,0.9,0.24849735591537644
1000,0.9,-0.2525870989300102
1000,0.9,0.21921293032385142
1000,0.9,0.3580678792685892
1000,0.9,0.5463135242539442
1000,0.9,0.5286824029253366
1000,0.9,0.5138463759768035
1000,0.9,-0.05941467264845608
1000,0.9,0.35770759703076993
1000,0.9,0.600977934583661
1000,0.9,0.0009222079134752814
1000,0.9,0.4943890377629642
1000,0.9,0.4920998693323769
1000,0.9,0.27608548908502045
1000,0.9,0.4765359405385864
1000,0.9,0.3741513806148074
1000,0.9,-0.031914575343631284
1000,0.9,0.4235373738413034
1000,0.9,0.48587794555524993
1000,0.9,0.4678539471576084
1000,0.9,0.5053445674543197
1000,0.9,0.49420734829293456
1000,0.9,0.533042006400549
1000,0.9,0.05026239533665975
1000,0.9,0.24810007872512688
1000,0.9,0.4939434733853842
1000,0.9,0.1350647670680916
1000,0.9,0.136722286466924
1000,0.9,0.578114400071742
1000,0.9,0.46529719959020066
1000,0.9,0.523871910429912
1000,0.9,0.07835896537110261
1000,0.9,0.5258540755209822
1000,0.9,0.4408082330365262
1000,0.9,0.09567423721156108
1000,0.9,0.6398076946080042
1000,0.9,0.14369261225831995
1000,0.9,0.2560849297538735
1000,0.9,0.48496168446408766
1000,0.9,0.566180844636641
1000,0.9,0.138393476055486
1000,0.9,0.4983373015550131
1000,0.9,0.2682741716082717
1000,0.9,0.4548923845200401
1000,0.9,0.5408395504194706
1000,0.9,0.4682384561249188
1000,0.9,0.5653355221623749
1000,0.9,0.06294308934769513
1000,0.9,0.19166359213829984
1000,0.9,-0.11344555961977822
1000,0.9,0.5775447495028074
1000,0.9,0.639109728482802
1000,0.9,0.40968018816751284
1000,0.9,0.5398823209516705
1000,0.9,0.4787982765740655
1000,0.9,0.4687123318774818
1000,0.9,0.4932531727814955
1000,0.9,0.5673018169749052
1000,0.9,0.2924550998784768
1000,0.9,0.2502797040153945
1000,0.9,0.5406524744010243
1000,0.9,0.6207424399245789
1000,0.9,0.16504632476217287
1000,0.9,0.05416487563284396
1000,0.9,0.5771908313621139
1000,0.9,0.2641623035122223
1000,0.9,0.5379657146107529
1000,0.9,0.4723086908326665
1000,0.9,0.2965914762462946
1000,0.9,0.520402898810329
1000,0.9,0.5428781752741564
1000,0.9,0.40128934817949047
1000,0.9,0.5515474848461712
1000,0.9,0.4689872492840165
1000,0.9,0.5695329213448019
1000,0.9,0.5259620391340298
1000,0.9,0.5176222229838462
1000,0.9,0.565485274819953
1000,0.9,0.47142729310949755
1000,0.9,0.18290170953851373
1000,0.9,0.6284552223546769
1000,0.9,0.546652978748762
1000,0.9,0.0016998152287706293
1000,0.9,0.5477157114338671
1000,0.9,0.23192263105825825
1000,0.9,0.3055587380848852
1000,0.9,0.5549971514752685
1000,0.9,0.6247533547048315
1000,0.9,0.13936711510681044
1000,0.9,-0.035060072292204696
1000,0.9,5.451137667376038e-5
1000,0.9,0.04121951757965538
1000,0.9,0.1711824388553788
1000,0.9,0.3133106956850308
1000,0.9,0.43472693708703425
1000,0.9,0.5092473682122232
1000,0.9,0.14723601738846961
1000,0.9,0.38812514624669187
1000,0.9,0.5939710645008888
1000,0.9,-0.0005647417539741406
1000,0.9,0.25148856807059444
1000,0.9,-0.25727151465769044
1000,0.9,0.214142155293326
1000,0.9,0.35715816102261994
1000,0.9,0.5481499318919799
1000,0.9,0.5310310461064673
1000,0.9,0.5181572962361617
1000,0.9,-0.05497441154500561
1000,0.9,0.3561716984600704
1000,0.9,0.6012868465357676
1000,0.9,-0.0020623198315615544
1000,0.9,0.49523323821579746
1000,0.9,0.49091233701666664
1000,0.9,0.2768019314932414
1000,0.9,0.4789493824386168
1000,0.9,0.37069438246423175
1000,0.9,-0.03221504426620272
1000,0.9,0.42163765224667554
1000,0.9,0.48345480579237216
1000,0.9,0.46077428149083527
1000,0.9,0.5044744900339388
1000,0.9,0.4981391246212374
1000,0.9,0.5357399087007129
1000,0.9,0.051419004722229135
1000,0.9,0.25363732484603563
1000,0.9,0.495820907086433
1000,0.9,0.13929787137428262
1000,0.9,0.1406109574038519
1000,0.9,0.5759708753669203
1000,0.9,0.4621249100108158
1000,0.9,0.5266721853352795
1000,0.9,0.08278664827782681
1000,0.9,0.5239841101643871
1000,0.9,0.4435036275679067
1000,0.9,0.09220934567804616
1000,0.9,0.6378320292492847
1000,0.9,0.14086364958888306
1000,0.9,0.2539764736349882
1000,0.9,0.4819783089645634
1000,0.9,0.5644835108074654
1000,0.9,0.14252020431472898
1000,0.9,0.5028213611531456
1000,0.9,0.2720953584167219
1000,0.9,0.45512916214726507
1000,0.9,0.5430524743164409
1000,0.9,0.4659470924441497
1000,0.9,0.5675579620940089
1000,0.9,0.06989273805261427
1000,0.9,0.19094617080263476
1000,0.9,-0.1145196375850349
1000,0.9,0.5780278164554573
1000,0.9,0.6385429824983925
1000,0.9,0.4089517045932532
1000,0.9,0.5323418363810904
1000,0.9,0.4814446947167619
1000,0.9,0.46730277774591095
1000,0.9,0.49159170178954975
1000,0.9,0.5617692306806382
1000,0.9,0.29858293302808386
1000,0.9,0.2542789486837795
1000,0.9,0.5346164763027894
1000,0.9,0.6200303721548449
1000,0.9,0.16626820285126412
1000,0.9,0.052185618013311875
1000,0.9,0.579337209208738
1000,0.9,0.26392322507800725
1000,0.9,0.533923480161974
1000,0.9,0.4617358997096445
1000,0.9,0.301926647161481
1000,0.9,0.5186711934350768
1000,0.9,0.5412492357949862
1000,0.9,0.3963348890243403
1000,0.9,0.5420939592146645
1000,0.9,0.47557612910777636
1000,0.9,0.5711078247323614
1000,0.9,0.5204916912469747
1000,0.9,0.5228665289449216
1000,0.9,0.5693123305962611
1000,0.9,0.4663657122180682
1000,0.9,0.19232625968684322
1000,0.9,0.6305101299150953
1000,0.9,0.5522070801583311
1000,0.9,0.006284904727488727
1000,0.9,0.5516698553385294
1000,0.9,0.2353360808871102
1000,0.9,0.3104246537845646
1000,0.9,0.559507178566481
1000,0.9,0.6280126927230129
1000,0.9,0.15270488470989155
1000,0.9,-0.021260700758929673
1000,0.9,0.008586160652967623
1000,0.9,0.04526718218678965
1000,0.9,0.17099369991340815
1000,0.9,0.32007732583746556
1000,0.9,0.42456282986033167
1000,0.9,0.5141469174924292
1000,0.9,0.15419886425977894
1000,0.9,0.38472103649336414
1000,0.9,0.5964777030714606
1000,0.9,-0.00026090877060926945
1000,0.9,0.2617100255740424
1000,0.9,-0.2614303843415777
1000,0.9,0.22202665733596078
1000,0.9,0.36573509208462784
1000,0.9,0.5515064026601626
1000,0.9,0.5327092509732883
1000,0.9,0.5086605670789536
1000,0.9,-0.04993482308235147
1000,0.9,0.36619971291834674
1000,0.9,0.6056358931870388
1000,0.9,0.0031789193668384954
1000,0.9,0.4719149043810713
1000,0.9,0.498945168386551
1000,0.9,0.2772118877511203
1000,0.9,0.48549872691448676
1000,0.9,0.36779415466249704
1000,0.9,-0.04642635217045469
1000,0.9,0.4318627742702164
1000,0.9,0.4681920884029826
1000,0.9,0.46927791389904744
1000,0.9,0.5081888018873952
1000,0.9,0.498672417058111
1000,0.9,0.5360014062448765
1000,0.9,0.05468830660115622
1000,0.9,0.2469302799408257
1000,0.9,0.5024615575061776
1000,0.9,0.14252556713030018
1000,0.9,0.14974956140069776
1000,0.9,0.5821855579258454
1000,0.9,0.46312302743031747
1000,0.9,0.5104856849988431
1000,0.9,0.08389900123901277
1000,0.9,0.5273532308799291
1000,0.9,0.4469247480872236
1000,0.9,0.10313947462030049
1000,0.9,0.638470792517765
1000,0.9,0.13159940869194872
1000,0.9,0.25649208208020513
1000,0.9,0.48641872270861475
1000,0.9,0.5707703309399823
1000,0.9,0.13229286178625652
1000,0.9,0.5085554473501812
1000,0.9,0.28020176222916193
1000,0.9,0.461611937082703
1000,0.9,0.5499707964263085
1000,0.9,0.453933884341306
1000,0.9,0.5746639988030189
1000,0.9,0.07964489707901166
1000,0.9,0.1961525064058803
1000,0.9,-0.12611739855138618
1000,0.9,0.5829112723898411
1000,0.9,0.6403822615109158
1000,0.9,0.41020964000454946
1000,0.9,0.538164600905553
1000,0.9,0.4883472387251599
1000,0.9,0.47073238454980015
1000,0.9,0.49943660366747433
1000,0.9,0.5662432905361837
1000,0.9,0.3043317122864128
1000,0.9,0.26359465704431123
1000,0.9,0.5363496221626951
1000,0.9,0.6104002656118792
1000,0.9,0.1607122984089025
1000,0.9,0.06066719794825894
1000,0.9,0.5861914613873407
1000,0.9,0.259157451119955
1000,0.9,0.5205137184693776
1000,0.9,0.46817479064926065
1000,0.9,0.2908641200148395
1000,0.9,0.5252257381006596
1000,0.9,0.5476303695411714
1000,0.9,0.3939253219096537
1000,0.9,0.5438388208689297
1000,0.9,0.47607222506141345
1000,0.9,0.5732932530805531
1000,0.9,0.5193909654908828
1000,0.9,0.5154188642023491
1000,0.9,0.5700224011063225
1000,0.9,0.4694982975532315
1000,0.9,0.1945950519189578
1000,0.9,0.6285912060382426
1000,0.9,0.5523211127151709
1000,0.9,0.00663052081847122
1000,0.9,0.5489566171745205
1000,0.9,0.23245933075184663
1000,0.9,0.3095135043379999
1000,0.9,0.5577931603738857
1000,0.9,0.6266525717449211
1000,0.9,0.15097610918448512
1000,0.9,-0.018357595426206498
1000,0.9,0.008318698912353128
1000,0.9,0.049406501696968495
1000,0.9,0.16871550193114462
1000,0.9,0.31656316838306225
1000,0.9,0.42370192094849324
1000,0.9,0.5158935574550796
1000,0.9,0.1542338659155333
1000,0.9,0.38763804264913954
1000,0.9,0.5900842988039509
1000,0.9,-0.0018337017467235483
1000,0.9,0.2639132287798212
1000,0.9,-0.260053271064623
1000,0.9,0.2259529177755386
1000,0.9,0.36648321128424116
1000,0.9,0.5533576568990245
1000,0.9,0.5325259985835231
1000,0.9,0.5121993526664425
1000,0.9,-0.048766781609777134
1000,0.9,0.36076692941709226
1000,0.9,0.6036909610039047
1000,0.9,-0.00019529349048589273
1000,0.9,0.4722088213342504
1000,0.9,0.5018589173489274
1000,0.9,0.27426437020851446
1000,0.9,0.4881125660632222
1000,0.9,0.3691472460251098
1000,0.9,-0.04049702646839759
1000,0.9,0.42973883989181266
1000,0.9,0.47079673335517996
1000,0.9,0.4634591976178695
1000,0.9,0.5098087981550438
1000,0.9,0.499437263019649
1000,0.9,0.5314746008697464
1000,0.9,0.05866666163419687
1000,0.9,0.25019988175923286
1000,0.9,0.5019037004295477
1000,0.9,0.13990407569435245
1000,0.9,0.14913710492744414
1000,0.9,0.5787357009235659
1000,0.9,0.46486911309599765
1000,0.9,0.5087578747232671
1000,0.9,0.08340272144128354
1000,0.9,0.5249832128280361
1000,0.9,0.4456263393371113
1000,0.9,0.10197654307718783
1000,0.9,0.639341156160263
1000,0.9,0.13556169069866805
1000,0.9,0.2558782098636199
1000,0.9,0.4875326485161978
1000,0.9,0.5674962778879159
1000,0.9,0.1334922906530017
1000,0.9,0.507764123746327
1000,0.9,0.2816537454447142
1000,0.9,0.4627119117876533
1000,0.9,0.5488614107925084
1000,0.9,0.4559662204201287
1000,0.9,0.5757586479076493
1000,0.9,0.08521588134270552
1000,0.9,0.19564007509544018
1000,0.9,-0.12438109338333037
1000,0.9,0.5786270870481408
1000,0.9,0.6427299204329006
1000,0.9,0.413144112726646
1000,0.9,0.5369040634036275
1000,0.9,0.4881336796984757
1000,0.9,0.46824531362294186
1000,0.9,0.500603374785703
1000,0.9,0.5624500912875946
1000,0.9,0.3006755895613589
1000,0.9,0.26149774936275333
1000,0.9,0.5383495837021203
1000,0.9,0.6110177149494546
1000,0.9,0.15391053125132184
1000,0.9,0.06313735472489722
1000,0.9,0.5837179254013453
1000,0.9,0.26138075045117576
1000,0.9,0.5174896716915867
1000,0.9,0.46538305064027824
1000,0.9,0.2885413632703374
1000,0.9,0.5266017513117139
1000,0.9,0.5457450300714842
1000,0.9,0.3939749611295886
1000,0.9,0.5468355434175239
1000,0.9,0.47911338620248467
1000,0.9,0.5709351859683047
1000,0.9,0.5102279527286878
1000,0.9,0.5190350884594772
1000,0.9,0.5726500724909578
1000,0.9,0.47556611383098946
1000,0.9,0.20003192147381416
1000,0.9,0.6300192639056237
1000,0.9,0.5505502358032264
1000,0.9,0.00800754579972871
1000,0.9,0.5468495621017834
1000,0.9,0.23699892330588043
1000,0.9,0.30460072097980095
1000,0.9,0.5601970369082064
1000,0.9,0.6239521948728544
1000,0.9,0.15670708990418034
1000,0.9,-0.010957508078437761
1000,0.9,0.01836890534922402
1000,0.9,0.045624285773960625
1000,0.9,0.1584690461153727
1000,0.9,0.3242742729556214
1000,0.9,0.41044394452241756
1000,0.9,0.516739650741655
1000,0.9,0.15286653910319914
1000,0.9,0.38083485013238644
1000,0.9,0.5924292026438339
1000,0.9,-0.002614418000469576
1000,0.9,0.26805963134334215
1000,0.9,-0.26434295715159845
1000,0.9,0.21834012036787562
1000,0.9,0.3603417801901782
1000,0.9,0.5520644544642648
1000,0.9,0.5268650343430092
1000,0.9,0.5115469221703925
1000,0.9,-0.046515080916724995
1000,0.9,0.3674914035366272
1000,0.9,0.6069914802708953
1000,0.9,0.008827517583178192
1000,0.9,0.4724650542895098
1000,0.9,0.5031565856184712
1000,0.9,0.27842954650123697
1000,0.9,0.4930421345585723
1000,0.9,0.37169652590389424
1000,0.9,-0.03506193163448484
1000,0.9,0.4250165975897637
1000,0.9,0.47310666284928116
1000,0.9,0.4570021909948401
1000,0.9,0.5112691256797983
1000,0.9,0.5029151547943894
1000,0.9,0.5331418491727644
1000,0.9,0.06598620065046427
1000,0.9,0.2515376747204413
1000,0.9,0.5024369393904091
1000,0.9,0.1401138561723199
1000,0.9,0.15313151558253746
1000,0.9,0.5765281074549977
1000,0.9,0.46516901292236723
1000,0.9,0.513144949509057
1000,0.9,0.09088590671249337
1000,0.9,0.5192661488024654
1000,0.9,0.45002735346704903
1000,0.9,0.09318305154712392
1000,0.9,0.6379372477734676
1000,0.9,0.13371580801333535
1000,0.9,0.24705334858390535
1000,0.9,0.4913229928024026
1000,0.9,0.5721828365843855
1000,0.9,0.13850058783998756
1000,0.9,0.5132925925563819
1000,0.9,0.2883636561783137
1000,0.9,0.4659413832789453
1000,0.9,0.547473308182292
1000,0.9,0.45420486842164515
1000,0.9,0.5706179744194336
1000,0.9,0.07857753450679321
1000,0.9,0.19883212084113333
1000,0.9,-0.1324140858646016
1000,0.9,0.5792063159735794
1000,0.9,0.6452286919783057
1000,0.9,0.4148395180197268
1000,0.9,0.5254968906200951
1000,0.9,0.49062349471220434
1000,0.9,0.4732011460248579
1000,0.9,0.5057204776299883
1000,0.9,0.561677476059473
1000,0.9,0.30228055341221716
1000,0.9,0.2693676381520771
1000,0.9,0.5312006046360924
1000,0.9,0.6150908496275466
1000,0.9,0.15333448913882078
1000,0.9,0.06656162046601477
1000,0.9,0.5848605038334838
1000,0.9,0.26053099288428516
1000,0.9,0.5193562911843096
1000,0.9,0.46581615811932076
1000,0.9,0.2915536324431592
1000,0.9,0.5296076766400837
1000,0.9,0.5473621708863818
1000,0.9,0.4014441201547632
1000,0.9,0.5501107210961735
1000,0.9,0.4858132638363504
1000,0.9,0.573533846558262
1000,0.9,0.5108104267259699
1000,0.9,0.5243188468093017
1000,0.9,0.575010571845471
1000,0.9,0.47905675740137293
1000,0.9,0.1946938562888749
1000,0.9,0.6335363222217363
1000,0.9,0.5546537336673223
1000,0.9,0.015978110918261335
1000,0.9,0.544990148737401
1000,0.9,0.24528847418040817
1000,0.9,0.30292634547384784
1000,0.9,0.5525564368501986
1000,0.9,0.6277604645417417
1000,0.9,0.1654118956464877
1000,0.9,-0.009841362960458112
1000,0.9,0.016354082438025632
1000,0.9,0.043817888753056436
1000,0.9,0.16881388287534765
1000,0.9,0.3328529614038117
1000,0.9,0.40913908679731165
1000,0.9,0.5157134394173631
1000,0.9,0.1589572655377264
1000,0.9,0.3851704568427266
1000,0.9,0.5775299930005809
1000,0.9,-0.0017798993812835119
1000,0.9,0.2737953034523642
1000,0.9,-0.26046623269083224
1000,0.9,0.22031887735439923
1000,0.9,0.36555413361699063
1000,0.9,0.5479315011499021
1000,0.9,0.530447761984037
1000,0.9,0.5049568930426226
1000,0.9,-0.0576563483627126
1000,0.9,0.3744946882364746
1000,0.9,0.6004686617336908
1000,0.9,0.003996331237421491
1000,0.9,0.4792707633012953
1000,0.9,0.49685916204193753
1000,0.9,0.28733830007869104
1000,0.9,0.49140357747107083
1000,0.9,0.3763472162451671
1000,0.9,-0.021831007530761948
1000,0.9,0.4249880511734451
1000,0.9,0.476569785742625
1000,0.9,0.4601110963549807
1000,0.9,0.512717985465943
1000,0.9,0.5084555180812248
1000,0.9,0.5383956820506839
1000,0.9,0.06604764165328614
1000,0.9,0.2430804535124855
1000,0.9,0.5023770409022946
1000,0.9,0.13974420942556312
1000,0.9,0.14827865629432546
1000,0.9,0.580105589859298
1000,0.9,0.46762859282642755
1000,0.9,0.5169507695914859
1000,0.9,0.07927131793585158
1000,0.9,0.5135855052277086
1000,0.9,0.4352533052163701
1000,0.9,0.08464903406222504
1000,0.9,0.640625093805801
1000,0.9,0.12932090787071948
1000,0.9,0.24118212909031034
1000,0.9,0.4863906184288611
1000,0.9,0.574356043228866
1000,0.9,0.1377008157525743
1000,0.9,0.5081687248160828
1000,0.9,0.2838574136119464
1000,0.9,0.4660071624785374
1000,0.9,0.5530849993609197
1000,0.9,0.46071525851588396
1000,0.9,0.5750806113256104
1000,0.9,0.07489030230707759
1000,0.9,0.2042732905341966
1000,0.9,-0.12545341832497
1000,0.9,0.5810730866604972
1000,0.9,0.6396127050612236
1000,0.9,0.4225625383190111
1000,0.9,0.5267237587084737
1000,0.9,0.4956667029528957
1000,0.9,0.47813621078207585
1000,0.9,0.5081205330433409
1000,0.9,0.5593214788455838
1000,0.9,0.30973590268222095
1000,0.9,0.26997545953271557
1000,0.9,0.5355978867239579
1000,0.9,0.6125877623478988
1000,0.9,0.14982385906772466
1000,0.9,0.07093136120650977
1000,0.9,0.5874845660523716
1000,0.9,0.26518024757189285
1000,0.9,0.5208044745256504
1000,0.9,0.4659394935189824
1000,0.9,0.28999591661872187
1000,0.9,0.5279769123236523
1000,0.9,0.5467178478542989
1000,0.9,0.3992389097549476
1000,0.9,0.5505058146229371
1000,0.9,0.4843768873742629
1000,0.9,0.5707546178036832
1000,0.9,0.509834242679574
1000,0.9,0.5168627950167578
1000,0.9,0.5742416218228634
1000,0.9,0.4812541087193117
1000,0.9,0.19440799314274268
1000,0.9,0.6338224076204586
1000,0.9,0.5548056949257505
1000,0.9,0.014987898307129544
1000,0.9,0.546160128848441
1000,0.9,0.24702279647823036
1000,0.9,0.3030838310657576
1000,0.9,0.5540344537018987
1000,0.9,0.6250861646573477
1000,0.9,0.16352247953347726
1000,0.9,-0.01013088364692465
1000,0.9,0.018623909918303008
1000,0.9,0.04446652957871842
1000,0.9,0.1720187659364287
1000,0.9,0.3351606316205921
1000,0.9,0.41092593596710364
1000,0.9,0.5161278394313922
1000,0.9,0.15871885776136016
1000,0.9,0.3840054659422923
1000,0.9,0.5790097661015104
1000,0.9,0.0003628444187566915
1000,0.9,0.2730607353802542
1000,0.9,-0.25796582944276814
1000,0.9,0.2184518900004712
1000,0.9,0.3673602468815856
1000,0.9,0.5490054453484529
1000,0.9,0.5298406211997762
1000,0.9,0.5031826672345767
1000,0.9,-0.05678475961533204
1000,0.9,0.37568837136898076
1000,0.9,0.600660515738598
1000,0.9,0.0033313531512137117
1000,0.9,0.4802472105849638
1000,0.9,0.4949757385757111
1000,0.9,0.2848316896296257
1000,0.9,0.4903980135268417
1000,0.9,0.3733495379036375
1000,0.9,-0.01687195735817695
1000,0.9,0.4255118307475736
1000,0.9,0.4745657807287445
1000,0.9,0.46116281879478277
1000,0.9,0.5146697475866032
1000,0.9,0.5058029466770076
1000,0.9,0.5360929804647876
1000,0.9,0.06526721024049113
1000,0.9,0.23923999142314875
1000,0.9,0.5027382349728254
1000,0.9,0.14136762898535887
1000,0.9,0.1515588093071212
1000,0.9,0.5795396188639952
1000,0.9,0.4661007384349082
1000,0.9,0.5166950632362437
1000,0.9,0.0786445702224363
1000,0.9,0.5075247142083716
1000,0.9,0.43348295846343016
1000,0.9,0.08678295421308173
1000,0.9,0.6407966917733847
1000,0.9,0.12484168236372344
1000,0.9,0.23755245986850299
1000,0.9,0.48419930598191646
1000,0.9,0.5729179798446903
1000,0.9,0.13699471732144824
1000,0.9,0.5060444549263013
1000,0.9,0.2831916372394773
1000,0.9,0.4644493610587516
1000,0.9,0.5522372728615846
1000,0.9,0.46304642770818943
1000,0.9,0.5737251289953025
1000,0.9,0.07317154413241467
1000,0.9,0.20557554559955438
1000,0.9,-0.12418979999196411
1000,0.9,0.5802255580317183
1000,0.9,0.6381875697373134
1000,0.9,0.4207635896371708
1000,0.9,0.5285742093816118
1000,0.9,0.49807035387880066
1000,0.9,0.48050444566418715
1000,0.9,0.5104333219802212
1000,0.9,0.5570828648301546
1000,0.9,0.3105012385765597
1000,0.9,0.26437507349884637
1000,0.9,0.5382565307376119
1000,0.9,0.6129379456858521
1000,0.9,0.15090246875554197
1000,0.9,0.06867136431306516
1000,0.9,0.584781615142892
1000,0.9,0.26726021953287477
1000,0.9,0.5221875398938367
1000,0.9,0.46083418275800136
1000,0.9,0.2887390269975595
1000,0.9,0.5267045127211695
1000,0.9,0.5487847898098905
1000,0.9,0.40392642570002657
1000,0.9,0.5541991125426526
1000,0.9,0.4895854345370765
1000,0.9,0.5743052155312519
1000,0.9,0.5082779190803314
1000,0.9,0.5170673975290299
1000,0.9,0.5742362663436177
1000,0.9,0.48182242992558716
1000,0.9,0.19690496279260225
1000,0.9,0.631674282775245
1000,0.9,0.5579189856139463
1000,0.9,0.015518471334505369
1000,0.9,0.550053571244666
1000,0.9,0.2529462517477221
1000,0.9,0.30933576557137765
1000,0.9,0.5584080258168974
1000,0.9,0.6250443597810736
1000,0.9,0.1675679390358817
1000,0.9,-0.014950476923954249
1000,0.9,0.021418756355782432
1000,0.9,0.05269931691238885
1000,0.9,0.16843218674501298
1000,0.9,0.33398861902313454
1000,0.9,0.4113007096873318
1000,0.9,0.5171773485459272
1000,0.9,0.1532477207700776
1000,0.9,0.3885429858377169
1000,0.9,0.582895618848013
1000,0.9,-0.005211322067934088
1000,0.9,0.28076115547925207
1000,0.9,-0.24799008101882708
1000,0.9,0.2147428054814421
1000,0.9,0.3733048930930922
1000,0.9,0.5500206762084339
1000,0.9,0.5328483072768619
1000,0.9,0.503970074258776
1000,0.9,-0.05949797864309305
1000,0.9,0.37506489228867507
1000,0.9,0.6032706392247922
1000,0.9,0.007133423727662325
1000,0.9,0.48550862467163564
1000,0.9,0.49317738867926747
1000,0.9,0.28679846904939693
1000,0.9,0.4943440114110307
1000,0.9,0.3756987295129909
1000,0.9,-0.01084010721911366
1000,0.9,0.4183299764941711
1000,0.9,0.4743872579054233
1000,0.9,0.4522685126622072
1000,0.9,0.5130655908627284
1000,0.9,0.5102636644279023
1000,0.9,0.5407166548875993
1000,0.9,0.0713178568352855
1000,0.9,0.24534755356009397
1000,0.9,0.5040591723805479
1000,0.9,0.1492622995469299
1000,0.9,0.1380181356521818
1000,0.9,0.5811866504979453
1000,0.9,0.47156405325070366
1000,0.9,0.5203349118952868
1000,0.9,0.07189556450168577
1000,0.9,0.5104019959574644
1000,0.9,0.4356661340873101
1000,0.9,0.07809846218112722
1000,0.9,0.6415702327352693
1000,0.9,0.13246832990774565
1000,0.9,0.22814266377153194
1000,0.9,0.48769896093063964
1000,0.9,0.5753216501993864
1000,0.9,0.12890754881083397
1000,0.9,0.5052281518997447
1000,0.9,0.2911999859289931
1000,0.9,0.4652519387341896
1000,0.9,0.5513053360849183
1000,0.9,0.45940130516417116
1000,0.9,0.5650623931293884
1000,0.9,0.06881379087866633
1000,0.9,0.2007917252564072
1000,0.9,-0.1278631586893355
1000,0.9,0.5840979844972304
1000,0.9,0.6418372083236948
1000,0.9,0.4210012274681756
1000,0.9,0.5164471527358591
1000,0.9,0.5004895314425736
1000,0.9,0.481945342924045
1000,0.9,0.5097548092885094
1000,0.9,0.559792900085011
1000,0.9,0.3176809204930189
1000,0.9,0.25528045972919267
1000,0.9,0.5422601484857388
1000,0.9,0.6152364158608817
1000,0.9,0.14702505193916135
1000,0.9,0.06088629040659737
1000,0.9,0.5865774807051232
1000,0.9,0.26807057742246265
1000,0.9,0.5257510614737058
1000,0.9,0.465777494083993
1000,0.9,0.2921236515790598
1000,0.9,0.5271628490023101
1000,0.9,0.5530907970294954
1000,0.9,0.40560065015461827
1000,0.9,0.5560430846201272
1000,0.9,0.4763878356467398
1000,0.9,0.5742126609955563
1000,0.9,0.5127375698455997
1000,0.9,0.5144499374736835
1000,0.9,0.5709174665897856
1000,0.9,0.481679063594438
1000,0.9,0.2052068735397154
1000,0.9,0.626622951338203
1000,0.9,0.5625113262654887
1000,0.9,0.016345129506094614
1000,0.9,0.5469366967783442
1000,0.9,0.2597095507019806
1000,0.9,0.31306445932098964
1000,0.9,0.5627988414034825
1000,0.9,0.6259799302397047
1000,0.9,0.17072766872313203
1000,0.9,-0.022941825461589294
1000,0.9,0.028154917609578112
1000,0.9,0.057686663165946776
1000,0.9,0.17070831221431465
1000,0.9,0.33195201676434477
1000,0.9,0.4147837132569568
1000,0.9,0.5139793117739885
1000,0.9,0.14438291200510928
1000,0.9,0.3904819668845796
1000,0.9,0.5828340566010248
1000,0.9,0.0029033191033094098
1000,0.9,0.2774701440414648
1000,0.9,-0.23974604109811778
1000,0.9,0.2183741832661732
1000,0.9,0.3705410401121832
1000,0.9,0.5553194028613532
1000,0.9,0.5314529482729842
1000,0.9,0.508990714737725
1000,0.9,-0.049404174535038536
1000,0.9,0.37850970554193414
1000,0.9,0.6077631553986328
1000,0.9,0.006636020813076171
1000,0.9,0.4800006812372685
1000,0.9,0.4936932449698033
1000,0.9,0.2867516287315517
1000,0.9,0.4904585223715111
1000,0.9,0.38138618893256154
1000,0.9,-0.016071243515163102
1000,0.9,0.4109681235190627
1000,0.9,0.47779791491310775
1000,0.9,0.45904721815716687
1000,0.9,0.5130859656487444
1000,0.9,0.5103961204035631
1000,0.9,0.5382268706985269
1000,0.9,0.0766249361536272
1000,0.9,0.24580088089857785
1000,0.9,0.5094669567126177
1000,0.9,0.15671259436352789
1000,0.9,0.1337592644377131
1000,0.9,0.5860135207656276
1000,0.9,0.4621541826202438
1000,0.9,0.5212600171430043
1000,0.9,0.07190500689591088
1000,0.9,0.5157137492212481
1000,0.9,0.43446664951376596
1000,0.9,0.08584525992398177
1000,0.9,0.6398925278161078
1000,0.9,0.1356651735339397
1000,0.9,0.22946333410052372
1000,0.9,0.4862970278282733
1000,0.9,0.5802373172367312
1000,0.9,0.12997572023854698
1000,0.9,0.5035051579333323
1000,0.9,0.2934983283101068
1000,0.9,0.4626292242129738
1000,0.9,0.5551150172077283
1000,0.9,0.45883422739343344
1000,0.9,0.558636624136682
1000,0.9,0.05991403655721548
1000,0.9,0.2049031956652888
1000,0.9,-0.11938267507310164
1000,0.9,0.5855287755590284
1000,0.9,0.6436879516017869
1000,0.9,0.425095693795958
1000,0.9,0.5189021850627201
1000,0.9,0.5028165780039978
1000,0.9,0.4761026781961562
1000,0.9,0.5114907475155608
1000,0.9,0.5641627485181206
1000,0.9,0.3153044139381706
1000,0.9,0.2521933794970007
1000,0.9,0.5441489041087991
1000,0.9,0.6195477688194282
1000,0.9,0.1475637114874898
1000,0.9,0.05357615497522992
1000,0.9,0.5849514466462937
1000,0.9,0.2646473853647411
1000,0.9,0.5188727946724339
1000,0.9,0.46431641802052864
1000,0.9,0.2881921337257166
1000,0.9,0.5314399154081045
1000,0.9,0.5499279386203434
1000,0.9,0.406284433758447
1000,0.9,0.5562549267248788
1000,0.9,0.47470179580191435
1000,0.9,0.567925078310905
1000,0.9,0.5133061802681687
1000,0.9,0.5137936256141963
1000,0.9,0.5717085875445223
1000,0.9,0.4840647188112898
1000,0.9,0.2082224090597091
1000,0.9,0.6250315219891377
1000,0.9,0.5643361942516261
1000,0.9,0.015823567554443786
1000,0.9,0.545678960193061
1000,0.9,0.2587445423917102
1000,0.9,0.31235539978054283
1000,0.9,0.5642686560659556
1000,0.9,0.6276220287087867
1000,0.9,0.17667131500845507
1000,0.9,-0.022452813514549832
1000,0.9,0.028987336665173193
1000,0.9,0.05692307298603443
1000,0.9,0.16864796410538285
1000,0.9,0.32963802302501793
1000,0.9,0.4143878495808558
1000,0.9,0.5139472683448806
1000,0.9,0.1480828281937119
1000,0.9,0.38458551038654354
1000,0.9,0.5826119203547531
1000,0.9,0.0013013511189990058
1000,0.9,0.27924694073725437
1000,0.9,-0.23984559771761504
1000,0.9,0.2188835018933264
1000,0.9,0.37013939746733887
1000,0.9,0.5507371558512041
1000,0.9,0.5303522300345836
1000,0.9,0.5065509396572094
1000,0.9,-0.045269703290676803
1000,0.9,0.37939606290261
1000,0.9,0.6110795009628377
1000,0.9,0.005745487085923462
1000,0.9,0.48330523148750876
1000,0.9,0.4894511022356816
1000,0.9,0.29224627065549913
1000,0.9,0.48846382508972935
1000,0.9,0.379162879641773
1000,0.9,-0.009478223196997726
1000,0.9,0.4063870082048752
1000,0.9,0.4797682728116732
1000,0.9,0.4631806350726443
1000,0.9,0.5151199291447369
1000,0.9,0.5118985980683547
1000,0.9,0.5414617455775306
1000,0.9,0.0758492410314551
1000,0.9,0.2480658754360299
1000,0.9,0.5124371194488554
1000,0.9,0.1565189853019826
1000,0.9,0.13177790849710333
1000,0.9,0.5881091637730699
1000,0.9,0.45983646415421714
1000,0.9,0.5226824324903517
1000,0.9,0.07178274257951632
1000,0.9,0.5200746846292855
1000,0.9,0.4374144218250186
1000,0.9,0.08402657830006295
1000,0.9,0.642257702274383
1000,0.9,0.14346837620382194
1000,0.9,0.2327946875976979
1000,0.9,0.48134382221945704
1000,0.9,0.5768294389545331
1000,0.9,0.1316635224172283
1000,0.9,0.4986950563834894
1000,0.9,0.2852450317287988
1000,0.9,0.46182836382313835
1000,0.9,0.5519724194020019
1000,0.9,0.459454316278983
1000,0.9,0.557576280104303
1000,0.9,0.06044077697356376
1000,0.9,0.19878519137136788
1000,0.9,-0.12590606544994867
1000,0.9,0.58709243823422
1000,0.9,0.6436748882276113
1000,0.9,0.43048497587450707
1000,0.9,0.5197573474111457
1000,0.9,0.497949182430403
1000,0.9,0.47798394301777036
1000,0.9,0.5144379439839363
1000,0.9,0.5656170853673295
1000,0.9,0.3121334360440536
1000,0.9,0.25010053113389324
1000,0.9,0.5411073395684619
1000,0.9,0.6192578585618144
1000,0.9,0.14343377105200625
1000,0.9,0.05520655003915298
1000,0.9,0.5865216609326669
1000,0.9,0.26508507185939806
1000,0.9,0.521730360254904
1000,0.9,0.4663285087609336
1000,0.9,0.28809842601022323
1000,0.9,0.5335741634758439
1000,0.9,0.5466641610903784
1000,0.9,0.40444120254625965
1000,0.9,0.5489749349388141
1000,0.9,0.473677718528675
1000,0.9,0.5645636537857237
1000,0.9,0.514862289066445
1000,0.9,0.511104551263116
1000,0.9,0.5715855459799566
1000,0.9,0.48596467683055283
1000,0.9,0.20690199571814427
1000,0.9,0.6274787119877269
1000,0.9,0.5652207805297683
1000,0.9,0.0075671908764916255
1000,0.9,0.5472174457576854
1000,0.9,0.26365946121325345
1000,0.9,0.3071924121352938
1000,0.9,0.5683120510658175
1000,0.9,0.6292069672223256
1000,0.9,0.1742571735412361
1000,0.9,-0.025956578367161844
1000,0.9,0.028570995766160245
1000,0.9,0.06222325379887388
1000,0.9,0.1680077852828407
1000,0.9,0.33100124263618314
1000,0.9,0.4182395756913256
1000,0.9,0.5177323063694699
1000,0.9,0.14974126735685842
1000,0.9,0.38952416280702834
1000,0.9,0.582742175178177
1000,0.9,-0.0016764092448454005
1000,0.9,0.2715754148560607
1000,0.9,-0.23529247112928017
1000,0.9,0.22417676955719237
1000,0.9,0.37039225304525664
1000,0.9,0.5515064706679433
1000,0.9,0.5348040989821609
1000,0.9,0.5054969093150801
1000,0.9,-0.04739438183489434
1000,0.9,0.3738083667811773
1000,0.9,0.608678790860336
1000,0.9,0.0011019669137646737
1000,0.9,0.4883237130023091
1000,0.9,0.490938769900439
1000,0.9,0.29207798616160857
1000,0.9,0.48187596821899437
1000,0.9,0.3825258156691141
1000,0.9,-0.0035386973232065743
1000,0.9,0.40548164007722454
1000,0.9,0.4828325869597011
1000,0.9,0.4591742324291945
1000,0.9,0.5188908441781299
1000,0.9,0.5110667545401454
1000,0.9,0.5407638847215367
1000,0.9,0.08016549577284197
1000,0.9,0.251448630768059
1000,0.9,0.5120888179363128
1000,0.9,0.16250890941202398
1000,0.9,0.130068659631243
1000,0.9,0.5910888152933381
1000,0.9,0.4601216609147747
1000,0.9,0.5261140612822074
1000,0.9,0.07158672095942431
1000,0.9,0.5186460982312491
1000,0.9,0.441872979601021
1000,0.9,0.08568448673938898
1000,0.9,0.6353320863954787
1000,0.9,0.1445995440191262
1000,0.9,0.2345820321612539
1000,0.9,0.48191708448316073
1000,0.9,0.5807215576209707
1000,0.9,0.1342144394932088
1000,0.9,0.5015314249927992
1000,0.9,0.286209421727505
1000,0.9,0.4609246433687385
1000,0.9,0.5550512929663094
1000,0.9,0.4583390298042617
1000,0.9,0.5568086533099349
1000,0.9,0.0616042210880162
1000,0.9,0.20359251336404913
1000,0.9,-0.12851751005285258
1000,0.9,0.5900843347326059
1000,0.9,0.6410647246635455
1000,0.9,0.43211970733511323
1000,0.9,0.5152079993165191
1000,0.9,0.4986613648780672
1000,0.9,0.4769379681346075
1000,0.9,0.5141204907117528
1000,0.9,0.5597954872561854
1000,0.9,0.31674135581353835
1000,0.9,0.24993680687493236
1000,0.9,0.5381770968182416
1000,0.9,0.6207497577305614
1000,0.9,0.13577368448128224
1000,0.9,0.056841601526378384
1000,0.9,0.5853360642894575
1000,0.9,0.2623827347685941
1000,0.9,0.5243090505795056
1000,0.9,0.47068704538158873
1000,0.9,0.2841892097249351
1000,0.9,0.5269670636475475
1000,0.9,0.5472273543113993
1000,0.9,0.40928000180726415
1000,0.9,0.5550114413238919
1000,0.9,0.47878248069694734
1000,0.9,0.5703320841550955
1000,0.9,0.5060600728094357
1000,0.9,0.5085851620006978
1000,0.9,0.5525532870225636
1000,0.9,0.47878213468437436
1000,0.9,0.2091839485414657
1000,0.9,0.6305383194530287
1000,0.9,0.5661631384315197
1000,0.9,0.011553334254790992
1000,0.9,0.549219665933723
1000,0.9,0.26410848793481795
1000,0.9,0.3074397833084718
1000,0.9,0.5635622465567828
1000,0.9,0.6305055768723326
1000,0.9,0.18587782908599756
1000,0.9,-0.03383096979247024
1000,0.9,0.025736673545946154
1000,0.9,0.05706672361545591
1000,0.9,0.17837200702666553
1000,0.9,0.3323163134522971
1000,0.9,0.42272785516054157
1000,0.9,0.5243060858601384
1000,0.9,0.15197955957996542
1000,0.9,0.3793019959170751
1000,0.9,0.5793140598947746
1000,0.9,0.010033079695044345
1000,0.9,0.27670773647847124
1000,0.9,-0.2385373978304937
1000,0.9,0.22026988199158457
1000,0.9,0.3731281542595308
1000,0.9,0.5534349333581672
1000,0.9,0.54108429834033
1000,0.9,0.5050198624234794
1000,0.9,-0.034878164151190716
1000,0.9,0.37786799051765557
1000,0.9,0.6059530238729157
1000,0.9,0.007027926621596525
1000,0.9,0.49454343038196913
1000,0.9,0.496516703229521
1000,0.9,0.2994488023011672
1000,0.9,0.4840771754746271
1000,0.9,0.37529345530929964
1000,0.9,0.003983122649310423
1000,0.9,0.4101922312942112
1000,0.9,0.4816591805835579
1000,0.9,0.45914493419289243
1000,0.9,0.5254447005306085
1000,0.9,0.5096383166376426
1000,0.9,0.5370121849309563
1000,0.9,0.08286039334251982
1000,0.9,0.25265461636979075
1000,0.9,0.5096452083243607
1000,0.9,0.16371638676249342
1000,0.9,0.131343319568018
1000,0.9,0.5940817769155095
1000,0.9,0.4546527282521413
1000,0.9,0.5227962735262551
1000,0.9,0.07050013003973221
1000,0.9,0.5193551813797406
1000,0.9,0.43328710370380435
1000,0.9,0.09426476269327737
1000,0.9,0.6398835264760342
1000,0.9,0.14371689175823374
1000,0.9,0.24370576815512254
1000,0.9,0.4817806537424729
1000,0.9,0.5862121238165867
1000,0.9,0.13570889908653938
1000,0.9,0.5027990298025272
1000,0.9,0.29037538793806333
1000,0.9,0.46701872350465795
1000,0.9,0.5567653469206179
1000,0.9,0.4603494054166875
1000,0.9,0.5522979167848544
1000,0.9,0.06196727955788193
1000,0.9,0.1952809283774071
1000,0.9,-0.12791315306014572
1000,0.9,0.5954138911615645
1000,0.9,0.6432011769078723
1000,0.9,0.43939865941017775
1000,0.9,0.5153764771658074
1000,0.9,0.4948695198556875
1000,0.9,0.47457908359926687
1000,0.9,0.5207563818589658
1000,0.9,0.5580358258415966
1000,0.9,0.30598249826708857
1000,0.9,0.24578316593640348
1000,0.9,0.5337150112758517
1000,0.9,0.6240924418682982
1000,0.9,0.13123335017000182
1000,0.9,0.060239176992344136
1000,0.9,0.5843458354358761
1000,0.9,0.2687870788436355
1000,0.9,0.5176385236419068
1000,0.9,0.47661324348300427
1000,0.9,0.2884909738383658
1000,0.9,0.516718250177957
1000,0.9,0.5509569825554543
1000,0.9,0.399589112870787
1000,0.9,0.5521693524084657
1000,0.9,0.4767853666667402
1000,0.9,0.5741864958502315
1000,0.9,0.5106659400763576
1000,0.9,0.5072045765450821
1000,0.9,0.549681315461974
1000,0.9,0.483706930177778
1000,0.9,0.21208271138511053
1000,0.9,0.6270495618095557
1000,0.9,0.5678426964095107
1000,0.9,0.01568701669957098
1000,0.9,0.5533209198230605
1000,0.9,0.2620444203146993
1000,0.9,0.31340386549039856
1000,0.9,0.5632836327902789
1000,0.9,0.6336564520602173
1000,0.9,0.1900736492965701
1000,0.9,-0.033839088362706514
1000,0.9,0.019173590752401704
1000,0.9,0.058036168320830785
1000,0.9,0.17593885697729567
1000,0.9,0.3334344981063641
1000,0.9,0.42734014836085266
1000,0.9,0.5247781517372655
1000,0.9,0.15806380654419017
1000,0.9,0.37916965249148926
1000,0.9,0.5751972273428066
1000,0.9,0.013541013264222102
1000,0.9,0.2708973443863002
1000,0.9,-0.23706497219006187
1000,0.9,0.21838642732874403
1000,0.9,0.372389884081211
1000,0.9,0.5542954291989314
1000,0.9,0.5373606536636466
1000,0.9,0.49411074816697537
1000,0.9,-0.04233540111558692
1000,0.9,0.37479498620206814
1000,0.9,0.6081362125662081
1000,0.9,0.010985304388067375
1000,0.9,0.49496487879724677
1000,0.9,0.49930128953360314
1000,0.9,0.30284195589393936
1000,0.9,0.4830105575509842
1000,0.9,0.37750968104260685
1000,0.9,0.0020097280219584903
1000,0.9,0.4070499267800703
1000,0.9,0.4753570037266141
1000,0.9,0.4616417284763094
1000,0.9,0.5239103802467505
1000,0.9,0.5112478229765921
1000,0.9,0.5359682509748988
1000,0.9,0.0824587225285816
1000,0.9,0.2536834866641355
1000,0.9,0.5066058948877075
1000,0.9,0.16346685423571752
1000,0.9,0.13505148077519252
1000,0.9,0.5947059170715401
1000,0.9,0.4519613765498352
1000,0.9,0.5183185710188047
1000,0.9,0.0683101128240312
1000,0.9,0.5169270761799328
1000,0.9,0.43680902795071247
1000,0.9,0.08889194615080212
1000,0.9,0.6399673295467141
1000,0.9,0.14244024598714697
1000,0.9,0.24968544831376516
1000,0.9,0.4840108657382561
1000,0.9,0.5876582414074408
1000,0.9,0.14134647253888796
1000,0.9,0.5057494430843333
1000,0.9,0.29253750678416784
1000,0.9,0.4665639243324586
1000,0.9,0.5565140681826667
1000,0.9,0.46379613126281266
1000,0.9,0.5534643762779605
1000,0.9,0.06318941749375387
1000,0.9,0.20061962566073238
1000,0.9,-0.12681451549688763
1000,0.9,0.5944257990083195
1000,0.9,0.6438731293764179
1000,0.9,0.43431822165370076
1000,0.9,0.5132885887019866
1000,0.9,0.49960622484174066
1000,0.9,0.473638505628597
1000,0.9,0.5196723243128022
1000,0.9,0.560100181205931
1000,0.9,0.3017617232631055
1000,0.9,0.24854998577605078
1000,0.9,0.5347011102562035
1000,0.9,0.6184861254235462
1000,0.9,0.13659131154689763
1000,0.9,0.06414588097297873
1000,0.9,0.5853788056866882
1000,0.9,0.2639928261460254
1000,0.9,0.5177899488208216
1000,0.9,0.4805945510799495
1000,0.9,0.2926831887361387
1000,0.9,0.5159144910531721
1000,0.9,0.5494238699984936
1000,0.9,0.40202154228098713
1000,0.9,0.5541517285105376
1000,0.9,0.47253699178892516
1000,0.9,0.5765278231841104
1000,0.9,0.5073902598460378
1000,0.9,0.5085296047062264
1000,0.9,0.5486459267621564
1000,0.9,0.4866137723906609
1000,0.9,0.21059287725616746
1000,0.9,0.6283343424725134
1000,0.9,0.5609819381254694
1000,0.9,0.016158454217935804
1000,0.9,0.5543243586097272
1000,0.9,0.26271729330315224
1000,0.9,0.3172052169638003
1000,0.9,0.5657265328575243
1000,0.9,0.6341856810170932
1000,0.9,0.19004263960724377
1000,0.9,-0.03499581638115932
1000,0.9,0.021704178622162364
1000,0.9,0.05702838620175008
1000,0.9,0.17742847236108014
1000,0.9,0.3377432420644775
1000,0.9,0.4281502337447545
1000,0.9,0.5250686663079538
1000,0.9,0.15402754250823542
1000,0.9,0.3765062001402271
1000,0.9,0.5679642124170384
1000,0.9,0.017514275716757257
1000,0.9,0.2698096281286113
1000,0.9,-0.2356089093398334
1000,0.9,0.2168537342094764
1000,0.9,0.3705151154604828
1000,0.9,0.5575160656501449
1000,0.9,0.5338056647027807
1000,0.9,0.49360478756036724
1000,0.9,-0.03800844340031646
1000,0.9,0.37508879761477126
1000,0.9,0.6083428942137794
1000,0.9,0.007882125926164973
1000,0.9,0.4921166471316634
1000,0.9,0.49735893461192515
1000,0.9,0.30520999852805936
1000,0.9,0.4779946941687039
1000,0.9,0.3790571025122392
1000,0.9,-0.002217015245363008
1000,0.9,0.40526832539935437
1000,0.9,0.47599092375726787
1000,0.9,0.4621205308919916
1000,0.9,0.5220350623162918
1000,0.9,0.5138980900361835
1000,0.9,0.531748393003486
1000,0.9,0.07748433184426229
1000,0.9,0.2555243844414726
1000,0.9,0.5080425970905352
1000,0.9,0.16479525415744198
1000,0.9,0.13106988945179857
1000,0.9,0.5968560823510957
1000,0.9,0.4538010587786829
1000,0.9,0.5185659196384234
1000,0.9,0.06815255796041311
1000,0.9,0.5145657311398248
1000,0.9,0.43878519846819997
1000,0.9,0.09118588964501431
1000,0.9,0.6401622997410484
1000,0.9,0.14323901061971664
1000,0.9,0.2504871244635682
1000,0.9,0.4845452725821126
1000,0.9,0.5852976464298779
1000,0.9,0.14275777171818554
1000,0.9,0.5038726887387637
1000,0.9,0.2962484203521936
1000,0.9,0.46809077242476455
1000,0.9,0.556230262142495
1000,0.9,0.4610689033637222
1000,0.9,0.5526883594378678
1000,0.9,0.06652952137571559
1000,0.9,0.2015919680534835
1000,0.9,-0.13150526340586183
1000,0.9,0.5939523968748462
1000,0.9,0.6439202591778858
1000,0.9,0.43670451593511067
1000,0.9,0.5099414612444866
1000,0.9,0.49682153375642707
1000,0.9,0.47457756621098446
1000,0.9,0.5196184605323497
1000,0.9,0.5574335124596583
1000,0.9,0.3042902899143372
1000,0.9,0.25142130956782544
1000,0.9,0.5321649664924089
1000,0.9,0.6168097406314071
1000,0.9,0.14022151075802622
1000,0.9,0.06168051242375663
1000,0.9,0.5847140677534621
1000,0.9,0.2630944386932393
1000,0.9,0.5144046545526202
1000,0.9,0.4835323295640713
1000,0.9,0.28919559516428117
1000,0.9,0.516569214607618
1000,0.9,0.5493488793286995
1000,0.9,0.39861464409573644
1000,0.9,0.5551564159086964
1000,0.9,0.47687342891033846
1000,0.9,0.5757720197089711
1000,0.9,0.5099735611147811
1000,0.9,0.512594508040885
1000,0.9,0.5535959951700077
1000,0.9,0.48824468399746723
1000,0.9,0.19957686111441508
1000,0.9,0.6190842496521062
1000,0.9,0.5657582100562638
1000,0.9,0.013318780219603643
1000,0.9,0.5581023785125218
1000,0.9,0.26842171641747026
1000,0.9,0.32154887417746425
1000,0.9,0.5672997189750669
1000,0.9,0.6371645324116609
1000,0.9,0.1927206677744551
1000,0.9,-0.041307837056522224
1000,0.9,0.031128998525786943
1000,0.9,0.060812539164828094
1000,0.9,0.18539202343504782
1000,0.9,0.34239065856632017
1000,0.9,0.4326159980100029
1000,0.9,0.5132525753065241
1000,0.9,0.14340720744744168
1000,0.9,0.3764703632509536
1000,0.9,0.5698630784020792
1000,0.9,0.021530192484759094
1000,0.9,0.2697157494881829
1000,0.9,-0.23905903885372193
1000,0.9,0.21907043983895838
1000,0.9,0.3741120774860474
1000,0.9,0.5467202134477798
1000,0.9,0.5207431904096766
1000,0.9,0.4823901277130441
1000,0.9,-0.04173636485030361
1000,0.9,0.3813952573934012
1000,0.9,0.6004664995042102
1000,0.9,0.015498194165121593
1000,0.9,0.4927545856118268
1000,0.9,0.500849645562748
1000,0.9,0.3047315470007868
1000,0.9,0.48208418389942403
1000,0.9,0.3829737813124833
1000,0.9,0.0009870210067198348
1000,0.9,0.4060366935788377
1000,0.9,0.46575489596134684
1000,0.9,0.460045567430113
1000,0.9,0.5223678458793588
1000,0.9,0.514460345640089
1000,0.9,0.5358444754609413
1000,0.9,0.08408018930972816
1000,0.9,0.260735207919435
1000,0.9,0.5102896537878477
1000,0.9,0.17128868308780876
1000,0.9,0.14081422111016761
1000,0.9,0.5923901441734859
1000,0.9,0.4564540018277982
1000,0.9,0.5220849090693956
1000,0.9,0.07145723681687281
1000,0.9,0.5135857343099409
1000,0.9,0.4403261046487373
1000,0.9,0.08640347861439282
1000,0.9,0.6310715296812083
1000,0.9,0.14584813752911355
1000,0.9,0.25777968339190077
1000,0.9,0.4858481208245318
1000,0.9,0.5897313453590759
1000,0.9,0.13680763424279527
1000,0.9,0.5094535470191061
1000,0.9,0.2994692555359157
1000,0.9,0.4611004606003167
1000,0.9,0.5548736230161657
1000,0.9,0.4615308709552797
1000,0.9,0.5502572363024232
1000,0.9,0.07146010662051254
1000,0.9,0.20779598884242215
1000,0.9,-0.12757105677557964
1000,0.9,0.5929449155955946
1000,0.9,0.6453450446842607
1000,0.9,0.4432316761812868
1000,0.9,0.5120108983590765
1000,0.9,0.4970316178709402
1000,0.9,0.46749586488678413
1000,0.9,0.5249774837652307
1000,0.9,0.5502743569725123
1000,0.9,0.31159310848197813
1000,0.9,0.25778490670333737
1000,0.9,0.5328325302897978
1000,0.9,0.6197107035204846
1000,0.9,0.1348991264156814
1000,0.9,0.06897542928879895
1000,0.9,0.5867040067001995
1000,0.9,0.2663404772978537
1000,0.9,0.5190710465796274
1000,0.9,0.4883077063020304
1000,0.9,0.2758652960824057
1000,0.9,0.5173383914597419
1000,0.9,0.5511528027892899
1000,0.9,0.4000015878682297
1000,0.9,0.5538246405048959
1000,0.9,0.4746491577050666
1000,0.9,0.5761784074813374
1000,0.9,0.5090461622097314
1000,0.9,0.5078644380205585
1000,0.9,0.5567107010391072
1000,0.9,0.4905667571860249
1000,0.9,0.19443239695189393
1000,0.9,0.6193698864749353
1000,0.9,0.5661352259340929
1000,0.9,0.008603173335827496
1000,0.9,0.5589571605654228
1000,0.9,0.2684626070624321
1000,0.9,0.3205696513955557
1000,0.9,0.5674709025735751
1000,0.9,0.6351676706694774
1000,0.9,0.19593752885979582
1000,0.9,-0.037668073581996066
1000,0.9,0.03802923906807667
1000,0.9,0.06274595849254432
1000,0.9,0.18788362072376044
1000,0.9,0.3404928305222612
1000,0.9,0.43767965916857576
1000,0.9,0.5105495307062272
1000,0.9,0.14541197151443508
1000,0.9,0.37914002079513565
1000,0.9,0.5742078965309946
1000,0.9,0.027796642087022594
1000,0.9,0.2674285951729417
1000,0.9,-0.24120671617404782
1000,0.9,0.21639132538249692
1000,0.9,0.3795989833580624
1000,0.9,0.546828512636982
1000,0.9,0.5142821125076077
1000,0.9,0.4847892506970568
1000,0.9,-0.04304105685023062
1000,0.9,0.3807129441685834
1000,0.9,0.5997512820156836
1000,0.9,0.019276558588268423
1000,0.9,0.491881686061542
1000,0.9,0.4973385935455229
1000,0.9,0.30854384473768454
1000,0.9,0.48247498632266045
1000,0.9,0.3829831136239193
1000,0.9,-0.0032517898670747615
1000,0.9,0.39944346849287365
1000,0.9,0.4663633050457981
1000,0.9,0.46162828591474814
1000,0.9,0.5235573488183313
1000,0.9,0.5139151019110753
1000,0.9,0.5406370006868508
1000,0.9,0.0787956890399677
1000,0.9,0.2646072571024392
1000,0.9,0.5090004362425873
1000,0.9,0.17445086627994655
1000,0.9,0.14594711576101108
1000,0.9,0.5930177783724526
1000,0.9,0.4622913576877222
1000,0.9,0.5219492757487983
1000,0.9,0.07254289631579201
1000,0.9,0.5179075972214642
1000,0.9,0.4421553788104194
1000,0.9,0.08708479961258651
1000,0.9,0.6299535299491649
1000,0.9,0.1351716729398555
1000,0.9,0.25053029798818693
1000,0.9,0.4845596446300485
1000,0.9,0.5927272656355042
1000,0.9,0.1434310326803806
1000,0.9,0.5096123481188146
1000,0.9,0.2962150047933652
1000,0.9,0.4620218293837915
1000,0.9,0.5495862527808054
1000,0.9,0.4662139934465627
1000,0.9,0.5460264314729559
1000,0.9,0.0712668076436792
1000,0.9,0.21349444857256925
1000,0.9,-0.12593163230647683
1000,0.9,0.5872836360150143
1000,0.9,0.640438342812769
1000,0.9,0.44327425191066466
1000,0.9,0.5081113267470764
1000,0.9,0.4870504170253148
1000,0.9,0.4699027585769058
1000,0.9,0.5238086621534428
1000,0.9,0.5511059064833301
1000,0.9,0.312595051101704
1000,0.9,0.26334559123789947
1000,0.9,0.5353407146801317
1000,0.9,0.6219552965223567
1000,0.9,0.13766138602873915
1000,0.9,0.07043114166459644
1000,0.9,0.5908271871818528
1000,0.9,0.27014807200105073
1000,0.9,0.5209874246452426
1000,0.9,0.4869018423100407
1000,0.9,0.2817460230525479
1000,0.9,0.5173934228420147
1000,0.9,0.5485960396457171
1000,0.9,0.39975764512471607
1000,0.9,0.5546999785551774
1000,0.9,0.47113447431474764
1000,0.9,0.5774348648351086
1000,0.9,0.5131130471455787
1000,0.9,0.5096049998722584
1000,0.9,0.5482806438592134
1000,0.9,0.4917371547599857
1000,0.9,0.19369221700507644
1000,0.9,0.6194920508170106
1000,0.9,0.5542038336838472
1000,0.9,0.0044074070538081545
1000,0.9,0.5579749835099712
1000,0.9,0.26178029747227055
1000,0.9,0.3232353326202846
1000,0.9,0.5719213457106431
1000,0.9,0.6336908104072045
1000,0.9,0.20233720315830658
1000,0.9,-0.043701817631741635
1000,0.9,0.029103507476424494
1000,0.9,0.06660148484041169
1000,0.9,0.19434980987544234
1000,0.9,0.338602577316023
1000,0.9,0.4364747832434856
1000,0.9,0.5149939895563038
1000,0.9,0.13610384068122458
1000,0.9,0.38052315668790054
1000,0.9,0.5749289415892502
1000,0.9,0.030660641921639465
1000,0.9,0.26833615054353577
1000,0.9,-0.24367082495894146
1000,0.9,0.21414682441561922
1000,0.9,0.3794383320886386
1000,0.9,0.5488402605925812
1000,0.9,0.5123263595708247
1000,0.9,0.49092127845024536
1000,0.9,-0.03613433653300468
1000,0.9,0.38667511446495056
1000,0.9,0.6041854963866505
1000,0.9,0.018215706350342243
1000,0.9,0.4974484663220387
1000,0.9,0.4956224772250968
1000,0.9,0.3067770730658422
1000,0.9,0.4784690126670215
1000,0.9,0.3844447343902632
1000,0.9,-0.0033197688586944717
1000,0.9,0.40110670434573276
1000,0.9,0.471920829940826
1000,0.9,0.46077637852071623
1000,0.9,0.5268373409939933
1000,0.9,0.517098109026874
1000,0.9,0.5419219293397047
1000,0.9,0.07894885843060122
1000,0.9,0.2584894143955065
1000,0.9,0.5055544457816072
1000,0.9,0.1732315786569937
1000,0.9,0.14721876601511197
1000,0.9,0.59487216986712
1000,0.9,0.46382811924440065
1000,0.9,0.527532506763682
1000,0.9,0.07011446381193116
1000,0.9,0.5227038917517431
1000,0.9,0.4469593911307974
1000,0.9,0.08466096044164328
1000,0.9,0.6235590002308938
1000,0.9,0.13344646673457014
1000,0.9,0.25784248214315614
1000,0.9,0.4902345602443223
1000,0.9,0.5960188117231273
1000,0.9,0.15122524345160918
1000,0.9,0.5080517895117782
1000,0.9,0.29511487592383895
1000,0.9,0.4586936323208247
1000,0.9,0.5543008248429302
1000,0.9,0.4659428312908549
1000,0.9,0.5455595160113924
1000,0.9,0.07392145354049783
1000,0.9,0.21326271053909981
1000,0.9,-0.11477844275702248
1000,0.9,0.5857280505182827
1000,0.9,0.6423783042881376
1000,0.9,0.4449566255582156
1000,0.9,0.5119412705879788
1000,0.9,0.4931490508100119
1000,0.9,0.46977527577164757
1000,0.9,0.525734529893365
1000,0.9,0.5416098302228389
1000,0.9,0.31899063377362985
1000,0.9,0.266046423498006
1000,0.9,0.5342468133425728
1000,0.9,0.6147373527593246
1000,0.9,0.14215028897562104
1000,0.9,0.06532227084867037
1000,0.9,0.5885277126793802
1000,0.9,0.27411321338242517
1000,0.9,0.5203071190476934
1000,0.9,0.486847603537222
1000,0.9,0.2863938724336307
1000,0.9,0.5225834337673427
1000,0.9,0.5464400574556654
1000,0.9,0.3998448317286659
1000,0.9,0.5544281611785962
1000,0.9,0.47114520766420287
1000,0.9,0.5761494343355634
1000,0.9,0.5112174669530583
1000,0.9,0.506477130200639
1000,0.9,0.5443526686439135
1000,0.9,0.4940270776092829
1000,0.9,0.1921472773907512
1000,0.9,0.6211334081253967
1000,0.9,0.5480859865973088
1000,0.9,0.002659624150119422
1000,0.9,0.5568867617450687
1000,0.9,0.2605793275093973
1000,0.9,0.3201224518090229
1000,0.9,0.575107005636209
1000,0.9,0.6331691445771654
1000,0.9,0.2051874097471611
1000,0.9,-0.038533029695981214
1000,0.9,0.02741344952743161
1000,0.9,0.06500234048318164
1000,0.9,0.19315112247109406
1000,0.9,0.34130873512874166
1000,0.9,0.43316282293603176
1000,0.9,0.5170580873918816
1000,0.9,0.13822228293541855
1000,0.9,0.38156597765627603
1000,0.9,0.57532867935975
1000,0.9,0.032978016374351896
1000,0.9,0.2664156250650401
1000,0.9,-0.23966452398462973
1000,0.9,0.21109127138699588
1000,0.9,0.3775743871856119
1000,0.9,0.544728289219402
1000,0.9,0.5148477197092461
1000,0.9,0.48938517635312656
1000,0.9,-0.03312805700576651
1000,0.9,0.38890462070324466
1000,0.9,0.6070578698167458
1000,0.9,0.01754638053692381
1000,0.9,0.49461273639363895
1000,0.9,0.49703340252984
1000,0.9,0.3089639863173423
1000,0.9,0.4785724779058964
1000,0.9,0.3866974285266957
1000,0.9,-0.006202021871971797
1000,0.9,0.400278779562206
1000,0.9,0.4717851117257927
1000,0.9,0.46193706567116416
1000,0.9,0.5304607688304919
1000,0.9,0.5180612015509081
1000,0.9,0.542484930819687
1000,0.9,0.0805930911551882
1000,0.9,0.2573235663918428
1000,0.9,0.5081365796999444
1000,0.9,0.16990760971624388
1000,0.9,0.14690726834174042
1000,0.9,0.5950883247483613
1000,0.9,0.46388350664806655
1000,0.9,0.5273201443744944
1000,0.9,0.07692972328366714
1000,0.9,0.5234618353937588
1000,0.9,0.44540178703229877
1000,0.9,0.08206842372253713
1000,0.9,0.6222536345295663
1000,0.9,0.13074497319309195
1000,0.9,0.2511930401201931
1000,0.9,0.4913077826978086
1000,0.9,0.5918683395695042
1000,0.9,0.14919400052193568
1000,0.9,0.507864635229764
1000,0.9,0.29443800906535955
1000,0.9,0.46173078705069476
1000,0.9,0.5503227274416929
1000,0.9,0.46572984535610745
1000,0.9,0.5412479768708555
1000,0.9,0.07352049298393051
1000,0.9,0.21254110106647492
1000,0.9,-0.11464836753372563
1000,0.9,0.5832797040537098
1000,0.9,0.6418353874653114
1000,0.9,0.4477007896549286
1000,0.9,0.5118802998715675
1000,0.9,0.49709959360689226
1000,0.9,0.4651796503676143
1000,0.9,0.5233538681601163
1000,0.9,0.5423364435218081
1000,0.9,0.3246322633955718
1000,0.9,0.2680222809289418
1000,0.9,0.5377982948368706
1000,0.9,0.6113571042504149
1000,0.9,0.1421691300402415
1000,0.9,0.06145049909954079
1000,0.9,0.5879274263348754
1000,0.9,0.26988840080426907
1000,0.9,0.5239939556615918
1000,0.9,0.48853397493150935
1000,0.9,0.28924447701225514
1000,0.9,0.5190839619616527
1000,0.9,0.5440369062796377
1000,0.9,0.39947919256609843
1000,0.9,0.5552704401337802
1000,0.9,0.4636987739261416
1000,0.9,0.5776739799565506
1000,0.9,0.5140717415427499
1000,0.9,0.5076290724119396
1000,0.9,0.5426176754852887
1000,0.9,0.4951747661650804
1000,0.9,0.19094591422867369
1000,0.9,0.6228313161415405
1000,0.9,0.5473212102937284
1000,0.9,0.0003564854395818662
1000,0.9,0.5591504531756448
1000,0.9,0.26545242878949554
1000,0.9,0.31589285950056184
1000,0.9,0.5732979118435603
1000,0.9,0.6338493989739876
1000,0.9,0.20490224835941626
1000,0.9,-0.04369199342646105
1000,0.9,0.02789510155176589
1000,0.9,0.07068611447983707
1000,0.9,0.19239076609882058
1000,0.9,0.33981315001159035
1000,0.9,0.43317024936866216
1000,0.9,0.514213189016391
1000,0.9,0.14193383002857984
1000,0.9,0.37736479789597166
1000,0.9,0.5752289890982966
1000,0.9,0.03438612312567051
1000,0.9,0.26900491177237634
1000,0.9,-0.2413756713534567
1000,0.9,0.21249120148877026
1000,0.9,0.3784237620418114
1000,0.9,0.5456178810850972
1000,0.9,0.5149082597764589
1000,0.9,0.48912900910494794
1000,0.9,-0.030670960990599183
1000,0.9,0.3902965624630215
1000,0.9,0.6062968287396011
1000,0.9,0.018232806368689958
1000,0.9,0.49283800385480253
1000,0.9,0.49982418821124386
1000,0.9,0.31416890194662583
1000,0.9,0.47727788490526374
1000,0.9,0.3883346914756019
1000,0.9,-0.010880801552871012
1000,0.9,0.40324179813432987
1000,0.9,0.47313001350017425
1000,0.9,0.459495135779661
1000,0.9,0.5314015008741177
1000,0.9,0.5156673008574497
1000,0.9,0.5439637891434929
1000,0.9,0.07916862274962054
1000,0.9,0.25588673070470325
1000,0.9,0.5071510930820322
1000,0.9,0.17257187173953442
1000,0.9,0.14345440403473683
1000,0.9,0.588105765194568
1000,0.9,0.4634032960410302
1000,0.9,0.5292693775984543
1000,0.9,0.07332898075826758
1000,0.9,0.5234465158782715
1000,0.9,0.4438297988204703
1000,0.9,0.08377383852055185
1000,0.9,0.6190547239320697
1000,0.9,0.13034381403768025
1000,0.9,0.25114095910655476
1000,0.9,0.49028510918887347
1000,0.9,0.5906053831541317
1000,0.9,0.14894504453828522
1000,0.9,0.5052424608450283
1000,0.9,0.29566679772512927
1000,0.9,0.4573921220262346
1000,0.9,0.5488561289494869
1000,0.9,0.46822679304930914
1000,0.9,0.5403032515159896
1000,0.9,0.07579630663198456
1000,0.9,0.2130185797210404
1000,0.9,-0.11781318124195628
1000,0.9,0.5819598131162459
1000,0.9,0.6426711553543555
1000,0.9,0.44189951133019767
1000,0.9,0.514535013447851
1000,0.9,0.4965519931322177
1000,0.9,0.4627041486531153
1000,0.9,0.5211292937407279
1000,0.9,0.5367340057642538
1000,0.9,0.3222629770354784
1000,0.9,0.2704870995709729
1000,0.9,0.5366671590283701
1000,0.9,0.6133295064140388
1000,0.9,0.146416770962525
1000,0.9,0.062159688333173604
1000,0.9,0.5884746964500815
1000,0.9,0.26756015134350297
1000,0.9,0.5241928971973139
1000,0.9,0.49215752052808664
1000,0.9,0.29173995228446226
1000,0.9,0.5211110505109475
1000,0.9,0.5414059170766061
1000,0.9,0.40129649634576836
1000,0.9,0.5585101300735266
1000,0.9,0.46476578542297625
1000,0.9,0.5740410605315525
1000,0.9,0.5137892121005627
1000,0.9,0.5044369113140728
1000,0.9,0.5420294402738352
1000,0.9,0.4963247435799703
1000,0.9,0.18647167902900022
1000,0.9,0.6238494206484447
1000,0.9,0.546230511853879
1000,0.9,-0.007312965729375409
1000,0.9,0.5570563819964793
1000,0.9,0.2677347272465418
1000,0.9,0.31700185654099894
1000,0.9,0.5740234454086064
1000,0.9,0.635263577074363
1000,0.9,0.21028250196439516
1000,0.9,-0.04556734158974345
1000,0.9,0.022978120657866953
1000,0.9,0.06618695143917379
1000,0.9,0.1905486256600245
1000,0.9,0.34124332858736767
1000,0.9,0.4350368577987615
1000,0.9,0.5109568106601247
1000,0.9,0.14549624465131414
1000,0.9,0.38010559431173596
1000,0.9,0.5775564452022283
1000,0.9,0.033277759034299595
1000,0.9,0.26970322050289686
1000,0.9,-0.23602016823238647
1000,0.9,0.21735275262654355
1000,0.9,0.3746411536433084
1000,0.9,0.5407865586036416
1000,0.9,0.5156207585867331
1000,0.9,0.48505308535590436
1000,0.9,-0.03400602015933936
1000,0.9,0.3917646315901056
1000,0.9,0.6097022820563596
1000,0.9,0.022178556321329614
1000,0.9,0.49449876445514257
1000,0.9,0.5004723298287767
1000,0.9,0.3131022546735101
1000,0.9,0.47886020096794474
1000,0.9,0.3859775791684768
1000,0.9,-0.011689127479386286
1000,0.9,0.4032533390882254
1000,0.9,0.4773221119110955
1000,0.9,0.4547702104732755
1000,0.9,0.5311151630662225
1000,0.9,0.5161317434693599
1000,0.9,0.5466537615199876
1000,0.9,0.07976523465079598
1000,0.9,0.26104077843410867
1000,0.9,0.5095104960080539
1000,0.9,0.17393490791462168
1000,0.9,0.1424862996108721
1000,0.9,0.5894077727568942
1000,0.9,0.4634120045456248
1000,0.9,0.5321297299280121
1000,0.9,0.07662282744257863
1000,0.9,0.5212899394981061
1000,0.9,0.44605649974784645
1000,0.9,0.08373697835852481
1000,0.9,0.6223122509724056
1000,0.9,0.12689616372334586
1000,0.9,0.2563500334928401
1000,0.9,0.48920309119414845
1000,0.9,0.5914420246050338
1000,0.9,0.1459625320059181
1000,0.9,0.5041954009920903
1000,0.9,0.29749400224928507
1000,0.9,0.46052560243106805
1000,0.9,0.548485718773546
1000,0.9,0.46861595701880926
1000,0.9,0.5331574484268459
1000,0.9,0.07220929112622057
1000,0.9,0.21037767288310397
1000,0.9,-0.11328029306796182
1000,0.9,0.5842092261167341
1000,0.9,0.6444137556982319
1000,0.9,0.44313462714387625
1000,0.9,0.5154582071217811
1000,0.9,0.491666344071596
1000,0.9,0.46777454200631996
1000,0.9,0.5196919450747363
1000,0.9,0.5348998506250119
1000,0.9,0.3193536710836073
1000,0.9,0.2703989566260013
1000,0.9,0.5290682508489708
1000,0.9,0.6119213759384756
1000,0.9,0.15071259724759792
1000,0.9,0.06274426388330619
1000,0.9,0.5883342011823648
1000,0.9,0.27322140967758163
1000,0.9,0.5224611641487985
1000,0.9,0.48613830570302025
1000,0.9,0.29262238930018725
1000,0.9,0.5178837949622613
1000,0.9,0.5390411035769185
1000,0.9,0.40463646037979845
1000,0.9,0.5526395445329755
1000,0.9,0.46775665261114396
1000,0.9,0.5755238347394765
1000,0.9,0.5061386291455418
1000,0.9,0.505750735895688
1000,0.9,0.5404604605815121
1000,0.9,0.49040264179530263
1000,0.9,0.19232965148791623
1000,0.9,0.6180344180550611
1000,0.9,0.5503771209968349
1000,0.9,-0.006344706127394651
1000,0.9,0.5564608906320303
1000,0.9,0.27276926073767466
1000,0.9,0.31963838836359837
1000,0.9,0.5761871126188323
1000,0.9,0.6350468181541763
1000,0.9,0.21169008913158324
1000,0.9,-0.04356904624612589
1000,0.9,0.029451578381846113
1000,0.9,0.07111573438805384
1000,0.9,0.1946961941177606
1000,0.9,0.3371398176594372
1000,0.9,0.4341688818102922
1000,0.9,0.506628402926572
1000,0.9,0.15206598357760856
1000,0.9,0.3797544962305253
1000,0.9,0.5716650924031944
1000,0.9,0.03350103871652423
1000,0.9,0.2672178035874018
1000,0.9,-0.2355921749239026
1000,0.9,0.21792389749736124
1000,0.9,0.379270886977893
1000,0.9,0.5361367442559895
1000,0.9,0.5176123964448013
1000,0.9,0.482652394150693
1000,0.9,-0.04181035595130246
1000,0.9,0.3914444621923087
1000,0.9,0.613104924770723
1000,0.9,0.0218546285734198
1000,0.9,0.4919891123107754
1000,0.9,0.49938960222055323
1000,0.9,0.3135331343830997
1000,0.9,0.48168586444487765
1000,0.9,0.38783584880945116
1000,0.9,-0.017904296228595542
1000,0.9,0.40184165777770675
1000,0.9,0.47824285115359977
1000,0.9,0.45507144067750116
1000,0.9,0.5339142134226266
1000,0.9,0.5117132631287432
1000,0.9,0.5484232551046775
1000,0.9,0.08293725069094618
1000,0.9,0.2621828322559046
1000,0.9,0.5132392351184847
1000,0.9,0.16961313116211604
1000,0.9,0.14661556917065288
1000,0.9,0.5873563451394788
1000,0.9,0.46111072494301386
1000,0.9,0.5355941919255557
1000,0.9,0.07243908699425315
1000,0.9,0.5199934681004873
1000,0.9,0.4432990707313748
1000,0.9,0.08376623680748223
1000,0.9,0.6207842945733578
1000,0.9,0.12788551221130365
1000,0.9,0.2613814877806264
1000,0.9,0.4908236897480104
1000,0.9,0.589326668285879
1000,0.9,0.1525268054766756
1000,0.9,0.5073066008053686
1000,0.9,0.2988901459399584
1000,0.9,0.45496354815437023
1000,0.9,0.5404375583156544
1000,0.9,0.47031450583641454
1000,0.9,0.5311099635531035
1000,0.9,0.07299383987896035
1000,0.9,0.20891911859368203
1000,0.9,-0.10625079981067712
1000,0.9,0.5814643135962143
1000,0.9,0.6444548873925457
1000,0.9,0.43953868030282967
1000,0.9,0.5199655051438731
1000,0.9,0.493095562136635
1000,0.9,0.4646350490882904
1000,0.9,0.5216400944510518
1000,0.9,0.5317900625179909
1000,0.9,0.31889608483700344
1000,0.9,0.27195763785028765
1000,0.9,0.5263880098181439
1000,0.9,0.6144505826922378
1000,0.9,0.1536699175503836
1000,0.9,0.06096292595981312
1000,0.9,0.5903301289104642
1000,0.9,0.2718745236035035
1000,0.9,0.5227191613754331
1000,0.9,0.490989268669002
1000,0.9,0.2967835612105123
1000,0.9,0.517474673204232
1000,0.9,0.5415796654639862
1000,0.9,0.3989893160520211
1000,0.9,0.5545447112581224
1000,0.9,0.47112874928292386
1000,0.9,0.5774710433479426
1000,0.9,0.5034113814994391
1000,0.9,0.5036589874803478
1000,0.9,0.543016785857275
1000,0.9,0.4882679121812438
1000,0.9,0.19186862517332448
1000,0.9,0.6161314707428421
1000,0.9,0.5492167434185302
1000,0.9,-0.010568248018406301
1000,0.9,0.5583197247317164
1000,0.9,0.2783061798687294
1000,0.9,0.32500420975762934
1000,0.9,0.577112979329345
1000,0.9,0.6360331620930972
1000,0.9,0.2146438816169977
1000,0.9,-0.03807738378940341
1000,0.9,0.02667888069838853
1000,0.9,0.07764546410692656
1000,0.9,0.1916313024345934
1000,0.9,0.3397783894695757
1000,0.9,0.4380983172191577
1000,0.9,0.5097583254673896
1000,0.9,0.15090129643775232
1000,0.9,0.3764501310947998
1000,0.9,0.5677596150903403
1000,0.9,0.034778794462583744
1000,0.9,0.2665947303813713
1000,0.9,-0.24007103638473196
1000,0.9,0.21511673235085615
1000,0.9,0.3800101943728943
1000,0.9,0.5347476981970645
1000,0.9,0.5172372233235505
1000,0.9,0.48585911276637117
1000,0.9,-0.035822277291306985
1000,0.9,0.385006400179266
1000,0.9,0.607832422475572
1000,0.9,0.027172936838426188
1000,0.9,0.4894966990121861
1000,0.9,0.4986246827724618
1000,0.9,0.3141187924859268
1000,0.9,0.4809966910303056
1000,0.9,0.39227969076267205
1000,0.9,-0.01784235154733862
1000,0.9,0.40048138088134483
1000,0.9,0.4750167348273268
1000,0.9,0.45431410469817385
1000,0.9,0.5353143692166586
1000,0.9,0.5129335041537921
1000,0.9,0.5523265907316387
1000,0.9,0.0828219548599767
1000,0.9,0.263337547457325
1000,0.9,0.5136265740035381
1000,0.9,0.1713025131218925
1000,0.9,0.14875333666239607
1000,0.9,0.5845476958536007
1000,0.9,0.45907641535647775
1000,0.9,0.5346471457350457
1000,0.9,0.0723001484920411
1000,0.9,0.5162096866159342
1000,0.9,0.44265888961186967
1000,0.9,0.08144742446346558
1000,0.9,0.621215026802672
1000,0.9,0.12239515369252219
1000,0.9,0.26260974371040324
1000,0.9,0.48971789599139487
1000,0.9,0.5908245209344419
1000,0.9,0.15375007985870232
1000,0.9,0.5077598060004453
1000,0.9,0.29882169538453757
1000,0.9,0.4573915230992268
1000,0.9,0.5429941378608802
1000,0.9,0.46324522156241427
1000,0.9,0.5339680827133377
1000,0.9,0.07785605856865818
1000,0.9,0.20972012913955868
1000,0.9,-0.11311194020600636
1000,0.9,0.5757947953734632
1000,0.9,0.6441032510121919
1000,0.9,0.44145323350223953
1000,0.9,0.5118204119675814
1000,0.9,0.49361979152475494
1000,0.9,0.4682311974432797
1000,0.9,0.5142806329204277
1000,0.9,0.5358780660280146
1000,0.9,0.3184760902489644
1000,0.9,0.27642599910673654
1000,0.9,0.5294584201106105
1000,0.9,0.617620858400227
1000,0.9,0.15733174196993324
1000,0.9,0.056965144381111554
1000,0.9,0.5897588185281798
1000,0.9,0.27760581126693756
1000,0.9,0.5218209242577089
1000,0.9,0.48637681955741985
1000,0.9,0.295496104027239
1000,0.9,0.5150504256767028
1000,0.9,0.5426662997883207
1000,0.9,0.4035296480235036
1000,0.9,0.5588680604472908
1000,0.9,0.4741777822163968
1000,0.9,0.5742711112797272
1000,0.9,0.5074273603943341
1000,0.9,0.5073787519690163
1000,0.9,0.544408669058565
1000,0.9,0.48800897255622777
1000,0.9,0.19929417398637359
1000,0.9,0.6161202022260694
1000,0.9,0.551876989464389
1000,0.9,-0.010950256468701269
1000,0.9,0.5613554138515123
1000,0.9,0.2733329982497494
1000,0.9,0.3260727560802367
1000,0.9,0.5746630647510355
1000,0.9,0.6306096319534436
1000,0.9,0.21557309439861513
1000,0.9,-0.03953992508279101
1000,0.9,0.024829791432569272
1000,0.9,0.07602644267288781
1000,0.9,0.187124869531877
1000,0.9,0.3389868886749096
1000,0.9,0.4353979355648884
1000,0.9,0.5146421731957446
1000,0.9,0.14877081033413
1000,0.9,0.3770305978370728
1000,0.9,0.5639262245745641
1000,0.9,0.037723612639741465
1000,0.9,0.2695016589170695
1000,0.9,-0.24154730271297817
1000,0.9,0.21569540347296104
1000,0.9,0.3726058057294917
1000,0.9,0.5380796294044409
1000,0.9,0.5133004161905889
1000,0.9,0.49104205749865115
1000,0.9,-0.034618873421151074
1000,0.9,0.38218876444195315
1000,0.9,0.6061395903675288
1000,0.9,0.03363186953124491
1000,0.9,0.4894242002303344
1000,0.9,0.5036478672737253
1000,0.9,0.3202054531598217
1000,0.9,0.4802445448841809
1000,0.9,0.3976864751270319
1000,0.9,-0.012523592116565485
1000,0.9,0.3971209138323733
1000,0.9,0.4718013081977347
1000,0.9,0.4519515315992656
1000,0.9,0.5316406941048745
1000,0.9,0.5048953625447723
1000,0.9,0.5554320971868506
1000,0.9,0.07775712565355278
1000,0.9,0.2686047404945416
1000,0.9,0.511116069476768
1000,0.9,0.1716185407769942
1000,0.9,0.15174634132350437
1000,0.9,0.5820408957406075
1000,0.9,0.45754814406995864
1000,0.9,0.522951906442943
1000,0.9,0.06718268789739533
1000,0.9,0.5126073481834723
1000,0.9,0.4413348427353349
1000,0.9,0.08717914983039228
1000,0.9,0.6247040015762656
1000,0.9,0.12407694184340656
1000,0.9,0.2611638025208793
1000,0.9,0.4948525483168982
1000,0.9,0.5934482284398291
1000,0.9,0.15866539634505086
1000,0.9,0.509403103376541
1000,0.9,0.29424393142935806
1000,0.9,0.456831638524352
1000,0.9,0.5355270898885082
1000,0.9,0.4667157652486103
1000,0.9,0.5320942829815365
1000,0.9,0.08571140952913137
1000,0.9,0.20949555230668374
1000,0.9,-0.10581059040632566
1000,0.9,0.578773116174959
1000,0.9,0.6348814631805447
1000,0.9,0.44595273852144346
1000,0.9,0.5111349297819346
1000,0.9,0.4956821691636826
1000,0.9,0.467827530927561
1000,0.9,0.5173793417834086
1000,0.9,0.5382421242382079
1000,0.9,0.32157069322477555
1000,0.9,0.27861382576221655
1000,0.9,0.5333394864082565
1000,0.9,0.6175069197564624
1000,0.9,0.16518951750192298
1000,0.9,0.05571604297965813
1000,0.9,0.5817260924091884
1000,0.9,0.279428876277501
1000,0.9,0.526553809391485
1000,0.9,0.4846979498894628
1000,0.9,0.29028278569216476
1000,0.9,0.5182995918296277
1000,0.9,0.541433452447796
1000,0.9,0.40560825603112305
1000,0.9,0.56290319889217
1000,0.9,0.4779918277155664
1000,0.9,0.5774959322657949
1000,0.9,0.5072040169793922
1000,0.9,0.5119199821568409
1000,0.9,0.5419282028337198
1000,0.9,0.4909361872066866
1000,0.9,0.20742234424273148
1000,0.9,0.6180417970725935
1000,0.9,0.5536439947778529
1000,0.9,-0.005358934861795106
1000,0.9,0.563817064004933
1000,0.9,0.2789458624316134
1000,0.9,0.3324937388237935
1000,0.9,0.5728232295734224
1000,0.9,0.6336188629072521
1000,0.9,0.22181487884069392
1000,0.9,-0.04440355912854669
1000,0.9,0.03246115524900069
1000,0.9,0.0704533430544146
1000,0.9,0.17986703298445048
1000,0.9,0.325423630769532
1000,0.9,0.435770078333974
1000,0.9,0.5068746507420224
1000,0.9,0.15216941121522617
1000,0.9,0.37872264596987926
1000,0.9,0.5668401411655859
1000,0.9,0.044813748411219614
1000,0.9,0.27565266471111644
1000,0.9,-0.25096320398863653
1000,0.9,0.206905425221489
1000,0.9,0.36735371094519126
1000,0.9,0.5416015093643403
1000,0.9,0.5147571634441046
1000,0.9,0.49334557251795985
1000,0.9,-0.02936143551688506
1000,0.9,0.381773955574791
1000,0.9,0.6038496395492223
1000,0.9,0.027569863464828395
1000,0.9,0.4862896982997114
1000,0.9,0.49569845563578735
1000,0.9,0.313055967900062
1000,0.9,0.4796166182476583
1000,0.9,0.38518049070413873
1000,0.9,-0.006103965320775429
1000,0.9,0.40110093753875065
1000,0.9,0.47685129732841197
1000,0.9,0.44556478959654905
1000,0.9,0.5339382974607928
1000,0.9,0.5105453754844427
1000,0.9,0.5571294222733051
1000,0.9,0.08427478050452016
1000,0.9,0.2665841775273882
1000,0.9,0.5132316526450083
1000,0.9,0.16707815625457853
1000,0.9,0.15765409038621855
1000,0.9,0.58515460848197
1000,0.9,0.4615999940943161
1000,0.9,0.5251080237830558
1000,0.9,0.07251349976959275
1000,0.9,0.5165895075869741
1000,0.9,0.4474094721441324
1000,0.9,0.0945993172920113
1000,0.9,0.622854309614722
1000,0.9,0.12960598908884338
1000,0.9,0.26779374935756517
1000,0.9,0.498624089554749
1000,0.9,0.582900179512898
1000,0.9,0.1521732924670477
1000,0.9,0.5117529691705707
1000,0.9,0.2957971955933555
1000,0.9,0.4603291463526062
1000,0.9,0.5285341824259351
1000,0.9,0.467413707578683
1000,0.9,0.5365122875706851
1000,0.9,0.08063781748316026
1000,0.9,0.21470761705247243
1000,0.9,-0.10258274993340005
1000,0.9,0.5833666741293048
1000,0.9,0.6324019314513799
1000,0.9,0.43907145312328344
1000,0.9,0.5126658659037804
1000,0.9,0.4917417536945998
1000,0.9,0.46134389329640224
1000,0.9,0.5133247562881221
1000,0.9,0.5414989442601246
1000,0.9,0.32805132815594407
1000,0.9,0.2779979774766881
1000,0.9,0.5366907946419964
1000,0.9,0.6141065498003129
1000,0.9,0.1679438568175594
1000,0.9,0.06317051980443707
1000,0.9,0.5854343600352586
1000,0.9,0.2868709019695529
1000,0.9,0.5288073932348172
1000,0.9,0.4896936483312581
1000,0.9,0.29792849733207966
1000,0.9,0.5074799652487688
1000,0.9,0.5447690923313905
1000,0.9,0.40208633809925987
1000,0.9,0.5659226110820964
1000,0.9,0.48011985217308556
1000,0.9,0.5793135072777994
1000,0.9,0.506906509058832
1000,0.9,0.5128419120430091
1000,0.9,0.5409912725811215
1000,0.9,0.48687197504065255
1000,0.9,0.2051609201331536
1000,0.9,0.6151880033378173
1000,0.9,0.5567463426517723
1000,0.9,-0.009564031351422064
1000,0.9,0.5601246568861605
1000,0.9,0.28072698483243397
1000,0.9,0.3348088474855419
1000,0.9,0.5751354624237046
1000,0.9,0.6332676963619364
1000,0.9,0.22250356183585307
1000,0.9,-0.04559165024848867
1000,0.9,0.034243949142028884
1000,0.9,0.07296468595566266
1000,0.9,0.18274641873314232
1000,0.9,0.32829990036371465
1000,0.9,0.43261309204544107
1000,0.9,0.509317263940923
1000,0.9,0.14838284880078154
1000,0.9,0.37861343619999027
1000,0.9,0.566817341359885
1000,0.9,0.04201414584903731
1000,0.9,0.27897473818456237
1000,0.9,-0.2497388543223063
1000,0.9,0.2040948566449483
1000,0.9,0.36590602956545415
1000,0.9,0.5419321934288713
1000,0.9,0.5159091146806475
1000,0.9,0.4895469232274798
1000,0.9,-0.03135539234315484
1000,0.9,0.3851881801627482
1000,0.9,0.6048420616683414
1000,0.9,0.02428855220098818
1000,0.9,0.4883351174169901
1000,0.9,0.4993198279165309
1000,0.9,0.3157591440834692
1000,0.9,0.4777263659914813
1000,0.9,0.38284852086512594
1000,0.9,-0.010947286408460922
1000,0.9,0.39510104260843004
1000,0.9,0.47737443816853636
1000,0.9,0.4471429447560339
1000,0.9,0.535281331497292
1000,0.9,0.5079560040928257
1000,0.9,0.5587794095568233
1000,0.9,0.08050193107405985
1000,0.9,0.2693782213196308
1000,0.9,0.5133462967268406
1000,0.9,0.16463013883487218
1000,0.9,0.16015162035591846
1000,0.9,0.5836657611017089
1000,0.9,0.46008291636680776
1000,0.9,0.5240685720462485
1000,0.9,0.0715773275671581
1000,0.9,0.5162079328207607
1000,0.9,0.4476550745761265
1000,0.9,0.09042390221166104
1000,0.9,0.618807636731136
1000,0.9,0.13008599953236097
1000,0.9,0.2644989561125563
1000,0.9,0.5011406039148021
1000,0.9,0.5828526665372534
1000,0.9,0.15371357385059245
1000,0.9,0.5141518867482696
1000,0.9,0.2989103947381002
1000,0.9,0.45950706242917017
1000,0.9,0.5285042359043406
1000,0.9,0.46470920552241113
1000,0.9,0.5350950951510354
1000,0.9,0.07935328342653412
1000,0.9,0.2149452819150452
1000,0.9,-0.10222558849559579
1000,0.9,0.5824033429777628
1000,0.9,0.6347988360423492
1000,0.9,0.44028300482070176
1000,0.9,0.5076042019944832
1000,0.9,0.48859216839753394
1000,0.9,0.46527298307540244
1000,0.9,0.5137737753190189
1000,0.9,0.5436314239496821
1000,0.9,0.3287933082246529
1000,0.9,0.28356931628142706
1000,0.9,0.5349015888379967
1000,0.9,0.612452955232293
1000,0.9,0.1703117151723028
1000,0.9,0.06294366462349332
1000,0.9,0.5835930618295796
1000,0.9,0.2881207107987731
1000,0.9,0.5266800512037044
1000,0.9,0.48757491998852215
1000,0.9,0.29785935872942687
1000,0.9,0.5064185461568451
1000,0.9,0.5415140684917336
1000,0.9,0.3967171060474427
1000,0.9,0.5690143493882117
1000,0.9,0.4829251665038576
1000,0.9,0.5790406664193236
1000,0.9,0.5034433953700617
1000,0.9,0.5153443981989013
1000,0.9,0.5396757844423031
1000,0.9,0.4881002483345937
1000,0.9,0.20231306888010747
1000,0.9,0.6150819777018974
1000,0.9,0.5570451732947758
1000,0.9,-0.014563021549416234
1000,0.9,0.5574046821192267
1000,0.9,0.275135809546189
1000,0.9,0.32338123837117966
1000,0.9,0.5781419398700723
1000,0.9,0.6347885995580208
1000,0.9,0.21936343395541585
1000,0.9,-0.04187551896523254
1000,0.9,0.032014355725136445
1000,0.9,0.07774234894748122
1000,0.9,0.18137277138741312
1000,0.9,0.3302960654673955
1000,0.9,0.43335305925013445
1000,0.9,0.5051342742963741
1000,0.9,0.1495013893935588
1000,0.9,0.38041677342193686
1000,0.9,0.5668789347756197
1000,0.9,0.03983361482355124
1000,0.9,0.27220217232009586
1000,0.9,-0.25251513288229166
1000,0.9,0.2015435767200883
1000,0.9,0.36920067601457035
1000,0.9,0.5408867670917636
1000,0.9,0.5185151715240983
1000,0.9,0.48681016618444134
1000,0.9,-0.03557198848703604
1000,0.9,0.38556419162784955
1000,0.9,0.6037512926255465
1000,0.9,0.02649721848942508
1000,0.9,0.49035270227559064
1000,0.9,0.49813818832721946
1000,0.9,0.3199363612931994
1000,0.9,0.4797382011009217
1000,0.9,0.3846136123138947
1000,0.9,-0.009582241844143736
1000,0.9,0.39622938174729044
1000,0.9,0.48044199348628563
1000,0.9,0.4465616332555085
1000,0.9,0.5375761507622323
1000,0.9,0.507112924057419
1000,0.9,0.5574032291329054
1000,0.9,0.08207146956316684
1000,0.9,0.2703991817611178
1000,0.9,0.513551048842019
1000,0.9,0.16651045704152534
1000,0.9,0.1607273124277173
1000,0.9,0.5865932944109987
1000,0.9,0.4608754593622102
1000,0.9,0.5227753479275558
1000,0.9,0.07128336421920915
1000,0.9,0.5174666922768918
1000,0.9,0.450893740398207
1000,0.9,0.08722821523101412
1000,0.9,0.6181312527223274
1000,0.9,0.1317427879114061
1000,0.9,0.2674036259681821
1000,0.9,0.5031853615926684
1000,0.9,0.5841412152573693
1000,0.9,0.15172546930857578
1000,0.9,0.5107613000232158
1000,0.9,0.29421949833198174
1000,0.9,0.4626360433516905
1000,0.9,0.5280010417679132
1000,0.9,0.4638107775079026
1000,0.9,0.5312120506945157
1000,0.9,0.07805479417598134
1000,0.9,0.21542143675217604
1000,0.9,-0.10547031413083266
1000,0.9,0.5797707984041417
1000,0.9,0.6309535440670371
1000,0.9,0.43991271438982554
1000,0.9,0.5077953032553228
1000,0.9,0.4914519795431018
1000,0.9,0.4661594658177519
1000,0.9,0.5125741776525875
1000,0.9,0.5388487849024491
1000,0.9,0.32647878748308407
1000,0.9,0.2874819179599437
1000,0.9,0.5373318787429234
1000,0.9,0.6122362458425606
1000,0.9,0.1729632501313119
1000,0.9,0.06744959801199056
1000,0.9,0.5826989428713075
1000,0.9,0.2909072000510175
1000,0.9,0.5268402958534106
1000,0.9,0.48726937954391586
1000,0.9,0.2968585427471166
1000,0.9,0.505938616295944
1000,0.9,0.5394948188548611
1000,0.9,0.40377474559254384
1000,0.9,0.5703138712064104
1000,0.9,0.48256929839692053
1000,0.9,0.5813543557881652
1000,0.9,0.5115627570177022
1000,0.9,0.5129567674837442
1000,0.9,0.5390620928696706
1000,0.9,0.4707785852802563
1000,0.9,0.2152273669868786
1000,0.9,0.6232782169577379
1000,0.9,0.5610095205421685
1000,0.9,-0.028857134785307915
1000,0.9,0.5297193095168169
1000,0.9,0.29148634685102404
1000,0.9,0.31469874656996616
1000,0.9,0.5777842445858012
1000,0.9,0.6424179382494309
1000,0.9,0.21606924711991118
1000,0.9,-0.02559533694294516
1000,0.9,0.041591268752460775
1000,0.9,0.09837758947175382
1000,0.9,0.18143643741787271
1000,0.9,0.34575795173201435
1000,0.9,0.4428763978596649
1000,0.9,0.5164933801040502
1000,0.9,0.1660132853501298
1000,0.9,0.3953636286752688
1000,0.9,0.568239886084779
1000,0.9,0.03131371457926646
1000,0.9,0.2861111256096727
1000,0.9,-0.25632761350618993
1000,0.9,0.2137899363560564
1000,0.9,0.36707171864379257
1000,0.9,0.5434212738630991
1000,0.9,0.5280956327439814
1000,0.9,0.4724584353241546
1000,0.9,-0.04284855948543981
1000,0.9,0.3989692548568958
1000,0.9,0.5806341039424485
1000,0.9,0.012935185852455634
1000,0.9,0.4881974789601196
1000,0.9,0.5033048923242658
1000,0.9,0.33134816167526265
1000,0.9,0.47996854110522574
1000,0.9,0.3912820569372883
1000,0.9,0.006494830142258912
1000,0.9,0.37458391634097005
1000,0.9,0.4882962448287194
1000,0.9,0.45573801644954653
1000,0.9,0.5375228852329957
1000,0.9,0.5174883181943
1000,0.9,0.5613572761848505
1000,0.9,0.10146341137871694
1000,0.9,0.28308513341890035
1000,0.9,0.5227733597326836
1000,0.9,0.14630832949807868
1000,0.9,0.17244258001157178
1000,0.9,0.591708369826544
1000,0.9,0.47032472419624166
1000,0.9,0.5299905106844003
1000,0.9,0.09122236493332106
1000,0.9,0.5189322044785171
1000,0.9,0.46052479843306465
1000,0.9,0.09639379681456194
1000,0.9,0.6246148370936156
1000,0.9,0.1417391979410237
1000,0.9,0.28560153142927314
1000,0.9,0.5104631163687591
1000,0.9,0.5878017470754107
1000,0.9,0.1664315924978336
1000,0.9,0.5219585331322681
1000,0.9,0.3004492124148656
1000,0.9,0.46931625887132505
1000,0.9,0.5370774027112245
1000,0.9,0.47446396722194456
1000,0.9,0.5359282718917805
1000,0.9,0.059470479629243435
1000,0.9,0.2222686297885636
1000,0.9,-0.11688049078161447
1000,0.9,0.5889828346657165
1000,0.9,0.6328978383006273
1000,0.9,0.4150507480736245
1000,0.9,0.5174529228563154
1000,0.9,0.5009484411875961
1000,0.9,0.4777129684483636
1000,0.9,0.5237192596949153
1000,0.9,0.5453703427925728
1000,0.9,0.3381693061970837
1000,0.9,0.2891761705524919
1000,0.9,0.5382268563778703
1000,0.9,0.612291475557655
1000,0.9,0.1532940858103521
1000,0.9,0.08099915669615472
1000,0.9,0.5845306642767187
1000,0.9,0.27202730285983756
1000,0.9,0.5294173042192731
1000,0.9,0.4690037404455383
1000,0.9,0.3096458643918369
1000,0.9,0.5099785026917395
1000,0.9,0.546577088885721
1000,0.9,0.4167262705105346
1000,0.9,0.5490543082462058
1000,0.9,0.4910314362329266
1000,0.9,0.588301914802386
1000,0.9,0.49908694732050407
1000,0.9,0.5246379299310013
1000,0.9,0.5077128479740354
1000,0.9,0.4542759682744003
1000,0.9,0.22972700584696132
1000,0.9,0.6314616189313348
1000,0.9,0.5680120064362021
1000,0.9,-0.00695991286730977
1000,0.9,0.5334898147495208
1000,0.9,0.2926545407005991
1000,0.9,0.33148709753125466
1000,0.9,0.5855421203140352
1000,0.9,0.6455615454696528
1000,0.9,0.23400812353367337
1000,0.9,-0.0026229148482538435
1000,0.9,0.014959690698118778
1000,0.9,0.10988732026181514
1000,0.9,0.18705451246014834
1000,0.9,0.32413219869333654
1000,0.9,0.4530358082397934
1000,0.9,0.5227191391870697
1000,0.9,0.18238719241685106
1000,0.9,0.39375875271368266
1000,0.9,0.5756032416098347
1000,0.9,0.0572349902808188
1000,0.9,0.28713266088268974
1000,0.9,-0.26635120011358354
1000,0.9,0.22993315826765634
1000,0.9,0.36784172133093235
1000,0.9,0.5260451189114151
1000,0.9,0.5249140908088279
1000,0.9,0.479663375149431
1000,0.9,-0.04911692475927378
1000,0.9,0.41367590451253833
1000,0.9,0.5907596544422961
1000,0.9,0.012278988495957988
1000,0.9,0.4941417484045078
1000,0.9,0.515882178738997
1000,0.9,0.3462222099452706
1000,0.9,0.47457236823856314
1000,0.9,0.4063805842268925
1000,0.9,0.015791538401667384
1000,0.9,0.3864697492325553
1000,0.9,0.4812064297348871
1000,0.9,0.46923330921030065
1000,0.9,0.5417862833078516
1000,0.9,0.5264607608822783
1000,0.9,0.554222785368943
1000,0.9,0.09487471807903368
1000,0.9,0.29858533235652734
1000,0.9,0.5315813928511259
1000,0.9,0.12450835950519734
1000,0.9,0.1652240519401095
1000,0.9,0.6014828088275044
1000,0.9,0.48175638024093653
1000,0.9,0.5337702235490941
1000,0.9,0.10490603067966082
1000,0.9,0.529245298634555
1000,0.9,0.4734279727296962
1000,0.9,0.11438649527755894
1000,0.9,0.6311368925394851
1000,0.9,0.15551283081896003
1000,0.9,0.29528548987517866
1000,0.9,0.4990526332978186
1000,0.9,0.5977000462206096
1000,0.9,0.18283112397632434
1000,0.9,0.5126228333786884
1000,0.9,0.2952381208876776
1000,0.9,0.4617977451560736
1000,0.9,0.5400423148385126
1000,0.9,0.4873655505023055
1000,0.9,0.5301901216280128
1000,0.9,0.07617376491178295
1000,0.9,0.2352399827559991
1000,0.9,-0.131615428110105
1000,0.9,0.5890064592301869
1000,0.9,0.6401877421037618
1000,0.9,0.42176753530625544
1000,0.9,0.5265351070594897
1000,0.9,0.5108012513117403
1000,0.9,0.4821862662329583
1000,0.9,0.5226569213179821
1000,0.9,0.5505603983377072
1000,0.9,0.35074443595423854
1000,0.9,0.28044785623130203
1000,0.9,0.5309804400565402
1000,0.9,0.6203828613308737
1000,0.9,0.17407014209428082
1000,0.9,0.07971640972962948
1000,0.9,0.5945326736629798
1000,0.9,0.28211786302373737
1000,0.9,0.5393979664900296
1000,0.9,0.4754542022884357
1000,0.9,0.2860371381384307
1000,0.9,0.5191921989467465
1000,0.9,0.5520221937002747
1000,0.9,0.42084853680326073
1000,0.9,0.5530757973535638
1000,0.9,0.4939209380368664
1000,0.9,0.5888512778706673
1000,0.9,0.5035765514306934
1000,0.9,0.5277936923186557
1000,0.9,0.505233899971491
1000,0.9,0.4569416228412543
1000,0.9,0.22695256231667882
1000,0.9,0.6315570801550922
1000,0.9,0.5663274165451703
1000,0.9,-0.010080057805034149
1000,0.9,0.5269709075395608
1000,0.9,0.2837108309954262
1000,0.9,0.33364815097051986
1000,0.9,0.5862657843504027
1000,0.9,0.6487852510889551
1000,0.9,0.23070182235780903
1000,0.9,0.006674001564217713
1000,0.9,0.025025811376293228
1000,0.9,0.09996457068230362
1000,0.9,0.18638602053286005
1000,0.9,0.3114304616845285
1000,0.9,0.4561830539439097
1000,0.9,0.5275842699043282
1000,0.9,0.17510311509782472
1000,0.9,0.39587509015932515
1000,0.9,0.5746933007635164
1000,0.9,0.05451159715921488
1000,0.9,0.2907911635887403
1000,0.9,-0.26180797746137807
1000,0.9,0.2311786112507781
1000,0.9,0.3712373378737602
1000,0.9,0.5310369861246035
1000,0.9,0.5156322715453792
1000,0.9,0.4763006572193896
1000,0.9,-0.04543827940164743
1000,0.9,0.4143218402549259
1000,0.9,0.595334648173629
1000,0.9,0.016914963446825415
1000,0.9,0.49409578522278114
1000,0.9,0.5142774740509537
1000,0.9,0.34333561580174166
1000,0.9,0.47756772513132273
1000,0.9,0.4103464939054048
1000,0.9,0.010943822373099765
1000,0.9,0.3903306760202618
1000,0.9,0.48478705373102254
1000,0.9,0.4642574366322792
1000,0.9,0.5401862345126665
1000,0.9,0.5285217359787966
1000,0.9,0.5536957545339852
1000,0.9,0.10064938985324379
1000,0.9,0.29120726129859087
1000,0.9,0.5308435573960818
1000,0.9,0.12694044322624318
1000,0.9,0.16535223057282517
1000,0.9,0.5992889076407476
1000,0.9,0.48379230798574085
1000,0.9,0.5344491399859078
1000,0.9,0.1074435014220901
1000,0.9,0.5334733467841954
1000,0.9,0.47245134820373824
1000,0.9,0.12131686984255778
1000,0.9,0.6306424774371919
1000,0.9,0.16107132507692304
1000,0.9,0.297982120675127
1000,0.9,0.49227747928128407
1000,0.9,0.5905023107409458
1000,0.9,0.1902854684485915
1000,0.9,0.5167362415308757
1000,0.9,0.3007106599924681
1000,0.9,0.46702363249064066
1000,0.9,0.5315695447933698
1000,0.9,0.48711115085094847
1000,0.9,0.5330460663041059
1000,0.9,0.0722195885401755
1000,0.9,0.2357155860111007
1000,0.9,-0.12329994192248792
1000,0.9,0.5915357940035365
1000,0.9,0.6377817863087353
1000,0.9,0.4253211901831215
1000,0.9,0.5304819628396301
1000,0.9,0.5156580831433485
1000,0.9,0.4850306840849376
1000,0.9,0.5273383568381503
1000,0.9,0.549237603547864
1000,0.9,0.3524446485659719
1000,0.9,0.27921230652572065
1000,0.9,0.5248982069938727
1000,0.9,0.6218992322666556
1000,0.9,0.18238225131241845
1000,0.9,0.07368937008601058
1000,0.9,0.5983353735727067
1000,0.9,0.2810477188991943
1000,0.9,0.5381225669431299
1000,0.9,0.4817350592047324
1000,0.9,0.2846207424323221
1000,0.9,0.5199160804884913
1000,0.9,0.5502906119656263
1000,0.9,0.4226556906759594
1000,0.9,0.5531871639981026
1000,0.9,0.4944907456294695
1000,0.9,0.5887626351703883
1000,0.9,0.5061291201803141
1000,0.9,0.5255509690885696
1000,0.9,0.49796404071587297
1000,0.9,0.4581519392142758
1000,0.9,0.2263954158833925
1000,0.9,0.6326267978874617
1000,0.9,0.5665779135931864
1000,0.9,-0.015932188087545297
1000,0.9,0.5242652800948703
1000,0.9,0.2816245682880691
1000,0.9,0.33316496074111845
1000,0.9,0.5889751958969492
1000,0.9,0.6479541343094984
1000,0.9,0.23290804541332816
1000,0.9,0.008211773236365972
1000,0.9,0.022876570150307352
1000,0.9,0.10244214160599799
1000,0.9,0.19145787843658396
1000,0.9,0.31222386398648083
1000,0.9,0.44798657892250454
1000,0.9,0.5240511818432094
1000,0.9,0.17865497762277446
1000,0.9,0.3918746266402186
1000,0.9,0.5692842936115764
1000,0.9,0.0564226662673752
1000,0.9,0.286552828112183
1000,0.9,-0.2561086268522277
1000,0.9,0.2285910513836383
1000,0.9,0.3668734428278484
1000,0.9,0.5286321549871859
1000,0.9,0.5136570713029197
1000,0.9,0.4718621302885385
1000,0.9,-0.04370680149711503
1000,0.9,0.4155718124795699
1000,0.9,0.5919166205793942
1000,0.9,0.01572289284925601
1000,0.9,0.4967417142899988
1000,0.9,0.5168957843928401
1000,0.9,0.34540195308683985
1000,0.9,0.47633963382349
1000,0.9,0.4125921460857976
1000,0.9,0.00775413450953315
1000,0.9,0.3875106064701154
1000,0.9,0.4831155968009002
1000,0.9,0.4639854306301926
1000,0.9,0.5392684671429092
1000,0.9,0.5306045031430635
1000,0.9,0.5552506699192465
1000,0.9,0.10313653487427947
1000,0.9,0.2958511024137254
1000,0.9,0.5308941775685049
1000,0.9,0.12596413851159308
1000,0.9,0.1654014036659685
1000,0.9,0.5949476195735166
1000,0.9,0.48789084616930944
1000,0.9,0.5329278689946959
1000,0.9,0.10825592102322046
1000,0.9,0.533326497039363
1000,0.9,0.47362627470849666
1000,0.9,0.12584945564218292
1000,0.9,0.6303700542879975
1000,0.9,0.1623267650200504
1000,0.9,0.30391039473864295
1000,0.9,0.490254326142187
1000,0.9,0.5828007836417523
1000,0.9,0.18845920666764182
1000,0.9,0.5201303340470427
1000,0.9,0.30357862958436244
1000,0.9,0.4646674191373718
1000,0.9,0.5319930515119488
1000,0.9,0.48601868818362487
1000,0.9,0.531770890546583
1000,0.9,0.07371395108023347
1000,0.9,0.23595444095899615
1000,0.9,-0.11703190694259544
1000,0.9,0.5886608621189328
1000,0.9,0.6390127906323833
1000,0.9,0.4194850395079195
1000,0.9,0.5287346614345867
1000,0.9,0.5178827625695833
1000,0.9,0.4865408957364
1000,0.9,0.5272382554226842
1000,0.9,0.5504955834956473
1000,0.9,0.34945445020229204
1000,0.9,0.27840295680410126
1000,0.9,0.5266381952036823
1000,0.9,0.6204879222769286
1000,0.9,0.18326095690392605
1000,0.9,0.07524565173292418
1000,0.9,0.5983795149053802
1000,0.9,0.27689760861825286
1000,0.9,0.536882430513722
1000,0.9,0.4836185603521505
1000,0.9,0.2849967835437201
1000,0.9,0.5204524884865386
1000,0.9,0.5517789780411599
1000,0.9,0.4242301711856883
1000,0.9,0.5586558287271481
1000,0.9,0.500024826459616
1000,0.9,0.5849751713876634
1000,0.9,0.5080964769393568
1000,0.9,0.5342414111978218
1000,0.9,0.498249589966505
1000,0.9,0.4665816874456935
1000,0.9,0.2373890073104117
1000,0.9,0.637034937722214
1000,0.9,0.5736796963572771
1000,0.9,-0.025897194073787135
1000,0.9,0.5278288649570425
1000,0.9,0.29533972255744584
1000,0.9,0.3412786226126992
1000,0.9,0.5695997401976699
1000,0.9,0.6504317898309789
1000,0.9,0.2169104402011445
1000,0.9,0.016812975073503766
1000,0.9,0.04088757854569043
1000,0.9,0.09063320890719538
1000,0.9,0.19929307559682585
1000,0.9,0.3130170456204975
1000,0.9,0.45731644280492173
1000,0.9,0.5309792109761453
1000,0.9,0.15900877832056934
1000,0.9,0.40303103013030034
1000,0.9,0.5723662861495648
1000,0.9,0.041904510480197256
1000,0.9,0.29115583358864267
1000,0.9,-0.2403669936132948
1000,0.9,0.2420024963811966
1000,0.9,0.35133680193598654
1000,0.9,0.5312295468888943
1000,0.9,0.5166752585579113
1000,0.9,0.4747170329927482
1000,0.9,-0.03289471971851026
1000,0.9,0.3938062433440183
1000,0.9,0.5959811815258953
1000,0.9,0.006320062658561976
1000,0.9,0.4999531101953915
1000,0.9,0.5211936414917467
1000,0.9,0.3284779631494061
1000,0.9,0.4797538110854925
1000,0.9,0.4185727252470334
1000,0.9,0.02433855829610392
1000,0.9,0.3972337492436154
1000,0.9,0.4894591404606914
1000,0.9,0.4717589148248919
1000,0.9,0.5224662752414002
1000,0.9,0.5376234505654339
1000,0.9,0.561080798716295
1000,0.9,0.08461497354227716
1000,0.9,0.30186814323274763
1000,0.9,0.5320596459791715
1000,0.9,0.1375707852747806
1000,0.9,0.1704096161818582
1000,0.9,0.5960059216168995
1000,0.9,0.472253346689992
1000,0.9,0.5398928943214927
1000,0.9,0.12599472088448818
1000,0.9,0.5383299313288186
1000,0.9,0.481350792388206
1000,0.9,0.1374587640355399
1000,0.9,0.6324932021188724
1000,0.9,0.14741840960665173
1000,0.9,0.3093638514340716
1000,0.9,0.499763954327124
1000,0.9,0.589370937638449
1000,0.9,0.19636399883617942
1000,0.9,0.5216381725319946
1000,0.9,0.309408926713418
1000,0.9,0.4689703081646332
1000,0.9,0.5405339818325678
1000,0.9,0.4956266196446713
1000,0.9,0.5377004457282871
1000,0.9,0.08170526805315537
1000,0.9,0.2454064957726963
1000,0.9,-0.10414737394514649
1000,0.9,0.593540802652532
1000,0.9,0.6190763612406688
1000,0.9,0.4284464344726286
1000,0.9,0.537351214464838
1000,0.9,0.49965201667196574
1000,0.9,0.4894519761262191
1000,0.9,0.5306926271049228
1000,0.9,0.5579706148120293
1000,0.9,0.3589000834948002
1000,0.9,0.281425041093447
1000,0.9,0.5292551538718281
1000,0.9,0.6238893829804303
1000,0.9,0.16894267663879567
1000,0.9,0.08619449038536585
1000,0.9,0.6021628469900555
1000,0.9,0.28533740982408706
1000,0.9,0.5435126641803718
1000,0.9,0.48890459482439924
1000,0.9,0.2930835079270688
1000,0.9,0.5274363274696203
1000,0.9,0.5308092086112509
1000,0.9,0.42687477898431403
1000,0.9,0.5507889640032945
1000,0.9,0.49491730341976964
1000,0.9,0.5868198870150697
1000,0.9,0.5048930195963784
1000,0.9,0.5341135009353112
1000,0.9,0.49792993243179
1000,0.9,0.47028337864358966
1000,0.9,0.2391580994474753
1000,0.9,0.6367145969108617
1000,0.9,0.5749068660843671
1000,0.9,-0.026777603146781483
1000,0.9,0.5274351987705539
1000,0.9,0.2931083926812109
1000,0.9,0.3431542189546651
1000,0.9,0.5703679429620263
1000,0.9,0.6488947714550245
1000,0.9,0.21635323987799238
1000,0.9,0.01906396863326978
1000,0.9,0.04237908633796883
1000,0.9,0.09379598891754462
1000,0.9,0.1978913718801925
1000,0.9,0.3118448379611445
1000,0.9,0.4564770624374669
1000,0.9,0.5337226396846646
1000,0.9,0.15595200270739182
1000,0.9,0.40156017346516765
1000,0.9,0.5746280158561233
1000,0.9,0.04335084274757075
1000,0.9,0.2958861820212588
1000,0.9,-0.24515001120299726
1000,0.9,0.24136380946060085
1000,0.9,0.3536017854474932
1000,0.9,0.5277142737065638
1000,0.9,0.5170143376278601
1000,0.9,0.4796668483614344
1000,0.9,-0.035501489684359025
1000,0.9,0.39477438465901377
1000,0.9,0.5981768081639867
1000,0.9,0.0040807700864155865
1000,0.9,0.5030576478181842
1000,0.9,0.5225098118434949
1000,0.9,0.32948944238760824
1000,0.9,0.48026007519948366
1000,0.9,0.42134107579305974
1000,0.9,0.019759147415629053
1000,0.9,0.4030853828803051
1000,0.9,0.49011498453202634
1000,0.9,0.4738487907262209
1000,0.9,0.5226734793791113
1000,0.9,0.5358981514930629
1000,0.9,0.56246232720363
1000,0.9,0.08115316759616183
1000,0.9,0.3072797178434965
1000,0.9,0.5322212188668946
1000,0.9,0.13690123232286952
1000,0.9,0.16731634852663876
1000,0.9,0.5995440707503089
1000,0.9,0.4712891785989996
1000,0.9,0.5410068513569586
1000,0.9,0.12852186140503535
1000,0.9,0.538427360551972
1000,0.9,0.47977428719907494
1000,0.9,0.13750569507108923
1000,0.9,0.6356066803489038
1000,0.9,0.148176667671767
1000,0.9,0.3092472652273231
1000,0.9,0.49659958173446433
1000,0.9,0.5873165777862961
1000,0.9,0.194261146485984
1000,0.9,0.5180500653928605
1000,0.9,0.3106207315244496
1000,0.9,0.4721560580093354
1000,0.9,0.536203975894744
1000,0.9,0.4915833891664189
1000,0.9,0.5362536432624434
1000,0.9,0.08057017676043275
1000,0.9,0.2455398677030171
1000,0.9,-0.09663795985329894
1000,0.9,0.5971076429978687
1000,0.9,0.6158877534408336
1000,0.9,0.4279261047703321
1000,0.9,0.5288549056195447
1000,0.9,0.5043116168780232
1000,0.9,0.4849587335366003
1000,0.9,0.5334393913273476
1000,0.9,0.5513671907948953
1000,0.9,0.36519787788228725
1000,0.9,0.27978723469446126
1000,0.9,0.5301876977288404
1000,0.9,0.619089570203972
1000,0.9,0.16532326380502535
1000,0.9,0.0863715559702961
1000,0.9,0.6042865259954118
1000,0.9,0.28366939136837577
1000,0.9,0.5416685059687679
1000,0.9,0.4874976721793816
1000,0.9,0.29368753947347287
1000,0.9,0.5317725495503738
1000,0.9,0.529972232801953
1000,0.9,0.42934613620755063
1000,0.9,0.5537881125186134
1000,0.9,0.4969487586171301
1000,0.9,0.5890484405100349
1000,0.9,0.5063401449432794
1000,0.9,0.5344116834923116
1000,0.9,0.502137047484392
1000,0.9,0.4735648598912843
1000,0.9,0.24906275868329356
1000,0.9,0.6386822294373676
1000,0.9,0.5774827469144204
1000,0.9,-0.03646470700085663
1000,0.9,0.5101641067923205
1000,0.9,0.2983217476308578
1000,0.9,0.34550234753840975
1000,0.9,0.5708759508116915
1000,0.9,0.6326387458246533
1000,0.9,0.22469568297975656
1000,0.9,0.01313414975582905
1000,0.9,0.0480978757750782
1000,0.9,0.09475875807958399
1000,0.9,0.20860049183046064
1000,0.9,0.31405327312735243
1000,0.9,0.44391651759504114
1000,0.9,0.5255731490915199
1000,0.9,0.1667964693949371
1000,0.9,0.40606469015163277
1000,0.9,0.5658328381273994
1000,0.9,0.05320330143965026
1000,0.9,0.30020380018158865
1000,0.9,-0.23411050676193265
1000,0.9,0.24717194389336544
1000,0.9,0.3591478881850552
1000,0.9,0.5163635570096061
1000,0.9,0.5226861345429488
1000,0.9,0.48224005582308954
1000,0.9,-0.023290376039970962
1000,0.9,0.4012007224865137
1000,0.9,0.5988552350495114
1000,0.9,-0.00031320565417644055
1000,0.9,0.5046924029633852
1000,0.9,0.5284684554525512
1000,0.9,0.335263086284096
1000,0.9,0.46987214309809566
1000,0.9,0.4240421758092688
1000,0.9,0.013291693341977972
1000,0.9,0.4070539853601337
1000,0.9,0.49269137775818606
1000,0.9,0.47531471840601147
1000,0.9,0.5221272867945544
1000,0.9,0.5399622515463234
1000,0.9,0.563594002889173
1000,0.9,0.07488081893866123
1000,0.9,0.3087714617259523
1000,0.9,0.5358382685671575
1000,0.9,0.12857753516045298
1000,0.9,0.17132205818491394
1000,0.9,0.6005498398918504
1000,0.9,0.4738250994728266
1000,0.9,0.5461468592378627
1000,0.9,0.13164163068467738
1000,0.9,0.524288643773206
1000,0.9,0.48087693661433034
1000,0.9,0.14376902008292675
1000,0.9,0.6358901352403218
1000,0.9,0.15603747971013926
1000,0.9,0.31586709166937005
1000,0.9,0.4963574826100305
1000,0.9,0.5728331114782206
1000,0.9,0.1989703372640762
1000,0.9,0.5235524437677834
1000,0.9,0.30166142868206547
1000,0.9,0.46904034018722024
1000,0.9,0.5401317503734545
1000,0.9,0.47787372186882526
1000,0.9,0.53993853972832
1000,0.9,0.08206289219922135
1000,0.9,0.24815158287097788
1000,0.9,-0.09921129543298315
1000,0.9,0.5989671502251028
1000,0.9,0.6188238395926469
1000,0.9,0.43500415023442557
1000,0.9,0.5312651133818763
1000,0.9,0.4966263762404559
1000,0.9,0.48843543002543766
1000,0.9,0.5194179557158163
1000,0.9,0.5546820233068785
1000,0.9,0.36771705590588466
1000,0.9,0.28561936847314845
1000,0.9,0.5325768675054615
1000,0.9,0.6223671641811103
1000,0.9,0.17192318466583043
1000,0.9,0.08728094890714332
1000,0.9,0.6089543326226369
1000,0.9,0.2855794382762611
1000,0.9,0.5457761352718826
1000,0.9,0.49092663623111754
1000,0.9,0.29930025837772356
1000,0.9,0.53247057304795
1000,0.9,0.5255949682809931
1000,0.9,0.4343691877404127
1000,0.9,0.5574909807991337
1000,0.9,0.5017900945764998
1000,0.9,0.5928571647099803
1000,0.9,0.5042419747473594
1000,0.9,0.5390125860980727
1000,0.9,0.503155703851983
1000,0.9,0.4677569374121785
1000,0.9,0.2417544538503947
1000,0.9,0.6415865923962386
1000,0.9,0.5735151908522245
1000,0.9,-0.027830732358767596
1000,0.9,0.5129762106492508
1000,0.9,0.3036123805696604
1000,0.9,0.3488372147856772
1000,0.9,0.5670041866941476
1000,0.9,0.6356307332597049
1000,0.9,0.21567344589377554
1000,0.9,0.01958003409232374
1000,0.9,0.035897516112958126
1000,0.9,0.08968770713731333
1000,0.9,0.2069766175204406
1000,0.9,0.3193902331232128
1000,0.9,0.440922468242024
1000,0.9,0.5267170344122005
1000,0.9,0.17742718826839757
1000,0.9,0.4123417750928192
1000,0.9,0.5693610699168091
1000,0.9,0.05171301670047026
1000,0.9,0.2961957370003743
1000,0.9,-0.23381482876886983
1000,0.9,0.2519325037815311
1000,0.9,0.3654054570587994
1000,0.9,0.5136876827682432
1000,0.9,0.5224903739786098
1000,0.9,0.4853541371776225
1000,0.9,-0.031430829249117546
1000,0.9,0.40629244941942294
1000,0.9,0.6023370496479877
1000,0.9,-0.0017474229234783923
1000,0.9,0.5060377284798986
1000,0.9,0.5309122711851696
1000,0.9,0.33307262359332357
1000,0.9,0.473305103533278
1000,0.9,0.4309430888755494
1000,0.9,0.022760141557739557
1000,0.9,0.39573501007963136
1000,0.9,0.498596945962714
1000,0.9,0.4790416345232951
1000,0.9,0.5266035592435493
1000,0.9,0.5433814798896403
1000,0.9,0.5641866238048419
1000,0.9,0.06836714480348804
1000,0.9,0.30505863070246336
1000,0.9,0.5305062105226941
1000,0.9,0.12861793406334374
1000,0.9,0.15960653890677887
1000,0.9,0.6030906087187615
1000,0.9,0.4750195169915924
1000,0.9,0.5478201536662929
1000,0.9,0.13862087282909127
1000,0.9,0.5102254628249643
1000,0.9,0.48695380241523456
1000,0.9,0.15123038725585872
1000,0.9,0.6262672978321571
1000,0.9,0.15721738887419565
1000,0.9,0.31241026832902313
1000,0.9,0.49440405104730534
1000,0.9,0.5737112292401044
1000,0.9,0.20484963714686935
1000,0.9,0.5162098377144719
1000,0.9,0.3050660168279556
1000,0.9,0.47183160212824843
1000,0.9,0.5443469760833309
1000,0.9,0.4816747685158672
1000,0.9,0.5427284749824056
1000,0.9,0.07843179931295625
1000,0.9,0.24611887252467637
1000,0.9,-0.0905678550762616
1000,0.9,0.5919999180184945
1000,0.9,0.6229006130810977
1000,0.9,0.4367614327429631
1000,0.9,0.5366114009471303
1000,0.9,0.499226511005798
1000,0.9,0.4928565926404459
1000,0.9,0.5171301703257517
1000,0.9,0.5589890262312501
1000,0.9,0.36233116568961804
1000,0.9,0.2845810646885368
1000,0.9,0.5245583375976047
1000,0.9,0.6250757047089655
1000,0.9,0.16154085911647928
1000,0.9,0.09449360272320509
1000,0.9,0.6047067303264209
1000,0.9,0.28911430586938
1000,0.9,0.5473393700470426
1000,0.9,0.4928304388463039
1000,0.9,0.3031202888957587
1000,0.9,0.5362532700712301
1000,0.9,0.5267510469849928
1000,0.9,0.4305616692372676
1000,0.9,0.5600218126613618
1000,0.9,0.502436095842025
1000,0.9,0.5895940159949099
1000,0.9,0.5076296362780747
1000,0.9,0.5346687651381887
1000,0.9,0.5000904874219296
1000,0.9,0.46902487933174875
1000,0.9,0.24521545718208013
1000,0.9,0.6421101640155639
1000,0.9,0.5712060687247364
1000,0.9,-0.02964304013341045
1000,0.9,0.5145230557690774
1000,0.9,0.303779167210156
1000,0.9,0.34748148863498834
1000,0.9,0.5688680585064106
1000,0.9,0.6387716715871902
1000,0.9,0.21856595834248857
1000,0.9,0.020934823875147557
1000,0.9,0.030370079928504736
1000,0.9,0.08897884944681207
1000,0.9,0.20460452476410845
1000,0.9,0.3233110314771197
1000,0.9,0.4345490928371251
1000,0.9,0.5208711867068896
1000,0.9,0.17677657063352525
1000,0.9,0.41129336301238156
1000,0.9,0.5689298198507063
1000,0.9,0.05291604958006999
1000,0.9,0.29817712940954866
1000,0.9,-0.2302337024542304
1000,0.9,0.25228913243197354
1000,0.9,0.36966449826609626
1000,0.9,0.5136936964195552
1000,0.9,0.526975518821599
1000,0.9,0.481062180206503
1000,0.9,-0.02855360160646745
1000,0.9,0.40437805324969534
1000,0.9,0.6028222097707338
1000,0.9,0.0013949918921057902
1000,0.9,0.5065152634810843
1000,0.9,0.5352973565165058
1000,0.9,0.33122895238573796
1000,0.9,0.4775964927515893
1000,0.9,0.4334645592968692
1000,0.9,0.0315260432582301
1000,0.9,0.39526759172902576
1000,0.9,0.49664174759641416
1000,0.9,0.4740894427910442
1000,0.9,0.527615991208436
1000,0.9,0.5454152172534948
1000,0.9,0.5603857501251995
1000,0.9,0.0666442376501625
1000,0.9,0.30527824838961004
1000,0.9,0.5286078363395638
1000,0.9,0.12462406659108753
1000,0.9,0.16233237447475474
1000,0.9,0.6026884598102797
1000,0.9,0.4748246745005252
1000,0.9,0.5493652215192125
1000,0.9,0.1377131777626627
1000,0.9,0.5030287071740216
1000,0.9,0.4892259843901004
1000,0.9,0.14766430228833113
1000,0.9,0.6253418698059513
1000,0.9,0.16045486883348037
1000,0.9,0.31226544588790095
1000,0.9,0.4953619898364198
1000,0.9,0.577587825481961
1000,0.9,0.2085188205743644
1000,0.9,0.5194487226486333
1000,0.9,0.30393481086562596
1000,0.9,0.4704528337194106
1000,0.9,0.5416597215551959
1000,0.9,0.482055027039765
1000,0.9,0.5441138201595196
1000,0.9,0.07437221039951343
1000,0.9,0.24848159355433883
1000,0.9,-0.08498708925531895
1000,0.9,0.5896887781031108
1000,0.9,0.6199045125101046
1000,0.9,0.4327176695273009
1000,0.9,0.5388258091692042
1000,0.9,0.49962193299054336
1000,0.9,0.49514720686059904
1000,0.9,0.5188156771874534
1000,0.9,0.5591169393048913
1000,0.9,0.3643429590615026
1000,0.9,0.2811611150677118
1000,0.9,0.5177471087309327
1000,0.9,0.6254826927071246
1000,0.9,0.17031440018455415
1000,0.9,0.09428816952900224
1000,0.9,0.6082150728807668
1000,0.9,0.28495064703772466
1000,0.9,0.5445543549221257
1000,0.9,0.49678961359429274
1000,0.9,0.3049611718140007
1000,0.9,0.535430662047518
1000,0.9,0.5226418412226428
1000,0.9,0.42242316539158703
1000,0.9,0.5592423517823419
1000,0.9,0.4955575778376528
1000,0.9,0.593604252426008
1000,0.9,0.5154545606937349
1000,0.9,0.5281419310677001
1000,0.9,0.49115886794968217
1000,0.9,0.47257787055542
1000,0.9,0.24474332847399585
1000,0.9,0.6472531836233734
1000,0.9,0.5764516322904939
1000,0.9,-0.022924772574309027
1000,0.9,0.5201106275558092
1000,0.9,0.3122849322079399
1000,0.9,0.3541913816140566
1000,0.9,0.5684805727294475
1000,0.9,0.637416189746434
1000,0.9,0.20843402251450266
1000,0.9,0.02962168274231509
1000,0.9,0.01691293902095168
1000,0.9,0.09551016039520932
1000,0.9,0.20859342558218713
1000,0.9,0.33481176651539196
1000,0.9,0.4371774720765114
1000,0.9,0.5234707118893813
1000,0.9,0.16861201352621144
1000,0.9,0.41420803465856354
1000,0.9,0.5742207779646695
1000,0.9,0.05575683368357853
1000,0.9,0.29062071768415076
1000,0.9,-0.24067379729229135
1000,0.9,0.2400759184167277
1000,0.9,0.35666986935328127
1000,0.9,0.5188818207758011
1000,0.9,0.5344146341072795
1000,0.9,0.48364025552081785
1000,0.9,-0.023249024837538757
1000,0.9,0.40583392733647683
1000,0.9,0.6042302636094539
1000,0.9,0.003018992905240414
1000,0.9,0.5143624114990181
1000,0.9,0.5425705118903712
1000,0.9,0.3401263220645752
1000,0.9,0.48223488387450936
1000,0.9,0.4347226026186232
1000,0.9,0.03594372152339349
1000,0.9,0.4028174523521346
1000,0.9,0.5046858001786517
1000,0.9,0.47070997478822774
1000,0.9,0.529422040723457
1000,0.9,0.5429244440006326
1000,0.9,0.5513856658254586
1000,0.9,0.07078808343724903
1000,0.9,0.2987595287696041
1000,0.9,0.5203387613480703
1000,0.9,0.12528014050689132
1000,0.9,0.17316071138956876
1000,0.9,0.6073061794982992
1000,0.9,0.47533837476473056
1000,0.9,0.5388020483756535
1000,0.9,0.14434754777682351
1000,0.9,0.5109453865380917
1000,0.9,0.4948919773656278
1000,0.9,0.13504672851545718
1000,0.9,0.6290364265345054
1000,0.9,0.17255190569219897
1000,0.9,0.30980856299800646
1000,0.9,0.5034315642436168
1000,0.9,0.5840175947243702
1000,0.9,0.22117483672385832
1000,0.9,0.5270379425716436
1000,0.9,0.3048947892881423
1000,0.9,0.45806881487732654
1000,0.9,0.5488059941924041
1000,0.9,0.48355852005540956
1000,0.9,0.546982822867235
1000,0.9,0.0608678185079355
1000,0.9,0.2560419098484743
1000,0.9,-0.09669530728213181
1000,0.9,0.5912614761183261
1000,0.9,0.6225218717090429
1000,0.9,0.436099236499095
1000,0.9,0.5401013769736555
1000,0.9,0.4944636692643119
1000,0.9,0.49982649285295633
1000,0.9,0.5264175217461228
1000,0.9,0.5601552532053825
1000,0.9,0.36927567561856245
1000,0.9,0.28711382839889793
1000,0.9,0.5220561809704183
1000,0.9,0.6264921082169228
1000,0.9,0.18025055556680597
1000,0.9,0.09490034070002161
1000,0.9,0.6140340521193594
1000,0.9,0.28762923556486664
1000,0.9,0.5468915317630892
1000,0.9,0.4994968947404343
1000,0.9,0.30634654260943994
1000,0.9,0.5343532110093691
1000,0.9,0.519313576130563
1000,0.9,0.4263585495233059
1000,0.9,0.5588750637872795
1000,0.9,0.5003648991956832
1000,0.9,0.5911913009003213
1000,0.9,0.5144110478023171
1000,0.9,0.5238997724847625
1000,0.9,0.4957177031930945
1000,0.9,0.4692946890572068
1000,0.9,0.24835822626871693
1000,0.9,0.6508730165268384
1000,0.9,0.5753211402587345
1000,0.9,-0.026694179869555867
1000,0.9,0.5113126316822862
1000,0.9,0.3112913243813298
1000,0.9,0.35312473818802476
1000,0.9,0.5717214324635672
1000,0.9,0.6405541176736458
1000,0.9,0.20540549656801285
1000,0.9,0.032676370145232704
1000,0.9,0.013967304694060757
1000,0.9,0.0958004429161029
1000,0.9,0.20809615492321304
1000,0.9,0.33548244367469054
1000,0.9,0.44229885118129736
1000,0.9,0.5275667777988758
1000,0.9,0.16651975687752624
1000,0.9,0.41643202481830316
1000,0.9,0.5729116599716498
1000,0.9,0.04784326778712036
1000,0.9,0.29425767408980485
1000,0.9,-0.2409110510385619
1000,0.9,0.24115409626756903
1000,0.9,0.3616282156814611
1000,0.9,0.5243401847822877
1000,0.9,0.538353961465898
1000,0.9,0.48617682967240056
1000,0.9,-0.01709761100452837
1000,0.9,0.3995034379912432
1000,0.9,0.6048265419271585
1000,0.9,0.008574550623591937
1000,0.9,0.5169706300842525
1000,0.9,0.5467045153090815
1000,0.9,0.3342810661141063
1000,0.9,0.4824484341909194
1000,0.9,0.43726650373734377
1000,0.9,0.028788892797794643
1000,0.9,0.4005236023712277
1000,0.9,0.5067113894527873
1000,0.9,0.47321852698413175
1000,0.9,0.52792830505603
1000,0.9,0.5445924673395759
1000,0.9,0.5534740525980176
1000,0.9,0.07357508531575706
1000,0.9,0.3007636989306267
1000,0.9,0.5191642260824335
1000,0.9,0.12462199768628586
1000,0.9,0.17633566040907275
1000,0.9,0.5995410392803738
1000,0.9,0.47003383061610204
1000,0.9,0.5429900236244409
1000,0.9,0.149854524383169
1000,0.9,0.5118962343799957
1000,0.9,0.4962261565781993
1000,0.9,0.1425667794083246
1000,0.9,0.6284964788452941
1000,0.9,0.1757456491323813
1000,0.9,0.31575995418392294
1000,0.9,0.5033926056742155
1000,0.9,0.5810950537626469
1000,0.9,0.22231812116974686
1000,0.9,0.5239704699520489
1000,0.9,0.3103944948941078
1000,0.9,0.4560807757164006
1000,0.9,0.5489031191443646
1000,0.9,0.4895227833964151
1000,0.9,0.5381749738418636
1000,0.9,0.06218351039162946
1000,0.9,0.25932641276489454
1000,0.9,-0.09526710012021714
1000,0.9,0.5882592876399374
1000,0.9,0.6245661253107653
1000,0.9,0.44122698796695076
1000,0.9,0.5384546921482533
1000,0.9,0.4929807699400781
1000,0.9,0.49833301872080343
1000,0.9,0.5281282319975057
1000,0.9,0.563515347935128
1000,0.9,0.3753604722744434
1000,0.9,0.28336568616328744
1000,0.9,0.5249677676506526
1000,0.9,0.6185175809346947
1000,0.9,0.1819759794375316
1000,0.9,0.08938169002903733
1000,0.9,0.6168226581682357
1000,0.9,0.2919318260246637
1000,0.9,0.5461790713593244
1000,0.9,0.49198215273255086
1000,0.9,0.30735768957779386
1000,0.9,0.5255130338570233
1000,0.9,0.5234691804232493
1000,0.9,0.42700428729096523
1000,0.9,0.5600435847744519
1000,0.9,0.4946972929290743
1000,0.9,0.5950905342682203
1000,0.9,0.5183321494210154
1000,0.9,0.5255601018018627
1000,0.9,0.49253964838682657
1000,0.9,0.4738501985741825
1000,0.9,0.25113995831923497
1000,0.9,0.6539330298683577
1000,0.9,0.5743330792157534
1000,0.9,-0.029418096018909903
1000,0.9,0.5108310341556458
1000,0.9,0.31363122582424563
1000,0.9,0.3573682781555553
1000,0.9,0.5705900314821182
1000,0.9,0.6416979875278052
1000,0.9,0.21404606156271272
1000,0.9,0.02929138682870072
1000,0.9,0.012260518093720307
1000,0.9,0.09378862619985949
1000,0.9,0.2093842938511834
1000,0.9,0.3359036491630974
1000,0.9,0.4461074246160132
1000,0.9,0.5276731480363877
1000,0.9,0.16688125042518734
1000,0.9,0.4009241814125512
1000,0.9,0.5744389984972942
1000,0.9,0.04581466334003348
1000,0.9,0.2974709647359323
1000,0.9,-0.23851742640913154
1000,0.9,0.23721222577777754
1000,0.9,0.3586389663702522
1000,0.9,0.5226823222029316
1000,0.9,0.5434392810619
1000,0.9,0.48606792677480676
1000,0.9,-0.016705374216048074
1000,0.9,0.3948620081254454
1000,0.9,0.5973156855851791
1000,0.9,0.002863365843386956
1000,0.9,0.5119913301173094
1000,0.9,0.54234865208377
1000,0.9,0.33538474872086405
1000,0.9,0.48702221069001317
1000,0.9,0.4388447169094906
1000,0.9,0.02823753180994022
1000,0.9,0.39587159957744983
1000,0.9,0.5038895334431283
1000,0.9,0.47809321400278587
1000,0.9,0.5301569373561859
1000,0.9,0.5455187153548539
1000,0.9,0.5583467596183666
1000,0.9,0.07652378831298841
1000,0.9,0.2959572994313701
1000,0.9,0.5233928433558646
1000,0.9,0.12671207480457353
1000,0.9,0.1830651365290701
1000,0.9,0.6011385369800983
1000,0.9,0.47013267881150583
1000,0.9,0.5460661502638818
1000,0.9,0.15353285950882375
1000,0.9,0.5154095892451341
1000,0.9,0.500777319661387
1000,0.9,0.14747506741643734
1000,0.9,0.6323142510020365
1000,0.9,0.17505675501005083
1000,0.9,0.3203470610236083
1000,0.9,0.49977887233349244
1000,0.9,0.5855793654916962
1000,0.9,0.21603538130181796
1000,0.9,0.5256298051501008
1000,0.9,0.3018170528429201
1000,0.9,0.45852097082489673
1000,0.9,0.5525424368754058
1000,0.9,0.4877883185331848
1000,0.9,0.5287692348967024
1000,0.9,0.06396528096277983
1000,0.9,0.25496676787963996
1000,0.9,-0.10145379435306949
1000,0.9,0.5870679630214043
1000,0.9,0.6239893076358132
1000,0.9,0.44460602282460265
1000,0.9,0.5391688866521539
1000,0.9,0.48687599549868066
1000,0.9,0.499093221339493
1000,0.9,0.5318549465034661
1000,0.9,0.567120317760418
1000,0.9,0.37966719694726775
1000,0.9,0.2735982385862276
1000,0.9,0.526613079253837
1000,0.9,0.6224756722977437
1000,0.9,0.18588700225573657
1000,0.9,0.09159847280674031
1000,0.9,0.6175614147696062
1000,0.9,0.2909172152994551
1000,0.9,0.5442844517989996
1000,0.9,0.49771953385426326
1000,0.9,0.31395041192098594
1000,0.9,0.5234044330181754
1000,0.9,0.5287638037600725
1000,0.9,0.4263527369412326
1000,0.9,0.5635968910301666
1000,0.9,0.4953039521169561
1000,0.9,0.5988823470374312
1000,0.9,0.5210382711203394
1000,0.9,0.5296485910053189
1000,0.9,0.49312863377614413
1000,0.9,0.46483119521983834
1000,0.9,0.25637903138951196
1000,0.9,0.6530271118586429
1000,0.9,0.5751418055678478
1000,0.9,-0.02273404375554694
1000,0.9,0.5144438673527797
1000,0.9,0.3040301345787871
1000,0.9,0.3604767181026698
1000,0.9,0.5644283532680251
1000,0.9,0.6457331852329995
1000,0.9,0.2132028337487327
1000,0.9,0.030650010105505988
1000,0.9,0.010865476644235317
1000,0.9,0.08184555315909295
1000,0.9,0.2108148292245602
1000,0.9,0.3404371234557553
1000,0.9,0.45143712467022296
1000,0.9,0.5334896434025912
1000,0.9,0.15833738528770308
1000,0.9,0.3993882211668964
1000,0.9,0.572308167462828
1000,0.9,0.04653551264855151
1000,0.9,0.2975476335969038
1000,0.9,-0.24260585417426894
1000,0.9,0.2443100069144884
1000,0.9,0.3519760841630143
1000,0.9,0.5249657214957603
1000,0.9,0.5445194765525257
1000,0.9,0.48569777548350546
1000,0.9,-0.02049358531577301
1000,0.9,0.395998949802496
1000,0.9,0.6007578593558554
1000,0.9,0.011535523891553967
1000,0.9,0.5159661827608338
1000,0.9,0.5458492622126406
1000,0.9,0.34147619126987544
1000,0.9,0.4813508638607887
1000,0.9,0.43942312173024456
1000,0.9,0.027949626445720546
1000,0.9,0.3997282322856785
1000,0.9,0.5012366212673234
1000,0.9,0.480101697744465
1000,0.9,0.532876519393228
1000,0.9,0.5510564270151075
1000,0.9,0.5550278145122073
1000,0.9,0.07574231109891483
1000,0.9,0.2932358553617722
1000,0.9,0.518503006181773
1000,0.9,0.1258744344841941
1000,0.9,0.1839933547636498
1000,0.9,0.6058073549974514
1000,0.9,0.47684807220467307
1000,0.9,0.5503089450027857
1000,0.9,0.1560997236405899
1000,0.9,0.5204461788684918
1000,0.9,0.4944175357214942
1000,0.9,0.1502805550973346
1000,0.9,0.6310925650627017
1000,0.9,0.18236296035436989
1000,0.9,0.32764139126290803
1000,0.9,0.4973748755938135
1000,0.9,0.5889959664280691
1000,0.9,0.21378166398685894
1000,0.9,0.5267282419380769
1000,0.9,0.30065440933547677
1000,0.9,0.46541776248504857
1000,0.9,0.5497208099775799
1000,0.9,0.4857160663817457
1000,0.9,0.5226256576596108
1000,0.9,0.07078056482168289
1000,0.9,0.25900362307951474
1000,0.9,-0.09819659748833673
1000,0.9,0.578217710028995
1000,0.9,0.6260432984718545
1000,0.9,0.44159287360772365
1000,0.9,0.5326479877148336
1000,0.9,0.48905097765397404
1000,0.9,0.4999841136998195
1000,0.9,0.5243637883073595
1000,0.9,0.5683565996274239
1000,0.9,0.3720875261701992
1000,0.9,0.27977283296883004
1000,0.9,0.5324461350296085
1000,0.9,0.6193210604697772
1000,0.9,0.18442265951195722
1000,0.9,0.09131289618789198
1000,0.9,0.6171054024879742
1000,0.9,0.29685040822378245
1000,0.9,0.5376836374303444
1000,0.9,0.49972511809945225
1000,0.9,0.31700371279349465
1000,0.9,0.5225332831090138
1000,0.9,0.53456326088708
1000,0.9,0.4261536712336987
1000,0.9,0.566013935469132
1000,0.9,0.4997989292096675
1000,0.9,0.601962338118808
1000,0.9,0.5256360900652728
1000,0.9,0.5295265707911694
1000,0.9,0.4805865238255487
1000,0.9,0.4652364587757359
1000,0.9,0.24552100748392422
1000,0.9,0.6520699409936185
1000,0.9,0.5776294914995055
1000,0.9,-0.019944008481764055
1000,0.9,0.5186317138826944
1000,0.9,0.3052839625435752
1000,0.9,0.3540002314747466
1000,0.9,0.5653591642475327
1000,0.9,0.6488400429680067
1000,0.9,0.2212454865729457
1000,0.9,0.03232932407141607
1000,0.9,0.01867128677744321
1000,0.9,0.09251183984533262
1000,0.9,0.2167822669562872
1000,0.9,0.34521632084360127
1000,0.9,0.44176786256123585
1000,0.9,0.5369115531790354
1000,0.9,0.16464289558145925
1000,0.9,0.40269428921153455
1000,0.9,0.5624395000079776
1000,0.9,0.05452445062042566
1000,0.9,0.30546302227480837
1000,0.9,-0.23653575646611577
1000,0.9,0.2530866721868699
1000,0.9,0.35122439071988065
1000,0.9,0.525892105536423
1000,0.9,0.5502237303010066
1000,0.9,0.4706370473368943
1000,0.9,-0.018762285024141002
1000,0.9,0.38275354940885914
1000,0.9,0.6020745846154469
1000,0.9,0.006204015848665457
1000,0.9,0.5211553596707493
1000,0.9,0.5330672620308363
1000,0.9,0.32961566396256764
1000,0.9,0.48458366540788517
1000,0.9,0.42749168901878803
1000,0.9,0.023851140032363684
1000,0.9,0.40678263308545254
1000,0.9,0.5025437766864385
1000,0.9,0.4850947080834244
1000,0.9,0.5347607816572678
1000,0.9,0.5531589317666622
1000,0.9,0.5575883196991182
1000,0.9,0.07819707202316394
1000,0.9,0.3014891285391954
1000,0.9,0.5195390510347984
1000,0.9,0.131567469275326
1000,0.9,0.189076505789185
1000,0.9,0.6080628551817452
1000,0.9,0.4816421785434691
1000,0.9,0.5526863174363047
1000,0.9,0.1635798397056921
1000,0.9,0.522085729329834
1000,0.9,0.4979476487241186
1000,0.9,0.15784088981251215
1000,0.9,0.6220255376319649
1000,0.9,0.18380402550472125
1000,0.9,0.3335906491372883
1000,0.9,0.5023495647226309
1000,0.9,0.5915315692350974
1000,0.9,0.2066898307221868
1000,0.9,0.516357800502286
1000,0.9,0.30124204445103836
1000,0.9,0.46864038787420637
1000,0.9,0.5402075991151297
1000,0.9,0.47847186927475965
1000,0.9,0.5215965294861162
1000,0.9,0.07767742107175216
1000,0.9,0.26579258233903347
1000,0.9,-0.10809053731533512
1000,0.9,0.5780366823538605
1000,0.9,0.6304393720638983
1000,0.9,0.44719682594499904
1000,0.9,0.5375694783742696
1000,0.9,0.4894360724936602
1000,0.9,0.503937717102242
1000,0.9,0.5281365743940826
1000,0.9,0.5697343438012961
1000,0.9,0.3758345244032084
1000,0.9,0.28823333881800706
1000,0.9,0.5249620473977494
1000,0.9,0.6147295218536306
1000,0.9,0.18969496561333862
1000,0.9,0.09781759599032262
1000,0.9,0.6206716388000418
1000,0.9,0.2983776575258327
1000,0.9,0.5380645221062075
1000,0.9,0.5000862489647062
1000,0.9,0.303181206306147
1000,0.9,0.5270983091319957
1000,0.9,0.5399173098531393
1000,0.9,0.42789234688429295
1000,0.9,0.5673674135823447
1000,0.9,0.4975485806574453
1000,0.9,0.5992072201464201
1000,0.9,0.5255481180334312
1000,0.9,0.5218944204738122
1000,0.9,0.4753311527660415
1000,0.9,0.46521126556907266
1000,0.9,0.24708050003561907
1000,0.9,0.6547187605189875
1000,0.9,0.5799623601870967
1000,0.9,-0.014427894198858848
1000,0.9,0.5189738898718392
1000,0.9,0.30138944376245264
1000,0.9,0.35551557394012573
1000,0.9,0.5588506552744354
1000,0.9,0.647206608254008
1000,0.9,0.2236679873860398
1000,0.9,0.0313555234032725
1000,0.9,0.02511649628341264
1000,0.9,0.0981636137441577
1000,0.9,0.22110869058374646
1000,0.9,0.35003555946699233
1000,0.9,0.44234306683649816
1000,0.9,0.5313017537132265
1000,0.9,0.16462022112706598
1000,0.9,0.3990315743307116
1000,0.9,0.5635952239747514
1000,0.9,0.055163766584818696
1000,0.9,0.3118148989349603
1000,0.9,-0.2357572653684005
1000,0.9,0.25061716290893593
1000,0.9,0.3541155829804071
1000,0.9,0.526171201465108
1000,0.9,0.5532012803904374
1000,0.9,0.4643802812379636
1000,0.9,-0.019549955367472806
1000,0.9,0.38099985695765487
1000,0.9,0.603040584391084
1000,0.9,0.0030461417693458336
1000,0.9,0.5208858428976583
1000,0.9,0.5304489776419613
1000,0.9,0.3219071263853176
1000,0.9,0.48470254427992465
1000,0.9,0.42600367299246505
1000,0.9,0.020503859302432436
1000,0.9,0.407737260283075
1000,0.9,0.5038271450115261
1000,0.9,0.48877262207621075
1000,0.9,0.5379080763860644
1000,0.9,0.55085163863191
1000,0.9,0.560137523278832
1000,0.9,0.08249985635355457
1000,0.9,0.2981563972565243
1000,0.9,0.519280039628925
1000,0.9,0.128420967554128
1000,0.9,0.18583240100766488
1000,0.9,0.6093157568247061
1000,0.9,0.4845976108961379
1000,0.9,0.5563969254500716
1000,0.9,0.16846901413498455
1000,0.9,0.5201839920319332
1000,0.9,0.49547650189748316
1000,0.9,0.15323218760847082
1000,0.9,0.6214334070320698
1000,0.9,0.18516562284727897
1000,0.9,0.333469017061499
1000,0.9,0.49797071579105456
1000,0.9,0.5937159117814984
1000,0.9,0.21002499204167202
1000,0.9,0.5125911107317014
1000,0.9,0.3011161151229592
1000,0.9,0.4732489204887423
1000,0.9,0.5392102312911136
1000,0.9,0.47680125887925157
1000,0.9,0.5226651839221526
1000,0.9,0.07486521461769427
1000,0.9,0.2654486187990608
1000,0.9,-0.10384964569240043
1000,0.9,0.5792594967534067
1000,0.9,0.6256898072696996
1000,0.9,0.4477210230770983
1000,0.9,0.538233630206639
1000,0.9,0.49160214373663397
1000,0.9,0.5052061929346431
1000,0.9,0.5313546404105928
1000,0.9,0.5667412598119603
1000,0.9,0.3773625883137287
1000,0.9,0.28614315679352764
1000,0.9,0.5188875825028251
1000,0.9,0.6140595021975922
1000,0.9,0.1957694851839334
1000,0.9,0.10563307676445018
1000,0.9,0.6225479852727424
1000,0.9,0.295076821950443
1000,0.9,0.5335459324353146
1000,0.9,0.5002868401379621
1000,0.9,0.3024344648883673
1000,0.9,0.5277585188276431
1000,0.9,0.537984100434467
1000,0.9,0.43078137419216467
1000,0.9,0.5705735761778965
1000,0.9,0.4985717596808787
1000,0.9,0.6000693023681488
1000,0.9,0.5189543597395389
1000,0.9,0.5214037680895527
1000,0.9,0.47717593625296956
1000,0.9,0.4694020858140547
1000,0.9,0.24639195645899506
1000,0.9,0.6529832286710702
1000,0.9,0.5747645057614084
1000,0.9,-0.01818918077075962
1000,0.9,0.5134817671369756
1000,0.9,0.3009341197034478
1000,0.9,0.3576182664568187
1000,0.9,0.5606549523141193
1000,0.9,0.6496432207511403
1000,0.9,0.2271575680725999
1000,0.9,0.03149586338253196
1000,0.9,0.0288583646129948
1000,0.9,0.10001814214921197
1000,0.9,0.21591913085453326
1000,0.9,0.3457721743075978
1000,0.9,0.44399373033494216
1000,0.9,0.5338836716756549
1000,0.9,0.16423150245457693
1000,0.9,0.3997277130758857
1000,0.9,0.5624475295588738
1000,0.9,0.057721728384283535
1000,0.9,0.31099452133932415
1000,0.9,-0.22744335739486163
1000,0.9,0.25312616394254595
1000,0.9,0.34668225682978143
1000,0.9,0.5190417603810252
1000,0.9,0.5538244371177301
1000,0.9,0.4583391256657643
1000,0.9,-0.01421687408197171
1000,0.9,0.37940885321505896
1000,0.9,0.6059029021843471
1000,0.9,0.007400861640290635
1000,0.9,0.5222391246647534
1000,0.9,0.5295001862922121
1000,0.9,0.32031222375457297
1000,0.9,0.48291550031802905
1000,0.9,0.4270258968161285
1000,0.9,0.017687612124060205
1000,0.9,0.41120032028107906
1000,0.9,0.5063640185599547
1000,0.9,0.48616553334041696
1000,0.9,0.5317275185034048
1000,0.9,0.5508727026390361
1000,0.9,0.5621316351258697
1000,0.9,0.08168585404925009
1000,0.9,0.2998400880414992
1000,0.9,0.5229497044367776
1000,0.9,0.12305767296113124
1000,0.9,0.1872130523474722
1000,0.9,0.6075630742927955
1000,0.9,0.4847276039192495
1000,0.9,0.5540368757803975
1000,0.9,0.16657532727289154
1000,0.9,0.5232917159202988
1000,0.9,0.49195096215862005
1000,0.9,0.15095302975044583
1000,0.9,0.6235652130445264
1000,0.9,0.18264270671496363
1000,0.9,0.33078409680475057
1000,0.9,0.49503225235889586
1000,0.9,0.5938663861347704
1000,0.9,0.21134015936433637
1000,0.9,0.5163252484580538
1000,0.9,0.30458770252094386
1000,0.9,0.473916778107846
1000,0.9,0.5357321074660996
1000,0.9,0.4770063989963011
1000,0.9,0.5223446465676196
1000,0.9,0.07319407220331582
1000,0.9,0.26294527261190065
1000,0.9,-0.10896518151888915
1000,0.9,0.5769317159225699
1000,0.9,0.6262536695636386
1000,0.9,0.44969553351680713
1000,0.9,0.5417206060788815
1000,0.9,0.494985360937014
1000,0.9,0.5047004661877814
1000,0.9,0.5318836228472759
1000,0.9,0.5642866203927731
1000,0.9,0.374614764022464
1000,0.9,0.28997982462322636
1000,0.9,0.5180072676882791
1000,0.9,0.610362843013956
1000,0.9,0.19131250386573648
1000,0.9,0.10874038275959537
1000,0.9,0.6227664470847734
1000,0.9,0.2923954365910168
1000,0.9,0.5350155396903974
1000,0.9,0.5009687507488269
1000,0.9,0.3057206330110656
1000,0.9,0.5287306815724687
1000,0.9,0.5360490461501287
1000,0.9,0.4287503741133496
1000,0.9,0.5723392251982552
1000,0.9,0.4995162037121826
1000,0.9,0.6002026443889158
1000,0.9,0.5156843229343779
1000,0.9,0.5234494357786763
1000,0.9,0.47968527922189924
1000,0.9,0.47108834046662457
1000,0.9,0.24518551580148787
1000,0.9,0.6522396904120831
1000,0.9,0.5767391956497304
1000,0.9,-0.020651012027922157
1000,0.9,0.5124781473141671
1000,0.9,0.3002726635763738
1000,0.9,0.3576812396385751
1000,0.9,0.5633570426307973
1000,0.9,0.6503537002087311
1000,0.9,0.22718288868806266
1000,0.9,0.02956296765085147
1000,0.9,0.029496668995252186
1000,0.9,0.0958045826410961
1000,0.9,0.2179310489351128
1000,0.9,0.34738796521739645
1000,0.9,0.44515853378681103
1000,0.9,0.5329544948958718
1000,0.9,0.1661514448557632
1000,0.9,0.400397848096764
1000,0.9,0.5595596688323194
1000,0.9,0.05864419282213316
1000,0.9,0.31060978466737815
1000,0.9,-0.22675591239503615
1000,0.9,0.2554099577752109
1000,0.9,0.3440621874835265
1000,0.9,0.5171675016184049
1000,0.9,0.5556119499392969
1000,0.9,0.45812850390421167
1000,0.9,-0.013018563657430083
1000,0.9,0.3812097470601887
1000,0.9,0.60513233057937
1000,0.9,0.008328887073954894
1000,0.9,0.5235046557735022
1000,0.9,0.5269804814690284
1000,0.9,0.3200030480573824
1000,0.9,0.47994011756268967
1000,0.9,0.4262361787543593
1000,0.9,0.012206803986089133
1000,0.9,0.40855175262194604
1000,0.9,0.506525606668702
1000,0.9,0.485616320023796
1000,0.9,0.531274934698886
1000,0.9,0.5511967836518883
1000,0.9,0.5635389398641821
1000,0.9,0.0805836634497287
1000,0.9,0.2967942486706108
1000,0.9,0.5234858080607891
1000,0.9,0.12345892079647351
1000,0.9,0.18530740443774327
1000,0.9,0.6033385805363362
1000,0.9,0.4797979160371389
1000,0.9,0.5518789850281018
1000,0.9,0.1660186381150455
1000,0.9,0.5206070963852769
1000,0.9,0.4927596076614487
1000,0.9,0.1482545432831425
1000,0.9,0.6232114433816383
1000,0.9,0.18190540229878513
1000,0.9,0.33382963584268566
1000,0.9,0.4922585927503317
1000,0.9,0.5917632664122056
1000,0.9,0.20852506512233732
1000,0.9,0.5150858542728268
1000,0.9,0.3062164023620374
1000,0.9,0.47451219669919065
1000,0.9,0.535918320646059
1000,0.9,0.47694677465400265
1000,0.9,0.5226374595895553
1000,0.9,0.07295841680230362
1000,0.9,0.2640205682273548
1000,0.9,-0.10989404847620997
1000,0.9,0.5770379789713166
1000,0.9,0.6284334193897886
1000,0.9,0.4497122755855205
1000,0.9,0.5420175689721324
1000,0.9,0.49585285378009847
1000,0.9,0.5003070934393061
1000,0.9,0.5341997587631236
1000,0.9,0.5654728574835907
1000,0.9,0.37197802869461194
1000,0.9,0.29386533196158976
1000,0.9,0.5167646730854667
1000,0.9,0.6088246883524859
1000,0.9,0.19352873226533943
1000,0.9,0.10961221188967248
1000,0.9,0.6230369997972857
1000,0.9,0.29232685464808933
1000,0.9,0.5355642857030155
1000,0.9,0.49985442056345836
1000,0.9,0.3014501906587708
1000,0.9,0.528931433411926
1000,0.9,0.5352091041784586
1000,0.9,0.4237617881890558
1000,0.9,0.573542200357584
1000,0.9,0.4926297033918175
1000,0.9,0.5922622507796292
1000,0.9,0.5189817777443132
1000,0.9,0.525207760036285
1000,0.9,0.48301536985168353
1000,0.9,0.46883217596525145
1000,0.9,0.24417241565898853
1000,0.9,0.6548548965691944
1000,0.9,0.5727470957079973
1000,0.9,-0.021040271967233883
1000,0.9,0.5118531905964446
1000,0.9,0.3008182069869655
1000,0.9,0.36133365673901585
1000,0.9,0.566151293395324
1000,0.9,0.6518801042613168
1000,0.9,0.2288436061796095
1000,0.9,0.03235645785221288
1000,0.9,0.035851840104909896
1000,0.9,0.10242753669309852
1000,0.9,0.2186928908875184
1000,0.9,0.34660689618148094
1000,0.9,0.44788275466503197
1000,0.9,0.5307695220440218
1000,0.9,0.17106638701008337
1000,0.9,0.4024858259095065
1000,0.9,0.5570938680512288
1000,0.9,0.06333578174987589
1000,0.9,0.31125039312987096
1000,0.9,-0.21940463708318603
1000,0.9,0.25639583573438696
1000,0.9,0.3437256603179002
1000,0.9,0.5212084471135693
1000,0.9,0.5570318956502855
1000,0.9,0.45960600299110016
1000,0.9,-0.015213006745096925
1000,0.9,0.3795178547149641
1000,0.9,0.6041606045290722
1000,0.9,0.006052284038628697
1000,0.9,0.5252623971626492
1000,0.9,0.5194275799728214
1000,0.9,0.32269288921753175
1000,0.9,0.481768837887349
1000,0.9,0.4229220477220936
1000,0.9,0.00825289133780367
1000,0.9,0.4009109390515383
1000,0.9,0.5061400703193806
1000,0.9,0.4802076652073621
1000,0.9,0.5341966578263583
1000,0.9,0.5528032446667354
1000,0.9,0.5650113944415467
1000,0.9,0.08133684330536882
1000,0.9,0.3021958458342368
1000,0.9,0.5171259277046193
1000,0.9,0.11844287607478388
1000,0.9,0.18928061383323924
1000,0.9,0.5999361408287072
1000,0.9,0.48027705804645315
1000,0.9,0.5501295400353193
1000,0.9,0.16562453397556728
1000,0.9,0.5210122438835919
1000,0.9,0.49348968971075724
1000,0.9,0.1482612626815348
1000,0.9,0.6171372992304899
1000,0.9,0.1801049180045702
1000,0.9,0.33153129938300646
1000,0.9,0.48938969731455734
1000,0.9,0.5859933356209082
1000,0.9,0.2122554183077361
1000,0.9,0.5142386360049899
1000,0.9,0.3097890858875614
1000,0.9,0.47674777408479263
1000,0.9,0.5303975232380355
1000,0.9,0.4782256395947974
1000,0.9,0.5258615213454452
1000,0.9,0.07514420403590305
1000,0.9,0.2639130011625634
1000,0.9,-0.10924364287494283
1000,0.9,0.5652520216229548
1000,0.9,0.6312999099703765
1000,0.9,0.45224670896362473
1000,0.9,0.5439272474306878
1000,0.9,0.49804681590588307
1000,0.9,0.5009563995850695
1000,0.9,0.535598983509617
1000,0.9,0.5690039212132284
1000,0.9,0.3689457215969116
1000,0.9,0.29669371096450076
1000,0.9,0.5172402630952868
1000,0.9,0.611898156694069
1000,0.9,0.1887783197567388
1000,0.9,0.10328300787731358
1000,0.9,0.6180766655910822
1000,0.9,0.2953088287633909
1000,0.9,0.5394110460073022
1000,0.9,0.5016113342188959
1000,0.9,0.2976658017555824
1000,0.9,0.5307740230977765
1000,0.9,0.5363646809255805
1000,0.9,0.430967756983398
1000,0.9,0.5794785659041579
1000,0.9,0.4972048691282089
1000,0.9,0.5891072755138206
1000,0.9,0.5198494017116265
1000,0.9,0.5265680859497563
1000,0.9,0.47838213602013346
1000,0.9,0.46993819316714863
1000,0.9,0.24008500604629338
1000,0.9,0.654653622109889
1000,0.9,0.56325381347419
1000,0.9,-0.028206098624976316
1000,0.9,0.5121769061675798
1000,0.9,0.2972572244452765
1000,0.9,0.34808098341069305
1000,0.9,0.5669416726795969
1000,0.9,0.655543846117455
1000,0.9,0.23071216136930997
1000,0.9,0.03360115626763134
1000,0.9,0.04183570751065655
1000,0.9,0.11520382978049824
1000,0.9,0.229354994503397
1000,0.9,0.3552158629840348
1000,0.9,0.4445131144901382
1000,0.9,0.5304763859853223
1000,0.9,0.16917528351909458
1000,0.9,0.4061538231651238
1000,0.9,0.5518895678959853
1000,0.9,0.055500851803732834
1000,0.9,0.3158954408129545
1000,0.9,-0.2134552691491255
1000,0.9,0.26014534161244196
1000,0.9,0.3518890409567162
1000,0.9,0.5280964587535159
1000,0.9,0.5484302976479245
1000,0.9,0.45455206334769893
1000,0.9,-0.011151287951386247
1000,0.9,0.3762544154671296
1000,0.9,0.6034793218592139
1000,0.9,0.00851658042233383
1000,0.9,0.5320766910680975
1000,0.9,0.5210675914082425
1000,0.9,0.32963898997972946
1000,0.9,0.4811643400354681
1000,0.9,0.4243666514087469
1000,0.9,0.01565124595438987
1000,0.9,0.40177677532965234
1000,0.9,0.5115734565407085
1000,0.9,0.48288425974998755
1000,0.9,0.5402425732845562
1000,0.9,0.5476587720269707
1000,0.9,0.5704969693565887
1000,0.9,0.09476952699922261
1000,0.9,0.28702052084429036
1000,0.9,0.5221361676489603
1000,0.9,0.11433114217295202
1000,0.9,0.1960759616743783
1000,0.9,0.6045444407723277
1000,0.9,0.48355830703124764
1000,0.9,0.5564916454791875
1000,0.9,0.1688457284408255
1000,0.9,0.5264497934359802
1000,0.9,0.48806007272703955
1000,0.9,0.1486933346713869
1000,0.9,0.6205522924889451
1000,0.9,0.1799579394140908
1000,0.9,0.3347609147104806
1000,0.9,0.49452348671275803
1000,0.9,0.5881515351593068
1000,0.9,0.21418341870385507
1000,0.9,0.5186783706756423
1000,0.9,0.31706604900153507
1000,0.9,0.48383835006115294
1000,0.9,0.5371184391156201
1000,0.9,0.47978558047304093
1000,0.9,0.5204491656249113
1000,0.9,0.08903963029054014
1000,0.9,0.2536513327933713
1000,0.9,-0.11314333078009334
1000,0.9,0.5649514700545074
1000,0.9,0.6323886615528788
1000,0.9,0.4535558157646819
1000,0.9,0.545120092394184
1000,0.9,0.4877630881783566
1000,0.9,0.48889175790608846
1000,0.9,0.5367215537927322
1000,0.9,0.5617031612189486
1000,0.9,0.36669398468439945
1000,0.9,0.3059374340686657
1000,0.9,0.5096601897798472
1000,0.9,0.599300837109176
1000,0.9,0.19815615838326112
1000,0.9,0.10018190612414794
1000,0.9,0.619747673605826
1000,0.9,0.2992159395750769
1000,0.9,0.5393399217182103
1000,0.9,0.5069036942361484
1000,0.9,0.29187812297556504
1000,0.9,0.5357611889942374
1000,0.9,0.5394253365737093
1000,0.9,0.4339798988831169
1000,0.9,0.5812434538703628
1000,0.9,0.501274433431324
1000,0.9,0.5922483212631298
1000,0.9,0.5174786987911232
1000,0.9,0.5265561479151061
1000,0.9,0.47271821016798315
1000,0.9,0.4703537149971326
1000,0.9,0.23982224205372246
1000,0.9,0.6520736686851224
1000,0.9,0.5593831373000395
1000,0.9,-0.025363804570985728
1000,0.9,0.5133404506182706
1000,0.9,0.29744635537525205
1000,0.9,0.35012555289761366
1000,0.9,0.5647055507789995
1000,0.9,0.6527382131992527
1000,0.9,0.22847462026507048
1000,0.9,0.03360090010970627
1000,0.9,0.042288649415249034
1000,0.9,0.11992540742988171
1000,0.9,0.23240071529516163
1000,0.9,0.3547395667759742
1000,0.9,0.4424997158045065
1000,0.9,0.5280958134449043
1000,0.9,0.16909884271676165
1000,0.9,0.40374966288199066
1000,0.9,0.5470499826371258
1000,0.9,0.054574916551666575
1000,0.9,0.3173154413485488
1000,0.9,-0.21330726227673458
1000,0.9,0.26289467036279895
1000,0.9,0.35274587478368385
1000,0.9,0.5253420449354296
1000,0.9,0.5450266347315745
1000,0.9,0.4551352858084452
1000,0.9,-0.011914244076432878
1000,0.9,0.37761645359854856
1000,0.9,0.6064751623607751
1000,0.9,0.00596411507238852
1000,0.9,0.5288358111027083
1000,0.9,0.5215639356580413
1000,0.9,0.3239683832819429
1000,0.9,0.48223624731031617
1000,0.9,0.4241557697211068
1000,0.9,0.013143126687422924
1000,0.9,0.3991558032880707
1000,0.9,0.5098416878555551
1000,0.9,0.48184023335162657
1000,0.9,0.5427757949412537
1000,0.9,0.5452234729439546
1000,0.9,0.5698891289933694
1000,0.9,0.0984713736338347
1000,0.9,0.28519428319658047
1000,0.9,0.5202868382375458
1000,0.9,0.10969884564045969
1000,0.9,0.19720117459278458
1000,0.9,0.601882150413641
1000,0.9,0.4853902999954939
1000,0.9,0.5532118417769577
1000,0.9,0.17340465124691531
1000,0.9,0.5229182709997443
1000,0.9,0.48450864297146895
1000,0.9,0.1489503697624097
1000,0.9,0.6233756394658881
1000,0.9,0.1817848905301365
1000,0.9,0.333202661360714
1000,0.9,0.4968900486079311
1000,0.9,0.5898214117767034
1000,0.9,0.20969500201100302
1000,0.9,0.5173323920520919
1000,0.9,0.31941658635622283
1000,0.9,0.4822570829550587
1000,0.9,0.5396832248700876
1000,0.9,0.4782551729410957
1000,0.9,0.5222256854612815
1000,0.9,0.08811846643229153
1000,0.9,0.2511213081139782
1000,0.9,-0.11114919310218749
1000,0.9,0.5598414084720074
1000,0.9,0.6318888891432368
1000,0.9,0.4530426412374233
1000,0.9,0.5447808922829341
1000,0.9,0.4877600150641987
1000,0.9,0.49060147539452076
1000,0.9,0.5358922744938228
1000,0.9,0.5630628791255956
1000,0.9,0.3720821409857618
1000,0.9,0.30256935580736716
1000,0.9,0.5136039141101754
1000,0.9,0.5984240603692911
1000,0.9,0.19787554115001157
1000,0.9,0.10434544033991626
1000,0.9,0.622579149897236
1000,0.9,0.29582767510076285
1000,0.9,0.5409255823788753
1000,0.9,0.5084191817551466
1000,0.9,0.2900017933515335
1000,0.9,0.5381672793845083
1000,0.9,0.5388968469906766
1000,0.9,0.4319864308772412
1000,0.9,0.5820773962194589
1000,0.9,0.5002722568386737
1000,0.9,0.5947237082509603
1000,0.9,0.5174249581420092
1000,0.9,0.5229976585046616
1000,0.9,0.47299635559948705
1000,0.9,0.47089874560729533
1000,0.9,0.24211832179644452
1000,0.9,0.6501775797559673
1000,0.9,0.5593869574614148
1000,0.9,-0.027875701021516198
1000,0.9,0.5143904267465221
1000,0.9,0.29913539639517434
1000,0.9,0.3496139494779083
1000,0.9,0.5624647735403845
1000,0.9,0.6536234116804374
1000,0.9,0.22965195354663875
1000,0.9,0.03482422589229779
1000,0.9,0.041548742156550425
1000,0.9,0.1207341637113059
1000,0.9,0.23393460027630383
1000,0.9,0.3527286403585622
1000,0.9,0.43850356666224616
1000,0.9,0.5274065352641549
1000,0.9,0.17291407401810854
1000,0.9,0.4027058411271231
1000,0.9,0.5458831732731513
1000,0.9,0.056349789568970854
1000,0.9,0.31884356206333136
1000,0.9,-0.2141787664454069
1000,0.9,0.2599376831684071
1000,0.9,0.35166913017744433
1000,0.9,0.5261952780067933
1000,0.9,0.5458217444422973
1000,0.9,0.45363940180699697
1000,0.9,-0.016223919948972265
1000,0.9,0.37632544463841583
1000,0.9,0.6046157019783116
1000,0.9,0.007542171442467072
1000,0.9,0.5280936209362602
1000,0.9,0.5218817608815459
1000,0.9,0.32200414526300486
1000,0.9,0.4815845933065252
1000,0.9,0.4226442822392372
1000,0.9,0.01580953816925501
1000,0.9,0.40166507419333297
1000,0.9,0.5101452022103197
1000,0.9,0.4834737210992416
1000,0.9,0.5425185782204681
1000,0.9,0.5465889673448797
1000,0.9,0.5700860040864142
1000,0.9,0.09550152722935612
1000,0.9,0.28355614188864636
1000,0.9,0.5233410442246348
1000,0.9,0.11304156715493717
1000,0.9,0.19766346919452701
1000,0.9,0.6013790458730339
1000,0.9,0.48300178115512016
1000,0.9,0.5533783290227906
1000,0.9,0.1725011540210871
1000,0.9,0.5244631763039027
1000,0.9,0.48494962703577543
1000,0.9,0.14776756031813532
1000,0.9,0.6219144477417092
1000,0.9,0.18472711519414078
1000,0.9,0.33421960398996114
1000,0.9,0.49461863241397735
1000,0.9,0.5844074791540774
1000,0.9,0.20420916972883268
1000,0.9,0.5178185863841147
1000,0.9,0.3174029707046871
1000,0.9,0.48075668400998534
1000,0.9,0.5425814168809792
1000,0.9,0.4772946090286463
1000,0.9,0.5214742317950286
1000,0.9,0.08880781495697157
1000,0.9,0.24891126498555746
1000,0.9,-0.1158620038690868
1000,0.9,0.557207187526399
1000,0.9,0.6315971950895488
1000,0.9,0.4534728751883046
1000,0.9,0.5461499465617906
1000,0.9,0.49022877863370107
1000,0.9,0.4896602797586775
1000,0.9,0.5377162139114233
1000,0.9,0.5631959856437202
1000,0.9,0.37200558327989325
1000,0.9,0.30248105735126013
1000,0.9,0.5118052829437605
1000,0.9,0.5965280356594743
1000,0.9,0.20079076858104927
1000,0.9,0.10554987478917333
1000,0.9,0.6241383954946942
1000,0.9,0.2935821397740372
1000,0.9,0.5375394353652077
1000,0.9,0.5078881716892918
1000,0.9,0.28672434401268726
1000,0.9,0.5361129228226187
1000,0.9,0.5376775216149591
1000,0.9,0.4247061621208255
1000,0.9,0.5864186211959735
1000,0.9,0.49713476462173195
1000,0.9,0.6001010940468039
1000,0.9,0.5218153890481007
1000,0.9,0.5236214720534387
1000,0.9,0.4727563272751278
1000,0.9,0.473126604143846
1000,0.9,0.23303436095892643
1000,0.9,0.6545781557928637
1000,0.9,0.5545218384448108
1000,0.9,-0.024557277694936454
1000,0.9,0.5064908306960352
1000,0.9,0.29618228290659626
1000,0.9,0.35139927131383436
1000,0.9,0.5651381030367099
1000,0.9,0.6507229003778885
1000,0.9,0.23337934639308056
1000,0.9,0.04198414402034791
1000,0.9,0.04939426663576132
1000,0.9,0.12763904669851792
1000,0.9,0.23563487650957485
1000,0.9,0.34878760200178943
1000,0.9,0.4452914385958452
1000,0.9,0.5250357340607645
1000,0.9,0.1777746355061199
1000,0.9,0.40546458899555377
1000,0.9,0.5423821813644422
1000,0.9,0.05991993698711395
1000,0.9,0.3135942509986667
1000,0.9,-0.21088034077847617
1000,0.9,0.2510415359651698
1000,0.9,0.359396889162255
1000,0.9,0.5180717256143091
1000,0.9,0.552060529346689
1000,0.9,0.45550096436122434
1000,0.9,-0.025355141064279996
1000,0.9,0.3837899246828886
1000,0.9,0.6083071723075512
1000,0.9,0.014149576750213754
1000,0.9,0.5292979861955951
1000,0.9,0.5277008905364734
1000,0.9,0.32691992468853837
1000,0.9,0.48603795062893645
1000,0.9,0.4224711229112455
1000,0.9,0.015462780971296608
1000,0.9,0.3974945263962795
1000,0.9,0.5018976794339683
1000,0.9,0.48955183169819244
1000,0.9,0.5386226578742179
1000,0.9,0.545404559722828
1000,0.9,0.5645863093911546
1000,0.9,0.10707064467468444
1000,0.9,0.27527801029044036
1000,0.9,0.5189569243590928
1000,0.9,0.10831668953229703
1000,0.9,0.2047255970643992
1000,0.9,0.6047082105679
1000,0.9,0.4903471281719526
1000,0.9,0.5582250827955744
1000,0.9,0.17755429346756557
1000,0.9,0.5244062042776199
1000,0.9,0.48850235624545396
1000,0.9,0.14680977664975225
1000,0.9,0.6214661763730003
1000,0.9,0.1848891861009205
1000,0.9,0.3284087333961784
1000,0.9,0.4934957002483135
1000,0.9,0.5817029329484922
1000,0.9,0.21579441057401125
1000,0.9,0.5183625908276317
1000,0.9,0.3212289781715307
1000,0.9,0.4743526768393526
1000,0.9,0.5469473694735878
1000,0.9,0.47808978278568925
1000,0.9,0.5266302238473523
1000,0.9,0.10066587842345258
1000,0.9,0.2550333761554513
1000,0.9,-0.12258381834414427
1000,0.9,0.5632454199425216
1000,0.9,0.6352354262992362
1000,0.9,0.46066805230629526
1000,0.9,0.5523829502461425
1000,0.9,0.48729055904143925
1000,0.9,0.4936984267119569
1000,0.9,0.534984700861104
1000,0.9,0.5642818631967258
1000,0.9,0.36959280630582175
1000,0.9,0.3021325466742584
1000,0.9,0.511535942590787
1000,0.9,0.595872641178933
1000,0.9,0.1905914506368704
1000,0.9,0.09844950713150487
1000,0.9,0.6270666584271707
1000,0.9,0.30275240916050145
1000,0.9,0.5397482351419364
1000,0.9,0.5134538465522146
1000,0.9,0.2860456460445433
1000,0.9,0.5334096514502824
1000,0.9,0.5422991438145902
1000,0.9,0.425894651977396
1000,0.9,0.5834040040227456
1000,0.9,0.501847398475827
1000,0.9,0.6018905850718339
1000,0.9,0.5186571455612157
1000,0.9,0.5278038285074326
1000,0.9,0.4647174780682863
1000,0.9,0.4644167987946595
1000,0.9,0.23558193946276776
1000,0.9,0.6571887657924839
1000,0.9,0.5576256320860342
1000,0.9,-0.018072142293706905
1000,0.9,0.5093534567954868
1000,0.9,0.30098130368557907
1000,0.9,0.35616686588690555
1000,0.9,0.5689428255553791
1000,0.9,0.6540509944050963
1000,0.9,0.23365473274647583
1000,0.9,0.037902634967569425
1000,0.9,0.05207913033789933
1000,0.9,0.12657653462515545
1000,0.9,0.23406177885418536
1000,0.9,0.34715893648045854
1000,0.9,0.441031727654828
1000,0.9,0.522712391362697
1000,0.9,0.1794215568418492
1000,0.9,0.40655104672055736
1000,0.9,0.5390708661987234
1000,0.9,0.06597868110657193
1000,0.9,0.3094428756482552
1000,0.9,-0.21032754912833732
1000,0.9,0.25267905905818444
1000,0.9,0.3606625840782814
1000,0.9,0.5231708430652565
1000,0.9,0.5500002721246943
1000,0.9,0.4609729136725859
1000,0.9,-0.03423251932858828
1000,0.9,0.3770783938863181
1000,0.9,0.6099871041308429
1000,0.9,0.008316549173218824
1000,0.9,0.5265529974882157
1000,0.9,0.5286213828178888
1000,0.9,0.3268768818027386
1000,0.9,0.491564750427598
1000,0.9,0.4277607102716693
1000,0.9,0.025343662875736462
1000,0.9,0.3981791997132078
1000,0.9,0.4969415812337661
1000,0.9,0.4924371467188949
1000,0.9,0.5434474002020137
1000,0.9,0.5437816893793445
1000,0.9,0.5583183277071831
1000,0.9,0.0987824123340032
1000,0.9,0.27527566716057944
1000,0.9,0.5197340527614137
1000,0.9,0.11294562145641444
1000,0.9,0.2068026441936697
1000,0.9,0.6043361627797335
1000,0.9,0.4925452133355042
1000,0.9,0.5581829504640837
1000,0.9,0.17911378880352805
1000,0.9,0.5274921917859848
1000,0.9,0.4888434166001471
1000,0.9,0.14079097723355957
1000,0.9,0.6247223271547017
1000,0.9,0.18861345546379413
1000,0.9,0.32623991820418846
1000,0.9,0.4984603825312846
1000,0.9,0.5787165236587782
1000,0.9,0.21254142657623107
1000,0.9,0.5194808672554484
1000,0.9,0.3236545250855932
1000,0.9,0.4742166367240703
1000,0.9,0.5482769149470589
1000,0.9,0.47672272626504214
1000,0.9,0.527607680398957
1000,0.9,0.09625177913931053
1000,0.9,0.2526789063887595
1000,0.9,-0.12181860083563015
1000,0.9,0.5648503585343976
1000,0.9,0.6374650776422919
1000,0.9,0.4573733314021189
1000,0.9,0.5498227426972716
1000,0.9,0.4917147432879835
1000,0.9,0.4960658313819383
1000,0.9,0.539858013486873
1000,0.9,0.5620210303867414
1000,0.9,0.3670782175236722
1000,0.9,0.3053376318403058
1000,0.9,0.513256317226164
1000,0.9,0.5939811526270075
1000,0.9,0.18585723033449944
1000,0.9,0.1024564001572307
1000,0.9,0.6240203057985259
1000,0.9,0.30372627872890434
1000,0.9,0.5394008003721393
1000,0.9,0.5145645508589678
1000,0.9,0.2892663561085932
1000,0.9,0.5301754585497203
1000,0.9,0.5455263602093968
1000,0.9,0.4259117245654981
1000,0.9,0.5881801219320049
1000,0.9,0.5058232441529207
1000,0.9,0.6016540773227498
1000,0.9,0.513152382273596
1000,0.9,0.5286085729681633
1000,0.9,0.46352333987724403
1000,0.9,0.4671241054596249
1000,0.9,0.23962568666254172
1000,0.9,0.6593966267025546
1000,0.9,0.5596732558150397
1000,0.9,-0.020168709375207206
1000,0.9,0.5110391503519981
1000,0.9,0.3000803470383831
1000,0.9,0.35953991199188173
1000,0.9,0.5713951907830713
1000,0.9,0.6523996141186553
1000,0.9,0.23599449675779738
1000,0.9,0.04471921006541746
1000,0.9,0.06066758540475903
1000,0.9,0.13729602612560884
1000,0.9,0.2350903307673117
1000,0.9,0.3478883482524808
1000,0.9,0.4346006857692734
1000,0.9,0.5255366398860154
1000,0.9,0.18703280617450402
1000,0.9,0.412281387603275
1000,0.9,0.5430606353540713
1000,0.9,0.07240314685421649
1000,0.9,0.30901348537793666
1000,0.9,-0.20723497236658217
1000,0.9,0.2525015064896439
1000,0.9,0.3616565222695632
1000,0.9,0.5268250065767992
1000,0.9,0.5552803135332447
1000,0.9,0.465882254742585
1000,0.9,-0.027433099919039007
1000,0.9,0.38152945937078947
1000,0.9,0.6139034220532992
1000,0.9,0.015089972336880942
1000,0.9,0.5267773954567272
1000,0.9,0.534223942822365
1000,0.9,0.32103161901319494
1000,0.9,0.49423617475528087
1000,0.9,0.4206930417691528
1000,0.9,0.03161271664551919
1000,0.9,0.39079757062495113
1000,0.9,0.48852353364526335
1000,0.9,0.4981268049992886
1000,0.9,0.5401192393201779
1000,0.9,0.5378312000539339
1000,0.9,0.5601159475990918
1000,0.9,0.09931424814971512
1000,0.9,0.2705083642803415
1000,0.9,0.5245224311480255
1000,0.9,0.10760741701330101
1000,0.9,0.21244802339532318
1000,0.9,0.6087965014005964
1000,0.9,0.49280477184861526
1000,0.9,0.5609380823497186
1000,0.9,0.17139091006714835
1000,0.9,0.5326530151136875
1000,0.9,0.49218582242233305
1000,0.9,0.14145069167828905
1000,0.9,0.6284163517965241
1000,0.9,0.18026023627011453
1000,0.9,0.3328649509909814
1000,0.9,0.5024873242036441
1000,0.9,0.5835633561670851
1000,0.9,0.21788101386214337
1000,0.9,0.5207848380487473
1000,0.9,0.31645084829538855
1000,0.9,0.4801811667817697
1000,0.9,0.5404063524361399
1000,0.9,0.4777060711660531
1000,0.9,0.5243693576474745
1000,0.9,0.09696029739699574
1000,0.9,0.2433611449296131
1000,0.9,-0.128039274682533
1000,0.9,0.5578165318327054
1000,0.9,0.6366154895700796
1000,0.9,0.45603138422511647
1000,0.9,0.5515293081239878
1000,0.9,0.49678731091185363
1000,0.9,0.4992992809790752
1000,0.9,0.541934122805301
1000,0.9,0.5631655147019958
1000,0.9,0.36074276766114566
1000,0.9,0.2988618371088633
1000,0.9,0.5162901588102518
1000,0.9,0.5951075390547744
1000,0.9,0.18964946059827334
1000,0.9,0.09176998056777307
1000,0.9,0.6109907234261945
1000,0.9,0.3064115880708238
1000,0.9,0.5404086543630228
1000,0.9,0.5194309155465182
1000,0.9,0.28269433459976295
1000,0.9,0.5218883189357737
1000,0.9,0.5508738943566251
