tau,alpha_target,magnetization
100.0,0.850,0.295965
100.0,0.850,0.018904
100.0,0.850,0.132392
100.0,0.850,0.132351
100.0,0.850,0.139054
100.0,0.850,0.028112
100.0,0.850,0.107931
100.0,0.850,-0.130665
100.0,0.850,0.264672
100.0,0.850,-0.059582
100.0,0.850,-0.151908
100.0,0.850,-0.052262
100.0,0.850,0.196082
100.0,0.850,0.267958
100.0,0.850,0.075686
100.0,0.850,0.263664
100.0,0.850,0.046962
100.0,0.850,0.267037
100.0,0.850,0.152686
100.0,0.850,0.020290
100.0,0.850,0.164837
100.0,0.850,0.182712
100.0,0.850,-0.031213
100.0,0.850,-0.044859
100.0,0.850,0.295239
100.0,0.850,0.083013
100.0,0.850,-0.010598
100.0,0.850,0.202760
100.0,0.850,0.140475
100.0,0.850,-0.205265
100.0,0.850,0.083320
100.0,0.850,-0.171423
100.0,0.850,0.039041
100.0,0.850,-0.047584
100.0,0.850,0.097795
100.0,0.850,-0.153136
100.0,0.850,0.243969
100.0,0.850,0.101621
100.0,0.850,-0.011612
100.0,0.850,-0.039141
100.0,0.850,0.178184
100.0,0.850,0.244916
100.0,0.850,0.197739
100.0,0.850,-0.030035
100.0,0.850,0.351681
100.0,0.850,-0.193650
100.0,0.850,0.035507
100.0,0.850,-0.114624
100.0,0.850,0.157829
100.0,0.850,0.255897
100.0,0.850,0.004299
100.0,0.850,0.061158
100.0,0.850,0.043277
100.0,0.850,0.212577
100.0,0.850,0.117145
100.0,0.850,0.289655
100.0,0.850,0.064368
100.0,0.850,0.423487
100.0,0.850,0.167986
100.0,0.850,0.076726
100.0,0.850,0.083584
100.0,0.850,0.077992
100.0,0.850,0.022320
100.0,0.850,0.233692
100.0,0.850,0.032234
100.0,0.850,0.308019
100.0,0.850,0.008686
100.0,0.850,0.174917
100.0,0.850,-0.139343
100.0,0.850,0.211466
100.0,0.850,-0.066576
100.0,0.850,0.129213
100.0,0.850,0.053846
100.0,0.850,0.089556
100.0,0.850,0.101300
100.0,0.850,0.018434
100.0,0.850,0.137017
100.0,0.850,-0.004531
100.0,0.850,0.284400
100.0,0.850,0.087591
100.0,0.850,0.224986
100.0,0.850,0.150583
100.0,0.850,0.401291
100.0,0.850,0.030425
100.0,0.850,0.094299
100.0,0.850,-0.017658
100.0,0.850,-0.100977
100.0,0.850,0.193993
100.0,0.850,-0.000429
100.0,0.850,-0.202170
100.0,0.850,0.117774
100.0,0.850,0.212985
100.0,0.850,0.142157
100.0,0.850,-0.038655
100.0,0.850,0.142321
100.0,0.850,0.126184
100.0,0.850,-0.106094
100.0,0.850,-0.042137
100.0,0.850,0.162173
100.0,0.850,-0.008440
100.0,0.903,0.055689
100.0,0.903,0.476411
100.0,0.903,0.118611
100.0,0.903,0.259247
100.0,0.903,0.455680
100.0,0.903,0.553484
100.0,0.903,0.279105
100.0,0.903,0.441862
100.0,0.903,0.342715
100.0,0.903,0.119821
100.0,0.903,0.483605
100.0,0.903,0.503161
100.0,0.903,0.267261
100.0,0.903,-0.018383
100.0,0.903,0.082148
100.0,0.903,0.053051
100.0,0.903,0.104829
100.0,0.903,0.153487
100.0,0.903,0.120332
100.0,0.903,0.145903
100.0,0.903,0.467900
100.0,0.903,0.408111
100.0,0.903,0.276636
100.0,0.903,0.366864
100.0,0.903,0.593137
100.0,0.903,0.295410
100.0,0.903,0.110878
100.0,0.903,0.254971
100.0,0.903,0.185785
100.0,0.903,0.468267
100.0,0.903,0.515266
100.0,0.903,0.034189
100.0,0.903,0.465806
100.0,0.903,0.236907
100.0,0.903,0.261387
100.0,0.903,0.133401
100.0,0.903,0.233082
100.0,0.903,0.511981
100.0,0.903,0.397091
100.0,0.903,0.407328
100.0,0.903,0.146537
100.0,0.903,0.238024
100.0,0.903,0.521036
100.0,0.903,0.607476
100.0,0.903,0.553875
100.0,0.903,0.345319
100.0,0.903,0.320828
100.0,0.903,0.366579
100.0,0.903,0.400661
100.0,0.903,0.387862
100.0,0.903,0.592596
100.0,0.903,-0.053687
100.0,0.903,0.547593
100.0,0.903,0.295245
100.0,0.903,0.313694
100.0,0.903,0.143290
100.0,0.903,0.513076
100.0,0.903,0.341232
100.0,0.903,-0.192120
100.0,0.903,0.221964
100.0,0.903,0.681295
100.0,0.903,0.135612
100.0,0.903,-0.218246
100.0,0.903,0.141721
100.0,0.903,0.188396
100.0,0.903,0.297639
100.0,0.903,0.211144
100.0,0.903,0.360835
100.0,0.903,0.019295
100.0,0.903,0.168538
100.0,0.903,0.205186
100.0,0.903,0.476520
100.0,0.903,0.096206
100.0,0.903,0.652610
100.0,0.903,0.599591
100.0,0.903,0.149303
100.0,0.903,0.414427
100.0,0.903,0.473068
100.0,0.903,-0.026310
100.0,0.903,0.312765
100.0,0.903,0.085867
100.0,0.903,0.185466
100.0,0.903,0.404883
100.0,0.903,-0.054650
100.0,0.903,0.307830
100.0,0.903,0.086585
100.0,0.903,0.155047
100.0,0.903,0.170309
100.0,0.903,-0.006425
100.0,0.903,0.415729
100.0,0.903,0.388422
100.0,0.903,0.278830
100.0,0.903,0.263337
100.0,0.903,0.350790
100.0,0.903,0.056148
100.0,0.903,0.389379
100.0,0.903,-0.016035
100.0,0.903,-0.031086
100.0,0.903,0.117829
100.0,0.903,0.316017
100.0,0.950,0.854593
100.0,0.950,0.941576
100.0,0.950,0.855204
100.0,0.950,0.886190
100.0,0.950,0.845867
100.0,0.950,0.698822
100.0,0.950,0.887972
100.0,0.950,0.821528
100.0,0.950,0.626562
100.0,0.950,0.903645
100.0,0.950,0.889436
100.0,0.950,0.914175
100.0,0.950,0.744950
100.0,0.950,0.694218
100.0,0.950,0.925684
100.0,0.950,0.879154
100.0,0.950,0.847754
100.0,0.950,0.871531
100.0,0.950,0.868955
100.0,0.950,0.906471
100.0,0.950,0.549093
100.0,0.950,0.931994
100.0,0.950,0.930329
100.0,0.950,0.831739
100.0,0.950,0.830641
100.0,0.950,0.913819
100.0,0.950,0.921453
100.0,0.950,0.881352
100.0,0.950,0.848215
100.0,0.950,0.882187
100.0,0.950,0.924546
100.0,0.950,0.898283
100.0,0.950,0.757166
100.0,0.950,0.818563
100.0,0.950,0.768152
100.0,0.950,0.805582
100.0,0.950,0.770425
100.0,0.950,0.881848
100.0,0.950,0.869432
100.0,0.950,0.841342
100.0,0.950,0.847612
100.0,0.950,0.802362
100.0,0.950,0.804063
100.0,0.950,0.877919
100.0,0.950,0.713891
100.0,0.950,0.809272
100.0,0.950,0.775258
100.0,0.950,0.828648
100.0,0.950,0.903598
100.0,0.950,0.820447
100.0,0.950,0.727610
100.0,0.950,0.879539
100.0,0.950,0.788817
100.0,0.950,0.869225
100.0,0.950,0.855461
100.0,0.950,0.706378
100.0,0.950,0.884506
100.0,0.950,0.854425
100.0,0.950,0.791229
100.0,0.950,0.846208
100.0,0.950,0.863485
100.0,0.950,0.865910
100.0,0.950,0.785268
100.0,0.950,0.908939
100.0,0.950,0.677955
100.0,0.950,0.865963
100.0,0.950,0.892804
100.0,0.950,0.919212
100.0,0.950,0.658699
100.0,0.950,0.722412
100.0,0.950,0.790844
100.0,0.950,0.919481
100.0,0.950,0.933796
100.0,0.950,0.911051
100.0,0.950,0.936850
100.0,0.950,0.801449
100.0,0.950,0.897627
100.0,0.950,0.673125
100.0,0.950,0.883010
100.0,0.950,0.888185
100.0,0.950,0.671097
100.0,0.950,0.697463
100.0,0.950,0.852902
100.0,0.950,0.890445
100.0,0.950,0.793695
100.0,0.950,0.826694
100.0,0.950,0.933268
100.0,0.950,0.677367
100.0,0.950,0.791535
100.0,0.950,0.918067
100.0,0.950,0.860776
100.0,0.950,0.874303
100.0,0.950,0.891036
100.0,0.950,0.908875
100.0,0.950,0.768637
100.0,0.950,0.873229
100.0,0.950,0.856299
100.0,0.950,0.827974
100.0,0.950,0.876508
100.0,0.950,0.775427
100.0,0.850,0.179509
100.0,0.850,-0.002652
100.0,0.850,0.196174
100.0,0.850,-0.056867
100.0,0.850,-0.148859
100.0,0.850,0.123693
100.0,0.850,-0.135909
100.0,0.850,-0.094060
100.0,0.850,-0.088050
100.0,0.850,0.203932
100.0,0.850,0.022876
100.0,0.850,-0.102760
100.0,0.850,0.092926
100.0,0.850,0.070138
100.0,0.850,-0.103050
100.0,0.850,0.168371
100.0,0.850,-0.018505
100.0,0.850,-0.056931
100.0,0.850,0.023441
100.0,0.850,-0.013594
100.0,0.850,-0.341377
100.0,0.850,0.024549
100.0,0.850,0.051197
100.0,0.850,-0.132241
100.0,0.850,-0.156272
100.0,0.850,0.172473
100.0,0.850,0.027582
100.0,0.850,-0.278752
100.0,0.850,-0.037687
100.0,0.850,0.069372
100.0,0.850,-0.110295
100.0,0.850,-0.118931
100.0,0.850,0.281307
100.0,0.850,0.065752
100.0,0.850,-0.266887
100.0,0.850,0.258157
100.0,0.850,-0.088144
100.0,0.850,0.168037
100.0,0.850,0.039128
100.0,0.850,-0.087958
100.0,0.850,0.174916
100.0,0.850,0.189964
100.0,0.850,-0.152786
100.0,0.850,-0.103308
100.0,0.850,0.151422
100.0,0.850,-0.008469
100.0,0.850,0.023502
100.0,0.850,0.038884
100.0,0.850,0.254811
100.0,0.850,-0.026654
100.0,0.850,-0.107914
100.0,0.850,0.101484
100.0,0.850,0.019740
100.0,0.850,-0.015327
100.0,0.850,0.063791
100.0,0.850,-0.051374
100.0,0.850,-0.056028
100.0,0.850,-0.082602
100.0,0.850,-0.049699
100.0,0.850,-0.080828
100.0,0.850,0.017444
100.0,0.850,-0.150625
100.0,0.850,-0.124577
100.0,0.850,-0.201736
100.0,0.850,-0.035360
100.0,0.850,-0.050739
100.0,0.850,-0.098187
100.0,0.850,-0.313878
100.0,0.850,-0.084331
100.0,0.850,0.184498
100.0,0.850,0.142977
100.0,0.850,0.035140
100.0,0.850,-0.041072
100.0,0.850,-0.075143
100.0,0.850,-0.117085
100.0,0.850,0.003125
100.0,0.850,0.278729
100.0,0.850,-0.044995
100.0,0.850,-0.127802
100.0,0.850,0.176336
100.0,0.850,0.134702
100.0,0.850,-0.258349
100.0,0.850,-0.015042
100.0,0.850,-0.037931
100.0,0.850,-0.271100
100.0,0.850,-0.074632
100.0,0.850,-0.207938
100.0,0.850,0.087020
100.0,0.850,-0.057418
100.0,0.850,0.187483
100.0,0.850,0.312227
100.0,0.850,-0.121825
100.0,0.850,-0.017869
100.0,0.850,0.101009
100.0,0.850,0.114420
100.0,0.850,0.122397
100.0,0.850,-0.086098
100.0,0.850,0.021359
100.0,0.850,-0.030550
100.0,0.850,0.051881
100.0,0.903,0.225473
100.0,0.903,0.288156
100.0,0.903,-0.048663
100.0,0.903,-0.023895
100.0,0.903,-0.082455
100.0,0.903,0.088819
100.0,0.903,0.073583
100.0,0.903,-0.128722
100.0,0.903,0.113222
100.0,0.903,-0.005568
100.0,0.903,0.024058
100.0,0.903,-0.074853
100.0,0.903,-0.315646
100.0,0.903,-0.078314
100.0,0.903,-0.002981
100.0,0.903,0.253398
100.0,0.903,-0.132765
100.0,0.903,-0.028640
100.0,0.903,0.079635
100.0,0.903,0.204116
100.0,0.903,0.210491
100.0,0.903,-0.031628
100.0,0.903,-0.135207
100.0,0.903,-0.226716
100.0,0.903,0.153602
100.0,0.903,-0.100937
100.0,0.903,0.246721
100.0,0.903,-0.175890
100.0,0.903,0.255426
100.0,0.903,0.318278
100.0,0.903,0.145753
100.0,0.903,0.427053
100.0,0.903,-0.037583
100.0,0.903,0.186839
100.0,0.903,-0.317775
100.0,0.903,-0.075520
100.0,0.903,-0.230945
100.0,0.903,-0.210716
100.0,0.903,-0.073652
100.0,0.903,-0.304125
100.0,0.903,-0.178235
100.0,0.903,-0.350304
100.0,0.903,0.194495
100.0,0.903,-0.066620
100.0,0.903,-0.065641
100.0,0.903,-0.070486
100.0,0.903,0.096378
100.0,0.903,-0.205765
100.0,0.903,0.376915
100.0,0.903,0.047841
100.0,0.903,0.016613
100.0,0.903,-0.180341
100.0,0.903,-0.020196
100.0,0.903,0.093952
100.0,0.903,-0.013412
100.0,0.903,-0.012778
100.0,0.903,-0.036789
100.0,0.903,-0.068760
100.0,0.903,-0.053870
100.0,0.903,0.116619
100.0,0.903,0.445589
100.0,0.903,-0.234105
100.0,0.903,-0.097269
100.0,0.903,0.045092
100.0,0.903,-0.047380
100.0,0.903,0.163661
100.0,0.903,-0.042115
100.0,0.903,-0.112624
100.0,0.903,0.067095
100.0,0.903,0.180632
100.0,0.903,0.097408
100.0,0.903,-0.134031
100.0,0.903,0.036553
100.0,0.903,-0.007054
100.0,0.903,-0.007106
100.0,0.903,0.097346
100.0,0.903,0.316155
100.0,0.903,0.011466
100.0,0.903,-0.014889
100.0,0.903,-0.111777
100.0,0.903,-0.004674
100.0,0.903,-0.287335
100.0,0.903,-0.094874
100.0,0.903,0.003509
100.0,0.903,-0.169538
100.0,0.903,-0.008335
100.0,0.903,0.289183
100.0,0.903,0.540032
100.0,0.903,0.194728
100.0,0.903,-0.067465
100.0,0.903,-0.065070
100.0,0.903,0.217415
100.0,0.903,-0.084867
100.0,0.903,0.180274
100.0,0.903,0.111122
100.0,0.903,0.306585
100.0,0.903,-0.392165
100.0,0.903,0.138336
100.0,0.903,-0.062828
100.0,0.903,0.005914
100.0,0.950,0.358156
100.0,0.950,0.792587
100.0,0.950,0.177601
100.0,0.950,0.560503
100.0,0.950,0.526895
100.0,0.950,0.042724
100.0,0.950,0.499317
100.0,0.950,0.632573
100.0,0.950,0.663961
100.0,0.950,0.033325
100.0,0.950,0.606541
100.0,0.950,0.869780
100.0,0.950,0.713943
100.0,0.950,0.323915
100.0,0.950,0.377535
100.0,0.950,0.315775
100.0,0.950,0.266133
100.0,0.950,0.578718
100.0,0.950,0.378678
100.0,0.950,0.714189
100.0,0.950,0.366010
100.0,0.950,0.348852
100.0,0.950,-0.128055
100.0,0.950,0.289883
100.0,0.950,0.477100
100.0,0.950,0.137402
100.0,0.950,0.729271
100.0,0.950,-0.028752
100.0,0.950,0.278856
100.0,0.950,0.658419
100.0,0.950,0.665802
100.0,0.950,0.276968
100.0,0.950,0.387565
100.0,0.950,0.573145
100.0,0.950,0.377611
100.0,0.950,0.401533
100.0,0.950,0.336352
100.0,0.950,0.511376
100.0,0.950,0.058300
100.0,0.950,0.557554
100.0,0.950,0.581306
100.0,0.950,0.482988
100.0,0.950,0.240605
100.0,0.950,0.245285
100.0,0.950,0.565547
100.0,0.950,0.747935
100.0,0.950,0.446371
100.0,0.950,0.550114
100.0,0.950,0.460681
100.0,0.950,0.761465
100.0,0.950,-0.127100
100.0,0.950,0.554529
100.0,0.950,0.140447
100.0,0.950,0.426319
100.0,0.950,0.554065
100.0,0.950,0.075638
100.0,0.950,0.537433
100.0,0.950,0.467438
100.0,0.950,0.176666
100.0,0.950,0.173611
100.0,0.950,0.628508
100.0,0.950,0.429641
100.0,0.950,0.382412
100.0,0.950,0.628379
100.0,0.950,0.262904
100.0,0.950,0.385276
100.0,0.950,0.163300
100.0,0.950,0.084794
100.0,0.950,0.759363
100.0,0.950,0.819986
100.0,0.950,0.149215
100.0,0.950,0.599990
100.0,0.950,0.414178
100.0,0.950,0.708166
100.0,0.950,0.833508
100.0,0.950,0.337198
100.0,0.950,0.474978
100.0,0.950,0.780016
100.0,0.950,-0.282575
100.0,0.950,0.446769
100.0,0.950,0.610338
100.0,0.950,-0.099093
100.0,0.950,0.179322
100.0,0.950,0.703139
100.0,0.950,0.275592
100.0,0.950,0.507744
100.0,0.950,0.409530
100.0,0.950,0.462815
100.0,0.950,0.587854
100.0,0.950,0.491427
100.0,0.950,0.725614
100.0,0.950,0.081262
100.0,0.950,0.331038
100.0,0.950,0.738181
100.0,0.950,0.465270
100.0,0.950,0.368176
100.0,0.950,0.465763
100.0,0.950,-0.091032
100.0,0.950,0.049263
100.0,0.950,0.571507
100.0,0.850,-0.074411
100.0,0.850,0.275454
100.0,0.850,-0.217994
100.0,0.850,-0.364992
100.0,0.850,-0.081864
100.0,0.850,-0.061261
100.0,0.850,-0.185126
100.0,0.850,-0.312401
100.0,0.850,0.019266
100.0,0.850,0.113082
100.0,0.850,0.067260
100.0,0.850,-0.233720
100.0,0.850,0.032628
100.0,0.850,0.047496
100.0,0.850,-0.415764
100.0,0.850,-0.206701
100.0,0.850,-0.197230
100.0,0.850,-0.104530
100.0,0.850,-0.035574
100.0,0.850,-0.053120
100.0,0.850,-0.273286
100.0,0.850,-0.146889
100.0,0.850,-0.095748
100.0,0.850,-0.065149
100.0,0.850,-0.059769
100.0,0.850,-0.034527
100.0,0.850,0.325971
100.0,0.850,-0.155382
100.0,0.850,-0.057387
100.0,0.850,0.217371
100.0,0.850,0.182934
100.0,0.850,0.032236
100.0,0.850,-0.017484
100.0,0.850,-0.274995
100.0,0.850,0.281639
100.0,0.850,-0.047442
100.0,0.850,0.110398
100.0,0.850,-0.054633
100.0,0.850,0.224155
100.0,0.850,-0.221611
100.0,0.850,0.198953
100.0,0.850,0.053881
100.0,0.850,0.210024
100.0,0.850,0.140094
100.0,0.850,0.037770
100.0,0.850,0.230698
100.0,0.850,-0.074418
100.0,0.850,-0.138057
100.0,0.850,0.150168
100.0,0.850,-0.012339
100.0,0.850,-0.296840
100.0,0.850,-0.108229
100.0,0.850,-0.261255
100.0,0.850,-0.181830
100.0,0.850,-0.149135
100.0,0.850,-0.076126
100.0,0.850,0.054154
100.0,0.850,-0.007746
100.0,0.850,-0.397271
100.0,0.850,0.171518
100.0,0.850,-0.314611
100.0,0.850,-0.071187
100.0,0.850,-0.246126
100.0,0.850,0.033157
100.0,0.850,-0.088131
100.0,0.850,-0.049525
100.0,0.850,-0.229911
100.0,0.850,-0.106253
100.0,0.850,0.014785
100.0,0.850,0.124262
100.0,0.850,-0.282026
100.0,0.850,-0.093944
100.0,0.850,-0.211107
100.0,0.850,-0.026197
100.0,0.850,0.032163
100.0,0.850,-0.025011
100.0,0.850,0.048867
100.0,0.850,0.085407
100.0,0.850,0.200524
100.0,0.850,-0.027946
100.0,0.850,-0.080264
100.0,0.850,0.168753
100.0,0.850,0.147543
100.0,0.850,-0.238319
100.0,0.850,-0.294444
100.0,0.850,0.070426
100.0,0.850,-0.055859
100.0,0.850,-0.185172
100.0,0.850,-0.021443
100.0,0.850,-0.266089
100.0,0.850,0.057516
100.0,0.850,-0.152095
100.0,0.850,-0.288352
100.0,0.850,-0.004187
100.0,0.850,-0.120859
100.0,0.850,0.116183
100.0,0.850,0.081377
100.0,0.850,-0.037557
100.0,0.850,-0.157858
100.0,0.850,-0.204829
100.0,0.903,0.075549
100.0,0.903,0.011556
100.0,0.903,-0.568304
100.0,0.903,-0.147827
100.0,0.903,-0.495855
100.0,0.903,-0.276881
100.0,0.903,-0.211317
100.0,0.903,-0.226244
100.0,0.903,0.221051
100.0,0.903,-0.153420
100.0,0.903,0.002656
100.0,0.903,-0.073709
100.0,0.903,0.062428
100.0,0.903,-0.072037
100.0,0.903,-0.206337
100.0,0.903,-0.044386
100.0,0.903,-0.279170
100.0,0.903,-0.125474
100.0,0.903,0.044693
100.0,0.903,-0.280905
100.0,0.903,-0.393286
100.0,0.903,-0.040927
100.0,0.903,-0.094877
100.0,0.903,-0.452517
100.0,0.903,-0.225251
100.0,0.903,-0.373051
100.0,0.903,-0.123218
100.0,0.903,-0.516542
100.0,0.903,-0.112525
100.0,0.903,-0.029606
100.0,0.903,-0.224031
100.0,0.903,-0.304936
100.0,0.903,-0.612568
100.0,0.903,-0.240323
100.0,0.903,0.004218
100.0,0.903,-0.383219
100.0,0.903,-0.303830
100.0,0.903,-0.210631
100.0,0.903,-0.054303
100.0,0.903,-0.305352
100.0,0.903,-0.269006
100.0,0.903,-0.107170
100.0,0.903,0.068486
100.0,0.903,-0.508972
100.0,0.903,-0.336072
100.0,0.903,-0.046563
100.0,0.903,-0.170444
100.0,0.903,-0.369153
100.0,0.903,-0.301889
100.0,0.903,-0.260450
100.0,0.903,-0.206249
100.0,0.903,-0.241164
100.0,0.903,-0.568230
100.0,0.903,-0.156585
100.0,0.903,-0.196793
100.0,0.903,-0.082412
100.0,0.903,0.106512
100.0,0.903,-0.074477
100.0,0.903,-0.411216
100.0,0.903,-0.176867
100.0,0.903,-0.348575
100.0,0.903,-0.150485
100.0,0.903,-0.467083
100.0,0.903,-0.359776
100.0,0.903,-0.153419
100.0,0.903,-0.138701
100.0,0.903,-0.444882
100.0,0.903,-0.161790
100.0,0.903,-0.050968
100.0,0.903,-0.235833
100.0,0.903,-0.108273
100.0,0.903,-0.342084
100.0,0.903,-0.131702
100.0,0.903,-0.362617
100.0,0.903,-0.255576
100.0,0.903,-0.309210
100.0,0.903,-0.177195
100.0,0.903,-0.133385
100.0,0.903,-0.089025
100.0,0.903,-0.112410
100.0,0.903,-0.110508
100.0,0.903,-0.342072
100.0,0.903,-0.119142
100.0,0.903,-0.201553
100.0,0.903,-0.353281
100.0,0.903,0.091293
100.0,0.903,-0.195793
100.0,0.903,-0.180853
100.0,0.903,-0.091446
100.0,0.903,-0.019701
100.0,0.903,-0.314685
100.0,0.903,-0.190978
100.0,0.903,-0.283374
100.0,0.903,-0.176130
100.0,0.903,-0.207810
100.0,0.903,-0.358943
100.0,0.903,-0.169362
100.0,0.903,-0.254329
100.0,0.903,-0.400156
100.0,0.903,-0.311194
100.0,0.950,-0.534042
100.0,0.950,-0.285581
100.0,0.950,-0.860707
100.0,0.950,-0.829711
100.0,0.950,-0.916317
100.0,0.950,-0.251020
100.0,0.950,-0.607983
100.0,0.950,-0.817860
100.0,0.950,-0.881347
100.0,0.950,-0.882914
100.0,0.950,-0.703371
100.0,0.950,0.219581
100.0,0.950,-0.663951
100.0,0.950,-0.840488
100.0,0.950,-0.784841
100.0,0.950,-0.475263
100.0,0.950,-0.821559
100.0,0.950,-0.741730
100.0,0.950,-0.370674
100.0,0.950,-0.678246
100.0,0.950,-0.900589
100.0,0.950,-0.704243
100.0,0.950,-0.746013
100.0,0.950,-0.709479
100.0,0.950,-0.846395
100.0,0.950,-0.810621
100.0,0.950,-0.346032
100.0,0.950,-0.659163
100.0,0.950,-0.585540
100.0,0.950,-0.791359
100.0,0.950,-0.859842
100.0,0.950,-0.601056
100.0,0.950,-0.904001
100.0,0.950,-0.852455
100.0,0.950,-0.544446
100.0,0.950,-0.604704
100.0,0.950,-0.561065
100.0,0.950,-0.810888
100.0,0.950,-0.482925
100.0,0.950,-0.703569
100.0,0.950,-0.711691
100.0,0.950,-0.725966
100.0,0.950,-0.797694
100.0,0.950,-0.823832
100.0,0.950,-0.776083
100.0,0.950,-0.730425
100.0,0.950,-0.771288
100.0,0.950,-0.595989
100.0,0.950,-0.651543
100.0,0.950,-0.450524
100.0,0.950,-0.754328
100.0,0.950,-0.624820
100.0,0.950,-0.647527
100.0,0.950,-0.823662
100.0,0.950,-0.466262
100.0,0.950,-0.703682
100.0,0.950,-0.211331
100.0,0.950,-0.853619
100.0,0.950,-0.653747
100.0,0.950,-0.500528
100.0,0.950,-0.563779
100.0,0.950,-0.835917
100.0,0.950,-0.812039
100.0,0.950,-0.873357
100.0,0.950,-0.921126
100.0,0.950,-0.868806
100.0,0.950,-0.910298
100.0,0.950,-0.797825
100.0,0.950,-0.839798
100.0,0.950,-0.558441
100.0,0.950,-0.717177
100.0,0.950,-0.812154
100.0,0.950,-0.785916
100.0,0.950,-0.744057
100.0,0.950,-0.667956
100.0,0.950,-0.882815
100.0,0.950,-0.756351
100.0,0.950,-0.300844
100.0,0.950,-0.638967
100.0,0.950,-0.777402
100.0,0.950,-0.858711
100.0,0.950,-0.921492
100.0,0.950,-0.918700
100.0,0.950,-0.834141
100.0,0.950,-0.833657
100.0,0.950,-0.881394
100.0,0.950,-0.786689
100.0,0.950,-0.814333
100.0,0.950,-0.268931
100.0,0.950,-0.816710
100.0,0.950,-0.625372
100.0,0.950,-0.740203
100.0,0.950,-0.822742
100.0,0.950,-0.885853
100.0,0.950,-0.792778
100.0,0.950,-0.769631
100.0,0.950,-0.826477
100.0,0.950,-0.418566
100.0,0.950,-0.634548
100.0,0.950,-0.488107
100.0,0.850,0.084751
100.0,0.850,0.168495
100.0,0.850,0.017393
100.0,0.850,0.009599
100.0,0.850,0.101447
100.0,0.850,0.052708
100.0,0.850,0.013482
100.0,0.850,0.247476
100.0,0.850,-0.207928
100.0,0.850,-0.142515
100.0,0.850,0.229194
100.0,0.850,-0.216160
100.0,0.850,0.142554
100.0,0.850,-0.011281
100.0,0.850,-0.035974
100.0,0.850,0.104214
100.0,0.850,0.023499
100.0,0.850,0.026798
100.0,0.850,-0.089732
100.0,0.850,0.058503
100.0,0.850,0.072113
100.0,0.850,0.017227
100.0,0.850,-0.032392
100.0,0.850,-0.015678
100.0,0.850,0.254557
100.0,0.850,0.059221
100.0,0.850,-0.020758
100.0,0.850,0.129684
100.0,0.850,0.117602
100.0,0.850,0.106335
100.0,0.850,-0.124023
100.0,0.850,0.045232
100.0,0.850,0.423693
100.0,0.850,-0.173578
100.0,0.850,-0.079041
100.0,0.850,-0.151747
100.0,0.850,-0.026783
100.0,0.850,0.120330
100.0,0.850,0.247692
100.0,0.850,-0.219330
100.0,0.850,-0.140990
100.0,0.850,-0.141039
100.0,0.850,-0.165649
100.0,0.850,-0.043518
100.0,0.850,0.249755
100.0,0.850,-0.048726
100.0,0.850,0.277518
100.0,0.850,-0.131084
100.0,0.850,0.063719
100.0,0.850,0.023754
100.0,0.850,0.291516
100.0,0.850,0.055551
100.0,0.850,-0.113924
100.0,0.850,-0.124715
100.0,0.850,0.045039
100.0,0.850,-0.028897
100.0,0.850,0.133414
100.0,0.850,0.013597
100.0,0.850,0.047105
100.0,0.850,-0.119057
100.0,0.850,-0.151394
100.0,0.850,0.030373
100.0,0.850,0.035036
100.0,0.850,-0.013686
100.0,0.850,-0.073185
100.0,0.850,0.010430
100.0,0.850,-0.188495
100.0,0.850,0.181474
100.0,0.850,-0.126430
100.0,0.850,-0.053104
100.0,0.850,0.267772
100.0,0.850,0.066878
100.0,0.850,0.197039
100.0,0.850,-0.059178
100.0,0.850,0.021034
100.0,0.850,0.076148
100.0,0.850,-0.038439
100.0,0.850,0.111949
100.0,0.850,-0.042946
100.0,0.850,-0.152698
100.0,0.850,0.104111
100.0,0.850,-0.073681
100.0,0.850,-0.140341
100.0,0.850,-0.044201
100.0,0.850,0.222692
100.0,0.850,-0.057750
100.0,0.850,0.211618
100.0,0.850,-0.079185
100.0,0.850,0.033293
100.0,0.850,0.165171
100.0,0.850,-0.069606
100.0,0.850,-0.066444
100.0,0.850,-0.025389
100.0,0.850,0.004474
100.0,0.850,-0.079916
100.0,0.850,-0.085431
100.0,0.850,-0.049435
100.0,0.850,0.336342
100.0,0.850,0.146477
100.0,0.850,0.091180
100.0,0.903,0.142416
100.0,0.903,-0.033019
100.0,0.903,0.489670
100.0,0.903,0.237939
100.0,0.903,0.295454
100.0,0.903,-0.040702
100.0,0.903,0.109316
100.0,0.903,0.015149
100.0,0.903,0.156543
100.0,0.903,0.230002
100.0,0.903,0.207389
100.0,0.903,0.455887
100.0,0.903,0.108379
100.0,0.903,0.195203
100.0,0.903,-0.018016
100.0,0.903,-0.035387
100.0,0.903,0.267646
100.0,0.903,-0.047808
100.0,0.903,0.498365
100.0,0.903,0.457963
100.0,0.903,0.271273
100.0,0.903,-0.175439
100.0,0.903,0.102290
100.0,0.903,0.633016
100.0,0.903,0.090040
100.0,0.903,-0.037208
100.0,0.903,0.350576
100.0,0.903,-0.170203
100.0,0.903,0.139495
100.0,0.903,0.433155
100.0,0.903,0.042120
100.0,0.903,-0.038067
100.0,0.903,0.344660
100.0,0.903,-0.225206
100.0,0.903,0.338952
100.0,0.903,0.221441
100.0,0.903,0.047828
100.0,0.903,0.178890
100.0,0.903,0.091696
100.0,0.903,0.119204
100.0,0.903,0.038311
100.0,0.903,0.157689
100.0,0.903,0.429875
100.0,0.903,0.371033
100.0,0.903,0.026534
100.0,0.903,-0.146247
100.0,0.903,0.300687
100.0,0.903,0.231859
100.0,0.903,0.184307
100.0,0.903,0.013581
100.0,0.903,0.374811
100.0,0.903,0.254609
100.0,0.903,0.118513
100.0,0.903,0.258086
100.0,0.903,-0.069169
100.0,0.903,0.195707
100.0,0.903,0.178487
100.0,0.903,-0.024389
100.0,0.903,-0.217177
100.0,0.903,-0.035632
100.0,0.903,0.350306
100.0,0.903,0.091504
100.0,0.903,0.154435
100.0,0.903,0.411124
100.0,0.903,0.053348
100.0,0.903,-0.164626
100.0,0.903,0.139575
100.0,0.903,0.144760
100.0,0.903,-0.223649
100.0,0.903,-0.005051
100.0,0.903,0.005657
100.0,0.903,0.240809
100.0,0.903,0.365379
100.0,0.903,0.219479
100.0,0.903,-0.090828
100.0,0.903,-0.126282
100.0,0.903,-0.018508
100.0,0.903,-0.118073
100.0,0.903,0.364932
100.0,0.903,0.469095
100.0,0.903,0.233476
100.0,0.903,0.347153
100.0,0.903,0.125899
100.0,0.903,0.103599
100.0,0.903,0.295496
100.0,0.903,0.079496
100.0,0.903,0.385259
100.0,0.903,-0.061140
100.0,0.903,0.201234
100.0,0.903,0.441694
100.0,0.903,0.201471
100.0,0.903,0.422152
100.0,0.903,0.134434
100.0,0.903,0.333699
100.0,0.903,0.191124
100.0,0.903,-0.236361
100.0,0.903,0.010576
100.0,0.903,0.232844
100.0,0.903,0.146838
100.0,0.903,0.418798
100.0,0.950,0.849245
100.0,0.950,0.707618
100.0,0.950,0.835090
100.0,0.950,0.755136
100.0,0.950,0.553935
100.0,0.950,0.633186
100.0,0.950,0.038895
100.0,0.950,0.599083
100.0,0.950,0.615314
100.0,0.950,0.374054
100.0,0.950,0.772688
100.0,0.950,0.641190
100.0,0.950,0.812192
100.0,0.950,0.464549
100.0,0.950,0.042771
100.0,0.950,0.668016
100.0,0.950,0.884053
100.0,0.950,0.547427
100.0,0.950,0.776700
100.0,0.950,0.723036
100.0,0.950,0.684622
100.0,0.950,0.920676
100.0,0.950,0.627125
100.0,0.950,0.813009
100.0,0.950,0.404448
100.0,0.950,0.486949
100.0,0.950,0.919751
100.0,0.950,0.863130
100.0,0.950,0.918935
100.0,0.950,0.878356
100.0,0.950,0.774249
100.0,0.950,0.625871
100.0,0.950,0.823776
100.0,0.950,0.374339
100.0,0.950,0.256837
100.0,0.950,0.450121
100.0,0.950,0.837419
100.0,0.950,0.731762
100.0,0.950,0.780624
100.0,0.950,0.195672
100.0,0.950,0.493210
100.0,0.950,0.900559
100.0,0.950,0.486928
100.0,0.950,0.431713
100.0,0.950,0.637063
100.0,0.950,0.618161
100.0,0.950,0.648855
100.0,0.950,0.745872
100.0,0.950,0.718183
100.0,0.950,0.856764
100.0,0.950,0.872351
100.0,0.950,0.624817
100.0,0.950,0.833377
100.0,0.950,0.832380
100.0,0.950,0.939261
100.0,0.950,0.769546
100.0,0.950,0.887507
100.0,0.950,0.795793
100.0,0.950,0.771176
100.0,0.950,0.885616
100.0,0.950,0.908323
100.0,0.950,0.855822
100.0,0.950,0.110712
100.0,0.950,0.717397
100.0,0.950,0.807729
100.0,0.950,0.517598
100.0,0.950,0.706901
100.0,0.950,0.324953
100.0,0.950,0.672210
100.0,0.950,0.520810
100.0,0.950,0.766827
100.0,0.950,0.655249
100.0,0.950,0.748902
100.0,0.950,0.759852
100.0,0.950,0.823578
100.0,0.950,0.652311
100.0,0.950,0.649147
100.0,0.950,0.475478
100.0,0.950,0.672002
100.0,0.950,0.746272
100.0,0.950,0.851100
100.0,0.950,0.893944
100.0,0.950,0.655178
100.0,0.950,0.376183
100.0,0.950,0.658344
100.0,0.950,0.288304
100.0,0.950,0.527320
100.0,0.950,0.910859
100.0,0.950,0.828214
100.0,0.950,0.433512
100.0,0.950,0.536456
100.0,0.950,0.580844
100.0,0.950,0.634366
100.0,0.950,0.790812
100.0,0.950,0.802711
100.0,0.950,0.145357
100.0,0.950,0.667686
100.0,0.950,0.890523
100.0,0.950,0.756520
100.0,0.950,0.914694
100.0,0.850,-0.175906
100.0,0.850,0.074349
100.0,0.850,0.130871
100.0,0.850,0.017408
100.0,0.850,0.248472
100.0,0.850,0.141879
100.0,0.850,0.101232
100.0,0.850,-0.132391
100.0,0.850,-0.053033
100.0,0.850,0.017304
100.0,0.850,-0.102773
100.0,0.850,0.157661
100.0,0.850,-0.189239
100.0,0.850,-0.142278
100.0,0.850,-0.091951
100.0,0.850,0.195045
100.0,0.850,0.087136
100.0,0.850,0.008152
100.0,0.850,-0.130010
100.0,0.850,0.140683
100.0,0.850,0.011203
100.0,0.850,-0.329106
100.0,0.850,-0.032044
100.0,0.850,-0.282375
100.0,0.850,-0.039725
100.0,0.850,-0.018819
100.0,0.850,0.145567
100.0,0.850,0.036369
100.0,0.850,0.127893
100.0,0.850,-0.043478
100.0,0.850,0.020159
100.0,0.850,0.118145
100.0,0.850,-0.098838
100.0,0.850,-0.257826
100.0,0.850,-0.168437
100.0,0.850,-0.264179
100.0,0.850,0.323026
100.0,0.850,-0.170183
100.0,0.850,-0.019942
100.0,0.850,-0.257134
100.0,0.850,0.033270
100.0,0.850,-0.040192
100.0,0.850,-0.184115
100.0,0.850,0.180449
100.0,0.850,0.196666
100.0,0.850,-0.226848
100.0,0.850,0.229961
100.0,0.850,0.190933
100.0,0.850,0.217103
100.0,0.850,0.066276
100.0,0.850,0.109292
100.0,0.850,0.191849
100.0,0.850,0.132872
100.0,0.850,-0.191495
100.0,0.850,0.030967
100.0,0.850,-0.158383
100.0,0.850,0.046625
100.0,0.850,-0.043630
100.0,0.850,-0.106026
100.0,0.850,0.117983
100.0,0.850,-0.163591
100.0,0.850,-0.015303
100.0,0.850,0.019240
100.0,0.850,0.105489
100.0,0.850,0.072237
100.0,0.850,-0.155195
100.0,0.850,-0.263195
100.0,0.850,-0.095352
100.0,0.850,0.135807
100.0,0.850,-0.120883
100.0,0.850,-0.173505
100.0,0.850,0.024999
100.0,0.850,-0.060868
100.0,0.850,-0.051361
100.0,0.850,0.118805
100.0,0.850,-0.044497
100.0,0.850,-0.228898
100.0,0.850,-0.014322
100.0,0.850,0.060404
100.0,0.850,0.222369
100.0,0.850,-0.060933
100.0,0.850,0.246338
100.0,0.850,0.005690
100.0,0.850,-0.133714
100.0,0.850,-0.001736
100.0,0.850,-0.140320
100.0,0.850,0.152981
100.0,0.850,0.057736
100.0,0.850,-0.007254
100.0,0.850,0.408511
100.0,0.850,-0.257061
100.0,0.850,0.136630
100.0,0.850,-0.082502
100.0,0.850,-0.024693
100.0,0.850,-0.002175
100.0,0.850,0.098518
100.0,0.850,0.187635
100.0,0.850,-0.036855
100.0,0.850,-0.060874
100.0,0.850,-0.074721
100.0,0.903,0.333992
100.0,0.903,0.223921
100.0,0.903,0.347825
100.0,0.903,0.133343
100.0,0.903,0.046553
100.0,0.903,0.466684
100.0,0.903,0.289363
100.0,0.903,0.381778
100.0,0.903,0.475232
100.0,0.903,0.359681
100.0,0.903,0.216298
100.0,0.903,0.228727
100.0,0.903,0.409366
100.0,0.903,0.107877
100.0,0.903,0.224735
100.0,0.903,0.233634
100.0,0.903,0.240144
100.0,0.903,0.513184
100.0,0.903,-0.151401
100.0,0.903,0.234406
100.0,0.903,0.051330
100.0,0.903,0.528106
100.0,0.903,0.113026
100.0,0.903,0.175601
100.0,0.903,0.324452
100.0,0.903,0.261096
100.0,0.903,0.192037
100.0,0.903,0.658736
100.0,0.903,0.251213
100.0,0.903,0.042154
100.0,0.903,0.629154
100.0,0.903,0.100729
100.0,0.903,0.201936
100.0,0.903,-0.038244
100.0,0.903,0.458802
100.0,0.903,0.287490
100.0,0.903,0.479136
100.0,0.903,0.339294
100.0,0.903,-0.133822
100.0,0.903,0.373558
100.0,0.903,0.249271
100.0,0.903,0.386962
100.0,0.903,0.378665
100.0,0.903,0.183551
100.0,0.903,0.222988
100.0,0.903,0.026144
100.0,0.903,0.444874
100.0,0.903,0.253668
100.0,0.903,0.393843
100.0,0.903,0.487126
100.0,0.903,0.311915
100.0,0.903,0.373105
100.0,0.903,0.462184
100.0,0.903,0.273126
100.0,0.903,0.484499
100.0,0.903,0.332504
100.0,0.903,0.575678
100.0,0.903,0.354985
100.0,0.903,0.096411
100.0,0.903,0.307625
100.0,0.903,0.533525
100.0,0.903,0.436751
100.0,0.903,0.479929
100.0,0.903,0.346765
100.0,0.903,0.245119
100.0,0.903,0.264600
100.0,0.903,0.235541
100.0,0.903,0.220462
100.0,0.903,0.091742
100.0,0.903,0.403614
100.0,0.903,0.127486
100.0,0.903,0.484633
100.0,0.903,0.676000
100.0,0.903,0.254027
100.0,0.903,0.306040
100.0,0.903,0.158661
100.0,0.903,-0.252776
100.0,0.903,0.254909
100.0,0.903,0.338478
100.0,0.903,0.272148
100.0,0.903,0.241569
100.0,0.903,0.429570
100.0,0.903,0.343747
100.0,0.903,0.208851
100.0,0.903,0.558277
100.0,0.903,0.182043
100.0,0.903,0.351411
100.0,0.903,0.357391
100.0,0.903,0.335167
100.0,0.903,0.154721
100.0,0.903,0.231056
100.0,0.903,0.538833
100.0,0.903,0.448724
100.0,0.903,0.283980
100.0,0.903,0.300778
100.0,0.903,0.533616
100.0,0.903,0.431653
100.0,0.903,0.148021
100.0,0.903,0.044476
100.0,0.903,0.343727
100.0,0.950,0.644726
100.0,0.950,0.817014
100.0,0.950,0.836100
100.0,0.950,0.874065
100.0,0.950,0.763004
100.0,0.950,0.708599
100.0,0.950,0.859684
100.0,0.950,0.729469
100.0,0.950,0.895249
100.0,0.950,0.907238
100.0,0.950,0.771346
100.0,0.950,0.871204
100.0,0.950,0.842914
100.0,0.950,0.855743
100.0,0.950,0.871090
100.0,0.950,0.821033
100.0,0.950,0.751159
100.0,0.950,0.791347
100.0,0.950,0.594411
100.0,0.950,0.873778
100.0,0.950,0.810485
100.0,0.950,0.725191
100.0,0.950,0.884047
100.0,0.950,0.821059
100.0,0.950,0.859890
100.0,0.950,0.735691
100.0,0.950,0.836157
100.0,0.950,0.420244
100.0,0.950,0.836331
100.0,0.950,0.298917
100.0,0.950,0.823936
100.0,0.950,0.679009
100.0,0.950,0.583573
100.0,0.950,0.859148
100.0,0.950,0.856536
100.0,0.950,0.894884
100.0,0.950,0.914830
100.0,0.950,0.925574
100.0,0.950,0.731397
100.0,0.950,0.759602
100.0,0.950,0.933217
100.0,0.950,0.831056
100.0,0.950,0.609004
100.0,0.950,0.765920
100.0,0.950,0.880674
100.0,0.950,0.804752
100.0,0.950,0.920879
100.0,0.950,0.649309
100.0,0.950,0.663069
100.0,0.950,0.861931
100.0,0.950,0.852389
100.0,0.950,0.907651
100.0,0.950,0.853047
100.0,0.950,0.783870
100.0,0.950,0.872604
100.0,0.950,0.882433
100.0,0.950,0.857155
100.0,0.950,0.827333
100.0,0.950,0.881907
100.0,0.950,0.860953
100.0,0.950,0.813386
100.0,0.950,0.836256
100.0,0.950,0.881228
100.0,0.950,0.805427
100.0,0.950,0.905519
100.0,0.950,0.776624
100.0,0.950,0.769264
100.0,0.950,0.895371
100.0,0.950,0.821495
100.0,0.950,0.641130
100.0,0.950,0.849972
100.0,0.950,0.871123
100.0,0.950,0.893527
100.0,0.950,0.668331
100.0,0.950,0.687410
100.0,0.950,0.728079
100.0,0.950,0.881238
100.0,0.950,0.936032
100.0,0.950,0.938512
100.0,0.950,0.945569
100.0,0.950,0.924245
100.0,0.950,0.875806
100.0,0.950,0.864893
100.0,0.950,0.747628
100.0,0.950,0.588401
100.0,0.950,0.898347
100.0,0.950,0.730526
100.0,0.950,0.880698
100.0,0.950,0.929113
100.0,0.950,0.910921
100.0,0.950,0.910875
100.0,0.950,0.800705
100.0,0.950,0.673641
100.0,0.950,0.735877
100.0,0.950,0.846066
100.0,0.950,0.826655
100.0,0.950,0.782197
100.0,0.950,0.797027
100.0,0.950,0.876804
100.0,0.950,0.458608
100.0,0.850,-0.208058
100.0,0.850,0.199012
100.0,0.850,-0.012714
100.0,0.850,0.099245
100.0,0.850,-0.198812
100.0,0.850,0.113232
100.0,0.850,0.133115
100.0,0.850,0.006883
100.0,0.850,-0.186023
100.0,0.850,0.123114
100.0,0.850,0.166947
100.0,0.850,0.011500
100.0,0.850,0.035842
100.0,0.850,-0.094193
100.0,0.850,-0.088055
100.0,0.850,0.036709
100.0,0.850,-0.201149
100.0,0.850,0.075654
100.0,0.850,0.161213
100.0,0.850,-0.132362
100.0,0.850,0.079959
100.0,0.850,-0.286606
100.0,0.850,0.281625
100.0,0.850,0.037190
100.0,0.850,0.077361
100.0,0.850,-0.070019
100.0,0.850,0.176195
100.0,0.850,0.236962
100.0,0.850,0.101409
100.0,0.850,0.093358
100.0,0.850,0.056673
100.0,0.850,0.076289
100.0,0.850,0.062339
100.0,0.850,-0.135008
100.0,0.850,-0.080120
100.0,0.850,0.099953
100.0,0.850,-0.033154
100.0,0.850,-0.255457
100.0,0.850,0.263297
100.0,0.850,0.153086
100.0,0.850,0.013465
100.0,0.850,-0.326785
100.0,0.850,-0.066440
100.0,0.850,0.048753
100.0,0.850,0.177537
100.0,0.850,-0.027721
100.0,0.850,0.202201
100.0,0.850,0.186252
100.0,0.850,0.060164
100.0,0.850,0.363577
100.0,0.850,0.013957
100.0,0.850,-0.061691
100.0,0.850,-0.004648
100.0,0.850,0.005687
100.0,0.850,0.057065
100.0,0.850,-0.079158
100.0,0.850,-0.077783
100.0,0.850,-0.322842
100.0,0.850,0.418594
100.0,0.850,-0.152919
100.0,0.850,-0.008381
100.0,0.850,-0.059671
100.0,0.850,-0.085077
100.0,0.850,-0.018400
100.0,0.850,0.321346
100.0,0.850,0.140774
100.0,0.850,0.067634
100.0,0.850,0.011924
100.0,0.850,-0.219725
100.0,0.850,0.071410
100.0,0.850,0.190258
100.0,0.850,0.045850
100.0,0.850,-0.295611
100.0,0.850,0.146607
100.0,0.850,-0.111664
100.0,0.850,-0.164732
100.0,0.850,0.078322
100.0,0.850,-0.266110
100.0,0.850,0.015660
100.0,0.850,0.086089
100.0,0.850,-0.159955
100.0,0.850,0.040792
100.0,0.850,0.134201
100.0,0.850,0.173143
100.0,0.850,0.047625
100.0,0.850,0.088505
100.0,0.850,0.103555
100.0,0.850,-0.120952
100.0,0.850,0.145873
100.0,0.850,0.304614
100.0,0.850,-0.028678
100.0,0.850,-0.189321
100.0,0.850,0.070424
100.0,0.850,0.066917
100.0,0.850,0.167917
100.0,0.850,0.154206
100.0,0.850,0.246758
100.0,0.850,-0.209634
100.0,0.850,-0.108981
100.0,0.850,0.142899
100.0,0.903,0.196061
100.0,0.903,0.180731
100.0,0.903,-0.062113
100.0,0.903,-0.157965
100.0,0.903,0.315595
100.0,0.903,0.175162
100.0,0.903,0.390876
100.0,0.903,0.018605
100.0,0.903,-0.196213
100.0,0.903,-0.035206
100.0,0.903,0.053322
100.0,0.903,0.160073
100.0,0.903,0.263422
100.0,0.903,0.192084
100.0,0.903,0.336232
100.0,0.903,-0.165548
100.0,0.903,-0.019489
100.0,0.903,-0.093789
100.0,0.903,0.066061
100.0,0.903,-0.217052
100.0,0.903,0.299375
100.0,0.903,-0.148998
100.0,0.903,-0.090449
100.0,0.903,0.153247
100.0,0.903,0.050180
100.0,0.903,0.285093
100.0,0.903,0.114764
100.0,0.903,0.219473
100.0,0.903,0.076348
100.0,0.903,-0.136291
100.0,0.903,0.104537
100.0,0.903,0.078800
100.0,0.903,-0.135602
100.0,0.903,-0.047378
100.0,0.903,-0.151056
100.0,0.903,0.393934
100.0,0.903,0.093574
100.0,0.903,-0.243200
100.0,0.903,-0.292194
100.0,0.903,0.042249
100.0,0.903,-0.230223
100.0,0.903,0.157915
100.0,0.903,0.154828
100.0,0.903,-0.002780
100.0,0.903,0.133976
100.0,0.903,-0.032194
100.0,0.903,0.386887
100.0,0.903,0.100612
100.0,0.903,0.052677
100.0,0.903,0.346324
100.0,0.903,-0.081421
100.0,0.903,0.053303
100.0,0.903,0.204050
100.0,0.903,0.151133
100.0,0.903,0.309919
100.0,0.903,-0.079687
100.0,0.903,0.272443
100.0,0.903,-0.140869
100.0,0.903,0.390780
100.0,0.903,-0.008355
100.0,0.903,0.256633
100.0,0.903,-0.263943
100.0,0.903,0.284003
100.0,0.903,-0.154472
100.0,0.903,-0.030147
100.0,0.903,0.098156
100.0,0.903,0.102585
100.0,0.903,0.021990
100.0,0.903,0.166190
100.0,0.903,-0.068041
100.0,0.903,0.184944
100.0,0.903,-0.033252
100.0,0.903,0.091690
100.0,0.903,-0.249478
100.0,0.903,-0.174789
100.0,0.903,0.159737
100.0,0.903,0.150586
100.0,0.903,0.159763
100.0,0.903,-0.017188
100.0,0.903,-0.083604
100.0,0.903,0.080103
100.0,0.903,0.145498
100.0,0.903,0.162538
100.0,0.903,0.023597
100.0,0.903,0.100870
100.0,0.903,0.013367
100.0,0.903,-0.030380
100.0,0.903,0.420483
100.0,0.903,-0.171807
100.0,0.903,0.206331
100.0,0.903,-0.071475
100.0,0.903,0.075094
100.0,0.903,0.012450
100.0,0.903,-0.037250
100.0,0.903,0.171981
100.0,0.903,-0.087510
100.0,0.903,-0.015191
100.0,0.903,-0.220834
100.0,0.903,-0.029961
100.0,0.903,0.124115
100.0,0.950,0.733037
100.0,0.950,0.438164
100.0,0.950,0.323456
100.0,0.950,-0.026660
100.0,0.950,0.371571
100.0,0.950,0.776991
100.0,0.950,0.613921
100.0,0.950,0.609508
100.0,0.950,0.488113
100.0,0.950,0.286398
100.0,0.950,0.377423
100.0,0.950,0.650572
100.0,0.950,0.884414
100.0,0.950,0.893313
100.0,0.950,0.715663
100.0,0.950,0.357677
100.0,0.950,0.732224
100.0,0.950,0.385310
100.0,0.950,0.426220
100.0,0.950,-0.167288
100.0,0.950,0.702816
100.0,0.950,0.186081
100.0,0.950,0.700452
100.0,0.950,0.467956
100.0,0.950,0.679701
100.0,0.950,0.867061
100.0,0.950,0.442613
100.0,0.950,0.484920
100.0,0.950,0.688137
100.0,0.950,0.672394
100.0,0.950,0.545890
100.0,0.950,-0.103814
100.0,0.950,0.016478
100.0,0.950,0.002135
100.0,0.950,0.205020
100.0,0.950,0.803008
100.0,0.950,0.768869
100.0,0.950,0.716746
100.0,0.950,0.461569
100.0,0.950,0.453571
100.0,0.950,0.555046
100.0,0.950,0.249409
100.0,0.950,0.213523
100.0,0.950,-0.060574
100.0,0.950,0.733963
100.0,0.950,0.875470
100.0,0.950,0.501578
100.0,0.950,0.255264
100.0,0.950,0.184689
100.0,0.950,-0.027788
100.0,0.950,0.632806
100.0,0.950,0.206950
100.0,0.950,0.725795
100.0,0.950,0.552257
100.0,0.950,0.463492
100.0,0.950,0.584621
100.0,0.950,0.451367
100.0,0.950,0.461529
100.0,0.950,0.433362
100.0,0.950,0.439902
100.0,0.950,0.136094
100.0,0.950,0.384691
100.0,0.950,0.688414
100.0,0.950,0.321648
100.0,0.950,0.328731
100.0,0.950,0.061821
100.0,0.950,0.777382
100.0,0.950,0.307733
100.0,0.950,0.705339
100.0,0.950,0.711144
100.0,0.950,0.391823
100.0,0.950,0.770338
100.0,0.950,-0.002947
100.0,0.950,0.456543
100.0,0.950,0.051069
100.0,0.950,0.760242
100.0,0.950,0.676690
100.0,0.950,-0.012085
100.0,0.950,0.217813
100.0,0.950,0.317918
100.0,0.950,0.284080
100.0,0.950,0.451238
100.0,0.950,-0.060679
100.0,0.950,0.322221
100.0,0.950,0.468820
100.0,0.950,0.852747
100.0,0.950,-0.154602
100.0,0.950,0.683112
100.0,0.950,0.807839
100.0,0.950,0.612161
100.0,0.950,0.617676
100.0,0.950,0.793831
100.0,0.950,0.548273
100.0,0.950,0.406087
100.0,0.950,0.579043
100.0,0.950,0.602533
100.0,0.950,0.759868
100.0,0.950,0.304397
100.0,0.950,0.624605
100.0,0.950,0.700997
100.0,0.850,0.359859
100.0,0.850,0.098431
100.0,0.850,-0.063177
100.0,0.850,0.105412
100.0,0.850,0.104732
100.0,0.850,-0.203191
100.0,0.850,0.036432
100.0,0.850,-0.175020
100.0,0.850,-0.148695
100.0,0.850,0.163847
100.0,0.850,-0.009260
100.0,0.850,-0.138353
100.0,0.850,0.041185
100.0,0.850,0.040168
100.0,0.850,-0.034543
100.0,0.850,0.354111
100.0,0.850,-0.072508
100.0,0.850,0.433705
100.0,0.850,0.061183
100.0,0.850,0.077833
100.0,0.850,0.150229
100.0,0.850,-0.081204
100.0,0.850,-0.042732
100.0,0.850,0.113590
100.0,0.850,0.368000
100.0,0.850,0.363480
100.0,0.850,0.292900
100.0,0.850,0.143316
100.0,0.850,-0.044547
100.0,0.850,0.110149
100.0,0.850,0.141310
100.0,0.850,0.316885
100.0,0.850,0.239383
100.0,0.850,0.129288
100.0,0.850,0.389296
100.0,0.850,0.203538
100.0,0.850,0.249356
100.0,0.850,0.113195
100.0,0.850,0.127927
100.0,0.850,0.181910
100.0,0.850,0.144989
100.0,0.850,-0.167404
100.0,0.850,0.271197
100.0,0.850,0.314445
100.0,0.850,0.458334
100.0,0.850,-0.024927
100.0,0.850,0.010011
100.0,0.850,-0.243769
100.0,0.850,0.152422
100.0,0.850,0.125065
100.0,0.850,0.058249
100.0,0.850,0.229203
100.0,0.850,0.214547
100.0,0.850,-0.075622
100.0,0.850,0.255773
100.0,0.850,-0.015844
100.0,0.850,0.402921
100.0,0.850,0.068649
100.0,0.850,-0.085213
100.0,0.850,0.454015
100.0,0.850,0.082468
100.0,0.850,0.015100
100.0,0.850,0.412158
100.0,0.850,0.107122
100.0,0.850,0.016968
100.0,0.850,0.384179
100.0,0.850,0.096855
100.0,0.850,0.013345
100.0,0.850,0.023643
100.0,0.850,0.030331
100.0,0.850,0.056876
100.0,0.850,0.168587
100.0,0.850,0.099641
100.0,0.850,0.207284
100.0,0.850,0.043057
100.0,0.850,-0.065327
100.0,0.850,0.099718
100.0,0.850,-0.036716
100.0,0.850,0.199957
100.0,0.850,0.159671
100.0,0.850,-0.164851
100.0,0.850,-0.036940
100.0,0.850,0.161736
100.0,0.850,-0.099872
100.0,0.850,0.126067
100.0,0.850,-0.170292
100.0,0.850,0.121911
100.0,0.850,-0.059506
100.0,0.850,0.251884
100.0,0.850,0.036840
100.0,0.850,0.028446
100.0,0.850,0.111933
100.0,0.850,-0.021934
100.0,0.850,0.064077
100.0,0.850,0.169321
100.0,0.850,0.217442
100.0,0.850,0.152512
100.0,0.850,0.118719
100.0,0.850,0.210968
100.0,0.850,-0.025242
100.0,0.903,0.032035
100.0,0.903,0.512431
100.0,0.903,-0.138654
100.0,0.903,0.277045
100.0,0.903,0.221335
100.0,0.903,0.310845
100.0,0.903,0.170118
100.0,0.903,-0.077779
100.0,0.903,0.235013
100.0,0.903,0.523176
100.0,0.903,0.286742
100.0,0.903,0.228700
100.0,0.903,0.454934
100.0,0.903,0.030188
100.0,0.903,0.463225
100.0,0.903,0.207595
100.0,0.903,-0.038091
100.0,0.903,0.048130
100.0,0.903,0.382111
100.0,0.903,0.198061
100.0,0.903,0.598174
100.0,0.903,0.320437
100.0,0.903,-0.003777
100.0,0.903,0.304173
100.0,0.903,0.345371
100.0,0.903,0.584494
100.0,0.903,0.446237
100.0,0.903,0.569364
100.0,0.903,0.476026
100.0,0.903,0.435497
100.0,0.903,0.086984
100.0,0.903,0.295918
100.0,0.903,0.420008
100.0,0.903,0.333851
100.0,0.903,0.060949
100.0,0.903,0.386142
100.0,0.903,0.591859
100.0,0.903,0.594025
100.0,0.903,0.044593
100.0,0.903,0.344848
100.0,0.903,0.024223
100.0,0.903,0.390991
100.0,0.903,-0.045284
100.0,0.903,0.330771
100.0,0.903,0.519302
100.0,0.903,-0.056727
100.0,0.903,0.451763
100.0,0.903,0.297731
100.0,0.903,0.319483
100.0,0.903,0.558119
100.0,0.903,0.041473
100.0,0.903,0.452013
100.0,0.903,0.304770
100.0,0.903,0.497316
100.0,0.903,0.098665
100.0,0.903,0.663724
100.0,0.903,0.210547
100.0,0.903,0.099147
100.0,0.903,0.407183
100.0,0.903,0.411230
100.0,0.903,-0.021354
100.0,0.903,0.245746
100.0,0.903,0.039930
100.0,0.903,0.418190
100.0,0.903,-0.077618
100.0,0.903,0.305301
100.0,0.903,0.267183
100.0,0.903,0.078410
100.0,0.903,0.444311
100.0,0.903,0.296517
100.0,0.903,0.482492
100.0,0.903,0.358258
100.0,0.903,-0.068857
100.0,0.903,0.414843
100.0,0.903,0.217755
100.0,0.903,0.203244
100.0,0.903,0.281825
100.0,0.903,0.248969
100.0,0.903,0.241173
100.0,0.903,0.371521
100.0,0.903,0.131799
100.0,0.903,0.416652
100.0,0.903,0.054653
100.0,0.903,0.169597
100.0,0.903,0.315181
100.0,0.903,0.384918
100.0,0.903,0.191247
100.0,0.903,0.356444
100.0,0.903,0.418406
100.0,0.903,0.183046
100.0,0.903,0.280820
100.0,0.903,0.463303
100.0,0.903,0.184249
100.0,0.903,0.238855
100.0,0.903,0.090219
100.0,0.903,0.473182
100.0,0.903,0.601767
100.0,0.903,0.039397
100.0,0.903,-0.060656
100.0,0.903,0.123902
100.0,0.950,0.674776
100.0,0.950,0.725834
100.0,0.950,0.582284
100.0,0.950,0.583623
100.0,0.950,0.852925
100.0,0.950,0.848689
100.0,0.950,0.848696
100.0,0.950,0.715928
100.0,0.950,0.898583
100.0,0.950,0.747523
100.0,0.950,0.522257
100.0,0.950,0.712657
100.0,0.950,0.614889
100.0,0.950,0.742769
100.0,0.950,0.317074
100.0,0.950,0.726953
100.0,0.950,0.768953
100.0,0.950,0.882027
100.0,0.950,0.886663
100.0,0.950,0.842794
100.0,0.950,0.764916
100.0,0.950,0.842367
100.0,0.950,0.581501
100.0,0.950,0.838135
100.0,0.950,0.814232
100.0,0.950,0.670887
100.0,0.950,0.540083
100.0,0.950,0.807604
100.0,0.950,0.927858
100.0,0.950,0.768472
100.0,0.950,0.885899
100.0,0.950,0.892328
100.0,0.950,0.774449
100.0,0.950,0.892401
100.0,0.950,0.822757
100.0,0.950,0.899027
100.0,0.950,0.505152
100.0,0.950,0.818029
100.0,0.950,0.904002
100.0,0.950,0.885700
100.0,0.950,0.662250
100.0,0.950,0.557634
100.0,0.950,0.901308
100.0,0.950,0.807921
100.0,0.950,0.645916
100.0,0.950,0.809403
100.0,0.950,0.710550
100.0,0.950,0.811983
100.0,0.950,0.819434
100.0,0.950,0.810273
100.0,0.950,0.939427
100.0,0.950,0.566256
100.0,0.950,0.774270
100.0,0.950,0.830795
100.0,0.950,0.657633
100.0,0.950,0.571666
100.0,0.950,0.862836
100.0,0.950,0.639992
100.0,0.950,0.795954
100.0,0.950,0.709637
100.0,0.950,0.783688
100.0,0.950,0.910028
100.0,0.950,0.801713
100.0,0.950,0.855547
100.0,0.950,0.820334
100.0,0.950,0.671483
100.0,0.950,0.761966
100.0,0.950,0.347360
100.0,0.950,0.850765
100.0,0.950,0.827106
100.0,0.950,0.493833
100.0,0.950,0.748871
100.0,0.950,0.898717
100.0,0.950,0.446780
100.0,0.950,0.836210
100.0,0.950,0.669546
100.0,0.950,0.925262
100.0,0.950,0.900009
100.0,0.950,0.622110
100.0,0.950,0.898203
100.0,0.950,0.765009
100.0,0.950,0.466293
100.0,0.950,0.752810
100.0,0.950,0.637883
100.0,0.950,0.937714
100.0,0.950,0.595380
100.0,0.950,0.873707
100.0,0.950,0.572300
100.0,0.950,0.607748
100.0,0.950,0.687634
100.0,0.950,0.932663
100.0,0.950,0.754689
100.0,0.950,0.820973
100.0,0.950,0.616547
100.0,0.950,0.847592
100.0,0.950,0.797130
100.0,0.950,0.835403
100.0,0.950,0.854573
100.0,0.950,0.864026
100.0,0.950,0.840984
100.0,0.850,0.193991
100.0,0.850,-0.029211
100.0,0.850,-0.017298
100.0,0.850,-0.011812
100.0,0.850,0.145533
100.0,0.850,-0.154174
100.0,0.850,0.080469
100.0,0.850,-0.029763
100.0,0.850,0.020355
100.0,0.850,0.069384
100.0,0.850,0.388077
100.0,0.850,-0.211945
100.0,0.850,0.020202
100.0,0.850,0.114904
100.0,0.850,0.382831
100.0,0.850,-0.020777
100.0,0.850,-0.195908
100.0,0.850,0.188218
100.0,0.850,0.142099
100.0,0.850,0.007006
100.0,0.850,0.018769
100.0,0.850,-0.030496
100.0,0.850,-0.041447
100.0,0.850,0.198195
100.0,0.850,-0.227868
100.0,0.850,0.090550
100.0,0.850,0.006631
100.0,0.850,0.070866
100.0,0.850,-0.068617
100.0,0.850,0.307883
100.0,0.850,-0.088376
100.0,0.850,0.398918
100.0,0.850,0.272305
100.0,0.850,0.088233
100.0,0.850,0.099464
100.0,0.850,0.066522
100.0,0.850,0.351557
100.0,0.850,0.148992
100.0,0.850,-0.216265
100.0,0.850,0.107169
100.0,0.850,0.173518
100.0,0.850,0.078483
100.0,0.850,-0.279198
100.0,0.850,-0.050513
100.0,0.850,0.105846
100.0,0.850,-0.165230
100.0,0.850,-0.203481
100.0,0.850,0.166428
100.0,0.850,0.115778
100.0,0.850,0.081218
100.0,0.850,0.131938
100.0,0.850,0.083580
100.0,0.850,0.065909
100.0,0.850,0.430342
100.0,0.850,0.090293
100.0,0.850,-0.014716
100.0,0.850,0.027788
100.0,0.850,-0.110439
100.0,0.850,-0.003427
100.0,0.850,0.085678
100.0,0.850,0.051114
100.0,0.850,-0.193097
100.0,0.850,0.122645
100.0,0.850,0.100912
100.0,0.850,0.015628
100.0,0.850,0.282772
100.0,0.850,0.230462
100.0,0.850,0.119207
100.0,0.850,0.166388
100.0,0.850,-0.026379
100.0,0.850,0.054048
100.0,0.850,-0.016813
100.0,0.850,-0.085768
100.0,0.850,0.033676
100.0,0.850,-0.129031
100.0,0.850,0.427852
100.0,0.850,0.067141
100.0,0.850,-0.184227
100.0,0.850,0.210004
100.0,0.850,0.094936
100.0,0.850,0.155534
100.0,0.850,0.134479
100.0,0.850,-0.100532
100.0,0.850,0.183983
100.0,0.850,0.084878
100.0,0.850,-0.061144
100.0,0.850,0.089848
100.0,0.850,-0.059727
100.0,0.850,-0.053400
100.0,0.850,0.071021
100.0,0.850,0.050356
100.0,0.850,-0.164256
100.0,0.850,0.148295
100.0,0.850,0.134405
100.0,0.850,0.097945
100.0,0.850,-0.200787
100.0,0.850,-0.077524
100.0,0.850,0.295345
100.0,0.850,0.036456
100.0,0.850,-0.233763
100.0,0.903,-0.192967
100.0,0.903,0.437990
100.0,0.903,0.182440
100.0,0.903,0.498580
100.0,0.903,-0.029161
100.0,0.903,0.228674
100.0,0.903,0.048619
100.0,0.903,-0.063184
100.0,0.903,0.419339
100.0,0.903,0.458335
100.0,0.903,0.395316
100.0,0.903,0.030829
100.0,0.903,0.235400
100.0,0.903,0.184381
100.0,0.903,0.174245
100.0,0.903,-0.076152
100.0,0.903,-0.244444
100.0,0.903,0.235820
100.0,0.903,0.127687
100.0,0.903,-0.010702
100.0,0.903,0.043223
100.0,0.903,-0.103078
100.0,0.903,0.165750
100.0,0.903,0.195883
100.0,0.903,0.019161
100.0,0.903,0.283032
100.0,0.903,0.057107
100.0,0.903,-0.235647
100.0,0.903,0.039200
100.0,0.903,-0.206894
100.0,0.903,0.322268
100.0,0.903,0.407747
100.0,0.903,0.179997
100.0,0.903,0.108837
100.0,0.903,-0.020365
100.0,0.903,0.306176
100.0,0.903,-0.079976
100.0,0.903,0.361639
100.0,0.903,0.083502
100.0,0.903,0.305797
100.0,0.903,0.125275
100.0,0.903,0.081022
100.0,0.903,0.268985
100.0,0.903,-0.055586
100.0,0.903,0.016607
100.0,0.903,-0.036930
100.0,0.903,-0.237019
100.0,0.903,0.132749
100.0,0.903,0.462653
100.0,0.903,0.026365
100.0,0.903,0.051613
100.0,0.903,0.507219
100.0,0.903,0.163986
100.0,0.903,-0.232257
100.0,0.903,0.252833
100.0,0.903,0.006147
100.0,0.903,0.286652
100.0,0.903,0.070088
100.0,0.903,-0.066510
100.0,0.903,0.035206
100.0,0.903,-0.081100
100.0,0.903,0.231520
100.0,0.903,0.071958
100.0,0.903,-0.005137
100.0,0.903,-0.050031
100.0,0.903,0.092657
100.0,0.903,0.359913
100.0,0.903,0.285993
100.0,0.903,-0.015483
100.0,0.903,0.100664
100.0,0.903,0.300013
100.0,0.903,-0.117204
100.0,0.903,0.150588
100.0,0.903,0.291219
100.0,0.903,-0.208394
100.0,0.903,0.303407
100.0,0.903,0.353417
100.0,0.903,0.034201
100.0,0.903,-0.275116
100.0,0.903,0.286486
100.0,0.903,-0.180871
100.0,0.903,0.204712
100.0,0.903,-0.041152
100.0,0.903,0.610970
100.0,0.903,0.058874
100.0,0.903,0.347618
100.0,0.903,0.142754
100.0,0.903,0.116374
100.0,0.903,-0.092055
100.0,0.903,0.289513
100.0,0.903,-0.072669
100.0,0.903,0.212483
100.0,0.903,0.065855
100.0,0.903,0.009175
100.0,0.903,0.327114
100.0,0.903,-0.001324
100.0,0.903,0.261155
100.0,0.903,-0.119045
100.0,0.903,-0.029474
100.0,0.903,0.025084
100.0,0.950,0.622769
100.0,0.950,0.533196
100.0,0.950,0.922370
100.0,0.950,0.466638
100.0,0.950,0.372520
100.0,0.950,0.593934
100.0,0.950,0.819357
100.0,0.950,0.395640
100.0,0.950,0.785584
100.0,0.950,0.611205
100.0,0.950,0.631821
100.0,0.950,0.446715
100.0,0.950,0.825256
100.0,0.950,0.538287
100.0,0.950,0.751544
100.0,0.950,0.711836
100.0,0.950,0.466087
100.0,0.950,0.197835
100.0,0.950,0.235854
100.0,0.950,0.475368
100.0,0.950,0.397018
100.0,0.950,0.696058
100.0,0.950,0.034143
100.0,0.950,0.455722
100.0,0.950,0.668949
100.0,0.950,0.674340
100.0,0.950,0.108952
100.0,0.950,0.776749
100.0,0.950,0.827290
100.0,0.950,0.572846
100.0,0.950,0.576018
100.0,0.950,0.644505
100.0,0.950,0.365936
100.0,0.950,0.239982
100.0,0.950,0.306641
100.0,0.950,0.527687
100.0,0.950,0.817304
100.0,0.950,-0.116625
100.0,0.950,0.635971
100.0,0.950,0.880680
100.0,0.950,-0.038570
100.0,0.950,0.682413
100.0,0.950,0.873401
100.0,0.950,0.847482
100.0,0.950,0.495700
100.0,0.950,0.467004
100.0,0.950,0.049883
100.0,0.950,0.371286
100.0,0.950,0.806834
100.0,0.950,0.706456
100.0,0.950,0.877862
100.0,0.950,0.240498
100.0,0.950,0.671106
100.0,0.950,0.556546
100.0,0.950,0.545894
100.0,0.950,0.453278
100.0,0.950,0.661388
100.0,0.950,0.726538
100.0,0.950,0.603838
100.0,0.950,0.492144
100.0,0.950,0.004835
100.0,0.950,0.786571
100.0,0.950,0.873834
100.0,0.950,0.628837
100.0,0.950,0.477727
100.0,0.950,0.577635
100.0,0.950,0.532031
100.0,0.950,0.720351
100.0,0.950,0.026392
100.0,0.950,0.838635
100.0,0.950,0.747776
100.0,0.950,0.622175
100.0,0.950,0.866792
100.0,0.950,0.752402
100.0,0.950,0.738716
100.0,0.950,0.403284
100.0,0.950,0.700283
100.0,0.950,0.732172
100.0,0.950,0.427177
100.0,0.950,0.774105
100.0,0.950,0.315582
100.0,0.950,0.851671
100.0,0.950,0.767444
100.0,0.950,0.789223
100.0,0.950,0.356339
100.0,0.950,0.915421
100.0,0.950,0.622009
100.0,0.950,0.804455
100.0,0.950,0.420024
100.0,0.950,0.822939
100.0,0.950,0.472490
100.0,0.950,0.411256
100.0,0.950,0.556581
100.0,0.950,0.401392
100.0,0.950,0.552604
100.0,0.950,0.606684
100.0,0.950,0.442093
100.0,0.950,0.735808
100.0,0.950,0.682290
100.0,0.950,-0.005282
100.0,0.850,-0.053523
100.0,0.850,0.381222
100.0,0.850,0.209502
100.0,0.850,0.141406
100.0,0.850,0.135259
100.0,0.850,0.308424
100.0,0.850,-0.226647
100.0,0.850,-0.025236
100.0,0.850,-0.074717
100.0,0.850,-0.192314
100.0,0.850,0.255522
100.0,0.850,-0.186464
100.0,0.850,0.082512
100.0,0.850,-0.235119
100.0,0.850,0.180865
100.0,0.850,-0.101454
100.0,0.850,-0.012049
100.0,0.850,0.045434
100.0,0.850,0.097486
100.0,0.850,-0.096699
100.0,0.850,-0.056171
100.0,0.850,0.079769
100.0,0.850,-0.056934
100.0,0.850,0.034675
100.0,0.850,-0.086703
100.0,0.850,0.024240
100.0,0.850,0.068246
100.0,0.850,0.151766
100.0,0.850,0.008501
100.0,0.850,-0.079583
100.0,0.850,-0.119975
100.0,0.850,0.067993
100.0,0.850,0.196473
100.0,0.850,-0.055712
100.0,0.850,0.227557
100.0,0.850,0.139363
100.0,0.850,0.201418
100.0,0.850,-0.166227
100.0,0.850,0.030144
100.0,0.850,0.071671
100.0,0.850,0.134315
100.0,0.850,0.069324
100.0,0.850,0.112750
100.0,0.850,-0.355223
100.0,0.850,-0.004711
100.0,0.850,-0.237241
100.0,0.850,0.091837
100.0,0.850,0.064666
100.0,0.850,0.144871
100.0,0.850,0.019227
100.0,0.850,0.143191
100.0,0.850,-0.086224
100.0,0.850,-0.354015
100.0,0.850,-0.142674
100.0,0.850,-0.061218
100.0,0.850,0.112149
100.0,0.850,-0.034517
100.0,0.850,0.144057
100.0,0.850,-0.042266
100.0,0.850,-0.142814
100.0,0.850,0.080534
100.0,0.850,-0.158719
100.0,0.850,-0.106257
100.0,0.850,0.057051
100.0,0.850,-0.168715
100.0,0.850,-0.143613
100.0,0.850,0.181288
100.0,0.850,0.033707
100.0,0.850,0.113360
100.0,0.850,-0.001694
100.0,0.850,0.069311
100.0,0.850,0.178637
100.0,0.850,0.009886
100.0,0.850,-0.122354
100.0,0.850,-0.034190
100.0,0.850,-0.204886
100.0,0.850,0.090126
100.0,0.850,0.151808
100.0,0.850,0.092034
100.0,0.850,0.024829
100.0,0.850,-0.025739
100.0,0.850,-0.165719
100.0,0.850,-0.121629
100.0,0.850,-0.041093
100.0,0.850,-0.060692
100.0,0.850,0.046549
100.0,0.850,-0.057162
100.0,0.850,-0.005238
100.0,0.850,0.354705
100.0,0.850,0.232852
100.0,0.850,0.136532
100.0,0.850,0.187762
100.0,0.850,0.278729
100.0,0.850,0.361410
100.0,0.850,0.121023
100.0,0.850,0.131080
100.0,0.850,-0.271005
100.0,0.850,-0.138977
100.0,0.850,0.223484
100.0,0.850,0.009135
100.0,0.903,-0.053194
100.0,0.903,0.032409
100.0,0.903,0.062536
100.0,0.903,0.512107
100.0,0.903,0.393378
100.0,0.903,0.336356
100.0,0.903,0.118733
100.0,0.903,0.201684
100.0,0.903,0.141272
100.0,0.903,0.448713
100.0,0.903,-0.000503
100.0,0.903,0.178067
100.0,0.903,0.035857
100.0,0.903,0.113349
100.0,0.903,0.266363
100.0,0.903,0.184914
100.0,0.903,0.061096
100.0,0.903,-0.054734
100.0,0.903,0.160208
100.0,0.903,0.069713
100.0,0.903,0.213376
100.0,0.903,0.317522
100.0,0.903,-0.136104
100.0,0.903,0.037420
100.0,0.903,0.002345
100.0,0.903,0.004751
100.0,0.903,-0.008832
100.0,0.903,0.182036
100.0,0.903,0.603973
100.0,0.903,0.087956
100.0,0.903,0.074159
100.0,0.903,0.179764
100.0,0.903,-0.140292
100.0,0.903,-0.219901
100.0,0.903,0.444096
100.0,0.903,0.185623
100.0,0.903,0.229490
100.0,0.903,0.233471
100.0,0.903,0.138055
100.0,0.903,0.234394
100.0,0.903,0.208739
100.0,0.903,-0.146512
100.0,0.903,0.318731
100.0,0.903,-0.124043
100.0,0.903,0.094017
100.0,0.903,0.255670
100.0,0.903,0.127296
100.0,0.903,0.140094
100.0,0.903,-0.123460
100.0,0.903,0.136399
100.0,0.903,-0.042571
100.0,0.903,0.273718
100.0,0.903,-0.128620
100.0,0.903,-0.006343
100.0,0.903,-0.225280
100.0,0.903,0.087779
100.0,0.903,0.173428
100.0,0.903,0.301134
100.0,0.903,0.164416
100.0,0.903,0.117891
100.0,0.903,0.325495
100.0,0.903,0.116517
100.0,0.903,0.074170
100.0,0.903,-0.004108
100.0,0.903,0.154241
100.0,0.903,0.033866
100.0,0.903,0.299072
100.0,0.903,0.230265
100.0,0.903,0.182382
100.0,0.903,0.085253
100.0,0.903,0.135844
100.0,0.903,0.235331
100.0,0.903,0.077007
100.0,0.903,-0.072963
100.0,0.903,0.148761
100.0,0.903,0.215293
100.0,0.903,0.331972
100.0,0.903,0.286771
100.0,0.903,0.061354
100.0,0.903,0.052751
100.0,0.903,0.074687
100.0,0.903,-0.115905
100.0,0.903,-0.139731
100.0,0.903,0.232582
100.0,0.903,0.166109
100.0,0.903,0.306314
100.0,0.903,0.190069
100.0,0.903,0.166517
100.0,0.903,0.248001
100.0,0.903,0.063637
100.0,0.903,0.317689
100.0,0.903,0.215158
100.0,0.903,0.060500
100.0,0.903,0.107899
100.0,0.903,0.037364
100.0,0.903,0.319466
100.0,0.903,0.165208
100.0,0.903,-0.158855
100.0,0.903,0.283625
100.0,0.903,0.136561
100.0,0.950,0.435990
100.0,0.950,0.608632
100.0,0.950,0.662051
100.0,0.950,0.754014
100.0,0.950,0.894950
100.0,0.950,0.357410
100.0,0.950,0.819747
100.0,0.950,0.829666
100.0,0.950,0.333852
100.0,0.950,0.453679
100.0,0.950,0.780264
100.0,0.950,0.821155
100.0,0.950,0.362025
100.0,0.950,0.835197
100.0,0.950,0.808415
100.0,0.950,0.668267
100.0,0.950,0.533231
100.0,0.950,0.851018
100.0,0.950,0.701677
100.0,0.950,0.882600
100.0,0.950,0.867488
100.0,0.950,0.807835
100.0,0.950,0.729355
100.0,0.950,0.763265
100.0,0.950,0.910648
100.0,0.950,0.887761
100.0,0.950,0.670507
100.0,0.950,0.687212
100.0,0.950,0.857797
100.0,0.950,-0.035522
100.0,0.950,0.618732
100.0,0.950,0.944408
100.0,0.950,0.485400
100.0,0.950,0.871006
100.0,0.950,0.515234
100.0,0.950,0.802769
100.0,0.950,0.654288
100.0,0.950,0.928083
100.0,0.950,0.784045
100.0,0.950,0.763317
100.0,0.950,0.856172
100.0,0.950,0.480359
100.0,0.950,0.816359
100.0,0.950,0.793155
100.0,0.950,0.901938
100.0,0.950,0.540918
100.0,0.950,0.681516
100.0,0.950,0.932554
100.0,0.950,0.886715
100.0,0.950,0.823061
100.0,0.950,0.885217
100.0,0.950,0.747567
100.0,0.950,0.675182
100.0,0.950,0.594844
100.0,0.950,0.844950
100.0,0.950,0.717628
100.0,0.950,0.798195
100.0,0.950,0.895831
100.0,0.950,0.746126
100.0,0.950,0.287015
100.0,0.950,0.571659
100.0,0.950,0.538392
100.0,0.950,0.273196
100.0,0.950,0.899174
100.0,0.950,0.941587
100.0,0.950,-0.098038
100.0,0.950,0.818864
100.0,0.950,0.852840
100.0,0.950,0.290569
100.0,0.950,0.848354
100.0,0.950,0.731519
100.0,0.950,0.888861
100.0,0.950,0.777378
100.0,0.950,0.850721
100.0,0.950,0.719775
100.0,0.950,0.559929
100.0,0.950,0.850141
100.0,0.950,0.281704
100.0,0.950,0.878651
100.0,0.950,0.567026
100.0,0.950,0.808000
100.0,0.950,0.535359
100.0,0.950,0.932798
100.0,0.950,0.561423
100.0,0.950,0.744283
100.0,0.950,0.688060
100.0,0.950,0.173337
100.0,0.950,0.901948
100.0,0.950,0.554423
100.0,0.950,0.831778
100.0,0.950,0.690184
100.0,0.950,0.692303
100.0,0.950,0.802589
100.0,0.950,0.560597
100.0,0.950,0.755847
100.0,0.950,0.888705
100.0,0.950,0.723393
100.0,0.950,0.808402
100.0,0.950,0.882283
100.0,0.950,0.733041
100.0,0.850,-0.319924
100.0,0.850,0.008025
100.0,0.850,0.318090
100.0,0.850,-0.068692
100.0,0.850,-0.207249
100.0,0.850,-0.052445
100.0,0.850,0.119613
100.0,0.850,-0.123244
100.0,0.850,-0.084659
100.0,0.850,0.228391
100.0,0.850,-0.320951
100.0,0.850,0.238500
100.0,0.850,0.048971
100.0,0.850,-0.037175
100.0,0.850,0.026643
100.0,0.850,0.136517
100.0,0.850,-0.129075
100.0,0.850,-0.151982
100.0,0.850,0.302041
100.0,0.850,-0.062304
100.0,0.850,-0.115791
100.0,0.850,0.182938
100.0,0.850,-0.274922
100.0,0.850,-0.118621
100.0,0.850,0.049160
100.0,0.850,-0.181556
100.0,0.850,0.050522
100.0,0.850,-0.165886
100.0,0.850,0.141948
100.0,0.850,0.069031
100.0,0.850,0.022406
100.0,0.850,0.087479
100.0,0.850,0.048911
100.0,0.850,0.241645
100.0,0.850,-0.006903
100.0,0.850,0.277167
100.0,0.850,-0.062105
100.0,0.850,0.047309
100.0,0.850,-0.023824
100.0,0.850,0.041793
100.0,0.850,-0.031836
100.0,0.850,0.254293
100.0,0.850,-0.083385
100.0,0.850,-0.092260
100.0,0.850,0.217696
100.0,0.850,-0.292408
100.0,0.850,-0.219239
100.0,0.850,0.065837
100.0,0.850,-0.117655
100.0,0.850,-0.199000
100.0,0.850,-0.303507
100.0,0.850,0.049122
100.0,0.850,0.079402
100.0,0.850,-0.114723
100.0,0.850,-0.002047
100.0,0.850,-0.195655
100.0,0.850,0.181711
100.0,0.850,-0.012796
100.0,0.850,0.106237
100.0,0.850,-0.135168
100.0,0.850,0.127691
100.0,0.850,-0.003906
100.0,0.850,0.228335
100.0,0.850,-0.188634
100.0,0.850,0.184993
100.0,0.850,-0.165090
100.0,0.850,0.119283
100.0,0.850,0.202317
100.0,0.850,-0.011202
100.0,0.850,-0.002655
100.0,0.850,-0.047658
100.0,0.850,-0.015947
100.0,0.850,0.175880
100.0,0.850,0.138146
100.0,0.850,0.003813
100.0,0.850,0.103468
100.0,0.850,-0.124486
100.0,0.850,0.135227
100.0,0.850,0.032248
100.0,0.850,-0.043500
100.0,0.850,0.192584
100.0,0.850,0.139312
100.0,0.850,-0.179166
100.0,0.850,0.256866
100.0,0.850,-0.175460
100.0,0.850,-0.210095
100.0,0.850,-0.117561
100.0,0.850,-0.025427
100.0,0.850,-0.121382
100.0,0.850,0.091133
100.0,0.850,-0.120991
100.0,0.850,0.206755
100.0,0.850,-0.205702
100.0,0.850,0.119560
100.0,0.850,0.160874
100.0,0.850,-0.109133
100.0,0.850,-0.020315
100.0,0.850,-0.154746
100.0,0.850,-0.179978
100.0,0.850,-0.210763
100.0,0.903,-0.295816
100.0,0.903,0.069425
100.0,0.903,0.505203
100.0,0.903,0.075718
100.0,0.903,0.247848
100.0,0.903,0.323688
100.0,0.903,-0.054868
100.0,0.903,0.219489
100.0,0.903,-0.281903
100.0,0.903,-0.283303
100.0,0.903,-0.266692
100.0,0.903,0.179017
100.0,0.903,0.079272
100.0,0.903,0.428593
100.0,0.903,-0.241625
100.0,0.903,-0.012926
100.0,0.903,0.183777
100.0,0.903,-0.163810
100.0,0.903,0.067980
100.0,0.903,0.123279
100.0,0.903,-0.109163
100.0,0.903,0.222355
100.0,0.903,-0.240276
100.0,0.903,-0.205474
100.0,0.903,0.222577
100.0,0.903,0.066739
100.0,0.903,0.437641
100.0,0.903,-0.023659
100.0,0.903,-0.060297
100.0,0.903,0.098822
100.0,0.903,0.372090
100.0,0.903,0.214828
100.0,0.903,-0.078999
100.0,0.903,-0.004811
100.0,0.903,0.146015
100.0,0.903,0.049768
100.0,0.903,0.078184
100.0,0.903,0.445145
100.0,0.903,0.150686
100.0,0.903,0.522940
100.0,0.903,0.132109
100.0,0.903,0.130026
100.0,0.903,0.383449
100.0,0.903,0.001757
100.0,0.903,0.197714
100.0,0.903,0.087535
100.0,0.903,0.249135
100.0,0.903,-0.160167
100.0,0.903,-0.008239
100.0,0.903,-0.403418
100.0,0.903,0.064581
100.0,0.903,0.442959
100.0,0.903,-0.186988
100.0,0.903,0.178361
100.0,0.903,0.127655
100.0,0.903,-0.033588
100.0,0.903,0.159939
100.0,0.903,0.279959
100.0,0.903,-0.243902
100.0,0.903,-0.222608
100.0,0.903,-0.044263
100.0,0.903,-0.100245
100.0,0.903,0.187565
100.0,0.903,0.297615
100.0,0.903,0.253437
100.0,0.903,0.148858
100.0,0.903,0.145304
100.0,0.903,-0.078945
100.0,0.903,0.402551
100.0,0.903,0.219194
100.0,0.903,0.090110
100.0,0.903,0.123356
100.0,0.903,-0.298878
100.0,0.903,0.197459
100.0,0.903,-0.208776
100.0,0.903,-0.358334
100.0,0.903,0.329035
100.0,0.903,0.270896
100.0,0.903,0.015298
100.0,0.903,-0.076866
100.0,0.903,0.126020
100.0,0.903,-0.035003
100.0,0.903,-0.362142
100.0,0.903,0.028448
100.0,0.903,-0.156555
100.0,0.903,0.136129
100.0,0.903,0.162918
100.0,0.903,0.113649
100.0,0.903,0.105628
100.0,0.903,0.172101
100.0,0.903,-0.059489
100.0,0.903,-0.137029
100.0,0.903,-0.226005
100.0,0.903,0.089921
100.0,0.903,0.184758
100.0,0.903,0.079399
100.0,0.903,0.221166
100.0,0.903,0.074335
100.0,0.903,0.049061
100.0,0.903,0.000835
100.0,0.950,-0.314540
100.0,0.950,0.401769
100.0,0.950,0.574083
100.0,0.950,0.270351
100.0,0.950,0.192738
100.0,0.950,0.491889
100.0,0.950,0.568333
100.0,0.950,0.551827
100.0,0.950,0.489915
100.0,0.950,0.418625
100.0,0.950,-0.111323
100.0,0.950,0.266621
100.0,0.950,0.284017
100.0,0.950,0.631031
100.0,0.950,0.424940
100.0,0.950,0.583743
100.0,0.950,0.367426
100.0,0.950,0.160713
100.0,0.950,0.353247
100.0,0.950,0.603241
100.0,0.950,0.218311
100.0,0.950,0.376781
100.0,0.950,0.201282
100.0,0.950,0.206158
100.0,0.950,0.443605
100.0,0.950,0.157814
100.0,0.950,0.583437
100.0,0.950,0.270364
100.0,0.950,-0.004536
100.0,0.950,0.515358
100.0,0.950,0.388252
100.0,0.950,0.172543
100.0,0.950,0.409056
100.0,0.950,0.547686
100.0,0.950,0.450896
100.0,0.950,0.184844
100.0,0.950,0.012403
100.0,0.950,0.555181
100.0,0.950,0.516734
100.0,0.950,0.688760
100.0,0.950,0.592270
100.0,0.950,0.460548
100.0,0.950,0.243140
100.0,0.950,-0.000662
100.0,0.950,0.498121
100.0,0.950,0.513966
100.0,0.950,0.646116
100.0,0.950,0.636105
100.0,0.950,0.156313
100.0,0.950,0.450044
100.0,0.950,-0.361168
100.0,0.950,0.572529
100.0,0.950,0.470095
100.0,0.950,0.655244
100.0,0.950,0.136060
100.0,0.950,0.455139
100.0,0.950,0.202842
100.0,0.950,0.490020
100.0,0.950,0.261070
100.0,0.950,0.271409
100.0,0.950,0.152939
100.0,0.950,0.443321
100.0,0.950,0.575619
100.0,0.950,0.229267
100.0,0.950,0.421036
100.0,0.950,0.610242
100.0,0.950,0.529908
100.0,0.950,0.515738
100.0,0.950,0.700636
100.0,0.950,0.570830
100.0,0.950,0.014518
100.0,0.950,0.410193
100.0,0.950,-0.474160
100.0,0.950,0.209059
100.0,0.950,0.518197
100.0,0.950,0.531533
100.0,0.950,0.568044
100.0,0.950,0.220368
100.0,0.950,0.418392
100.0,0.950,0.603644
100.0,0.950,0.363821
100.0,0.950,0.466398
100.0,0.950,0.757426
100.0,0.950,0.666777
100.0,0.950,0.092018
100.0,0.950,0.353099
100.0,0.950,0.808638
100.0,0.950,0.233137
100.0,0.950,0.391271
100.0,0.950,0.443580
100.0,0.950,0.496211
100.0,0.950,0.365007
100.0,0.950,0.363499
100.0,0.950,0.634473
100.0,0.950,0.134314
100.0,0.950,0.527784
100.0,0.950,0.764231
100.0,0.950,0.532358
100.0,0.950,-0.029567
100.0,0.950,0.489194
100.0,0.850,-0.357108
100.0,0.850,0.076740
100.0,0.850,-0.248222
100.0,0.850,0.123336
100.0,0.850,0.063173
100.0,0.850,-0.045596
100.0,0.850,-0.125244
100.0,0.850,-0.014543
100.0,0.850,0.194139
100.0,0.850,0.140278
100.0,0.850,0.249953
100.0,0.850,-0.109925
100.0,0.850,0.054484
100.0,0.850,0.152962
100.0,0.850,0.014447
100.0,0.850,0.122289
100.0,0.850,0.211361
100.0,0.850,-0.383139
100.0,0.850,-0.053036
100.0,0.850,0.001707
100.0,0.850,0.194942
100.0,0.850,-0.175438
100.0,0.850,-0.035622
100.0,0.850,0.169993
100.0,0.850,0.276902
100.0,0.850,0.450443
100.0,0.850,0.031093
100.0,0.850,0.196651
100.0,0.850,-0.088034
100.0,0.850,0.097733
100.0,0.850,-0.041912
100.0,0.850,0.120838
100.0,0.850,0.007506
100.0,0.850,-0.107103
100.0,0.850,-0.092458
100.0,0.850,0.295405
100.0,0.850,0.042169
100.0,0.850,0.237148
100.0,0.850,-0.228045
100.0,0.850,0.262045
100.0,0.850,0.169337
100.0,0.850,0.108417
100.0,0.850,0.138641
100.0,0.850,-0.028373
100.0,0.850,-0.049573
100.0,0.850,0.267045
100.0,0.850,-0.132095
100.0,0.850,-0.147707
100.0,0.850,0.142933
100.0,0.850,0.199003
100.0,0.850,0.014447
100.0,0.850,0.314158
100.0,0.850,0.133626
100.0,0.850,0.078054
100.0,0.850,-0.065738
100.0,0.850,0.132756
100.0,0.850,0.127603
100.0,0.850,-0.220224
100.0,0.850,-0.309850
100.0,0.850,0.279624
100.0,0.850,0.101192
100.0,0.850,-0.096662
100.0,0.850,0.038252
100.0,0.850,-0.055096
100.0,0.850,0.203548
100.0,0.850,0.075525
100.0,0.850,0.423725
100.0,0.850,-0.086972
100.0,0.850,0.172216
100.0,0.850,-0.069408
100.0,0.850,0.196632
100.0,0.850,0.029694
100.0,0.850,-0.020717
100.0,0.850,0.005254
100.0,0.850,-0.112781
100.0,0.850,0.027012
100.0,0.850,0.115400
100.0,0.850,0.171499
100.0,0.850,0.163682
100.0,0.850,0.156145
100.0,0.850,-0.032070
100.0,0.850,-0.036923
100.0,0.850,-0.082077
100.0,0.850,-0.122231
100.0,0.850,-0.061951
100.0,0.850,0.170681
100.0,0.850,-0.084214
100.0,0.850,0.054427
100.0,0.850,-0.241071
100.0,0.850,-0.184749
100.0,0.850,-0.088369
100.0,0.850,0.147832
100.0,0.850,0.212828
100.0,0.850,-0.036911
100.0,0.850,0.047381
100.0,0.850,0.325547
100.0,0.850,-0.267452
100.0,0.850,-0.042064
100.0,0.850,0.030177
100.0,0.850,0.232460
100.0,0.903,0.218443
100.0,0.903,0.366529
100.0,0.903,-0.012768
100.0,0.903,-0.097280
100.0,0.903,-0.080088
100.0,0.903,-0.031517
100.0,0.903,0.222998
100.0,0.903,0.027213
100.0,0.903,0.388522
100.0,0.903,0.332238
100.0,0.903,0.143622
100.0,0.903,0.330674
100.0,0.903,0.316196
100.0,0.903,0.278249
100.0,0.903,0.229660
100.0,0.903,0.682323
100.0,0.903,0.070561
100.0,0.903,0.068129
100.0,0.903,0.243794
100.0,0.903,0.481920
100.0,0.903,0.150226
100.0,0.903,0.245241
100.0,0.903,0.206641
100.0,0.903,0.111344
100.0,0.903,0.273694
100.0,0.903,0.404660
100.0,0.903,0.309179
100.0,0.903,0.085318
100.0,0.903,0.607640
100.0,0.903,-0.129970
100.0,0.903,-0.341459
100.0,0.903,0.242205
100.0,0.903,0.028531
100.0,0.903,0.360472
100.0,0.903,0.018681
100.0,0.903,0.147414
100.0,0.903,-0.229897
100.0,0.903,0.305515
100.0,0.903,0.162301
100.0,0.903,0.325688
100.0,0.903,-0.055402
100.0,0.903,0.082831
100.0,0.903,0.379068
100.0,0.903,-0.112128
100.0,0.903,0.276133
100.0,0.903,0.261892
100.0,0.903,0.378298
100.0,0.903,0.030020
100.0,0.903,-0.060784
100.0,0.903,-0.008271
100.0,0.903,0.126249
100.0,0.903,0.286400
100.0,0.903,0.237552
100.0,0.903,-0.004469
100.0,0.903,0.186328
100.0,0.903,0.052710
100.0,0.903,0.269469
100.0,0.903,0.454294
100.0,0.903,0.290896
100.0,0.903,-0.004971
100.0,0.903,0.221724
100.0,0.903,0.291519
100.0,0.903,0.178527
100.0,0.903,0.248384
100.0,0.903,0.277988
100.0,0.903,0.289854
100.0,0.903,0.271713
100.0,0.903,0.277037
100.0,0.903,0.246866
100.0,0.903,-0.014224
100.0,0.903,0.398491
100.0,0.903,0.253507
100.0,0.903,-0.068794
100.0,0.903,0.308529
100.0,0.903,0.277263
100.0,0.903,0.096924
100.0,0.903,-0.145081
100.0,0.903,0.255879
100.0,0.903,0.111801
100.0,0.903,0.510665
100.0,0.903,0.318206
100.0,0.903,-0.089995
100.0,0.903,-0.117223
100.0,0.903,0.141221
100.0,0.903,-0.001976
100.0,0.903,0.531805
100.0,0.903,0.237415
100.0,0.903,0.195553
100.0,0.903,0.017852
100.0,0.903,0.263736
100.0,0.903,0.413956
100.0,0.903,0.297586
100.0,0.903,0.177694
100.0,0.903,0.582496
100.0,0.903,0.121049
100.0,0.903,0.140427
100.0,0.903,0.001255
100.0,0.903,-0.117692
100.0,0.903,0.233214
100.0,0.903,0.021950
100.0,0.950,0.848341
100.0,0.950,0.757992
100.0,0.950,0.582509
100.0,0.950,0.482047
100.0,0.950,0.915319
100.0,0.950,0.906045
100.0,0.950,0.902530
100.0,0.950,0.736647
100.0,0.950,0.803092
100.0,0.950,0.892431
100.0,0.950,0.766433
100.0,0.950,0.857813
100.0,0.950,0.843969
100.0,0.950,0.937754
100.0,0.950,0.788618
100.0,0.950,0.889025
100.0,0.950,0.715272
100.0,0.950,0.646594
100.0,0.950,0.874116
100.0,0.950,0.779930
100.0,0.950,0.799786
100.0,0.950,0.409336
100.0,0.950,0.811430
100.0,0.950,0.915974
100.0,0.950,0.798655
100.0,0.950,0.435837
100.0,0.950,0.816149
100.0,0.950,0.827844
100.0,0.950,0.765552
100.0,0.950,0.656940
100.0,0.950,0.028728
100.0,0.950,0.824272
100.0,0.950,0.447805
100.0,0.950,0.771291
100.0,0.950,0.886050
100.0,0.950,0.707911
100.0,0.950,0.648061
100.0,0.950,0.862275
100.0,0.950,0.045441
100.0,0.950,0.904099
100.0,0.950,0.871301
100.0,0.950,0.756156
100.0,0.950,0.894443
100.0,0.950,0.882800
100.0,0.950,0.902002
100.0,0.950,0.613550
100.0,0.950,0.886804
100.0,0.950,0.904992
100.0,0.950,0.858635
100.0,0.950,0.594135
100.0,0.950,0.273240
100.0,0.950,0.835277
100.0,0.950,0.852154
100.0,0.950,0.886908
100.0,0.950,0.614190
100.0,0.950,0.912798
100.0,0.950,0.491561
100.0,0.950,0.829112
100.0,0.950,0.886547
100.0,0.950,0.285272
100.0,0.950,0.902825
100.0,0.950,0.812166
100.0,0.950,0.496421
100.0,0.950,0.925434
100.0,0.950,0.899807
100.0,0.950,0.573587
100.0,0.950,0.875063
100.0,0.950,0.592742
100.0,0.950,0.782660
100.0,0.950,0.570022
100.0,0.950,0.660568
100.0,0.950,0.374237
100.0,0.950,0.833472
100.0,0.950,0.829310
100.0,0.950,0.876913
100.0,0.950,0.535088
100.0,0.950,0.377992
100.0,0.950,0.037642
100.0,0.950,0.621294
100.0,0.950,0.680799
100.0,0.950,0.795903
100.0,0.950,0.773277
100.0,0.950,0.673642
100.0,0.950,0.668487
100.0,0.950,0.807958
100.0,0.950,0.800308
100.0,0.950,0.822600
100.0,0.950,0.858065
100.0,0.950,0.782006
100.0,0.950,0.773909
100.0,0.950,0.676720
100.0,0.950,0.810930
100.0,0.950,0.720002
100.0,0.950,0.748917
100.0,0.950,0.556468
100.0,0.950,0.659660
100.0,0.950,0.316527
100.0,0.950,0.866957
100.0,0.950,0.590695
100.0,0.950,0.549707
100.0,0.850,0.384096
100.0,0.850,0.255480
100.0,0.850,0.143460
100.0,0.850,0.345961
100.0,0.850,-0.024900
100.0,0.850,0.253148
100.0,0.850,-0.060467
100.0,0.850,0.461819
100.0,0.850,0.320834
100.0,0.850,0.232438
100.0,0.850,0.048977
100.0,0.850,0.373373
100.0,0.850,-0.270879
100.0,0.850,0.074390
100.0,0.850,0.011770
100.0,0.850,0.172829
100.0,0.850,0.301017
100.0,0.850,0.234279
100.0,0.850,-0.232855
100.0,0.850,0.432636
100.0,0.850,0.043681
100.0,0.850,0.077799
100.0,0.850,0.477274
100.0,0.850,0.447933
100.0,0.850,0.372388
100.0,0.850,0.132796
100.0,0.850,0.325590
100.0,0.850,0.134993
100.0,0.850,0.235798
100.0,0.850,0.119755
100.0,0.850,0.126140
100.0,0.850,0.143777
100.0,0.850,0.311359
100.0,0.850,0.113487
100.0,0.850,-0.046168
100.0,0.850,-0.043724
100.0,0.850,0.411783
100.0,0.850,0.385207
100.0,0.850,0.132950
100.0,0.850,0.234540
100.0,0.850,-0.035205
100.0,0.850,0.165061
100.0,0.850,0.404148
100.0,0.850,-0.003358
100.0,0.850,-0.061026
100.0,0.850,0.044688
100.0,0.850,0.014396
100.0,0.850,0.283860
100.0,0.850,-0.043556
100.0,0.850,0.094727
100.0,0.850,0.197442
100.0,0.850,0.152509
100.0,0.850,0.169854
100.0,0.850,-0.100562
100.0,0.850,0.211289
100.0,0.850,0.359452
100.0,0.850,0.014223
100.0,0.850,0.311132
100.0,0.850,0.164096
100.0,0.850,0.277785
100.0,0.850,0.184291
100.0,0.850,-0.034747
100.0,0.850,0.170250
100.0,0.850,0.119263
100.0,0.850,-0.040014
100.0,0.850,0.205026
100.0,0.850,0.092193
100.0,0.850,0.175269
100.0,0.850,0.114854
100.0,0.850,0.154655
100.0,0.850,0.107145
100.0,0.850,0.155654
100.0,0.850,0.162245
100.0,0.850,-0.052015
100.0,0.850,-0.242900
100.0,0.850,0.193300
100.0,0.850,0.282410
100.0,0.850,0.010326
100.0,0.850,0.114741
100.0,0.850,0.067353
100.0,0.850,0.094810
100.0,0.850,-0.145137
100.0,0.850,0.248168
100.0,0.850,0.034208
100.0,0.850,0.127222
100.0,0.850,-0.191974
100.0,0.850,0.092776
100.0,0.850,0.028745
100.0,0.850,0.099029
100.0,0.850,0.198097
100.0,0.850,0.218988
100.0,0.850,0.341089
100.0,0.850,0.199628
100.0,0.850,-0.040104
100.0,0.850,0.090014
100.0,0.850,0.281735
100.0,0.850,0.206318
100.0,0.850,0.256318
100.0,0.850,0.334796
100.0,0.850,0.419760
100.0,0.903,0.552203
100.0,0.903,0.500152
100.0,0.903,0.630852
100.0,0.903,0.490639
100.0,0.903,0.335036
100.0,0.903,0.500874
100.0,0.903,0.440991
100.0,0.903,0.708119
100.0,0.903,0.798005
100.0,0.903,0.514156
100.0,0.903,0.112867
100.0,0.903,0.145087
100.0,0.903,0.711894
100.0,0.903,0.672500
100.0,0.903,0.595943
100.0,0.903,0.640439
100.0,0.903,0.675002
100.0,0.903,0.546817
100.0,0.903,0.568094
100.0,0.903,0.509229
100.0,0.903,0.538102
100.0,0.903,0.665709
100.0,0.903,0.579939
100.0,0.903,0.621556
100.0,0.903,0.633153
100.0,0.903,0.371418
100.0,0.903,0.613584
100.0,0.903,0.766366
100.0,0.903,0.427367
100.0,0.903,0.389638
100.0,0.903,0.119916
100.0,0.903,0.525920
100.0,0.903,0.685346
100.0,0.903,0.276407
100.0,0.903,0.672827
100.0,0.903,0.723426
100.0,0.903,0.733655
100.0,0.903,0.547018
100.0,0.903,0.366212
100.0,0.903,0.229068
100.0,0.903,0.791287
100.0,0.903,0.639764
100.0,0.903,0.737693
100.0,0.903,0.453062
100.0,0.903,0.626789
100.0,0.903,0.587559
100.0,0.903,0.752037
100.0,0.903,0.470192
100.0,0.903,0.578423
100.0,0.903,0.522876
100.0,0.903,0.764756
100.0,0.903,0.725523
100.0,0.903,0.325831
100.0,0.903,0.608039
100.0,0.903,0.620948
100.0,0.903,0.512955
100.0,0.903,0.396129
100.0,0.903,0.313957
100.0,0.903,0.562361
100.0,0.903,0.839533
100.0,0.903,0.684490
100.0,0.903,0.704243
100.0,0.903,0.747886
100.0,0.903,0.406653
100.0,0.903,0.449123
100.0,0.903,0.524708
100.0,0.903,0.802366
100.0,0.903,0.207070
100.0,0.903,0.590752
100.0,0.903,0.508357
100.0,0.903,0.721004
100.0,0.903,0.842340
100.0,0.903,0.621932
100.0,0.903,0.507845
100.0,0.903,0.356086
100.0,0.903,0.587177
100.0,0.903,0.364225
100.0,0.903,0.408024
100.0,0.903,0.022062
100.0,0.903,0.578241
100.0,0.903,0.410476
100.0,0.903,0.759227
100.0,0.903,0.268258
100.0,0.903,0.325337
100.0,0.903,0.377940
100.0,0.903,0.595141
100.0,0.903,0.545533
100.0,0.903,0.733226
100.0,0.903,0.294680
100.0,0.903,0.376111
100.0,0.903,0.661196
100.0,0.903,0.579124
100.0,0.903,0.451341
100.0,0.903,0.158610
100.0,0.903,0.629480
100.0,0.903,0.114971
100.0,0.903,0.581863
100.0,0.903,0.305725
100.0,0.903,0.385077
100.0,0.903,0.620623
100.0,0.950,0.925229
100.0,0.950,0.867091
100.0,0.950,0.629280
100.0,0.950,0.799977
100.0,0.950,0.681382
100.0,0.950,0.909013
100.0,0.950,0.628130
100.0,0.950,0.807856
100.0,0.950,0.824080
100.0,0.950,0.905189
100.0,0.950,0.738488
100.0,0.950,0.922067
100.0,0.950,0.751754
100.0,0.950,0.839262
100.0,0.950,0.758820
100.0,0.950,0.909311
100.0,0.950,0.744123
100.0,0.950,0.419093
100.0,0.950,0.724415
100.0,0.950,0.834040
100.0,0.950,0.798120
100.0,0.950,0.734820
100.0,0.950,0.761702
100.0,0.950,0.696807
100.0,0.950,0.881087
100.0,0.950,0.819591
100.0,0.950,0.795199
100.0,0.950,0.716670
100.0,0.950,0.724057
100.0,0.950,0.679073
100.0,0.950,0.637445
100.0,0.950,0.857878
100.0,0.950,0.895776
100.0,0.950,0.768405
100.0,0.950,0.871690
100.0,0.950,0.763405
100.0,0.950,0.797169
100.0,0.950,0.618356
100.0,0.950,0.788733
100.0,0.950,0.844739
100.0,0.950,0.759179
100.0,0.950,0.904058
100.0,0.950,0.783186
100.0,0.950,0.900970
100.0,0.950,0.796627
100.0,0.950,0.805679
100.0,0.950,0.816312
100.0,0.950,0.832786
100.0,0.950,0.921017
100.0,0.950,0.878793
100.0,0.950,0.837794
100.0,0.950,0.739724
100.0,0.950,0.739798
100.0,0.950,0.629409
100.0,0.950,0.926836
100.0,0.950,0.898358
100.0,0.950,0.721637
100.0,0.950,0.837201
100.0,0.950,0.675422
100.0,0.950,0.584141
100.0,0.950,0.597601
100.0,0.950,0.878293
100.0,0.950,0.774998
100.0,0.950,0.606354
100.0,0.950,0.811162
100.0,0.950,0.796690
100.0,0.950,0.908454
100.0,0.950,0.889223
100.0,0.950,0.897851
100.0,0.950,0.874627
100.0,0.950,0.846153
100.0,0.950,0.493748
100.0,0.950,0.882568
100.0,0.950,0.764165
100.0,0.950,0.630220
100.0,0.950,0.748912
100.0,0.950,0.770979
100.0,0.950,0.581653
100.0,0.950,0.656134
100.0,0.950,0.909824
100.0,0.950,0.847019
100.0,0.950,0.656711
100.0,0.950,0.817066
100.0,0.950,0.839592
100.0,0.950,0.793039
100.0,0.950,0.762924
100.0,0.950,0.705449
100.0,0.950,0.806615
100.0,0.950,0.870439
100.0,0.950,0.841040
100.0,0.950,0.879642
100.0,0.950,0.904307
100.0,0.950,0.675822
100.0,0.950,0.652181
100.0,0.950,0.927608
100.0,0.950,0.791955
100.0,0.950,0.851380
100.0,0.950,0.806718
100.0,0.950,0.841001
100.0,0.950,0.876637
100.0,0.850,0.184089
100.0,0.850,0.407550
100.0,0.850,0.096168
100.0,0.850,-0.135452
100.0,0.850,-0.027327
100.0,0.850,0.270882
100.0,0.850,0.155037
100.0,0.850,0.132398
100.0,0.850,0.127107
100.0,0.850,0.024366
100.0,0.850,0.237618
100.0,0.850,0.223930
100.0,0.850,-0.057785
100.0,0.850,0.171196
100.0,0.850,-0.078783
100.0,0.850,-0.036083
100.0,0.850,0.274150
100.0,0.850,0.242536
100.0,0.850,0.280925
100.0,0.850,0.065964
100.0,0.850,0.224728
100.0,0.850,-0.099110
100.0,0.850,0.241150
100.0,0.850,-0.017191
100.0,0.850,-0.229261
100.0,0.850,0.213383
100.0,0.850,0.111561
100.0,0.850,-0.007870
100.0,0.850,0.064274
100.0,0.850,0.264172
100.0,0.850,0.335560
100.0,0.850,0.023998
100.0,0.850,-0.004614
100.0,0.850,0.131740
100.0,0.850,0.321654
100.0,0.850,0.277889
100.0,0.850,-0.072274
100.0,0.850,0.080801
100.0,0.850,0.191876
100.0,0.850,0.045253
100.0,0.850,-0.022983
100.0,0.850,0.232084
100.0,0.850,0.285502
100.0,0.850,0.151529
100.0,0.850,0.281969
100.0,0.850,0.020254
100.0,0.850,0.171176
100.0,0.850,0.157038
100.0,0.850,0.231015
100.0,0.850,0.076107
100.0,0.850,-0.006204
100.0,0.850,0.166822
100.0,0.850,0.144484
100.0,0.850,0.203759
100.0,0.850,0.100800
100.0,0.850,0.221730
100.0,0.850,0.071851
100.0,0.850,0.172781
100.0,0.850,0.271574
100.0,0.850,0.033153
100.0,0.850,0.313689
100.0,0.850,0.108521
100.0,0.850,0.317920
100.0,0.850,0.232632
100.0,0.850,0.214324
100.0,0.850,0.085492
100.0,0.850,0.180738
100.0,0.850,0.120018
100.0,0.850,0.283322
100.0,0.850,-0.143655
100.0,0.850,0.149341
100.0,0.850,0.378606
100.0,0.850,0.210540
100.0,0.850,-0.159918
100.0,0.850,0.405785
100.0,0.850,0.370318
100.0,0.850,0.360265
100.0,0.850,-0.002271
100.0,0.850,0.305322
100.0,0.850,0.046109
100.0,0.850,0.011178
100.0,0.850,0.185250
100.0,0.850,0.143940
100.0,0.850,0.060981
100.0,0.850,0.483215
100.0,0.850,0.319117
100.0,0.850,0.292367
100.0,0.850,0.101809
100.0,0.850,0.095152
100.0,0.850,0.293957
100.0,0.850,0.148436
100.0,0.850,0.266363
100.0,0.850,0.207092
100.0,0.850,-0.069492
100.0,0.850,0.175693
100.0,0.850,0.014508
100.0,0.850,-0.146609
100.0,0.850,0.221669
100.0,0.850,0.308805
100.0,0.850,0.357197
100.0,0.903,0.732707
100.0,0.903,0.659665
100.0,0.903,0.414520
100.0,0.903,-0.028511
100.0,0.903,0.409625
100.0,0.903,0.753705
100.0,0.903,0.554098
100.0,0.903,0.614443
100.0,0.903,0.784906
100.0,0.903,0.659144
100.0,0.903,0.715746
100.0,0.903,0.600360
100.0,0.903,0.428015
100.0,0.903,0.559919
100.0,0.903,0.527263
100.0,0.903,-0.052962
100.0,0.903,0.154146
100.0,0.903,0.696028
100.0,0.903,0.359071
100.0,0.903,0.644575
100.0,0.903,0.157379
100.0,0.903,0.547315
100.0,0.903,0.282866
100.0,0.903,0.386937
100.0,0.903,0.757311
100.0,0.903,0.442288
100.0,0.903,0.790020
100.0,0.903,0.459757
100.0,0.903,0.402373
100.0,0.903,0.773735
100.0,0.903,0.617252
100.0,0.903,0.501718
100.0,0.903,0.515555
100.0,0.903,0.383608
100.0,0.903,0.656206
100.0,0.903,0.479401
100.0,0.903,0.558418
100.0,0.903,0.196212
100.0,0.903,0.477188
100.0,0.903,-0.068790
100.0,0.903,0.444332
100.0,0.903,0.514449
100.0,0.903,0.557602
100.0,0.903,0.512057
100.0,0.903,0.549676
100.0,0.903,0.463432
100.0,0.903,0.565428
100.0,0.903,0.777909
100.0,0.903,0.660330
100.0,0.903,0.187741
100.0,0.903,0.614587
100.0,0.903,-0.498418
100.0,0.903,0.492913
100.0,0.903,0.266893
100.0,0.903,0.753277
100.0,0.903,0.756397
100.0,0.903,0.272106
100.0,0.903,0.493742
100.0,0.903,0.617524
100.0,0.903,0.393073
100.0,0.903,0.541839
100.0,0.903,0.623845
100.0,0.903,0.743506
100.0,0.903,0.551470
100.0,0.903,0.758529
100.0,0.903,0.459822
100.0,0.903,0.436842
100.0,0.903,0.750839
100.0,0.903,0.055898
100.0,0.903,0.598238
100.0,0.903,0.574793
100.0,0.903,0.556384
100.0,0.903,0.685688
100.0,0.903,0.360282
100.0,0.903,0.140326
100.0,0.903,0.680246
100.0,0.903,0.048970
100.0,0.903,0.737137
100.0,0.903,0.332019
100.0,0.903,0.333011
100.0,0.903,0.627827
100.0,0.903,-0.580411
100.0,0.903,0.680744
100.0,0.903,-0.214666
100.0,0.903,0.447347
100.0,0.903,0.533392
100.0,0.903,0.329098
100.0,0.903,0.829163
100.0,0.903,0.581257
100.0,0.903,0.506187
100.0,0.903,0.703032
100.0,0.903,0.551077
100.0,0.903,0.668825
100.0,0.903,0.564995
100.0,0.903,0.524818
100.0,0.903,0.601150
100.0,0.903,0.675164
100.0,0.903,0.404596
100.0,0.903,0.559568
100.0,0.903,0.777802
100.0,0.950,0.873477
100.0,0.950,0.782891
100.0,0.950,0.768840
100.0,0.950,0.789115
100.0,0.950,0.557677
100.0,0.950,0.835634
100.0,0.950,0.805584
100.0,0.950,0.894494
100.0,0.950,0.906635
100.0,0.950,0.696572
100.0,0.950,0.771737
100.0,0.950,0.875121
100.0,0.950,0.604488
100.0,0.950,0.681552
100.0,0.950,0.904960
100.0,0.950,0.850903
100.0,0.950,0.870241
100.0,0.950,0.747963
100.0,0.950,0.873075
100.0,0.950,0.540479
100.0,0.950,0.838202
100.0,0.950,0.925316
100.0,0.950,0.781628
100.0,0.950,0.781951
100.0,0.950,0.780137
100.0,0.950,0.833370
100.0,0.950,0.848147
100.0,0.950,0.728400
100.0,0.950,0.816606
100.0,0.950,0.695922
100.0,0.950,0.692874
100.0,0.950,0.704944
100.0,0.950,0.799176
100.0,0.950,0.694048
100.0,0.950,0.920974
100.0,0.950,0.821179
100.0,0.950,0.901203
100.0,0.950,0.771430
100.0,0.950,0.704326
100.0,0.950,0.819877
100.0,0.950,0.783618
100.0,0.950,0.902546
100.0,0.950,0.801766
100.0,0.950,0.878772
100.0,0.950,0.677833
100.0,0.950,0.903971
100.0,0.950,0.718730
100.0,0.950,0.787832
100.0,0.950,0.771507
100.0,0.950,0.771639
100.0,0.950,0.839540
100.0,0.950,0.594638
100.0,0.950,0.836393
100.0,0.950,0.769087
100.0,0.950,0.858984
100.0,0.950,0.516688
100.0,0.950,0.917930
100.0,0.950,0.862692
100.0,0.950,0.721356
100.0,0.950,0.793441
100.0,0.950,0.873990
100.0,0.950,0.909241
100.0,0.950,0.844300
100.0,0.950,0.808833
100.0,0.950,0.896697
100.0,0.950,0.902401
100.0,0.950,0.766478
100.0,0.950,0.708460
100.0,0.950,0.768024
100.0,0.950,0.892162
100.0,0.950,0.811786
100.0,0.950,0.452160
100.0,0.950,0.794896
100.0,0.950,0.889496
100.0,0.950,0.919058
100.0,0.950,0.857699
100.0,0.950,0.681586
100.0,0.950,0.811754
100.0,0.950,0.751983
100.0,0.950,0.709130
100.0,0.950,0.848205
100.0,0.950,0.508670
100.0,0.950,0.869404
100.0,0.950,0.737471
100.0,0.950,0.800980
100.0,0.950,0.898185
100.0,0.950,0.758406
100.0,0.950,0.776874
100.0,0.950,0.851676
100.0,0.950,0.255196
100.0,0.950,0.720218
100.0,0.950,0.610543
100.0,0.950,0.889296
100.0,0.950,0.884281
100.0,0.950,0.526015
100.0,0.950,0.693859
100.0,0.950,0.745289
100.0,0.950,0.906759
100.0,0.950,0.665365
100.0,0.950,0.535716
100.0,0.850,-0.035118
100.0,0.850,-0.022002
100.0,0.850,0.074260
100.0,0.850,0.021395
100.0,0.850,-0.026037
100.0,0.850,0.019065
100.0,0.850,0.296899
100.0,0.850,-0.030828
100.0,0.850,0.219011
100.0,0.850,-0.025351
100.0,0.850,0.380679
100.0,0.850,0.203180
100.0,0.850,0.210724
100.0,0.850,-0.004366
100.0,0.850,0.057440
100.0,0.850,0.185383
100.0,0.850,0.246924
100.0,0.850,-0.296944
100.0,0.850,-0.013463
100.0,0.850,0.361350
100.0,0.850,0.197702
100.0,0.850,0.118074
100.0,0.850,0.439012
100.0,0.850,0.295725
100.0,0.850,0.128341
100.0,0.850,0.073170
100.0,0.850,0.284399
100.0,0.850,-0.022017
100.0,0.850,0.087147
100.0,0.850,0.218571
100.0,0.850,0.118386
100.0,0.850,0.039468
100.0,0.850,0.044170
100.0,0.850,0.351786
100.0,0.850,0.028010
100.0,0.850,0.059730
100.0,0.850,0.039239
100.0,0.850,0.234376
100.0,0.850,0.016399
100.0,0.850,0.072838
100.0,0.850,0.207108
100.0,0.850,-0.017595
100.0,0.850,-0.093967
100.0,0.850,0.247334
100.0,0.850,0.116416
100.0,0.850,-0.129474
100.0,0.850,0.447185
100.0,0.850,0.119931
100.0,0.850,0.049136
100.0,0.850,0.261996
100.0,0.850,0.410646
100.0,0.850,0.003375
100.0,0.850,0.291658
100.0,0.850,0.232767
100.0,0.850,0.141731
100.0,0.850,0.125312
100.0,0.850,0.026101
100.0,0.850,0.161729
100.0,0.850,0.058349
100.0,0.850,0.243093
100.0,0.850,-0.029269
100.0,0.850,-0.017709
100.0,0.850,0.099204
100.0,0.850,0.274065
100.0,0.850,0.265235
100.0,0.850,-0.039740
100.0,0.850,-0.074405
100.0,0.850,0.001617
100.0,0.850,-0.033102
100.0,0.850,0.089883
100.0,0.850,0.008708
100.0,0.850,0.068586
100.0,0.850,0.113347
100.0,0.850,0.326053
100.0,0.850,0.184186
100.0,0.850,-0.197604
100.0,0.850,0.023345
100.0,0.850,0.233949
100.0,0.850,0.186791
100.0,0.850,0.306976
100.0,0.850,0.006295
100.0,0.850,0.076727
100.0,0.850,0.024492
100.0,0.850,0.242747
100.0,0.850,0.335875
100.0,0.850,0.056347
100.0,0.850,0.343075
100.0,0.850,0.121381
100.0,0.850,0.033080
100.0,0.850,0.050585
100.0,0.850,-0.027252
100.0,0.850,0.043326
100.0,0.850,-0.082812
100.0,0.850,0.091125
100.0,0.850,0.108704
100.0,0.850,0.281541
100.0,0.850,0.306796
100.0,0.850,0.341562
100.0,0.850,0.089511
100.0,0.850,0.242203
100.0,0.903,-0.446365
100.0,0.903,0.361683
100.0,0.903,0.120400
100.0,0.903,0.459900
100.0,0.903,-0.287768
100.0,0.903,0.015200
100.0,0.903,0.157182
100.0,0.903,0.611565
100.0,0.903,0.182313
100.0,0.903,0.443014
100.0,0.903,0.756809
100.0,0.903,0.019080
100.0,0.903,0.554646
100.0,0.903,0.537003
100.0,0.903,0.420596
100.0,0.903,0.550535
100.0,0.903,0.505182
100.0,0.903,0.335500
100.0,0.903,0.520864
100.0,0.903,0.738301
100.0,0.903,0.728006
100.0,0.903,0.311068
100.0,0.903,0.523742
100.0,0.903,0.534700
100.0,0.903,0.651634
100.0,0.903,0.431817
100.0,0.903,0.231340
100.0,0.903,0.538959
100.0,0.903,0.371458
100.0,0.903,0.454676
100.0,0.903,0.437182
100.0,0.903,0.288309
100.0,0.903,0.598361
100.0,0.903,0.216205
100.0,0.903,0.273105
100.0,0.903,0.342775
100.0,0.903,0.547285
100.0,0.903,0.484690
100.0,0.903,0.139951
100.0,0.903,0.331208
100.0,0.903,0.554176
100.0,0.903,0.226266
100.0,0.903,0.202241
100.0,0.903,0.564235
100.0,0.903,0.510626
100.0,0.903,0.682286
100.0,0.903,0.303045
100.0,0.903,0.203891
100.0,0.903,0.259424
100.0,0.903,0.461135
100.0,0.903,0.419089
100.0,0.903,0.584024
100.0,0.903,0.668079
100.0,0.903,0.337098
100.0,0.903,0.228787
100.0,0.903,0.574487
100.0,0.903,0.703112
100.0,0.903,0.463891
100.0,0.903,0.419507
100.0,0.903,0.233196
100.0,0.903,0.225735
100.0,0.903,0.547755
100.0,0.903,0.666292
100.0,0.903,0.334959
100.0,0.903,0.435212
100.0,0.903,0.473509
100.0,0.903,0.367257
100.0,0.903,0.284954
100.0,0.903,0.506822
100.0,0.903,0.588762
100.0,0.903,0.570332
100.0,0.903,0.707972
100.0,0.903,0.453628
100.0,0.903,0.666531
100.0,0.903,0.706362
100.0,0.903,0.422589
100.0,0.903,0.775180
100.0,0.903,0.507364
100.0,0.903,-0.022394
100.0,0.903,0.642156
100.0,0.903,0.463586
100.0,0.903,0.633467
100.0,0.903,0.415522
100.0,0.903,0.080694
100.0,0.903,0.326937
100.0,0.903,0.410841
100.0,0.903,0.341980
100.0,0.903,0.621592
100.0,0.903,0.724856
100.0,0.903,0.632908
100.0,0.903,0.372633
100.0,0.903,0.676262
100.0,0.903,0.454822
100.0,0.903,0.248478
100.0,0.903,0.642862
100.0,0.903,0.305058
100.0,0.903,0.634944
100.0,0.903,0.364657
100.0,0.903,0.778794
100.0,0.903,0.268750
100.0,0.950,0.847234
100.0,0.950,0.825070
100.0,0.950,0.884277
100.0,0.950,0.758947
100.0,0.950,0.889685
100.0,0.950,0.766035
100.0,0.950,0.399039
100.0,0.950,0.628374
100.0,0.950,0.900180
100.0,0.950,0.849673
100.0,0.950,0.896233
100.0,0.950,0.912099
100.0,0.950,0.727352
100.0,0.950,0.886216
100.0,0.950,0.928289
100.0,0.950,0.878906
100.0,0.950,0.611280
100.0,0.950,0.578854
100.0,0.950,0.943363
100.0,0.950,0.822682
100.0,0.950,0.806295
100.0,0.950,0.707116
100.0,0.950,0.685638
100.0,0.950,0.840179
100.0,0.950,0.846272
100.0,0.950,0.894313
100.0,0.950,0.873327
100.0,0.950,0.840963
100.0,0.950,0.669324
100.0,0.950,0.844835
100.0,0.950,0.735888
100.0,0.950,0.670988
100.0,0.950,0.908779
100.0,0.950,0.912435
100.0,0.950,0.723702
100.0,0.950,0.901771
100.0,0.950,0.910333
100.0,0.950,0.908680
100.0,0.950,0.849447
100.0,0.950,0.554361
100.0,0.950,0.881258
100.0,0.950,0.920311
100.0,0.950,0.823757
100.0,0.950,0.458520
100.0,0.950,0.934354
100.0,0.950,0.792782
100.0,0.950,0.929838
100.0,0.950,0.833936
100.0,0.950,0.598650
100.0,0.950,0.882996
100.0,0.950,0.882433
100.0,0.950,0.878993
100.0,0.950,0.884564
100.0,0.950,0.790956
100.0,0.950,0.818492
100.0,0.950,0.636352
100.0,0.950,0.815541
100.0,0.950,0.872388
100.0,0.950,0.910919
100.0,0.950,0.829506
100.0,0.950,0.839425
100.0,0.950,0.621084
100.0,0.950,0.886818
100.0,0.950,0.750883
100.0,0.950,0.829508
100.0,0.950,0.859120
100.0,0.950,0.907163
100.0,0.950,0.703862
100.0,0.950,0.809009
100.0,0.950,0.341998
100.0,0.950,0.939981
100.0,0.950,0.902550
100.0,0.950,0.621861
100.0,0.950,0.655339
100.0,0.950,0.864239
100.0,0.950,0.790607
100.0,0.950,0.885289
100.0,0.950,0.723038
100.0,0.950,0.766103
100.0,0.950,0.765978
100.0,0.950,0.889916
100.0,0.950,0.812969
100.0,0.950,0.908682
100.0,0.950,0.897585
100.0,0.950,0.904415
100.0,0.950,0.867394
100.0,0.950,0.659644
100.0,0.950,0.887147
100.0,0.950,0.614859
100.0,0.950,0.736556
100.0,0.950,0.797380
100.0,0.950,0.753205
100.0,0.950,0.893514
100.0,0.950,0.806763
100.0,0.950,0.712768
100.0,0.950,0.787226
100.0,0.950,0.478414
100.0,0.950,0.783436
100.0,0.950,0.590676
100.0,0.950,0.683674
100.0,0.850,0.110751
100.0,0.850,-0.180154
100.0,0.850,0.070603
100.0,0.850,-0.140767
100.0,0.850,0.291975
100.0,0.850,-0.060643
100.0,0.850,0.160091
100.0,0.850,-0.094022
100.0,0.850,-0.109953
100.0,0.850,0.237369
100.0,0.850,0.278902
100.0,0.850,0.212570
100.0,0.850,0.351824
100.0,0.850,-0.034430
100.0,0.850,0.295029
100.0,0.850,0.152246
100.0,0.850,-0.119557
100.0,0.850,0.114739
100.0,0.850,0.082108
100.0,0.850,0.059790
100.0,0.850,-0.207411
100.0,0.850,0.224755
100.0,0.850,0.184268
100.0,0.850,0.536971
100.0,0.850,0.097322
100.0,0.850,0.327794
100.0,0.850,0.063077
100.0,0.850,-0.042545
100.0,0.850,0.301801
100.0,0.850,-0.125446
100.0,0.850,0.170716
100.0,0.850,0.182179
100.0,0.850,0.094350
100.0,0.850,-0.064098
100.0,0.850,-0.243736
100.0,0.850,0.233369
100.0,0.850,-0.161292
100.0,0.850,-0.015966
100.0,0.850,0.167688
100.0,0.850,-0.041199
100.0,0.850,-0.057245
100.0,0.850,0.131123
100.0,0.850,0.277790
100.0,0.850,0.227303
100.0,0.850,0.019705
100.0,0.850,0.028015
100.0,0.850,0.479745
100.0,0.850,-0.175251
100.0,0.850,0.200925
100.0,0.850,-0.068332
100.0,0.850,0.052823
100.0,0.850,-0.219739
100.0,0.850,0.094832
100.0,0.850,-0.009425
100.0,0.850,0.160234
100.0,0.850,0.256237
100.0,0.850,-0.058089
100.0,0.850,-0.016585
100.0,0.850,0.065215
100.0,0.850,0.399114
100.0,0.850,-0.037252
100.0,0.850,-0.154042
100.0,0.850,0.213013
100.0,0.850,0.293619
100.0,0.850,0.310038
100.0,0.850,0.279035
100.0,0.850,0.115971
100.0,0.850,0.126776
100.0,0.850,0.165937
100.0,0.850,0.194574
100.0,0.850,0.099922
100.0,0.850,-0.084808
100.0,0.850,0.061854
100.0,0.850,0.189461
100.0,0.850,-0.006020
100.0,0.850,0.036782
100.0,0.850,-0.334662
100.0,0.850,0.012586
100.0,0.850,0.253119
100.0,0.850,0.272273
100.0,0.850,0.263080
100.0,0.850,0.042504
100.0,0.850,-0.169565
100.0,0.850,0.003975
100.0,0.850,0.160275
100.0,0.850,0.209050
100.0,0.850,0.088253
100.0,0.850,0.194250
100.0,0.850,0.173382
100.0,0.850,0.007165
100.0,0.850,0.051272
100.0,0.850,0.250273
100.0,0.850,0.116626
100.0,0.850,0.147375
100.0,0.850,-0.074630
100.0,0.850,0.176003
100.0,0.850,-0.017350
100.0,0.850,0.084760
100.0,0.850,0.334208
100.0,0.850,0.154045
100.0,0.903,-0.106525
100.0,0.903,-0.004665
100.0,0.903,0.440886
100.0,0.903,0.155762
100.0,0.903,0.409537
100.0,0.903,0.618087
100.0,0.903,0.147148
100.0,0.903,0.478588
100.0,0.903,0.265694
100.0,0.903,0.456010
100.0,0.903,0.046066
100.0,0.903,0.366694
100.0,0.903,0.187615
100.0,0.903,0.489670
100.0,0.903,0.438258
100.0,0.903,0.545934
100.0,0.903,0.293929
100.0,0.903,0.639164
100.0,0.903,0.617840
100.0,0.903,0.350055
100.0,0.903,0.342742
100.0,0.903,-0.022761
100.0,0.903,0.649105
100.0,0.903,0.455318
100.0,0.903,0.629878
100.0,0.903,0.500999
100.0,0.903,0.098497
100.0,0.903,0.420911
100.0,0.903,0.066168
100.0,0.903,0.479331
100.0,0.903,0.583370
100.0,0.903,0.313425
100.0,0.903,0.097085
100.0,0.903,0.417823
100.0,0.903,0.413970
100.0,0.903,0.507649
100.0,0.903,0.743539
100.0,0.903,0.671411
100.0,0.903,0.426569
100.0,0.903,0.314040
100.0,0.903,0.683502
100.0,0.903,0.384289
100.0,0.903,0.662988
100.0,0.903,0.129939
100.0,0.903,0.181347
100.0,0.903,0.513712
100.0,0.903,0.733111
100.0,0.903,0.650957
100.0,0.903,0.347594
100.0,0.903,0.384255
100.0,0.903,0.759562
100.0,0.903,0.227992
100.0,0.903,0.045235
100.0,0.903,0.365295
100.0,0.903,0.702426
100.0,0.903,0.415707
100.0,0.903,0.465740
100.0,0.903,0.553838
100.0,0.903,0.362561
100.0,0.903,0.676320
100.0,0.903,0.309247
100.0,0.903,0.336103
100.0,0.903,0.554333
100.0,0.903,0.506610
100.0,0.903,0.585169
100.0,0.903,0.325001
100.0,0.903,0.583675
100.0,0.903,0.541050
100.0,0.903,0.436241
100.0,0.903,0.487605
100.0,0.903,0.511104
100.0,0.903,0.628633
100.0,0.903,0.618807
100.0,0.903,0.433551
100.0,0.903,0.532427
100.0,0.903,0.444438
100.0,0.903,0.599903
100.0,0.903,0.456391
100.0,0.903,0.560024
100.0,0.903,0.500549
100.0,0.903,-0.463374
100.0,0.903,0.623979
100.0,0.903,0.632110
100.0,0.903,0.431606
100.0,0.903,0.345066
100.0,0.903,0.519313
100.0,0.903,0.086569
100.0,0.903,0.460952
100.0,0.903,0.453491
100.0,0.903,0.316932
100.0,0.903,0.588600
100.0,0.903,0.323401
100.0,0.903,0.431086
100.0,0.903,0.406837
100.0,0.903,0.636026
100.0,0.903,0.530883
100.0,0.903,0.261954
100.0,0.903,0.301758
100.0,0.903,0.527326
100.0,0.903,0.431361
100.0,0.950,0.915274
100.0,0.950,0.813876
100.0,0.950,0.879555
100.0,0.950,0.874213
100.0,0.950,0.603474
100.0,0.950,0.893337
100.0,0.950,0.844218
100.0,0.950,0.659044
100.0,0.950,0.788948
100.0,0.950,0.850168
100.0,0.950,0.786691
100.0,0.950,0.875721
100.0,0.950,0.885772
100.0,0.950,0.709636
100.0,0.950,0.894690
100.0,0.950,0.886728
100.0,0.950,0.851468
100.0,0.950,0.689445
100.0,0.950,0.755560
100.0,0.950,0.895684
100.0,0.950,0.795488
100.0,0.950,0.825783
100.0,0.950,0.792363
100.0,0.950,0.861585
100.0,0.950,0.906741
100.0,0.950,0.646555
100.0,0.950,0.850488
100.0,0.950,0.742714
100.0,0.950,0.888385
100.0,0.950,0.642062
100.0,0.950,0.820972
100.0,0.950,0.793223
100.0,0.950,0.577228
100.0,0.950,0.882257
100.0,0.950,0.929355
100.0,0.950,0.629785
100.0,0.950,0.858527
100.0,0.950,0.728917
100.0,0.950,0.850020
100.0,0.950,0.509743
100.0,0.950,0.851797
100.0,0.950,0.800867
100.0,0.950,0.687994
100.0,0.950,0.818618
100.0,0.950,0.578496
100.0,0.950,0.707662
100.0,0.950,0.924458
100.0,0.950,0.846851
100.0,0.950,0.684728
100.0,0.950,0.834786
100.0,0.950,0.895395
100.0,0.950,0.884241
100.0,0.950,0.808894
100.0,0.950,0.900590
100.0,0.950,0.799788
100.0,0.950,0.611871
100.0,0.950,0.736042
100.0,0.950,0.742874
100.0,0.950,0.847259
100.0,0.950,0.891907
100.0,0.950,0.590453
100.0,0.950,0.849522
100.0,0.950,0.514423
100.0,0.950,0.883158
100.0,0.950,0.888169
100.0,0.950,0.814895
100.0,0.950,0.866332
100.0,0.950,0.778521
100.0,0.950,0.821167
100.0,0.950,0.740769
100.0,0.950,0.912141
100.0,0.950,0.677037
100.0,0.950,0.643177
100.0,0.950,0.737867
100.0,0.950,0.860056
100.0,0.950,0.815743
100.0,0.950,0.673391
100.0,0.950,0.845641
100.0,0.950,0.843991
100.0,0.950,0.722037
100.0,0.950,0.834609
100.0,0.950,0.578122
100.0,0.950,0.815822
100.0,0.950,0.741602
100.0,0.950,0.858008
100.0,0.950,0.883516
100.0,0.950,0.853152
100.0,0.950,0.667966
100.0,0.950,0.777822
100.0,0.950,0.731230
100.0,0.950,0.872920
100.0,0.950,0.829720
100.0,0.950,0.862953
100.0,0.950,0.701640
100.0,0.950,0.893012
100.0,0.950,0.785728
100.0,0.950,0.811546
100.0,0.950,0.875487
100.0,0.950,0.678850
100.0,0.950,0.880183
100.0,0.850,0.017475
100.0,0.850,-0.025113
100.0,0.850,-0.070613
100.0,0.850,-0.202131
100.0,0.850,-0.043820
100.0,0.850,0.258150
100.0,0.850,0.082186
100.0,0.850,-0.157298
100.0,0.850,0.366711
100.0,0.850,-0.023818
100.0,0.850,0.021873
100.0,0.850,0.015236
100.0,0.850,0.349922
100.0,0.850,-0.096886
100.0,0.850,0.222639
100.0,0.850,0.093316
100.0,0.850,0.296917
100.0,0.850,-0.255781
100.0,0.850,-0.153902
100.0,0.850,0.036269
100.0,0.850,0.040302
100.0,0.850,0.059697
100.0,0.850,0.296458
100.0,0.850,-0.084808
100.0,0.850,0.002537
100.0,0.850,-0.063252
100.0,0.850,0.068134
100.0,0.850,0.102539
100.0,0.850,-0.024923
100.0,0.850,0.088555
100.0,0.850,-0.281393
100.0,0.850,0.267159
100.0,0.850,-0.041772
100.0,0.850,0.025084
100.0,0.850,0.108663
100.0,0.850,0.086662
100.0,0.850,-0.027492
100.0,0.850,0.110536
100.0,0.850,-0.231365
100.0,0.850,-0.125577
100.0,0.850,0.252673
100.0,0.850,-0.065112
100.0,0.850,-0.009724
100.0,0.850,0.217531
100.0,0.850,0.154098
100.0,0.850,-0.002121
100.0,0.850,0.273374
100.0,0.850,0.395818
100.0,0.850,0.088974
100.0,0.850,0.257913
100.0,0.850,0.106774
100.0,0.850,-0.033428
100.0,0.850,0.201945
100.0,0.850,-0.174732
100.0,0.850,0.329095
100.0,0.850,0.395050
100.0,0.850,-0.077695
100.0,0.850,0.142133
100.0,0.850,0.117589
100.0,0.850,0.140084
100.0,0.850,0.107906
100.0,0.850,0.235460
100.0,0.850,0.135295
100.0,0.850,0.095188
100.0,0.850,0.095203
100.0,0.850,-0.165112
100.0,0.850,-0.107030
100.0,0.850,-0.244342
100.0,0.850,0.006156
100.0,0.850,0.041187
100.0,0.850,0.471134
100.0,0.850,0.110669
100.0,0.850,-0.015141
100.0,0.850,-0.137827
100.0,0.850,-0.077237
100.0,0.850,-0.069957
100.0,0.850,0.086591
100.0,0.850,-0.096737
100.0,0.850,0.154291
100.0,0.850,0.075033
100.0,0.850,-0.146014
100.0,0.850,-0.065223
100.0,0.850,0.312567
100.0,0.850,0.034470
100.0,0.850,0.108397
100.0,0.850,-0.000947
100.0,0.850,-0.190821
100.0,0.850,0.202898
100.0,0.850,-0.126860
100.0,0.850,-0.049037
100.0,0.850,-0.013727
100.0,0.850,0.118063
100.0,0.850,-0.245782
100.0,0.850,0.191356
100.0,0.850,0.144313
100.0,0.850,0.191244
100.0,0.850,-0.055531
100.0,0.850,0.165189
100.0,0.850,0.088272
100.0,0.850,-0.300810
100.0,0.903,0.336945
100.0,0.903,0.444605
100.0,0.903,0.321743
100.0,0.903,0.014813
100.0,0.903,0.606681
100.0,0.903,0.315855
100.0,0.903,0.579951
100.0,0.903,-0.004666
100.0,0.903,0.490231
100.0,0.903,0.269071
100.0,0.903,0.281669
100.0,0.903,0.202669
100.0,0.903,0.356395
100.0,0.903,0.445705
100.0,0.903,0.488564
100.0,0.903,0.075108
100.0,0.903,0.449165
100.0,0.903,0.270902
100.0,0.903,0.390165
100.0,0.903,0.462141
100.0,0.903,0.510279
100.0,0.903,0.377810
100.0,0.903,0.497215
100.0,0.903,0.221797
100.0,0.903,-0.095622
100.0,0.903,0.022517
100.0,0.903,0.320896
100.0,0.903,0.388027
100.0,0.903,0.467459
100.0,0.903,0.567646
100.0,0.903,0.012901
100.0,0.903,0.376980
100.0,0.903,0.316537
100.0,0.903,0.319913
100.0,0.903,-0.087497
100.0,0.903,0.535471
100.0,0.903,0.471694
100.0,0.903,0.467749
100.0,0.903,0.041476
100.0,0.903,0.217847
100.0,0.903,0.291595
100.0,0.903,0.565415
100.0,0.903,0.209670
100.0,0.903,0.024030
100.0,0.903,0.380566
100.0,0.903,0.302658
100.0,0.903,0.496642
100.0,0.903,0.390387
100.0,0.903,0.461766
100.0,0.903,0.308645
100.0,0.903,0.290880
100.0,0.903,0.067601
100.0,0.903,0.264319
100.0,0.903,0.284997
100.0,0.903,0.397299
100.0,0.903,0.214642
100.0,0.903,-0.013902
100.0,0.903,0.110048
100.0,0.903,0.457959
100.0,0.903,0.378073
100.0,0.903,0.250385
100.0,0.903,0.423649
100.0,0.903,0.459050
100.0,0.903,0.018722
100.0,0.903,0.431006
100.0,0.903,0.460556
100.0,0.903,0.507172
100.0,0.903,0.379880
100.0,0.903,0.277051
100.0,0.903,0.222372
100.0,0.903,0.218368
100.0,0.903,0.581503
100.0,0.903,0.135272
100.0,0.903,0.446020
100.0,0.903,0.396660
100.0,0.903,0.092692
100.0,0.903,0.249597
100.0,0.903,0.690827
100.0,0.903,0.091579
100.0,0.903,0.388806
100.0,0.903,0.171367
100.0,0.903,0.211473
100.0,0.903,0.373315
100.0,0.903,0.299091
100.0,0.903,0.192913
100.0,0.903,0.749065
100.0,0.903,0.115520
100.0,0.903,-0.141116
100.0,0.903,0.475684
100.0,0.903,0.347089
100.0,0.903,0.492568
100.0,0.903,0.195168
100.0,0.903,0.424985
100.0,0.903,0.272937
100.0,0.903,0.550800
100.0,0.903,0.382986
100.0,0.903,0.139982
100.0,0.903,0.414519
100.0,0.903,-0.029292
100.0,0.903,0.411858
100.0,0.950,0.646164
100.0,0.950,0.822205
100.0,0.950,0.794741
100.0,0.950,0.945325
100.0,0.950,0.874081
100.0,0.950,0.662630
100.0,0.950,0.874828
100.0,0.950,0.917925
100.0,0.950,0.839364
100.0,0.950,0.685331
100.0,0.950,0.811389
100.0,0.950,0.780241
100.0,0.950,0.906098
100.0,0.950,0.733383
100.0,0.950,0.827597
100.0,0.950,0.903201
100.0,0.950,0.926747
100.0,0.950,0.612115
100.0,0.950,0.845538
100.0,0.950,0.834433
100.0,0.950,0.756521
100.0,0.950,0.774556
100.0,0.950,0.689439
100.0,0.950,0.879576
100.0,0.950,0.765665
100.0,0.950,0.928250
100.0,0.950,0.855889
100.0,0.950,0.843618
100.0,0.950,0.884205
100.0,0.950,0.794911
100.0,0.950,0.849157
100.0,0.950,0.882211
100.0,0.950,0.893428
100.0,0.950,0.713456
100.0,0.950,0.828203
100.0,0.950,0.936951
100.0,0.950,0.842963
100.0,0.950,0.857743
100.0,0.950,0.902343
100.0,0.950,0.876609
100.0,0.950,0.615157
100.0,0.950,0.919038
100.0,0.950,0.708640
100.0,0.950,0.788909
100.0,0.950,0.530790
100.0,0.950,0.736539
100.0,0.950,0.747649
100.0,0.950,0.772258
100.0,0.950,0.855618
100.0,0.950,0.800975
100.0,0.950,0.764821
100.0,0.950,0.700916
100.0,0.950,0.921257
100.0,0.950,0.784912
100.0,0.950,0.580876
100.0,0.950,0.900157
100.0,0.950,0.929637
100.0,0.950,0.841521
100.0,0.950,0.745406
100.0,0.950,0.841744
100.0,0.950,0.893105
100.0,0.950,0.891673
100.0,0.950,0.900771
100.0,0.950,0.904463
100.0,0.950,0.901011
100.0,0.950,0.813865
100.0,0.950,0.857614
100.0,0.950,0.727513
100.0,0.950,0.923912
100.0,0.950,0.930001
100.0,0.950,0.806383
100.0,0.950,0.938062
100.0,0.950,0.881649
100.0,0.950,0.884830
100.0,0.950,0.634382
100.0,0.950,0.862022
100.0,0.950,0.871292
100.0,0.950,0.845336
100.0,0.950,0.844723
100.0,0.950,0.838092
100.0,0.950,0.862440
100.0,0.950,0.865085
100.0,0.950,0.862953
100.0,0.950,0.915690
100.0,0.950,0.934421
100.0,0.950,0.776329
100.0,0.950,0.927307
100.0,0.950,0.415323
100.0,0.950,0.781736
100.0,0.950,0.804137
100.0,0.950,0.829338
100.0,0.950,0.939199
100.0,0.950,0.824393
100.0,0.950,0.700191
100.0,0.950,0.883331
100.0,0.950,0.807094
100.0,0.950,0.909663
100.0,0.950,0.751061
100.0,0.950,0.883511
100.0,0.950,0.832222
100.0,0.850,0.051565
100.0,0.850,-0.364666
100.0,0.850,-0.300422
100.0,0.850,-0.267418
100.0,0.850,-0.058888
100.0,0.850,-0.157368
100.0,0.850,-0.202151
100.0,0.850,-0.102625
100.0,0.850,-0.345557
100.0,0.850,-0.152001
100.0,0.850,-0.154117
100.0,0.850,-0.277317
100.0,0.850,0.172153
100.0,0.850,-0.202323
100.0,0.850,-0.407383
100.0,0.850,-0.240871
100.0,0.850,-0.080410
100.0,0.850,-0.041305
100.0,0.850,-0.046422
100.0,0.850,-0.165745
100.0,0.850,-0.033103
100.0,0.850,-0.165556
100.0,0.850,-0.162165
100.0,0.850,-0.112276
100.0,0.850,-0.244932
100.0,0.850,-0.090646
100.0,0.850,-0.118523
100.0,0.850,-0.196587
100.0,0.850,-0.022533
100.0,0.850,-0.312579
100.0,0.850,-0.114554
100.0,0.850,0.074553
100.0,0.850,-0.061619
100.0,0.850,-0.166712
100.0,0.850,-0.097990
100.0,0.850,-0.034223
100.0,0.850,0.115583
100.0,0.850,0.001079
100.0,0.850,-0.122089
100.0,0.850,-0.141125
100.0,0.850,-0.227452
100.0,0.850,-0.175434
100.0,0.850,-0.242287
100.0,0.850,-0.083001
100.0,0.850,0.316974
100.0,0.850,-0.140867
100.0,0.850,-0.268915
100.0,0.850,-0.235524
100.0,0.850,-0.334724
100.0,0.850,-0.331353
100.0,0.850,-0.053390
100.0,0.850,-0.149605
100.0,0.850,0.020234
100.0,0.850,-0.221082
100.0,0.850,0.165447
100.0,0.850,-0.138284
100.0,0.850,-0.305623
100.0,0.850,-0.149950
100.0,0.850,-0.149264
100.0,0.850,0.212313
100.0,0.850,-0.007917
100.0,0.850,-0.274757
100.0,0.850,-0.109076
100.0,0.850,-0.254951
100.0,0.850,-0.362394
100.0,0.850,-0.234344
100.0,0.850,-0.259914
100.0,0.850,-0.356748
100.0,0.850,-0.064563
100.0,0.850,0.004374
100.0,0.850,-0.326113
100.0,0.850,-0.189690
100.0,0.850,0.071406
100.0,0.850,-0.248075
100.0,0.850,-0.130102
100.0,0.850,-0.215425
100.0,0.850,-0.175775
100.0,0.850,0.001560
100.0,0.850,0.005850
100.0,0.850,-0.160824
100.0,0.850,-0.201128
100.0,0.850,-0.138844
100.0,0.850,-0.067693
100.0,0.850,-0.176026
100.0,0.850,0.123138
100.0,0.850,-0.418489
100.0,0.850,0.084697
100.0,0.850,-0.402297
100.0,0.850,0.015709
100.0,0.850,-0.180537
100.0,0.850,-0.353553
100.0,0.850,-0.447400
100.0,0.850,-0.119415
100.0,0.850,-0.070695
100.0,0.850,0.109868
100.0,0.850,0.126995
100.0,0.850,-0.134376
100.0,0.850,0.072246
100.0,0.850,0.154991
100.0,0.850,0.169905
100.0,0.903,-0.524478
100.0,0.903,-0.644366
100.0,0.903,-0.387221
100.0,0.903,-0.429372
100.0,0.903,-0.226322
100.0,0.903,-0.221626
100.0,0.903,-0.163280
100.0,0.903,-0.457630
100.0,0.903,-0.586173
100.0,0.903,-0.417433
100.0,0.903,-0.445388
100.0,0.903,-0.618122
100.0,0.903,-0.355257
100.0,0.903,-0.339701
100.0,0.903,-0.208099
100.0,0.903,-0.697918
100.0,0.903,-0.374691
100.0,0.903,-0.391084
100.0,0.903,-0.354889
100.0,0.903,-0.605495
100.0,0.903,-0.181972
100.0,0.903,-0.573915
100.0,0.903,-0.422351
100.0,0.903,-0.536965
100.0,0.903,-0.658678
100.0,0.903,-0.244124
100.0,0.903,-0.390594
100.0,0.903,-0.411546
100.0,0.903,-0.605091
100.0,0.903,-0.351209
100.0,0.903,-0.205844
100.0,0.903,-0.730352
100.0,0.903,-0.045033
100.0,0.903,-0.355389
100.0,0.903,-0.555315
100.0,0.903,-0.417990
100.0,0.903,-0.331310
100.0,0.903,-0.318176
100.0,0.903,-0.561909
100.0,0.903,-0.201274
100.0,0.903,-0.414335
100.0,0.903,-0.395913
100.0,0.903,-0.500275
100.0,0.903,-0.624138
100.0,0.903,0.130269
100.0,0.903,-0.268669
100.0,0.903,-0.618657
100.0,0.903,-0.429261
100.0,0.903,-0.061660
100.0,0.903,-0.578963
100.0,0.903,-0.254431
100.0,0.903,-0.402128
100.0,0.903,-0.508860
100.0,0.903,-0.646878
100.0,0.903,-0.160457
100.0,0.903,-0.498731
100.0,0.903,-0.395482
100.0,0.903,-0.418058
100.0,0.903,-0.050305
100.0,0.903,-0.305528
100.0,0.903,-0.711490
100.0,0.903,-0.693797
100.0,0.903,-0.451582
100.0,0.903,-0.495022
100.0,0.903,-0.546967
100.0,0.903,-0.632407
100.0,0.903,-0.308901
100.0,0.903,-0.401328
100.0,0.903,-0.748570
100.0,0.903,-0.288540
100.0,0.903,-0.327211
100.0,0.903,-0.729787
100.0,0.903,-0.651643
100.0,0.903,-0.197484
100.0,0.903,-0.131806
100.0,0.903,0.135698
100.0,0.903,-0.062696
100.0,0.903,-0.357557
100.0,0.903,-0.128417
100.0,0.903,-0.674880
100.0,0.903,-0.621184
100.0,0.903,-0.406279
100.0,0.903,-0.585591
100.0,0.903,-0.443254
100.0,0.903,-0.461971
100.0,0.903,-0.395732
100.0,0.903,-0.274253
100.0,0.903,-0.232130
100.0,0.903,-0.676132
100.0,0.903,-0.551366
100.0,0.903,-0.376454
100.0,0.903,-0.108381
100.0,0.903,-0.295037
100.0,0.903,-0.584036
100.0,0.903,-0.360540
100.0,0.903,-0.270576
100.0,0.903,-0.564516
100.0,0.903,-0.454056
100.0,0.903,-0.434856
100.0,0.903,-0.358758
100.0,0.950,-0.806501
100.0,0.950,-0.907515
100.0,0.950,-0.580965
100.0,0.950,-0.882751
100.0,0.950,-0.805857
100.0,0.950,-0.845739
100.0,0.950,-0.835759
100.0,0.950,-0.775141
100.0,0.950,-0.330664
100.0,0.950,-0.603961
100.0,0.950,-0.940045
100.0,0.950,-0.881394
100.0,0.950,-0.838222
100.0,0.950,-0.840221
100.0,0.950,-0.675173
100.0,0.950,-0.922165
100.0,0.950,-0.921903
100.0,0.950,-0.813834
100.0,0.950,-0.841526
100.0,0.950,-0.846753
100.0,0.950,-0.875389
100.0,0.950,-0.908385
100.0,0.950,-0.769162
100.0,0.950,-0.740082
100.0,0.950,-0.795627
100.0,0.950,-0.807740
100.0,0.950,-0.900306
100.0,0.950,-0.489350
100.0,0.950,-0.699011
100.0,0.950,-0.859552
100.0,0.950,-0.822929
100.0,0.950,-0.810328
100.0,0.950,-0.769236
100.0,0.950,-0.904085
100.0,0.950,-0.886424
100.0,0.950,-0.772989
100.0,0.950,-0.844549
100.0,0.950,-0.580258
100.0,0.950,-0.894856
100.0,0.950,-0.785851
100.0,0.950,-0.685766
100.0,0.950,-0.869122
100.0,0.950,-0.908391
100.0,0.950,-0.802761
100.0,0.950,-0.916136
100.0,0.950,-0.606660
100.0,0.950,-0.914823
100.0,0.950,-0.883114
100.0,0.950,-0.683518
100.0,0.950,-0.922704
100.0,0.950,-0.875257
100.0,0.950,-0.737661
100.0,0.950,-0.817134
100.0,0.950,-0.655103
100.0,0.950,-0.691278
100.0,0.950,-0.729083
100.0,0.950,-0.889663
100.0,0.950,-0.934137
100.0,0.950,-0.851596
100.0,0.950,-0.910719
100.0,0.950,-0.816213
100.0,0.950,-0.720921
100.0,0.950,-0.672604
100.0,0.950,-0.883374
100.0,0.950,-0.774877
100.0,0.950,-0.646729
100.0,0.950,-0.738354
100.0,0.950,-0.853487
100.0,0.950,-0.911353
100.0,0.950,-0.619471
100.0,0.950,-0.761689
100.0,0.950,-0.779166
100.0,0.950,-0.893233
100.0,0.950,-0.832001
100.0,0.950,-0.822416
100.0,0.950,-0.840465
100.0,0.950,-0.904495
100.0,0.950,-0.558085
100.0,0.950,-0.931705
100.0,0.950,-0.847195
100.0,0.950,-0.767854
100.0,0.950,-0.714018
100.0,0.950,-0.806036
100.0,0.950,-0.852202
100.0,0.950,-0.732360
100.0,0.950,-0.679569
100.0,0.950,-0.888431
100.0,0.950,-0.791795
100.0,0.950,-0.910702
100.0,0.950,-0.886169
100.0,0.950,-0.711516
100.0,0.950,-0.571308
100.0,0.950,-0.874063
100.0,0.950,-0.660972
100.0,0.950,-0.851034
100.0,0.950,-0.887402
100.0,0.950,-0.876987
100.0,0.950,-0.701821
100.0,0.950,-0.892219
100.0,0.950,-0.820022
100.0,0.850,0.155184
100.0,0.850,0.019880
100.0,0.850,0.167160
100.0,0.850,-0.236916
100.0,0.850,-0.274334
100.0,0.850,-0.058057
100.0,0.850,0.082779
100.0,0.850,-0.000092
100.0,0.850,0.017643
100.0,0.850,0.062113
100.0,0.850,-0.002641
100.0,0.850,-0.034272
100.0,0.850,-0.195213
100.0,0.850,0.162964
100.0,0.850,-0.118042
100.0,0.850,0.073746
100.0,0.850,0.012592
100.0,0.850,0.038044
100.0,0.850,-0.121129
100.0,0.850,-0.061748
100.0,0.850,-0.301455
100.0,0.850,-0.250911
100.0,0.850,0.108934
100.0,0.850,-0.104512
100.0,0.850,0.073113
100.0,0.850,-0.331520
100.0,0.850,-0.014403
100.0,0.850,0.283372
100.0,0.850,-0.297374
100.0,0.850,0.038999
100.0,0.850,-0.250568
100.0,0.850,0.021246
100.0,0.850,0.039011
100.0,0.850,-0.053608
100.0,0.850,0.240642
100.0,0.850,0.023202
100.0,0.850,0.019353
100.0,0.850,-0.027300
100.0,0.850,0.021664
100.0,0.850,-0.021288
100.0,0.850,-0.055186
100.0,0.850,-0.080134
100.0,0.850,0.043194
100.0,0.850,0.265973
100.0,0.850,-0.077234
100.0,0.850,0.144144
100.0,0.850,-0.049794
100.0,0.850,0.058998
100.0,0.850,-0.048395
100.0,0.850,-0.062084
100.0,0.850,0.090914
100.0,0.850,0.120682
100.0,0.850,-0.224803
100.0,0.850,0.013261
100.0,0.850,0.095648
100.0,0.850,-0.002475
100.0,0.850,0.014115
100.0,0.850,-0.032336
100.0,0.850,0.115936
100.0,0.850,-0.081006
100.0,0.850,-0.234485
100.0,0.850,-0.252403
100.0,0.850,0.062078
100.0,0.850,-0.042643
100.0,0.850,0.198534
100.0,0.850,0.064525
100.0,0.850,-0.148370
100.0,0.850,0.110378
100.0,0.850,-0.100081
100.0,0.850,0.193690
100.0,0.850,0.073232
100.0,0.850,-0.050298
100.0,0.850,0.040757
100.0,0.850,0.076565
100.0,0.850,0.061542
100.0,0.850,0.018024
100.0,0.850,-0.138593
100.0,0.850,0.145103
100.0,0.850,0.219145
100.0,0.850,0.064544
100.0,0.850,0.195493
100.0,0.850,0.222026
100.0,0.850,0.022422
100.0,0.850,-0.253986
100.0,0.850,-0.058147
100.0,0.850,-0.057059
100.0,0.850,-0.092125
100.0,0.850,0.066916
100.0,0.850,0.014818
100.0,0.850,0.273108
100.0,0.850,-0.023567
100.0,0.850,-0.125975
100.0,0.850,-0.055547
100.0,0.850,-0.151865
100.0,0.850,-0.050007
100.0,0.850,-0.074873
100.0,0.850,-0.048639
100.0,0.850,-0.045516
100.0,0.850,-0.039789
100.0,0.850,-0.126540
100.0,0.903,0.435283
100.0,0.903,0.119260
100.0,0.903,0.375033
100.0,0.903,0.221694
100.0,0.903,0.370124
100.0,0.903,0.388469
100.0,0.903,0.131922
100.0,0.903,-0.014164
100.0,0.903,0.254989
100.0,0.903,0.079746
100.0,0.903,0.284911
100.0,0.903,0.034717
100.0,0.903,0.102575
100.0,0.903,0.128360
100.0,0.903,0.253523
100.0,0.903,0.466011
100.0,0.903,-0.105133
100.0,0.903,0.610429
100.0,0.903,0.359367
100.0,0.903,0.278918
100.0,0.903,0.085823
100.0,0.903,-0.075771
100.0,0.903,0.396287
100.0,0.903,0.399508
100.0,0.903,0.236555
100.0,0.903,0.177563
100.0,0.903,0.045405
100.0,0.903,0.134753
100.0,0.903,0.219021
100.0,0.903,0.060974
100.0,0.903,0.163913
100.0,0.903,0.409370
100.0,0.903,0.304607
100.0,0.903,0.174529
100.0,0.903,0.042824
100.0,0.903,0.293796
100.0,0.903,0.076689
100.0,0.903,-0.015690
100.0,0.903,0.393624
100.0,0.903,0.336857
100.0,0.903,0.248947
100.0,0.903,0.223641
100.0,0.903,0.096326
100.0,0.903,0.390596
100.0,0.903,0.095829
100.0,0.903,0.292726
100.0,0.903,0.329036
100.0,0.903,0.098505
100.0,0.903,0.004058
100.0,0.903,0.351202
100.0,0.903,0.033777
100.0,0.903,0.319023
100.0,0.903,0.108545
100.0,0.903,0.134707
100.0,0.903,0.446346
100.0,0.903,0.256065
100.0,0.903,0.043046
100.0,0.903,0.081152
100.0,0.903,0.461151
100.0,0.903,0.190639
100.0,0.903,0.252713
100.0,0.903,0.001212
100.0,0.903,0.357483
100.0,0.903,0.534369
100.0,0.903,-0.004522
100.0,0.903,0.019077
100.0,0.903,0.263914
100.0,0.903,-0.079482
100.0,0.903,0.369407
100.0,0.903,0.481165
100.0,0.903,-0.235431
100.0,0.903,0.224122
100.0,0.903,0.426347
100.0,0.903,0.362792
100.0,0.903,0.334155
100.0,0.903,0.196776
100.0,0.903,-0.065510
100.0,0.903,0.235723
100.0,0.903,0.186108
100.0,0.903,0.080878
100.0,0.903,0.343341
100.0,0.903,-0.167353
100.0,0.903,-0.096448
100.0,0.903,0.178972
100.0,0.903,0.485969
100.0,0.903,0.168304
100.0,0.903,0.314181
100.0,0.903,0.134750
100.0,0.903,0.341064
100.0,0.903,0.294769
100.0,0.903,-0.072402
100.0,0.903,0.112891
100.0,0.903,0.477582
100.0,0.903,0.176092
100.0,0.903,0.225093
100.0,0.903,0.599573
100.0,0.903,0.052052
100.0,0.903,0.390717
100.0,0.903,0.274731
100.0,0.903,-0.280943
100.0,0.950,0.806754
100.0,0.950,0.536408
100.0,0.950,0.503199
100.0,0.950,0.836454
100.0,0.950,0.618673
100.0,0.950,0.819945
100.0,0.950,0.875566
100.0,0.950,0.820906
100.0,0.950,0.402784
100.0,0.950,0.691986
100.0,0.950,0.813296
100.0,0.950,0.923153
100.0,0.950,0.527438
100.0,0.950,0.911715
100.0,0.950,0.854087
100.0,0.950,0.852522
100.0,0.950,0.749482
100.0,0.950,0.804814
100.0,0.950,0.612045
100.0,0.950,0.914610
100.0,0.950,0.842673
100.0,0.950,0.792832
100.0,0.950,0.192015
100.0,0.950,0.682992
100.0,0.950,0.531333
100.0,0.950,0.863961
100.0,0.950,0.814205
100.0,0.950,0.936094
100.0,0.950,0.867990
100.0,0.950,0.608560
100.0,0.950,0.649487
100.0,0.950,0.734970
100.0,0.950,0.637658
100.0,0.950,0.748989
100.0,0.950,0.765936
100.0,0.950,0.727242
100.0,0.950,0.658738
100.0,0.950,0.881843
100.0,0.950,0.904715
100.0,0.950,0.945817
100.0,0.950,0.435484
100.0,0.950,0.891781
100.0,0.950,0.916452
100.0,0.950,0.848267
100.0,0.950,0.885365
100.0,0.950,0.563331
100.0,0.950,0.732265
100.0,0.950,0.470160
100.0,0.950,0.724895
100.0,0.950,0.911712
100.0,0.950,0.284892
100.0,0.950,0.652193
100.0,0.950,0.703687
100.0,0.950,0.791741
100.0,0.950,0.785145
100.0,0.950,0.942958
100.0,0.950,0.540058
100.0,0.950,0.806359
100.0,0.950,0.707929
100.0,0.950,0.860165
100.0,0.950,0.936067
100.0,0.950,0.596282
100.0,0.950,0.759517
100.0,0.950,0.671775
100.0,0.950,0.449962
100.0,0.950,0.920623
100.0,0.950,0.729123
100.0,0.950,0.740445
100.0,0.950,0.593123
100.0,0.950,0.821889
100.0,0.950,0.690382
100.0,0.950,0.851884
100.0,0.950,0.723201
100.0,0.950,0.833711
100.0,0.950,0.936019
100.0,0.950,0.886636
100.0,0.950,0.695527
100.0,0.950,0.828085
100.0,0.950,0.915000
100.0,0.950,0.844579
100.0,0.950,0.897791
100.0,0.950,0.658093
100.0,0.950,0.923815
100.0,0.950,0.811570
100.0,0.950,0.873321
100.0,0.950,0.714269
100.0,0.950,0.915145
100.0,0.950,0.861852
100.0,0.950,0.791548
100.0,0.950,0.607583
100.0,0.950,0.764950
100.0,0.950,0.831637
100.0,0.950,0.561035
100.0,0.950,0.895522
100.0,0.950,0.660481
100.0,0.950,0.877319
100.0,0.950,0.906335
100.0,0.950,0.870462
100.0,0.950,0.921262
100.0,0.950,0.777073
100.0,0.850,0.066184
100.0,0.850,0.081541
100.0,0.850,0.205887
100.0,0.850,-0.143044
100.0,0.850,0.286079
100.0,0.850,0.033615
100.0,0.850,0.070800
100.0,0.850,0.093295
100.0,0.850,0.151524
100.0,0.850,-0.033114
100.0,0.850,0.142007
100.0,0.850,0.306230
100.0,0.850,-0.149945
100.0,0.850,-0.070293
100.0,0.850,0.117625
100.0,0.850,0.131979
100.0,0.850,0.226651
100.0,0.850,0.230007
100.0,0.850,0.022783
100.0,0.850,-0.047852
100.0,0.850,0.286459
100.0,0.850,-0.064132
100.0,0.850,0.158247
100.0,0.850,0.262928
100.0,0.850,0.186150
100.0,0.850,0.122138
100.0,0.850,0.181508
100.0,0.850,0.134533
100.0,0.850,0.059677
100.0,0.850,0.439946
100.0,0.850,-0.111250
100.0,0.850,0.019148
100.0,0.850,0.169689
100.0,0.850,0.118317
100.0,0.850,0.343663
100.0,0.850,0.170174
100.0,0.850,0.084797
100.0,0.850,0.152263
100.0,0.850,0.048555
100.0,0.850,0.005896
100.0,0.850,0.185090
100.0,0.850,0.095643
100.0,0.850,0.195754
100.0,0.850,0.232003
100.0,0.850,0.260457
100.0,0.850,-0.217930
100.0,0.850,0.248746
100.0,0.850,0.123994
100.0,0.850,0.054834
100.0,0.850,0.022512
100.0,0.850,0.305314
100.0,0.850,0.282702
100.0,0.850,0.322145
100.0,0.850,0.149655
100.0,0.850,0.156727
100.0,0.850,0.092757
100.0,0.850,0.242986
100.0,0.850,-0.139540
100.0,0.850,-0.010023
100.0,0.850,0.154150
100.0,0.850,0.174490
100.0,0.850,0.330882
100.0,0.850,0.331502
100.0,0.850,-0.125466
100.0,0.850,0.075938
100.0,0.850,0.201489
100.0,0.850,0.043452
100.0,0.850,0.048974
100.0,0.850,0.238081
100.0,0.850,0.127488
100.0,0.850,0.015956
100.0,0.850,-0.089488
100.0,0.850,0.049814
100.0,0.850,0.360716
100.0,0.850,-0.049603
100.0,0.850,0.047890
100.0,0.850,0.303498
100.0,0.850,0.397480
100.0,0.850,-0.094936
100.0,0.850,-0.166771
100.0,0.850,0.226561
100.0,0.850,0.322785
100.0,0.850,0.220782
100.0,0.850,-0.096951
100.0,0.850,0.056579
100.0,0.850,0.044021
100.0,0.850,0.099389
100.0,0.850,-0.048360
100.0,0.850,0.172840
100.0,0.850,-0.090466
100.0,0.850,0.351464
100.0,0.850,0.055497
100.0,0.850,-0.029766
100.0,0.850,-0.116847
100.0,0.850,0.212989
100.0,0.850,0.081239
100.0,0.850,-0.108099
100.0,0.850,0.293311
100.0,0.850,0.154621
100.0,0.850,0.094389
100.0,0.903,0.513302
100.0,0.903,0.613391
100.0,0.903,0.241893
100.0,0.903,0.695650
100.0,0.903,0.415898
100.0,0.903,0.692992
100.0,0.903,0.761107
100.0,0.903,0.395380
100.0,0.903,0.612905
100.0,0.903,0.249513
100.0,0.903,0.379432
100.0,0.903,0.763295
100.0,0.903,0.187906
100.0,0.903,0.680628
100.0,0.903,0.607356
100.0,0.903,0.274217
100.0,0.903,0.549565
100.0,0.903,0.610501
100.0,0.903,0.832482
100.0,0.903,0.591936
100.0,0.903,0.456692
100.0,0.903,0.360255
100.0,0.903,0.610537
100.0,0.903,0.007908
100.0,0.903,0.604061
100.0,0.903,0.412316
100.0,0.903,0.367993
100.0,0.903,0.232804
100.0,0.903,0.446142
100.0,0.903,0.357295
100.0,0.903,0.637147
100.0,0.903,0.535666
100.0,0.903,0.335672
100.0,0.903,0.758945
100.0,0.903,0.728244
100.0,0.903,0.422312
100.0,0.903,-0.048505
100.0,0.903,0.582185
100.0,0.903,0.320920
100.0,0.903,0.497357
100.0,0.903,0.697358
100.0,0.903,0.232637
100.0,0.903,0.304902
100.0,0.903,0.149674
100.0,0.903,0.593006
100.0,0.903,0.554713
100.0,0.903,0.614088
100.0,0.903,0.510194
100.0,0.903,0.597759
100.0,0.903,0.698755
100.0,0.903,0.329434
100.0,0.903,0.636134
100.0,0.903,0.552614
100.0,0.903,0.608083
100.0,0.903,0.524963
100.0,0.903,0.527068
100.0,0.903,0.468688
100.0,0.903,0.496056
100.0,0.903,0.842801
100.0,0.903,0.671871
100.0,0.903,0.289211
100.0,0.903,0.605614
100.0,0.903,0.297401
100.0,0.903,0.548432
100.0,0.903,0.260171
100.0,0.903,0.536914
100.0,0.903,0.351032
100.0,0.903,0.399346
100.0,0.903,0.699020
100.0,0.903,0.775756
100.0,0.903,0.555447
100.0,0.903,0.398391
100.0,0.903,0.244388
100.0,0.903,0.416554
100.0,0.903,-0.353531
100.0,0.903,0.568850
100.0,0.903,0.442875
100.0,0.903,0.768295
100.0,0.903,0.682806
100.0,0.903,0.757521
100.0,0.903,0.238767
100.0,0.903,0.284919
100.0,0.903,0.569193
100.0,0.903,0.550602
100.0,0.903,0.392200
100.0,0.903,-0.055543
100.0,0.903,0.307584
100.0,0.903,0.623970
100.0,0.903,0.535310
100.0,0.903,0.393819
100.0,0.903,0.581201
100.0,0.903,0.499750
100.0,0.903,0.653351
100.0,0.903,0.739062
100.0,0.903,0.671760
100.0,0.903,0.309166
100.0,0.903,0.247694
100.0,0.903,0.244240
100.0,0.903,0.690684
100.0,0.903,0.648153
100.0,0.950,0.890575
100.0,0.950,0.830955
100.0,0.950,0.801927
100.0,0.950,0.870977
100.0,0.950,0.852648
100.0,0.950,0.835046
100.0,0.950,0.615027
100.0,0.950,0.890693
100.0,0.950,0.709740
100.0,0.950,0.776807
100.0,0.950,0.894805
100.0,0.950,0.898762
100.0,0.950,0.754511
100.0,0.950,0.014536
100.0,0.950,0.911346
100.0,0.950,0.705797
100.0,0.950,0.876536
100.0,0.950,0.891569
100.0,0.950,0.894680
100.0,0.950,0.714573
100.0,0.950,0.832624
100.0,0.950,0.842188
100.0,0.950,0.720037
100.0,0.950,0.758724
100.0,0.950,0.908290
100.0,0.950,0.657794
100.0,0.950,0.755846
100.0,0.950,0.557287
100.0,0.950,0.798609
100.0,0.950,0.881278
100.0,0.950,0.736445
100.0,0.950,0.930133
100.0,0.950,0.850360
100.0,0.950,0.842585
100.0,0.950,0.844875
100.0,0.950,0.879832
100.0,0.950,0.832283
100.0,0.950,0.653622
100.0,0.950,0.925310
100.0,0.950,0.897033
100.0,0.950,0.884317
100.0,0.950,0.744405
100.0,0.950,0.728379
100.0,0.950,0.815298
100.0,0.950,0.788447
100.0,0.950,0.863954
100.0,0.950,0.697506
100.0,0.950,0.793203
100.0,0.950,0.895478
100.0,0.950,0.861525
100.0,0.950,0.894253
100.0,0.950,0.803745
100.0,0.950,0.775427
100.0,0.950,0.886738
100.0,0.950,0.846926
100.0,0.950,0.815406
100.0,0.950,0.869390
100.0,0.950,0.881551
100.0,0.950,0.908185
100.0,0.950,0.870060
100.0,0.950,0.848332
100.0,0.950,0.917832
100.0,0.950,0.813926
100.0,0.950,0.877084
100.0,0.950,0.882269
100.0,0.950,0.787932
100.0,0.950,0.918646
100.0,0.950,0.778582
100.0,0.950,0.848101
100.0,0.950,0.797758
100.0,0.950,0.864268
100.0,0.950,0.812284
100.0,0.950,0.885456
100.0,0.950,0.815585
100.0,0.950,0.798158
100.0,0.950,0.790646
100.0,0.950,0.698841
100.0,0.950,0.903621
100.0,0.950,0.940204
100.0,0.950,0.836780
100.0,0.950,0.782960
100.0,0.950,0.897313
100.0,0.950,0.705556
100.0,0.950,0.454685
100.0,0.950,0.839889
100.0,0.950,0.866848
100.0,0.950,0.582788
100.0,0.950,0.677864
100.0,0.950,0.891473
100.0,0.950,0.854030
100.0,0.950,0.784403
100.0,0.950,0.665925
100.0,0.950,0.834809
100.0,0.950,0.813017
100.0,0.950,0.925849
100.0,0.950,0.901126
100.0,0.950,0.822287
100.0,0.950,0.701944
100.0,0.950,0.646554
100.0,0.950,0.807396
100.0,0.850,0.060349
100.0,0.850,-0.232469
100.0,0.850,0.404987
100.0,0.850,0.081889
100.0,0.850,0.018561
100.0,0.850,-0.107706
100.0,0.850,-0.243315
100.0,0.850,0.096899
100.0,0.850,0.114697
100.0,0.850,-0.040865
100.0,0.850,0.036798
100.0,0.850,0.054577
100.0,0.850,0.096582
100.0,0.850,0.109990
100.0,0.850,-0.068232
100.0,0.850,-0.305536
100.0,0.850,-0.332105
100.0,0.850,0.067044
100.0,0.850,0.095745
100.0,0.850,-0.194616
100.0,0.850,-0.174776
100.0,0.850,-0.221620
100.0,0.850,-0.099072
100.0,0.850,-0.077997
100.0,0.850,0.387772
100.0,0.850,-0.258322
100.0,0.850,-0.198680
100.0,0.850,0.045558
100.0,0.850,-0.040734
100.0,0.850,0.039054
100.0,0.850,-0.152483
100.0,0.850,0.023015
100.0,0.850,0.109020
100.0,0.850,0.057481
100.0,0.850,0.053712
100.0,0.850,0.288536
100.0,0.850,0.032367
100.0,0.850,-0.115957
100.0,0.850,0.178837
100.0,0.850,0.197066
100.0,0.850,0.045653
100.0,0.850,-0.235555
100.0,0.850,0.089157
100.0,0.850,0.185038
100.0,0.850,0.041316
100.0,0.850,-0.108813
100.0,0.850,-0.137564
100.0,0.850,-0.175624
100.0,0.850,-0.242375
100.0,0.850,0.405925
100.0,0.850,0.222404
100.0,0.850,-0.166475
100.0,0.850,0.095315
100.0,0.850,0.079014
100.0,0.850,-0.026347
100.0,0.850,-0.144868
100.0,0.850,0.163543
100.0,0.850,0.282488
100.0,0.850,-0.302894
100.0,0.850,0.135357
100.0,0.850,0.084329
100.0,0.850,-0.071892
100.0,0.850,-0.232587
100.0,0.850,-0.145226
100.0,0.850,0.131288
100.0,0.850,-0.175758
100.0,0.850,0.139531
100.0,0.850,0.059585
100.0,0.850,-0.142644
100.0,0.850,-0.337081
100.0,0.850,0.019081
100.0,0.850,0.029257
100.0,0.850,0.122190
100.0,0.850,-0.095714
100.0,0.850,-0.073711
100.0,0.850,-0.078590
100.0,0.850,-0.093253
100.0,0.850,-0.119049
100.0,0.850,-0.058158
100.0,0.850,-0.216695
100.0,0.850,0.002894
100.0,0.850,0.136830
100.0,0.850,-0.233615
100.0,0.850,-0.239251
100.0,0.850,0.097794
100.0,0.850,-0.021411
100.0,0.850,-0.236774
100.0,0.850,-0.032231
100.0,0.850,-0.193163
100.0,0.850,0.044518
100.0,0.850,0.024333
100.0,0.850,0.056408
100.0,0.850,-0.051626
100.0,0.850,-0.011064
100.0,0.850,0.163539
100.0,0.850,0.202056
100.0,0.850,0.078037
100.0,0.850,-0.086580
100.0,0.850,-0.031434
100.0,0.850,-0.250992
100.0,0.903,0.031828
100.0,0.903,0.216363
100.0,0.903,0.378986
100.0,0.903,-0.084493
100.0,0.903,-0.280926
100.0,0.903,0.297181
100.0,0.903,-0.140229
100.0,0.903,-0.070491
100.0,0.903,0.122178
100.0,0.903,0.121222
100.0,0.903,0.381084
100.0,0.903,-0.091253
100.0,0.903,-0.241777
100.0,0.903,0.086697
100.0,0.903,-0.111354
100.0,0.903,0.245403
100.0,0.903,-0.214381
100.0,0.903,0.230461
100.0,0.903,0.010666
100.0,0.903,0.055149
100.0,0.903,0.089874
100.0,0.903,0.079332
100.0,0.903,0.089657
100.0,0.903,0.070767
100.0,0.903,0.008302
100.0,0.903,0.118250
100.0,0.903,0.224540
100.0,0.903,-0.023806
100.0,0.903,-0.135534
100.0,0.903,0.162619
100.0,0.903,0.033337
100.0,0.903,0.244102
100.0,0.903,-0.116695
100.0,0.903,-0.077220
100.0,0.903,-0.060581
100.0,0.903,-0.048082
100.0,0.903,0.072254
100.0,0.903,-0.050113
100.0,0.903,0.050763
100.0,0.903,0.316254
100.0,0.903,0.254763
100.0,0.903,-0.118472
100.0,0.903,0.043699
100.0,0.903,0.397215
100.0,0.903,0.003692
100.0,0.903,-0.064964
100.0,0.903,0.075713
100.0,0.903,-0.213374
100.0,0.903,0.067939
100.0,0.903,0.064687
100.0,0.903,0.095761
100.0,0.903,-0.072356
100.0,0.903,-0.196415
100.0,0.903,0.144685
100.0,0.903,0.027878
100.0,0.903,0.160151
100.0,0.903,0.041880
100.0,0.903,-0.062963
100.0,0.903,0.065345
100.0,0.903,0.101537
100.0,0.903,0.081561
100.0,0.903,-0.125232
100.0,0.903,0.132497
100.0,0.903,0.035001
100.0,0.903,0.116688
100.0,0.903,-0.229875
100.0,0.903,-0.002221
100.0,0.903,-0.000934
100.0,0.903,0.206771
100.0,0.903,-0.152719
100.0,0.903,-0.051734
100.0,0.903,-0.041103
100.0,0.903,0.174556
100.0,0.903,-0.309011
100.0,0.903,0.215751
100.0,0.903,0.057148
100.0,0.903,-0.363856
100.0,0.903,0.050223
100.0,0.903,-0.480173
100.0,0.903,-0.206840
100.0,0.903,0.085354
100.0,0.903,-0.017646
100.0,0.903,0.167647
100.0,0.903,0.265671
100.0,0.903,-0.030989
100.0,0.903,0.118408
100.0,0.903,0.103972
100.0,0.903,-0.311790
100.0,0.903,-0.060386
100.0,0.903,0.264408
100.0,0.903,0.419383
100.0,0.903,-0.314671
100.0,0.903,0.237317
100.0,0.903,-0.330622
100.0,0.903,0.065421
100.0,0.903,0.292136
100.0,0.903,0.195600
100.0,0.903,0.339902
100.0,0.903,0.118102
100.0,0.903,-0.151354
100.0,0.950,-0.130586
100.0,0.950,0.533827
100.0,0.950,0.321187
100.0,0.950,0.072391
100.0,0.950,-0.305543
100.0,0.950,0.121823
100.0,0.950,-0.027853
100.0,0.950,0.061161
100.0,0.950,0.343943
100.0,0.950,0.049596
100.0,0.950,-0.035095
100.0,0.950,-0.058100
100.0,0.950,-0.063072
100.0,0.950,0.019019
100.0,0.950,0.347823
100.0,0.950,0.296861
100.0,0.950,0.013067
100.0,0.950,0.313955
100.0,0.950,-0.127864
100.0,0.950,0.305064
100.0,0.950,-0.210921
100.0,0.950,0.194159
100.0,0.950,0.460754
100.0,0.950,0.539959
100.0,0.950,0.096875
100.0,0.950,0.021143
100.0,0.950,-0.116792
100.0,0.950,0.304617
100.0,0.950,0.238824
100.0,0.950,-0.134652
100.0,0.950,0.248839
100.0,0.950,0.423856
100.0,0.950,-0.254427
100.0,0.950,-0.058700
100.0,0.950,0.371197
100.0,0.950,0.675401
100.0,0.950,0.270983
100.0,0.950,0.142366
100.0,0.950,-0.235610
100.0,0.950,-0.016056
100.0,0.950,0.447386
100.0,0.950,0.137165
100.0,0.950,0.472695
100.0,0.950,0.468267
100.0,0.950,0.587150
100.0,0.950,0.445892
100.0,0.950,-0.277892
100.0,0.950,0.175663
100.0,0.950,0.012961
100.0,0.950,-0.023483
100.0,0.950,0.174975
100.0,0.950,0.025073
100.0,0.950,-0.307866
100.0,0.950,0.104894
100.0,0.950,0.313043
100.0,0.950,0.365666
100.0,0.950,-0.148718
100.0,0.950,-0.103805
100.0,0.950,0.098777
100.0,0.950,-0.028320
100.0,0.950,0.268695
100.0,0.950,-0.181637
100.0,0.950,-0.137292
100.0,0.950,0.394536
100.0,0.950,0.235740
100.0,0.950,0.236901
100.0,0.950,0.226740
100.0,0.950,0.390444
100.0,0.950,0.744176
100.0,0.950,0.455299
100.0,0.950,0.260046
100.0,0.950,0.363981
100.0,0.950,0.056338
100.0,0.950,-0.097126
100.0,0.950,0.371875
100.0,0.950,0.282415
100.0,0.950,-0.141793
100.0,0.950,-0.262793
100.0,0.950,-0.175612
100.0,0.950,0.259731
100.0,0.950,-0.074054
100.0,0.950,-0.270403
100.0,0.950,0.270748
100.0,0.950,0.578702
100.0,0.950,0.134438
100.0,0.950,0.407903
100.0,0.950,0.496703
100.0,0.950,0.235260
100.0,0.950,0.494509
100.0,0.950,0.219121
100.0,0.950,0.312102
100.0,0.950,0.172924
100.0,0.950,0.195315
100.0,0.950,-0.053071
100.0,0.950,-0.047650
100.0,0.950,0.300131
100.0,0.950,0.136165
100.0,0.950,-0.083465
100.0,0.950,0.068588
100.0,0.950,0.129557
100.0,0.850,-0.099809
100.0,0.850,0.122851
100.0,0.850,0.024573
100.0,0.850,0.166839
100.0,0.850,0.025582
100.0,0.850,-0.114965
100.0,0.850,-0.298443
100.0,0.850,0.149797
100.0,0.850,-0.148439
100.0,0.850,-0.076162
100.0,0.850,0.038711
100.0,0.850,-0.073392
100.0,0.850,0.459500
100.0,0.850,-0.210760
100.0,0.850,0.038528
100.0,0.850,0.145726
100.0,0.850,-0.082523
100.0,0.850,0.118101
100.0,0.850,-0.049554
100.0,0.850,0.005845
100.0,0.850,-0.170091
100.0,0.850,0.206792
100.0,0.850,0.148465
100.0,0.850,-0.178655
100.0,0.850,0.147060
100.0,0.850,0.172969
100.0,0.850,-0.227170
100.0,0.850,-0.231564
100.0,0.850,-0.048548
100.0,0.850,0.091565
100.0,0.850,0.070770
100.0,0.850,-0.100815
100.0,0.850,-0.160639
100.0,0.850,-0.034814
100.0,0.850,0.193320
100.0,0.850,0.229372
100.0,0.850,-0.096461
100.0,0.850,0.183667
100.0,0.850,0.045346
100.0,0.850,0.124012
100.0,0.850,0.305191
100.0,0.850,-0.009990
100.0,0.850,0.013342
100.0,0.850,0.366231
100.0,0.850,-0.152557
100.0,0.850,0.055508
100.0,0.850,0.414243
100.0,0.850,0.100984
100.0,0.850,0.001584
100.0,0.850,0.203461
100.0,0.850,0.084003
100.0,0.850,-0.034573
100.0,0.850,0.115798
100.0,0.850,-0.026016
100.0,0.850,-0.234634
100.0,0.850,0.281104
100.0,0.850,0.143565
100.0,0.850,0.040965
100.0,0.850,0.074982
100.0,0.850,0.166895
100.0,0.850,0.118855
100.0,0.850,-0.062714
100.0,0.850,0.047949
100.0,0.850,0.063078
100.0,0.850,0.089048
100.0,0.850,0.123571
100.0,0.850,0.325267
100.0,0.850,0.082889
100.0,0.850,0.269648
100.0,0.850,-0.029925
100.0,0.850,-0.042305
100.0,0.850,0.136382
100.0,0.850,0.250234
100.0,0.850,0.243170
100.0,0.850,0.162569
100.0,0.850,0.060269
100.0,0.850,-0.023586
100.0,0.850,-0.013834
100.0,0.850,-0.230100
100.0,0.850,-0.065845
100.0,0.850,-0.098020
100.0,0.850,0.006535
100.0,0.850,-0.008046
100.0,0.850,0.205485
100.0,0.850,0.095935
100.0,0.850,0.138521
100.0,0.850,0.075564
100.0,0.850,0.172127
100.0,0.850,-0.009485
100.0,0.850,0.018143
100.0,0.850,-0.071426
100.0,0.850,0.078481
100.0,0.850,-0.040740
100.0,0.850,-0.156866
100.0,0.850,0.051813
100.0,0.850,-0.033020
100.0,0.850,0.104383
100.0,0.850,0.343240
100.0,0.850,-0.070937
100.0,0.850,-0.088274
100.0,0.903,0.257324
100.0,0.903,0.038320
100.0,0.903,0.531633
100.0,0.903,0.298486
100.0,0.903,0.239317
100.0,0.903,-0.027800
100.0,0.903,0.319082
100.0,0.903,0.113061
100.0,0.903,0.190703
100.0,0.903,0.268822
100.0,0.903,0.184595
100.0,0.903,0.011812
100.0,0.903,0.318313
100.0,0.903,0.422015
100.0,0.903,0.038196
100.0,0.903,0.012986
100.0,0.903,0.505329
100.0,0.903,0.402292
100.0,0.903,0.130988
100.0,0.903,0.261548
100.0,0.903,-0.091810
100.0,0.903,0.355650
100.0,0.903,0.293889
100.0,0.903,0.532386
100.0,0.903,0.112045
100.0,0.903,0.179088
100.0,0.903,0.132642
100.0,0.903,0.133259
100.0,0.903,-0.233612
100.0,0.903,-0.139557
100.0,0.903,0.120737
100.0,0.903,-0.098894
100.0,0.903,0.465709
100.0,0.903,0.552428
100.0,0.903,0.096466
100.0,0.903,0.009657
100.0,0.903,0.364415
100.0,0.903,0.338578
100.0,0.903,-0.104386
100.0,0.903,0.223994
100.0,0.903,0.338803
100.0,0.903,-0.069590
100.0,0.903,0.385850
100.0,0.903,0.599775
100.0,0.903,-0.174818
100.0,0.903,0.194538
100.0,0.903,0.463735
100.0,0.903,0.331466
100.0,0.903,0.347108
100.0,0.903,0.124459
100.0,0.903,0.243950
100.0,0.903,-0.032692
100.0,0.903,0.442358
100.0,0.903,0.286175
100.0,0.903,0.144750
100.0,0.903,0.103362
100.0,0.903,-0.072472
100.0,0.903,0.273154
100.0,0.903,0.345240
100.0,0.903,0.178553
100.0,0.903,0.407908
100.0,0.903,-0.151597
100.0,0.903,0.200074
100.0,0.903,-0.054683
100.0,0.903,0.389467
100.0,0.903,0.317264
100.0,0.903,-0.150415
100.0,0.903,0.264492
100.0,0.903,0.258539
100.0,0.903,0.042544
100.0,0.903,0.432879
100.0,0.903,0.156885
100.0,0.903,-0.089278
100.0,0.903,0.402135
100.0,0.903,0.352898
100.0,0.903,0.250227
100.0,0.903,-0.101210
100.0,0.903,-0.020059
100.0,0.903,0.245100
100.0,0.903,0.106061
100.0,0.903,0.031041
100.0,0.903,-0.081514
100.0,0.903,0.086976
100.0,0.903,0.317290
100.0,0.903,0.236254
100.0,0.903,-0.023733
100.0,0.903,0.187238
100.0,0.903,0.310782
100.0,0.903,0.042659
100.0,0.903,0.143881
100.0,0.903,0.095432
100.0,0.903,0.026902
100.0,0.903,0.352758
100.0,0.903,0.343282
100.0,0.903,0.314978
100.0,0.903,0.044380
100.0,0.903,0.415611
100.0,0.903,0.127316
100.0,0.903,0.177015
100.0,0.903,0.092815
100.0,0.950,0.759549
100.0,0.950,0.545168
100.0,0.950,0.830115
100.0,0.950,0.819090
100.0,0.950,0.625240
100.0,0.950,0.650371
100.0,0.950,0.730500
100.0,0.950,0.902908
100.0,0.950,0.900844
100.0,0.950,0.758622
100.0,0.950,0.646314
100.0,0.950,0.669387
100.0,0.950,0.890521
100.0,0.950,0.877047
100.0,0.950,0.854711
100.0,0.950,0.860959
100.0,0.950,0.723184
100.0,0.950,0.874486
100.0,0.950,0.876030
100.0,0.950,0.913193
100.0,0.950,0.610171
100.0,0.950,0.828655
100.0,0.950,0.819020
100.0,0.950,0.370666
100.0,0.950,0.635319
100.0,0.950,0.912791
100.0,0.950,0.286442
100.0,0.950,0.780095
100.0,0.950,0.634380
100.0,0.950,0.599633
100.0,0.950,0.292731
100.0,0.950,0.890562
100.0,0.950,0.455470
100.0,0.950,0.770170
100.0,0.950,0.853187
100.0,0.950,0.558479
100.0,0.950,0.782668
100.0,0.950,0.856262
100.0,0.950,0.675027
100.0,0.950,0.807624
100.0,0.950,0.933761
100.0,0.950,0.499809
100.0,0.950,0.278482
100.0,0.950,0.617260
100.0,0.950,0.836766
100.0,0.950,0.915717
100.0,0.950,0.723742
100.0,0.950,0.839960
100.0,0.950,0.786225
100.0,0.950,0.400892
100.0,0.950,0.863519
100.0,0.950,0.160525
100.0,0.950,0.892025
100.0,0.950,0.606630
100.0,0.950,0.638796
100.0,0.950,0.699019
100.0,0.950,0.505911
100.0,0.950,0.841969
100.0,0.950,0.832339
100.0,0.950,0.744853
100.0,0.950,0.784592
100.0,0.950,0.780223
100.0,0.950,0.885912
100.0,0.950,0.724604
100.0,0.950,0.813574
100.0,0.950,0.922281
100.0,0.950,0.900897
100.0,0.950,0.825750
100.0,0.950,0.838880
100.0,0.950,0.836071
100.0,0.950,0.747201
100.0,0.950,0.920264
100.0,0.950,0.870825
100.0,0.950,0.901593
100.0,0.950,0.778671
100.0,0.950,0.849686
100.0,0.950,0.838219
100.0,0.950,0.929750
100.0,0.950,0.624917
100.0,0.950,0.925254
100.0,0.950,0.863467
100.0,0.950,0.581543
100.0,0.950,0.876096
100.0,0.950,0.901302
100.0,0.950,0.731401
100.0,0.950,0.897022
100.0,0.950,0.848519
100.0,0.950,0.725158
100.0,0.950,0.932712
100.0,0.950,0.447762
100.0,0.950,0.674833
100.0,0.950,0.760409
100.0,0.950,0.557037
100.0,0.950,0.723163
100.0,0.950,0.858101
100.0,0.950,0.580333
100.0,0.950,0.623289
100.0,0.950,0.752225
100.0,0.950,0.904050
100.0,0.950,0.829308
100.0,0.850,-0.141460
100.0,0.850,0.158849
100.0,0.850,0.007995
100.0,0.850,-0.015715
100.0,0.850,0.195730
100.0,0.850,-0.050228
100.0,0.850,-0.036651
100.0,0.850,0.158439
100.0,0.850,0.095660
100.0,0.850,0.175252
100.0,0.850,0.134241
100.0,0.850,-0.112446
100.0,0.850,0.195456
100.0,0.850,0.063477
100.0,0.850,0.070372
100.0,0.850,-0.103823
100.0,0.850,0.130876
100.0,0.850,0.167824
100.0,0.850,0.521341
100.0,0.850,0.245582
100.0,0.850,0.136873
100.0,0.850,0.072266
100.0,0.850,-0.034035
100.0,0.850,-0.045578
100.0,0.850,-0.117178
100.0,0.850,-0.090204
100.0,0.850,0.356382
100.0,0.850,0.080117
100.0,0.850,-0.182901
100.0,0.850,0.228925
100.0,0.850,0.188301
100.0,0.850,0.175442
100.0,0.850,0.284873
100.0,0.850,0.211266
100.0,0.850,0.146587
100.0,0.850,0.066242
100.0,0.850,0.204993
100.0,0.850,-0.109357
100.0,0.850,0.144451
100.0,0.850,0.283678
100.0,0.850,0.246511
100.0,0.850,-0.114474
100.0,0.850,0.081234
100.0,0.850,0.251886
100.0,0.850,0.119092
100.0,0.850,-0.006699
100.0,0.850,-0.006473
100.0,0.850,0.145144
100.0,0.850,0.110499
100.0,0.850,-0.011679
100.0,0.850,0.002568
100.0,0.850,0.268033
100.0,0.850,-0.169116
100.0,0.850,0.251383
100.0,0.850,0.097915
100.0,0.850,0.254468
100.0,0.850,0.099183
100.0,0.850,0.413042
100.0,0.850,0.161670
100.0,0.850,0.177277
100.0,0.850,0.125005
100.0,0.850,0.298588
100.0,0.850,-0.093894
100.0,0.850,-0.001913
100.0,0.850,0.352000
100.0,0.850,0.146785
100.0,0.850,0.223372
100.0,0.850,-0.228120
100.0,0.850,-0.059734
100.0,0.850,0.148103
100.0,0.850,0.057335
100.0,0.850,-0.006785
100.0,0.850,0.004303
100.0,0.850,0.190459
100.0,0.850,0.121950
100.0,0.850,0.351805
100.0,0.850,0.441755
100.0,0.850,0.207721
100.0,0.850,0.072735
100.0,0.850,-0.161956
100.0,0.850,0.025386
100.0,0.850,-0.256598
100.0,0.850,0.103854
100.0,0.850,0.112848
100.0,0.850,0.177263
100.0,0.850,-0.078002
100.0,0.850,0.074838
100.0,0.850,0.135026
100.0,0.850,0.237499
100.0,0.850,0.129740
100.0,0.850,0.214972
100.0,0.850,-0.182829
100.0,0.850,0.228397
100.0,0.850,0.185812
100.0,0.850,0.305914
100.0,0.850,0.131645
100.0,0.850,-0.062806
100.0,0.850,-0.064934
100.0,0.850,-0.054978
100.0,0.850,0.111397
100.0,0.903,-0.057400
100.0,0.903,0.263386
100.0,0.903,-0.067246
100.0,0.903,-0.271557
100.0,0.903,0.084719
100.0,0.903,0.181724
100.0,0.903,0.255974
100.0,0.903,0.285506
100.0,0.903,0.598297
100.0,0.903,0.421218
100.0,0.903,0.053513
100.0,0.903,0.346691
100.0,0.903,0.279964
100.0,0.903,-0.096281
100.0,0.903,-0.133316
100.0,0.903,0.143865
100.0,0.903,-0.091886
100.0,0.903,0.222119
100.0,0.903,-0.181377
100.0,0.903,0.392545
100.0,0.903,0.174638
100.0,0.903,-0.135982
100.0,0.903,-0.146851
100.0,0.903,0.257269
100.0,0.903,0.305120
100.0,0.903,-0.252478
100.0,0.903,0.312449
100.0,0.903,0.304173
100.0,0.903,0.175063
100.0,0.903,-0.001645
100.0,0.903,0.190479
100.0,0.903,0.175942
100.0,0.903,0.198508
100.0,0.903,0.250122
100.0,0.903,0.177271
100.0,0.903,0.577544
100.0,0.903,0.112934
100.0,0.903,0.201484
100.0,0.903,0.208971
100.0,0.903,-0.140146
100.0,0.903,0.484593
100.0,0.903,0.148873
100.0,0.903,0.027136
100.0,0.903,0.258079
100.0,0.903,-0.022834
100.0,0.903,0.240444
100.0,0.903,0.131110
100.0,0.903,0.317086
100.0,0.903,0.139790
100.0,0.903,0.448034
100.0,0.903,-0.079019
100.0,0.903,0.284312
100.0,0.903,0.564920
100.0,0.903,0.211680
100.0,0.903,0.318615
100.0,0.903,0.220418
100.0,0.903,0.022488
100.0,0.903,0.382617
100.0,0.903,-0.422682
100.0,0.903,0.314847
100.0,0.903,0.398496
100.0,0.903,0.208862
100.0,0.903,0.252711
100.0,0.903,0.261474
100.0,0.903,0.192288
100.0,0.903,0.374594
100.0,0.903,0.301765
100.0,0.903,0.492221
100.0,0.903,0.112038
100.0,0.903,0.341689
100.0,0.903,0.198423
100.0,0.903,-0.053020
100.0,0.903,-0.138861
100.0,0.903,0.279717
100.0,0.903,0.202362
100.0,0.903,0.135176
100.0,0.903,0.498887
100.0,0.903,0.199909
100.0,0.903,0.500099
100.0,0.903,0.499984
100.0,0.903,0.064105
100.0,0.903,-0.080200
100.0,0.903,0.044971
100.0,0.903,0.311448
100.0,0.903,0.088190
100.0,0.903,-0.064938
100.0,0.903,0.220198
100.0,0.903,0.051331
100.0,0.903,0.330808
100.0,0.903,0.001176
100.0,0.903,0.345797
100.0,0.903,0.226333
100.0,0.903,-0.259575
100.0,0.903,0.407337
100.0,0.903,0.229473
100.0,0.903,0.094179
100.0,0.903,0.518692
100.0,0.903,0.124950
100.0,0.903,0.277333
100.0,0.903,0.064872
100.0,0.950,0.740304
100.0,0.950,0.871170
100.0,0.950,0.915598
100.0,0.950,0.671219
100.0,0.950,0.816350
100.0,0.950,0.608976
100.0,0.950,0.509101
100.0,0.950,0.523825
100.0,0.950,0.759682
100.0,0.950,0.910064
100.0,0.950,0.655269
100.0,0.950,0.828746
100.0,0.950,0.630417
100.0,0.950,0.935024
100.0,0.950,0.865254
100.0,0.950,0.845033
100.0,0.950,0.696560
100.0,0.950,0.841565
100.0,0.950,0.910422
100.0,0.950,0.724119
100.0,0.950,0.937082
100.0,0.950,0.841148
100.0,0.950,0.723039
100.0,0.950,0.501716
100.0,0.950,0.305396
100.0,0.950,0.908438
100.0,0.950,0.769934
100.0,0.950,0.849307
100.0,0.950,0.811737
100.0,0.950,0.477821
100.0,0.950,0.930442
100.0,0.950,0.848662
100.0,0.950,0.927889
100.0,0.950,0.741297
100.0,0.950,0.859991
100.0,0.950,0.879309
100.0,0.950,0.865428
100.0,0.950,0.702963
100.0,0.950,0.899226
100.0,0.950,0.826710
100.0,0.950,0.301185
100.0,0.950,0.743141
100.0,0.950,0.811120
100.0,0.950,0.745556
100.0,0.950,0.661886
100.0,0.950,0.794450
100.0,0.950,0.848901
100.0,0.950,0.456878
100.0,0.950,0.376242
100.0,0.950,0.669644
100.0,0.950,0.848849
100.0,0.950,0.774058
100.0,0.950,0.654938
100.0,0.950,0.644144
100.0,0.950,0.817581
100.0,0.950,0.895884
100.0,0.950,0.525884
100.0,0.950,0.863952
100.0,0.950,0.915851
100.0,0.950,0.839000
100.0,0.950,0.898729
100.0,0.950,0.528601
100.0,0.950,0.899752
100.0,0.950,0.768807
100.0,0.950,0.916268
100.0,0.950,0.787736
100.0,0.950,0.804500
100.0,0.950,0.882297
100.0,0.950,0.631566
100.0,0.950,0.812871
100.0,0.950,0.824849
100.0,0.950,0.813784
100.0,0.950,0.916172
100.0,0.950,0.904979
100.0,0.950,0.892272
100.0,0.950,0.793610
100.0,0.950,0.832884
100.0,0.950,0.904051
100.0,0.950,0.680824
100.0,0.950,0.668496
100.0,0.950,0.864917
100.0,0.950,0.787418
100.0,0.950,0.885210
100.0,0.950,0.792113
100.0,0.950,0.646970
100.0,0.950,0.839787
100.0,0.950,0.819848
100.0,0.950,0.632136
100.0,0.950,0.738679
100.0,0.950,0.755085
100.0,0.950,0.743388
100.0,0.950,0.696493
100.0,0.950,0.779034
100.0,0.950,0.625999
100.0,0.950,0.881196
100.0,0.950,0.804499
100.0,0.950,0.841476
100.0,0.950,0.716589
100.0,0.950,0.778173
100.0,0.950,0.833328
100.0,0.850,-0.064864
100.0,0.850,-0.154831
100.0,0.850,0.103933
100.0,0.850,-0.324396
100.0,0.850,-0.058395
100.0,0.850,-0.342854
100.0,0.850,-0.214108
100.0,0.850,0.100658
100.0,0.850,0.178066
100.0,0.850,0.025182
100.0,0.850,0.025115
100.0,0.850,0.114649
100.0,0.850,-0.106810
100.0,0.850,0.037033
100.0,0.850,-0.065303
100.0,0.850,-0.298845
100.0,0.850,0.050981
100.0,0.850,-0.355789
100.0,0.850,-0.139356
100.0,0.850,-0.246647
100.0,0.850,-0.095316
100.0,0.850,0.079984
100.0,0.850,-0.068311
100.0,0.850,-0.412178
100.0,0.850,-0.238698
100.0,0.850,-0.178063
100.0,0.850,-0.065652
100.0,0.850,-0.099228
100.0,0.850,-0.299411
100.0,0.850,-0.184097
100.0,0.850,-0.039420
100.0,0.850,-0.303366
100.0,0.850,-0.050757
100.0,0.850,-0.168536
100.0,0.850,0.030214
100.0,0.850,0.144101
100.0,0.850,0.138527
100.0,0.850,-0.039796
100.0,0.850,-0.413410
100.0,0.850,-0.340868
100.0,0.850,0.162391
100.0,0.850,-0.105372
100.0,0.850,-0.238695
100.0,0.850,-0.279029
100.0,0.850,-0.193878
100.0,0.850,-0.051807
100.0,0.850,-0.143094
100.0,0.850,-0.103039
100.0,0.850,-0.094656
100.0,0.850,-0.235379
100.0,0.850,-0.192731
100.0,0.850,-0.137901
100.0,0.850,-0.036281
100.0,0.850,-0.218987
100.0,0.850,-0.050555
100.0,0.850,0.121177
100.0,0.850,-0.089184
100.0,0.850,-0.267142
100.0,0.850,-0.127255
100.0,0.850,0.070979
100.0,0.850,-0.295078
100.0,0.850,-0.271954
100.0,0.850,-0.281836
100.0,0.850,0.031307
100.0,0.850,-0.025287
100.0,0.850,-0.406439
100.0,0.850,-0.047902
100.0,0.850,-0.042825
100.0,0.850,0.076912
100.0,0.850,-0.263361
100.0,0.850,0.169521
100.0,0.850,0.110210
100.0,0.850,-0.083946
100.0,0.850,-0.223721
100.0,0.850,-0.111797
100.0,0.850,-0.016845
100.0,0.850,-0.307901
100.0,0.850,-0.049407
100.0,0.850,-0.140193
100.0,0.850,-0.104115
100.0,0.850,-0.110040
100.0,0.850,-0.191729
100.0,0.850,-0.330495
100.0,0.850,0.024753
100.0,0.850,-0.334397
100.0,0.850,-0.310848
100.0,0.850,-0.010129
100.0,0.850,0.176602
100.0,0.850,0.131705
100.0,0.850,-0.145003
100.0,0.850,-0.144757
100.0,0.850,-0.319686
100.0,0.850,-0.104270
100.0,0.850,-0.369238
100.0,0.850,-0.115220
100.0,0.850,0.259639
100.0,0.850,-0.232947
100.0,0.850,-0.085290
100.0,0.850,0.132659
100.0,0.850,-0.052832
100.0,0.903,-0.071978
100.0,0.903,-0.286785
100.0,0.903,-0.644649
100.0,0.903,-0.386482
100.0,0.903,-0.677424
100.0,0.903,-0.620751
100.0,0.903,-0.393727
100.0,0.903,-0.687948
100.0,0.903,-0.661854
100.0,0.903,-0.411810
100.0,0.903,-0.090077
100.0,0.903,-0.220735
100.0,0.903,-0.389629
100.0,0.903,-0.500897
100.0,0.903,-0.228891
100.0,0.903,-0.639646
100.0,0.903,-0.455465
100.0,0.903,-0.580496
100.0,0.903,-0.535088
100.0,0.903,-0.119730
100.0,0.903,-0.451205
100.0,0.903,-0.663360
100.0,0.903,-0.188486
100.0,0.903,-0.417265
100.0,0.903,-0.560362
100.0,0.903,-0.333049
100.0,0.903,-0.212289
100.0,0.903,-0.504521
100.0,0.903,-0.305986
100.0,0.903,-0.372177
100.0,0.903,-0.544823
100.0,0.903,-0.551556
100.0,0.903,-0.442365
100.0,0.903,-0.368811
100.0,0.903,-0.437014
100.0,0.903,-0.540600
100.0,0.903,-0.523625
100.0,0.903,-0.219572
100.0,0.903,-0.278667
100.0,0.903,-0.464710
100.0,0.903,-0.522362
100.0,0.903,-0.225095
100.0,0.903,-0.664929
100.0,0.903,-0.613888
100.0,0.903,-0.259161
100.0,0.903,-0.615709
100.0,0.903,-0.467866
100.0,0.903,-0.230686
100.0,0.903,-0.324440
100.0,0.903,-0.399773
100.0,0.903,-0.668446
100.0,0.903,-0.350630
100.0,0.903,-0.481207
100.0,0.903,-0.659719
100.0,0.903,-0.142625
100.0,0.903,-0.520586
100.0,0.903,-0.056315
100.0,0.903,-0.334267
100.0,0.903,-0.825447
100.0,0.903,-0.590282
100.0,0.903,-0.254550
100.0,0.903,-0.599188
100.0,0.903,-0.527773
100.0,0.903,-0.521630
100.0,0.903,-0.260622
100.0,0.903,-0.576257
100.0,0.903,-0.728242
100.0,0.903,-0.612299
100.0,0.903,-0.769354
100.0,0.903,-0.638957
100.0,0.903,-0.155293
100.0,0.903,-0.118883
100.0,0.903,-0.270403
100.0,0.903,-0.515140
100.0,0.903,-0.161403
100.0,0.903,-0.647522
100.0,0.903,-0.405837
100.0,0.903,-0.353225
100.0,0.903,-0.507884
100.0,0.903,-0.759724
100.0,0.903,-0.509382
100.0,0.903,-0.478686
100.0,0.903,-0.473815
100.0,0.903,-0.378686
100.0,0.903,-0.522975
100.0,0.903,-0.203313
100.0,0.903,-0.445140
100.0,0.903,-0.505528
100.0,0.903,-0.673040
100.0,0.903,-0.212154
100.0,0.903,-0.615317
100.0,0.903,-0.582413
100.0,0.903,-0.636149
100.0,0.903,-0.449214
100.0,0.903,-0.156907
100.0,0.903,-0.609891
100.0,0.903,-0.317952
100.0,0.903,-0.398776
100.0,0.903,-0.550002
100.0,0.903,-0.455915
100.0,0.950,-0.913356
100.0,0.950,-0.759279
100.0,0.950,-0.930890
100.0,0.950,-0.716266
100.0,0.950,-0.931984
100.0,0.950,-0.535895
100.0,0.950,-0.735804
100.0,0.950,-0.911456
100.0,0.950,-0.874823
100.0,0.950,-0.801824
100.0,0.950,-0.820771
100.0,0.950,-0.716543
100.0,0.950,-0.750806
100.0,0.950,-0.845511
100.0,0.950,-0.837892
100.0,0.950,-0.855623
100.0,0.950,-0.836849
100.0,0.950,-0.834715
100.0,0.950,-0.691703
100.0,0.950,-0.909300
100.0,0.950,-0.710482
100.0,0.950,-0.688020
100.0,0.950,-0.618672
100.0,0.950,-0.730554
100.0,0.950,-0.675275
100.0,0.950,-0.838287
100.0,0.950,-0.871926
100.0,0.950,-0.774555
100.0,0.950,-0.708099
100.0,0.950,-0.788774
100.0,0.950,-0.734428
100.0,0.950,-0.821533
100.0,0.950,-0.799729
100.0,0.950,-0.891963
100.0,0.950,-0.854535
100.0,0.950,-0.723721
100.0,0.950,-0.868856
100.0,0.950,-0.655255
100.0,0.950,-0.827322
100.0,0.950,-0.602676
100.0,0.950,-0.803577
100.0,0.950,-0.804962
100.0,0.950,-0.849605
100.0,0.950,-0.847141
100.0,0.950,-0.610335
100.0,0.950,-0.648298
100.0,0.950,-0.593789
100.0,0.950,-0.769745
100.0,0.950,-0.941879
100.0,0.950,-0.706277
100.0,0.950,-0.906708
100.0,0.950,-0.771624
100.0,0.950,-0.786285
100.0,0.950,-0.761193
100.0,0.950,-0.685921
100.0,0.950,-0.844251
100.0,0.950,-0.888988
100.0,0.950,-0.904681
100.0,0.950,-0.806587
100.0,0.950,-0.785899
100.0,0.950,-0.919281
100.0,0.950,-0.674307
100.0,0.950,-0.859534
100.0,0.950,-0.853800
100.0,0.950,-0.889298
100.0,0.950,-0.544721
100.0,0.950,-0.841137
100.0,0.950,-0.769336
100.0,0.950,-0.812460
100.0,0.950,-0.860843
100.0,0.950,-0.324214
100.0,0.950,-0.919550
100.0,0.950,-0.768642
100.0,0.950,-0.632107
100.0,0.950,-0.929072
100.0,0.950,-0.891787
100.0,0.950,-0.736001
100.0,0.950,-0.515146
100.0,0.950,-0.796615
100.0,0.950,-0.919302
100.0,0.950,-0.780246
100.0,0.950,-0.912303
100.0,0.950,-0.854529
100.0,0.950,-0.673655
100.0,0.950,-0.817052
100.0,0.950,-0.815240
100.0,0.950,-0.866620
100.0,0.950,-0.796406
100.0,0.950,-0.865757
100.0,0.950,-0.847295
100.0,0.950,-0.825339
100.0,0.950,-0.898398
100.0,0.950,-0.833667
100.0,0.950,-0.818659
100.0,0.950,-0.882797
100.0,0.950,-0.880429
100.0,0.950,-0.753149
100.0,0.950,-0.668254
100.0,0.950,-0.445402
100.0,0.950,-0.272418
100.0,0.850,0.147742
100.0,0.850,-0.117947
100.0,0.850,0.031711
100.0,0.850,0.153812
100.0,0.850,0.285893
100.0,0.850,0.168923
100.0,0.850,-0.095779
100.0,0.850,0.086754
100.0,0.850,-0.032967
100.0,0.850,-0.018767
100.0,0.850,0.319379
100.0,0.850,0.161575
100.0,0.850,0.024436
100.0,0.850,-0.151886
100.0,0.850,-0.100693
100.0,0.850,0.034020
100.0,0.850,-0.098905
100.0,0.850,-0.078669
100.0,0.850,0.029125
100.0,0.850,-0.281387
100.0,0.850,-0.001288
100.0,0.850,-0.171593
100.0,0.850,-0.123531
100.0,0.850,0.027934
100.0,0.850,-0.051421
100.0,0.850,0.012853
100.0,0.850,-0.012513
100.0,0.850,-0.084263
100.0,0.850,0.140016
100.0,0.850,0.103375
100.0,0.850,0.175651
100.0,0.850,-0.221478
100.0,0.850,0.070113
100.0,0.850,0.166352
100.0,0.850,0.134249
100.0,0.850,0.124161
100.0,0.850,0.007739
100.0,0.850,-0.041794
100.0,0.850,0.008919
100.0,0.850,-0.026352
100.0,0.850,-0.058068
100.0,0.850,0.119399
100.0,0.850,0.230816
100.0,0.850,-0.086817
100.0,0.850,-0.048472
100.0,0.850,0.163694
100.0,0.850,0.232833
100.0,0.850,-0.042051
100.0,0.850,-0.039608
100.0,0.850,0.131304
100.0,0.850,-0.011979
100.0,0.850,-0.003507
100.0,0.850,0.141492
100.0,0.850,-0.244547
100.0,0.850,0.262537
100.0,0.850,0.056295
100.0,0.850,0.080295
100.0,0.850,0.003937
100.0,0.850,0.016634
100.0,0.850,-0.056892
100.0,0.850,0.070272
100.0,0.850,0.029205
100.0,0.850,0.096364
100.0,0.850,0.097431
100.0,0.850,-0.108144
100.0,0.850,0.220231
100.0,0.850,0.166614
100.0,0.850,0.003610
100.0,0.850,0.151828
100.0,0.850,0.003889
100.0,0.850,0.068256
100.0,0.850,0.026374
100.0,0.850,0.078287
100.0,0.850,-0.064967
100.0,0.850,-0.079567
100.0,0.850,0.134787
100.0,0.850,-0.124006
100.0,0.850,0.203124
100.0,0.850,0.373752
100.0,0.850,0.180975
100.0,0.850,0.026593
100.0,0.850,0.081677
100.0,0.850,0.019518
100.0,0.850,-0.095738
100.0,0.850,-0.018437
100.0,0.850,0.124093
100.0,0.850,-0.157013
100.0,0.850,-0.278878
100.0,0.850,-0.181158
100.0,0.850,0.147815
100.0,0.850,-0.202260
100.0,0.850,-0.106107
100.0,0.850,0.013784
100.0,0.850,0.362303
100.0,0.850,-0.072027
100.0,0.850,-0.131233
100.0,0.850,0.020628
100.0,0.850,0.081170
100.0,0.850,-0.045227
100.0,0.850,-0.075792
100.0,0.903,0.036577
100.0,0.903,0.054533
100.0,0.903,0.198578
100.0,0.903,0.006427
100.0,0.903,0.054621
100.0,0.903,0.126831
100.0,0.903,0.295836
100.0,0.903,0.090679
100.0,0.903,0.327670
100.0,0.903,-0.191594
100.0,0.903,0.204694
100.0,0.903,-0.085232
100.0,0.903,0.028159
100.0,0.903,-0.147590
100.0,0.903,0.134854
100.0,0.903,0.316822
100.0,0.903,0.380147
100.0,0.903,0.276509
100.0,0.903,0.151118
100.0,0.903,-0.056498
100.0,0.903,0.167837
100.0,0.903,-0.073074
100.0,0.903,0.310686
100.0,0.903,0.092359
100.0,0.903,0.100500
100.0,0.903,0.368959
100.0,0.903,0.240337
100.0,0.903,0.002348
100.0,0.903,0.325607
100.0,0.903,0.269828
100.0,0.903,0.157327
100.0,0.903,0.280265
100.0,0.903,0.209079
100.0,0.903,0.486608
100.0,0.903,0.007556
100.0,0.903,0.242628
100.0,0.903,0.655731
100.0,0.903,0.280050
100.0,0.903,0.013177
100.0,0.903,0.224231
100.0,0.903,0.220893
100.0,0.903,0.082334
100.0,0.903,0.328363
100.0,0.903,0.382174
100.0,0.903,0.199773
100.0,0.903,0.123170
100.0,0.903,0.513872
100.0,0.903,0.034010
100.0,0.903,0.058119
100.0,0.903,0.026485
100.0,0.903,0.090492
100.0,0.903,-0.116444
100.0,0.903,0.014883
100.0,0.903,-0.080924
100.0,0.903,0.099774
100.0,0.903,0.347709
100.0,0.903,0.256423
100.0,0.903,0.361751
100.0,0.903,0.352587
100.0,0.903,-0.081331
100.0,0.903,-0.234934
100.0,0.903,0.386131
100.0,0.903,-0.025049
100.0,0.903,0.226948
100.0,0.903,0.080471
100.0,0.903,0.617162
100.0,0.903,0.350111
100.0,0.903,0.155963
100.0,0.903,0.304686
100.0,0.903,0.269559
100.0,0.903,-0.159321
100.0,0.903,0.385093
100.0,0.903,0.210758
100.0,0.903,-0.040423
100.0,0.903,0.418387
100.0,0.903,0.156556
100.0,0.903,0.256298
100.0,0.903,0.528610
100.0,0.903,0.352210
100.0,0.903,0.195950
100.0,0.903,0.212669
100.0,0.903,0.451191
100.0,0.903,0.436779
100.0,0.903,0.189785
100.0,0.903,-0.052357
100.0,0.903,0.110986
100.0,0.903,-0.265592
100.0,0.903,0.239486
100.0,0.903,0.071692
100.0,0.903,0.189648
100.0,0.903,0.052346
100.0,0.903,0.005152
100.0,0.903,0.252686
100.0,0.903,0.484495
100.0,0.903,0.054805
100.0,0.903,0.102893
100.0,0.903,0.072330
100.0,0.903,-0.104833
100.0,0.903,0.284687
100.0,0.903,0.171364
100.0,0.950,0.758218
100.0,0.950,0.724517
100.0,0.950,0.939004
100.0,0.950,0.915832
100.0,0.950,0.608437
100.0,0.950,0.507986
100.0,0.950,0.832780
100.0,0.950,0.654689
100.0,0.950,0.755581
100.0,0.950,0.821833
100.0,0.950,0.597517
100.0,0.950,0.546122
100.0,0.950,0.821656
100.0,0.950,0.874015
100.0,0.950,0.892469
100.0,0.950,0.226891
100.0,0.950,0.807429
100.0,0.950,0.759218
100.0,0.950,0.899549
100.0,0.950,0.891247
100.0,0.950,0.692331
100.0,0.950,0.814574
100.0,0.950,0.863361
100.0,0.950,0.872631
100.0,0.950,0.862815
100.0,0.950,0.621411
100.0,0.950,0.846987
100.0,0.950,0.719787
100.0,0.950,0.902765
100.0,0.950,0.864964
100.0,0.950,0.872511
100.0,0.950,0.764188
100.0,0.950,0.836849
100.0,0.950,0.894438
100.0,0.950,0.907415
100.0,0.950,0.470172
100.0,0.950,0.737351
100.0,0.950,0.920132
100.0,0.950,0.677430
100.0,0.950,0.927834
100.0,0.950,0.850531
100.0,0.950,0.829204
100.0,0.950,0.654299
100.0,0.950,0.531526
100.0,0.950,0.826250
100.0,0.950,0.556184
100.0,0.950,0.883423
100.0,0.950,0.332738
100.0,0.950,0.903860
100.0,0.950,0.512615
100.0,0.950,0.903072
100.0,0.950,0.772386
100.0,0.950,0.584115
100.0,0.950,0.854019
100.0,0.950,0.746704
100.0,0.950,0.887817
100.0,0.950,0.308416
100.0,0.950,0.734900
100.0,0.950,0.715808
100.0,0.950,0.919177
100.0,0.950,0.559190
100.0,0.950,0.895779
100.0,0.950,0.894955
100.0,0.950,0.839297
100.0,0.950,0.764187
100.0,0.950,0.614067
100.0,0.950,0.814768
100.0,0.950,0.613064
100.0,0.950,0.703240
100.0,0.950,0.868047
100.0,0.950,0.919877
100.0,0.950,0.867384
100.0,0.950,0.888668
100.0,0.950,0.567635
100.0,0.950,0.865978
100.0,0.950,0.749716
100.0,0.950,0.937598
100.0,0.950,0.650386
100.0,0.950,0.727903
100.0,0.950,0.823283
100.0,0.950,0.892075
100.0,0.950,0.913328
100.0,0.950,0.910197
100.0,0.950,0.902350
100.0,0.950,0.872839
100.0,0.950,0.312559
100.0,0.950,0.880262
100.0,0.950,0.856018
100.0,0.950,0.691087
100.0,0.950,0.870497
100.0,0.950,0.732752
100.0,0.950,0.720375
100.0,0.950,0.689470
100.0,0.950,0.770145
100.0,0.950,0.817046
100.0,0.950,0.886813
100.0,0.950,0.507725
100.0,0.950,0.766307
100.0,0.950,0.838585
100.0,0.950,0.582707
100.0,0.850,-0.124993
100.0,0.850,0.043212
100.0,0.850,0.062898
100.0,0.850,-0.042346
100.0,0.850,0.224926
100.0,0.850,-0.234439
100.0,0.850,-0.142279
100.0,0.850,0.047716
100.0,0.850,-0.019362
100.0,0.850,0.032850
100.0,0.850,-0.282463
100.0,0.850,-0.103909
100.0,0.850,-0.459214
100.0,0.850,-0.129774
100.0,0.850,-0.055092
100.0,0.850,-0.071812
100.0,0.850,-0.099618
100.0,0.850,-0.085379
100.0,0.850,0.018291
100.0,0.850,-0.280115
100.0,0.850,-0.254629
100.0,0.850,0.119754
100.0,0.850,-0.089993
100.0,0.850,0.146502
100.0,0.850,0.026407
100.0,0.850,-0.117674
100.0,0.850,-0.167960
100.0,0.850,-0.057058
100.0,0.850,0.076084
100.0,0.850,-0.071882
100.0,0.850,-0.029505
100.0,0.850,0.118215
100.0,0.850,0.128271
100.0,0.850,-0.118937
100.0,0.850,0.281369
100.0,0.850,-0.063397
100.0,0.850,-0.062221
100.0,0.850,0.018622
100.0,0.850,0.193342
100.0,0.850,-0.145457
100.0,0.850,-0.180567
100.0,0.850,-0.178136
100.0,0.850,-0.005893
100.0,0.850,0.044812
100.0,0.850,-0.169282
100.0,0.850,-0.001256
100.0,0.850,0.120099
100.0,0.850,-0.010408
100.0,0.850,-0.275612
100.0,0.850,0.138177
100.0,0.850,0.004930
100.0,0.850,-0.027801
100.0,0.850,-0.053589
100.0,0.850,-0.155623
100.0,0.850,-0.055383
100.0,0.850,0.017395
100.0,0.850,0.174834
100.0,0.850,-0.300803
100.0,0.850,0.086668
100.0,0.850,0.092414
100.0,0.850,-0.012326
100.0,0.850,-0.137247
100.0,0.850,-0.265035
100.0,0.850,-0.007974
100.0,0.850,-0.029510
100.0,0.850,-0.034520
100.0,0.850,-0.001880
100.0,0.850,0.484832
100.0,0.850,0.188399
100.0,0.850,0.221487
100.0,0.850,0.110259
100.0,0.850,-0.065525
100.0,0.850,-0.060860
100.0,0.850,0.101178
100.0,0.850,-0.204463
100.0,0.850,-0.212702
100.0,0.850,0.231691
100.0,0.850,-0.160414
100.0,0.850,-0.351724
100.0,0.850,0.236178
100.0,0.850,0.114709
100.0,0.850,-0.275373
100.0,0.850,-0.226246
100.0,0.850,0.040402
100.0,0.850,-0.284534
100.0,0.850,-0.033231
100.0,0.850,0.188424
100.0,0.850,-0.428169
100.0,0.850,-0.103132
100.0,0.850,-0.042972
100.0,0.850,-0.123467
100.0,0.850,0.300955
100.0,0.850,-0.143459
100.0,0.850,-0.281493
100.0,0.850,0.220730
100.0,0.850,-0.169386
100.0,0.850,-0.048156
100.0,0.850,-0.124495
100.0,0.850,0.292274
100.0,0.850,0.058410
100.0,0.903,0.060875
100.0,0.903,0.054972
100.0,0.903,0.236768
100.0,0.903,0.204098
100.0,0.903,0.003866
100.0,0.903,0.221616
100.0,0.903,-0.189420
100.0,0.903,-0.174333
100.0,0.903,-0.192466
100.0,0.903,0.267824
100.0,0.903,0.271351
100.0,0.903,-0.094294
100.0,0.903,-0.089985
100.0,0.903,-0.220136
100.0,0.903,-0.066933
100.0,0.903,0.027189
100.0,0.903,-0.337779
100.0,0.903,0.175865
100.0,0.903,-0.421738
100.0,0.903,0.065745
100.0,0.903,0.152187
100.0,0.903,-0.044947
100.0,0.903,-0.293725
100.0,0.903,-0.189025
100.0,0.903,-0.304096
100.0,0.903,-0.228538
100.0,0.903,0.176849
100.0,0.903,0.137156
100.0,0.903,-0.056992
100.0,0.903,-0.197789
100.0,0.903,-0.088498
100.0,0.903,-0.032564
100.0,0.903,-0.083160
100.0,0.903,-0.356486
100.0,0.903,-0.017999
100.0,0.903,-0.192554
100.0,0.903,-0.191986
100.0,0.903,-0.169398
100.0,0.903,-0.068960
100.0,0.903,0.016469
100.0,0.903,-0.002503
100.0,0.903,-0.211417
100.0,0.903,-0.274165
100.0,0.903,-0.126534
100.0,0.903,0.129858
100.0,0.903,-0.296688
100.0,0.903,0.252986
100.0,0.903,-0.365524
100.0,0.903,-0.269191
100.0,0.903,0.015201
100.0,0.903,0.038613
100.0,0.903,0.363833
100.0,0.903,-0.198475
100.0,0.903,-0.378009
100.0,0.903,-0.061671
100.0,0.903,-0.096931
100.0,0.903,0.087262
100.0,0.903,-0.090051
100.0,0.903,-0.170780
100.0,0.903,-0.044343
100.0,0.903,0.220460
100.0,0.903,-0.266981
100.0,0.903,-0.294922
100.0,0.903,-0.090146
100.0,0.903,-0.273245
100.0,0.903,-0.057825
100.0,0.903,-0.223639
100.0,0.903,-0.129046
100.0,0.903,-0.299578
100.0,0.903,0.036852
100.0,0.903,-0.145290
100.0,0.903,-0.364962
100.0,0.903,-0.055202
100.0,0.903,-0.067468
100.0,0.903,-0.068622
100.0,0.903,0.164612
100.0,0.903,-0.221801
100.0,0.903,-0.038885
100.0,0.903,0.109670
100.0,0.903,0.066985
100.0,0.903,0.116079
100.0,0.903,0.077670
100.0,0.903,-0.048168
100.0,0.903,-0.064355
100.0,0.903,-0.276239
100.0,0.903,-0.153616
100.0,0.903,-0.003678
100.0,0.903,-0.183917
100.0,0.903,0.154549
100.0,0.903,-0.042348
100.0,0.903,-0.270750
100.0,0.903,0.018300
100.0,0.903,0.072924
100.0,0.903,-0.236740
100.0,0.903,-0.343741
100.0,0.903,-0.094721
100.0,0.903,-0.418127
100.0,0.903,-0.217726
100.0,0.903,-0.125573
100.0,0.903,0.010378
100.0,0.950,-0.682390
100.0,0.950,-0.383497
100.0,0.950,-0.544626
100.0,0.950,-0.315032
100.0,0.950,-0.529029
100.0,0.950,0.277661
100.0,0.950,-0.287073
100.0,0.950,-0.661202
100.0,0.950,-0.769665
100.0,0.950,-0.182278
100.0,0.950,-0.050547
100.0,0.950,-0.622025
100.0,0.950,-0.359811
100.0,0.950,0.418283
100.0,0.950,-0.403084
100.0,0.950,-0.605378
100.0,0.950,-0.544056
100.0,0.950,-0.205442
100.0,0.950,-0.151523
100.0,0.950,0.312486
100.0,0.950,0.264068
100.0,0.950,-0.035279
100.0,0.950,-0.673484
100.0,0.950,-0.488203
100.0,0.950,-0.247188
100.0,0.950,-0.253271
100.0,0.950,-0.363058
100.0,0.950,-0.193081
100.0,0.950,-0.424125
100.0,0.950,-0.248883
100.0,0.950,-0.283915
100.0,0.950,-0.590979
100.0,0.950,-0.325677
100.0,0.950,-0.148856
100.0,0.950,0.036001
100.0,0.950,-0.077356
100.0,0.950,-0.199156
100.0,0.950,0.082116
100.0,0.950,-0.718227
100.0,0.950,-0.576413
100.0,0.950,-0.447774
100.0,0.950,-0.427267
100.0,0.950,0.300872
100.0,0.950,-0.191800
100.0,0.950,-0.328388
100.0,0.950,-0.157808
100.0,0.950,-0.262038
100.0,0.950,-0.483392
100.0,0.950,-0.138684
100.0,0.950,0.148207
100.0,0.950,-0.410381
100.0,0.950,0.164532
100.0,0.950,-0.192671
100.0,0.950,-0.229330
100.0,0.950,-0.335198
100.0,0.950,-0.612918
100.0,0.950,-0.212687
100.0,0.950,-0.132994
100.0,0.950,0.056863
100.0,0.950,-0.257784
100.0,0.950,0.067586
100.0,0.950,-0.503131
100.0,0.950,-0.067993
100.0,0.950,-0.030978
100.0,0.950,-0.282943
100.0,0.950,0.040272
100.0,0.950,-0.594361
100.0,0.950,-0.296798
100.0,0.950,-0.425218
100.0,0.950,-0.504788
100.0,0.950,-0.534727
100.0,0.950,0.296660
100.0,0.950,-0.632533
100.0,0.950,-0.628788
100.0,0.950,-0.188065
100.0,0.950,0.101039
100.0,0.950,-0.520081
100.0,0.950,-0.029946
100.0,0.950,-0.361213
100.0,0.950,-0.323755
100.0,0.950,-0.223530
100.0,0.950,-0.090532
100.0,0.950,-0.335037
100.0,0.950,-0.154378
100.0,0.950,-0.208404
100.0,0.950,-0.023358
100.0,0.950,-0.347348
100.0,0.950,-0.174353
100.0,0.950,-0.223234
100.0,0.950,-0.701315
100.0,0.950,0.015404
100.0,0.950,-0.595613
100.0,0.950,-0.229367
100.0,0.950,-0.565688
100.0,0.950,-0.546960
100.0,0.950,-0.208657
100.0,0.950,-0.251411
100.0,0.950,-0.496212
100.0,0.950,-0.418872
100.0,0.950,-0.461111
100.0,0.850,0.000473
100.0,0.850,-0.188895
100.0,0.850,-0.007006
100.0,0.850,0.152851
100.0,0.850,0.123276
100.0,0.850,-0.033457
100.0,0.850,0.093514
100.0,0.850,0.345738
100.0,0.850,0.116306
100.0,0.850,-0.394028
100.0,0.850,0.090563
100.0,0.850,0.055774
100.0,0.850,0.318041
100.0,0.850,-0.014723
100.0,0.850,0.353465
100.0,0.850,0.277888
100.0,0.850,0.037691
100.0,0.850,0.033363
100.0,0.850,-0.000464
100.0,0.850,0.279514
100.0,0.850,-0.128030
100.0,0.850,0.040691
100.0,0.850,0.172496
100.0,0.850,-0.023865
100.0,0.850,0.055244
100.0,0.850,0.257653
100.0,0.850,0.044869
100.0,0.850,-0.098013
100.0,0.850,0.123593
100.0,0.850,0.016248
100.0,0.850,-0.122465
100.0,0.850,0.273496
100.0,0.850,0.101255
100.0,0.850,0.366373
100.0,0.850,-0.082286
100.0,0.850,-0.079780
100.0,0.850,0.262302
100.0,0.850,0.376986
100.0,0.850,-0.068813
100.0,0.850,0.288074
100.0,0.850,0.100500
100.0,0.850,0.057270
100.0,0.850,-0.230040
100.0,0.850,0.069466
100.0,0.850,0.259260
100.0,0.850,-0.036036
100.0,0.850,0.121994
100.0,0.850,-0.034929
100.0,0.850,0.058846
100.0,0.850,0.143293
100.0,0.850,0.108998
100.0,0.850,-0.019683
100.0,0.850,0.219562
100.0,0.850,0.282918
100.0,0.850,-0.089316
100.0,0.850,0.290926
100.0,0.850,0.085647
100.0,0.850,0.366101
100.0,0.850,0.151585
100.0,0.850,-0.115658
100.0,0.850,-0.205398
100.0,0.850,0.132304
100.0,0.850,0.017681
100.0,0.850,0.106743
100.0,0.850,-0.007532
100.0,0.850,0.146758
100.0,0.850,-0.300117
100.0,0.850,0.094542
100.0,0.850,0.205700
100.0,0.850,0.086910
100.0,0.850,-0.028966
100.0,0.850,0.333343
100.0,0.850,0.304428
100.0,0.850,0.044398
100.0,0.850,-0.072717
100.0,0.850,0.249218
100.0,0.850,0.124180
100.0,0.850,0.118081
100.0,0.850,-0.077678
100.0,0.850,0.175507
100.0,0.850,0.164103
100.0,0.850,-0.011138
100.0,0.850,-0.002389
100.0,0.850,0.002096
100.0,0.850,0.073379
100.0,0.850,-0.149073
100.0,0.850,-0.049077
100.0,0.850,-0.062531
100.0,0.850,-0.242716
100.0,0.850,-0.001633
100.0,0.850,-0.056141
100.0,0.850,0.190481
100.0,0.850,0.106728
100.0,0.850,0.214819
100.0,0.850,0.168857
100.0,0.850,0.324084
100.0,0.850,0.165760
100.0,0.850,0.068132
100.0,0.850,0.239733
100.0,0.850,-0.080322
100.0,0.903,0.068665
100.0,0.903,0.033720
100.0,0.903,-0.046012
100.0,0.903,0.089908
100.0,0.903,0.185125
100.0,0.903,0.230281
100.0,0.903,0.377068
100.0,0.903,0.215573
100.0,0.903,0.179081
100.0,0.903,0.095976
100.0,0.903,-0.185647
100.0,0.903,0.450819
100.0,0.903,0.343014
100.0,0.903,0.291566
100.0,0.903,0.259833
100.0,0.903,0.305628
100.0,0.903,0.180098
100.0,0.903,0.354680
100.0,0.903,0.198153
100.0,0.903,0.439136
100.0,0.903,0.462041
100.0,0.903,-0.021406
100.0,0.903,0.192380
100.0,0.903,-0.043398
100.0,0.903,0.374585
100.0,0.903,0.300943
100.0,0.903,0.226805
100.0,0.903,0.154185
100.0,0.903,0.040325
100.0,0.903,0.124779
100.0,0.903,-0.270966
100.0,0.903,0.441265
100.0,0.903,0.303725
100.0,0.903,0.241295
100.0,0.903,0.173349
100.0,0.903,0.263553
100.0,0.903,0.326060
100.0,0.903,0.089815
100.0,0.903,0.304754
100.0,0.903,0.344895
100.0,0.903,0.017635
100.0,0.903,0.419908
100.0,0.903,0.370416
100.0,0.903,-0.139419
100.0,0.903,0.510859
100.0,0.903,0.094340
100.0,0.903,0.544551
100.0,0.903,0.103228
100.0,0.903,-0.325781
100.0,0.903,-0.014753
100.0,0.903,0.013609
100.0,0.903,0.259679
100.0,0.903,0.628454
100.0,0.903,0.214815
100.0,0.903,0.143627
100.0,0.903,0.357630
100.0,0.903,-0.152671
100.0,0.903,0.258908
100.0,0.903,0.263466
100.0,0.903,0.317757
100.0,0.903,0.203741
100.0,0.903,0.357130
100.0,0.903,0.176003
100.0,0.903,0.060835
100.0,0.903,0.411849
100.0,0.903,0.464135
100.0,0.903,0.162962
100.0,0.903,-0.069828
100.0,0.903,0.287564
100.0,0.903,-0.189368
100.0,0.903,-0.162050
100.0,0.903,0.488398
100.0,0.903,0.335237
100.0,0.903,0.162449
100.0,0.903,0.358538
100.0,0.903,0.084560
100.0,0.903,0.143366
100.0,0.903,0.529528
100.0,0.903,0.357731
100.0,0.903,-0.029260
100.0,0.903,0.288398
100.0,0.903,-0.001872
100.0,0.903,0.100868
100.0,0.903,0.522445
100.0,0.903,0.290135
100.0,0.903,-0.043210
100.0,0.903,-0.257722
100.0,0.903,0.232078
100.0,0.903,0.098099
100.0,0.903,0.278361
100.0,0.903,0.280370
100.0,0.903,0.320096
100.0,0.903,0.189492
100.0,0.903,0.172699
100.0,0.903,0.428880
100.0,0.903,0.322654
100.0,0.903,0.050362
100.0,0.903,0.077385
100.0,0.903,0.091924
100.0,0.903,0.185449
100.0,0.950,0.700110
100.0,0.950,0.757726
100.0,0.950,0.913734
100.0,0.950,0.587914
100.0,0.950,0.916532
100.0,0.950,0.894260
100.0,0.950,0.857820
100.0,0.950,0.884574
100.0,0.950,0.918410
100.0,0.950,0.833309
100.0,0.950,0.835139
100.0,0.950,0.543574
100.0,0.950,0.818405
100.0,0.950,0.937614
100.0,0.950,0.747230
100.0,0.950,0.843806
100.0,0.950,0.487673
100.0,0.950,0.730342
100.0,0.950,0.806248
100.0,0.950,0.898497
100.0,0.950,0.702232
100.0,0.950,0.810375
100.0,0.950,0.440235
100.0,0.950,0.470242
100.0,0.950,0.855361
100.0,0.950,0.809486
100.0,0.950,0.711054
100.0,0.950,0.852894
100.0,0.950,0.840243
100.0,0.950,0.549641
100.0,0.950,0.763837
100.0,0.950,0.876108
100.0,0.950,0.301327
100.0,0.950,0.236863
100.0,0.950,0.713752
100.0,0.950,0.742557
100.0,0.950,0.484442
100.0,0.950,0.863612
100.0,0.950,0.393201
100.0,0.950,0.846362
100.0,0.950,0.883222
100.0,0.950,0.907658
100.0,0.950,0.670870
100.0,0.950,0.804016
100.0,0.950,0.842221
100.0,0.950,0.400093
100.0,0.950,0.785657
100.0,0.950,0.631492
100.0,0.950,0.789073
100.0,0.950,0.871618
100.0,0.950,0.711979
100.0,0.950,0.844362
100.0,0.950,0.926938
100.0,0.950,0.650726
100.0,0.950,0.867887
100.0,0.950,0.733009
100.0,0.950,0.853330
100.0,0.950,-0.145732
100.0,0.950,0.657348
100.0,0.950,0.917232
100.0,0.950,0.831027
100.0,0.950,0.865477
100.0,0.950,0.920581
100.0,0.950,0.658636
100.0,0.950,0.726086
100.0,0.950,0.825252
100.0,0.950,0.749458
100.0,0.950,0.603405
100.0,0.950,0.240317
100.0,0.950,0.859844
100.0,0.950,0.796974
100.0,0.950,0.770233
100.0,0.950,0.910784
100.0,0.950,0.682418
100.0,0.950,0.534101
100.0,0.950,0.710399
100.0,0.950,0.644057
100.0,0.950,0.881668
100.0,0.950,0.671682
100.0,0.950,0.460113
100.0,0.950,0.793783
100.0,0.950,0.887071
100.0,0.950,0.877017
100.0,0.950,0.801087
100.0,0.950,0.922747
100.0,0.950,0.685864
100.0,0.950,0.526471
100.0,0.950,0.865544
100.0,0.950,0.924798
100.0,0.950,0.689467
100.0,0.950,0.768972
100.0,0.950,0.305199
100.0,0.950,0.618161
100.0,0.950,0.613357
100.0,0.950,0.894528
100.0,0.950,0.901223
100.0,0.950,0.399918
100.0,0.950,0.482511
100.0,0.950,0.643681
100.0,0.950,0.812992
100.0,0.850,0.179673
100.0,0.850,-0.214221
100.0,0.850,0.145432
100.0,0.850,0.114680
100.0,0.850,-0.048373
100.0,0.850,0.364298
100.0,0.850,0.316340
100.0,0.850,0.221186
100.0,0.850,-0.027748
100.0,0.850,-0.065675
100.0,0.850,0.048144
100.0,0.850,0.039792
100.0,0.850,0.148064
100.0,0.850,-0.299908
100.0,0.850,-0.172225
100.0,0.850,0.053404
100.0,0.850,0.173305
100.0,0.850,0.126015
100.0,0.850,0.343618
100.0,0.850,0.120074
100.0,0.850,0.088473
100.0,0.850,-0.027331
100.0,0.850,-0.052101
100.0,0.850,0.003071
100.0,0.850,0.123075
100.0,0.850,-0.088203
100.0,0.850,0.369344
100.0,0.850,-0.092440
100.0,0.850,-0.046752
100.0,0.850,0.312021
100.0,0.850,0.207397
100.0,0.850,-0.175221
100.0,0.850,0.204780
100.0,0.850,0.164370
100.0,0.850,0.207530
100.0,0.850,-0.127894
100.0,0.850,0.163750
100.0,0.850,-0.045760
100.0,0.850,0.066551
100.0,0.850,0.125185
100.0,0.850,0.373172
100.0,0.850,0.207232
100.0,0.850,0.020281
100.0,0.850,0.197926
100.0,0.850,-0.254396
100.0,0.850,-0.139064
100.0,0.850,-0.069666
100.0,0.850,0.054449
100.0,0.850,0.341337
100.0,0.850,-0.140934
100.0,0.850,0.017610
100.0,0.850,-0.012019
100.0,0.850,-0.143635
100.0,0.850,0.205701
100.0,0.850,0.120700
100.0,0.850,0.089084
100.0,0.850,-0.022604
100.0,0.850,-0.305184
100.0,0.850,0.237410
100.0,0.850,-0.192907
100.0,0.850,-0.086931
100.0,0.850,0.174557
100.0,0.850,-0.216953
100.0,0.850,0.048128
100.0,0.850,-0.093549
100.0,0.850,-0.109406
100.0,0.850,0.040176
100.0,0.850,-0.177102
100.0,0.850,-0.072289
100.0,0.850,-0.015175
100.0,0.850,-0.015732
100.0,0.850,-0.149461
100.0,0.850,-0.004462
100.0,0.850,0.099831
100.0,0.850,0.088624
100.0,0.850,0.040643
100.0,0.850,0.064604
100.0,0.850,0.057548
100.0,0.850,0.048729
100.0,0.850,0.046057
100.0,0.850,0.295266
100.0,0.850,-0.011256
100.0,0.850,-0.046709
100.0,0.850,-0.204734
100.0,0.850,0.199745
100.0,0.850,0.052762
100.0,0.850,0.317708
100.0,0.850,-0.126548
100.0,0.850,-0.001799
100.0,0.850,0.249002
100.0,0.850,-0.087911
100.0,0.850,0.057623
100.0,0.850,0.149159
100.0,0.850,0.092614
100.0,0.850,0.204630
100.0,0.850,-0.168020
100.0,0.850,0.134729
100.0,0.850,0.046653
100.0,0.850,0.355552
100.0,0.850,0.015754
100.0,0.903,0.402145
100.0,0.903,0.220998
100.0,0.903,-0.223329
100.0,0.903,-0.086954
100.0,0.903,0.090928
100.0,0.903,-0.035652
100.0,0.903,0.049033
100.0,0.903,0.308218
100.0,0.903,0.056154
100.0,0.903,0.120960
100.0,0.903,0.317212
100.0,0.903,0.325046
100.0,0.903,0.322170
100.0,0.903,0.195606
100.0,0.903,-0.052625
100.0,0.903,0.244838
100.0,0.903,-0.039843
100.0,0.903,0.432712
100.0,0.903,0.411507
100.0,0.903,0.266889
100.0,0.903,0.356853
100.0,0.903,0.111917
100.0,0.903,0.447899
100.0,0.903,0.523880
100.0,0.903,-0.025070
100.0,0.903,-0.127934
100.0,0.903,0.265178
100.0,0.903,0.030246
100.0,0.903,-0.081402
100.0,0.903,0.295985
100.0,0.903,0.458897
100.0,0.903,-0.011020
100.0,0.903,0.154434
100.0,0.903,0.432579
100.0,0.903,-0.006103
100.0,0.903,0.153236
100.0,0.903,0.349566
100.0,0.903,-0.127267
100.0,0.903,0.356320
100.0,0.903,0.394356
100.0,0.903,0.212134
100.0,0.903,0.466037
100.0,0.903,0.285519
100.0,0.903,0.262296
100.0,0.903,-0.022482
100.0,0.903,0.317613
100.0,0.903,0.285469
100.0,0.903,0.558725
100.0,0.903,0.397597
100.0,0.903,0.104927
100.0,0.903,-0.104693
100.0,0.903,0.197131
100.0,0.903,0.039070
100.0,0.903,0.213241
100.0,0.903,-0.157785
100.0,0.903,-0.275931
100.0,0.903,0.337152
100.0,0.903,0.152332
100.0,0.903,0.200132
100.0,0.903,0.089945
100.0,0.903,0.433579
100.0,0.903,0.038091
100.0,0.903,0.211351
100.0,0.903,0.259027
100.0,0.903,0.123431
100.0,0.903,0.171012
100.0,0.903,0.374687
100.0,0.903,0.239880
100.0,0.903,0.111257
100.0,0.903,0.029288
100.0,0.903,0.343618
100.0,0.903,0.038298
100.0,0.903,0.275665
100.0,0.903,0.492959
100.0,0.903,0.345314
100.0,0.903,0.101492
100.0,0.903,-0.105156
100.0,0.903,0.313188
100.0,0.903,0.015615
100.0,0.903,0.071508
100.0,0.903,0.220657
100.0,0.903,-0.039763
100.0,0.903,0.144996
100.0,0.903,0.016192
100.0,0.903,0.136988
100.0,0.903,0.110006
100.0,0.903,0.266280
100.0,0.903,0.169141
100.0,0.903,0.214438
100.0,0.903,0.241450
100.0,0.903,0.237534
100.0,0.903,0.412041
100.0,0.903,0.345130
100.0,0.903,0.174470
100.0,0.903,0.282643
100.0,0.903,0.185274
100.0,0.903,0.092830
100.0,0.903,0.330953
100.0,0.903,-0.355851
100.0,0.903,0.489607
100.0,0.950,0.816695
100.0,0.950,0.841193
100.0,0.950,0.830361
100.0,0.950,0.834731
100.0,0.950,0.726707
100.0,0.950,0.822608
100.0,0.950,0.586579
100.0,0.950,0.600844
100.0,0.950,0.746181
100.0,0.950,0.879609
100.0,0.950,0.768540
100.0,0.950,0.674391
100.0,0.950,0.447428
100.0,0.950,0.916856
100.0,0.950,0.837179
100.0,0.950,0.812060
100.0,0.950,0.824863
100.0,0.950,0.740889
100.0,0.950,0.852819
100.0,0.950,0.881659
100.0,0.950,0.833144
100.0,0.950,0.675744
100.0,0.950,0.888739
100.0,0.950,0.840867
100.0,0.950,0.864033
100.0,0.950,0.879778
100.0,0.950,0.900627
100.0,0.950,0.699034
100.0,0.950,0.698855
100.0,0.950,0.813279
100.0,0.950,0.689636
100.0,0.950,0.656709
100.0,0.950,0.807957
100.0,0.950,0.459673
100.0,0.950,0.476708
100.0,0.950,0.849687
100.0,0.950,0.453141
100.0,0.950,0.885355
100.0,0.950,0.771174
100.0,0.950,0.911915
100.0,0.950,0.699047
100.0,0.950,0.767771
100.0,0.950,0.890320
100.0,0.950,0.899267
100.0,0.950,0.858543
100.0,0.950,0.454209
100.0,0.950,0.889879
100.0,0.950,0.805124
100.0,0.950,0.920726
100.0,0.950,0.791772
100.0,0.950,0.830499
100.0,0.950,0.776765
100.0,0.950,0.633237
100.0,0.950,0.885929
100.0,0.950,0.577728
100.0,0.950,0.704275
100.0,0.950,0.893129
100.0,0.950,0.708325
100.0,0.950,0.731047
100.0,0.950,0.786977
100.0,0.950,0.882246
100.0,0.950,0.332548
100.0,0.950,0.867826
100.0,0.950,0.858476
100.0,0.950,0.787219
100.0,0.950,0.889818
100.0,0.950,0.446234
100.0,0.950,0.375382
100.0,0.950,0.774892
100.0,0.950,0.839712
100.0,0.950,0.739375
100.0,0.950,0.808046
100.0,0.950,0.863842
100.0,0.950,0.783352
100.0,0.950,0.915389
100.0,0.950,0.908977
100.0,0.950,0.814781
100.0,0.950,0.852539
100.0,0.950,0.715202
100.0,0.950,0.686040
100.0,0.950,0.773851
100.0,0.950,0.826675
100.0,0.950,0.923695
100.0,0.950,0.749083
100.0,0.950,0.445474
100.0,0.950,0.892884
100.0,0.950,0.776849
100.0,0.950,0.797169
100.0,0.950,0.905521
100.0,0.950,0.753866
100.0,0.950,0.665787
100.0,0.950,0.831614
100.0,0.950,0.773461
100.0,0.950,0.754232
100.0,0.950,0.827250
100.0,0.950,0.887288
100.0,0.950,0.629002
100.0,0.950,0.819850
100.0,0.950,0.756192
100.0,0.950,0.915047
100.0,0.850,0.003216
100.0,0.850,-0.055949
100.0,0.850,-0.182098
100.0,0.850,-0.010107
100.0,0.850,0.110107
100.0,0.850,-0.264724
100.0,0.850,-0.012261
100.0,0.850,0.030361
100.0,0.850,0.020358
100.0,0.850,-0.063296
100.0,0.850,-0.070072
100.0,0.850,-0.059918
100.0,0.850,0.151236
100.0,0.850,-0.064004
100.0,0.850,0.066888
100.0,0.850,-0.185583
100.0,0.850,-0.325270
100.0,0.850,0.017407
100.0,0.850,-0.002959
100.0,0.850,-0.198097
100.0,0.850,0.096380
100.0,0.850,0.096987
100.0,0.850,0.041646
100.0,0.850,-0.142714
100.0,0.850,-0.067840
100.0,0.850,-0.054484
100.0,0.850,0.206280
100.0,0.850,-0.182888
100.0,0.850,-0.004045
100.0,0.850,-0.054330
100.0,0.850,-0.006776
100.0,0.850,-0.016527
100.0,0.850,0.016773
100.0,0.850,-0.113796
100.0,0.850,0.023904
100.0,0.850,0.046324
100.0,0.850,-0.121264
100.0,0.850,0.119586
100.0,0.850,0.071016
100.0,0.850,-0.109463
100.0,0.850,-0.123996
100.0,0.850,-0.158211
100.0,0.850,0.093480
100.0,0.850,0.016338
100.0,0.850,-0.095697
100.0,0.850,-0.034581
100.0,0.850,-0.110777
100.0,0.850,-0.107453
100.0,0.850,-0.041350
100.0,0.850,-0.059495
100.0,0.850,0.044348
100.0,0.850,0.000798
100.0,0.850,-0.029627
100.0,0.850,-0.183026
100.0,0.850,-0.321320
100.0,0.850,0.081612
100.0,0.850,-0.119077
100.0,0.850,-0.110809
100.0,0.850,-0.000152
100.0,0.850,0.004464
100.0,0.850,-0.083864
100.0,0.850,0.039093
100.0,0.850,-0.313504
100.0,0.850,0.073953
100.0,0.850,-0.182919
100.0,0.850,0.322043
100.0,0.850,-0.256402
100.0,0.850,0.142785
100.0,0.850,-0.166232
100.0,0.850,-0.102567
100.0,0.850,-0.036374
100.0,0.850,0.032702
100.0,0.850,0.154865
100.0,0.850,-0.030398
100.0,0.850,0.263396
100.0,0.850,-0.235879
100.0,0.850,0.099911
100.0,0.850,0.105728
100.0,0.850,0.008653
100.0,0.850,0.074169
100.0,0.850,-0.087637
100.0,0.850,-0.001771
100.0,0.850,-0.246639
100.0,0.850,0.254766
100.0,0.850,0.146854
100.0,0.850,0.174371
100.0,0.850,0.182599
100.0,0.850,-0.037164
100.0,0.850,0.163325
100.0,0.850,-0.060044
100.0,0.850,0.003156
100.0,0.850,-0.144474
100.0,0.850,-0.230417
100.0,0.850,-0.301008
100.0,0.850,-0.271570
100.0,0.850,-0.062788
100.0,0.850,-0.192650
100.0,0.850,0.045849
100.0,0.850,-0.026688
100.0,0.850,0.070799
100.0,0.903,-0.104778
100.0,0.903,-0.431601
100.0,0.903,-0.191678
100.0,0.903,0.113146
100.0,0.903,0.208708
100.0,0.903,0.092213
100.0,0.903,-0.311964
100.0,0.903,-0.306141
100.0,0.903,-0.342562
100.0,0.903,0.031908
100.0,0.903,-0.248299
100.0,0.903,-0.201687
100.0,0.903,-0.252042
100.0,0.903,-0.476913
100.0,0.903,-0.083838
100.0,0.903,0.078211
100.0,0.903,-0.021111
100.0,0.903,-0.012248
100.0,0.903,-0.428478
100.0,0.903,-0.465568
100.0,0.903,-0.572547
100.0,0.903,-0.348134
100.0,0.903,0.097224
100.0,0.903,-0.347316
100.0,0.903,-0.161746
100.0,0.903,-0.109633
100.0,0.903,-0.038808
100.0,0.903,0.136649
100.0,0.903,-0.242691
100.0,0.903,0.154994
100.0,0.903,-0.399873
100.0,0.903,-0.161209
100.0,0.903,-0.487785
100.0,0.903,-0.045232
100.0,0.903,-0.139207
100.0,0.903,-0.103367
100.0,0.903,-0.453355
100.0,0.903,0.008958
100.0,0.903,-0.190206
100.0,0.903,-0.246910
100.0,0.903,-0.232736
100.0,0.903,-0.203557
100.0,0.903,-0.230523
100.0,0.903,-0.328695
100.0,0.903,-0.080916
100.0,0.903,-0.375166
100.0,0.903,-0.371753
100.0,0.903,0.049889
100.0,0.903,-0.204484
100.0,0.903,-0.176696
100.0,0.903,-0.053347
100.0,0.903,0.099274
100.0,0.903,-0.454379
100.0,0.903,-0.408377
100.0,0.903,-0.198702
100.0,0.903,-0.185878
100.0,0.903,0.040362
100.0,0.903,-0.274579
100.0,0.903,-0.370036
100.0,0.903,-0.187977
100.0,0.903,-0.142029
100.0,0.903,-0.146503
100.0,0.903,-0.223274
100.0,0.903,-0.039867
100.0,0.903,-0.235471
100.0,0.903,-0.382528
100.0,0.903,-0.440049
100.0,0.903,0.009484
100.0,0.903,-0.324200
100.0,0.903,-0.556399
100.0,0.903,0.137933
100.0,0.903,-0.133171
100.0,0.903,-0.128790
100.0,0.903,-0.241752
100.0,0.903,-0.463577
100.0,0.903,0.074023
100.0,0.903,-0.399169
100.0,0.903,0.070953
100.0,0.903,-0.299871
100.0,0.903,-0.450393
100.0,0.903,0.026639
100.0,0.903,-0.297445
100.0,0.903,-0.077322
100.0,0.903,0.342434
100.0,0.903,-0.585183
100.0,0.903,-0.011644
100.0,0.903,-0.311717
100.0,0.903,-0.413156
100.0,0.903,-0.161976
100.0,0.903,-0.182473
100.0,0.903,0.120144
100.0,0.903,-0.497264
100.0,0.903,-0.377716
100.0,0.903,0.074595
100.0,0.903,-0.233872
100.0,0.903,-0.142765
100.0,0.903,-0.192809
100.0,0.903,-0.345887
100.0,0.903,-0.226240
100.0,0.903,-0.026512
100.0,0.950,-0.791142
100.0,0.950,-0.700704
100.0,0.950,-0.815002
100.0,0.950,-0.873446
100.0,0.950,-0.595142
100.0,0.950,-0.697762
100.0,0.950,-0.135957
100.0,0.950,-0.790052
100.0,0.950,-0.819927
100.0,0.950,-0.568014
100.0,0.950,-0.421227
100.0,0.950,-0.759012
100.0,0.950,-0.872189
100.0,0.950,-0.396800
100.0,0.950,-0.814542
100.0,0.950,-0.835215
100.0,0.950,-0.695020
100.0,0.950,-0.710402
100.0,0.950,-0.832649
100.0,0.950,-0.677626
100.0,0.950,-0.505398
100.0,0.950,-0.835846
100.0,0.950,0.631140
100.0,0.950,-0.675281
100.0,0.950,-0.687426
100.0,0.950,-0.421914
100.0,0.950,-0.598513
100.0,0.950,-0.258566
100.0,0.950,-0.914724
100.0,0.950,-0.677550
100.0,0.950,-0.565620
100.0,0.950,-0.779851
100.0,0.950,-0.711143
100.0,0.950,-0.891077
100.0,0.950,-0.896996
100.0,0.950,-0.683519
100.0,0.950,-0.873266
100.0,0.950,-0.564039
100.0,0.950,-0.660709
100.0,0.950,-0.658403
100.0,0.950,-0.527755
100.0,0.950,-0.912007
100.0,0.950,-0.185083
100.0,0.950,-0.784340
100.0,0.950,-0.862261
100.0,0.950,-0.878610
100.0,0.950,-0.919821
100.0,0.950,-0.826214
100.0,0.950,-0.699538
100.0,0.950,-0.914988
100.0,0.950,-0.806265
100.0,0.950,-0.277061
100.0,0.950,-0.797788
100.0,0.950,-0.418019
100.0,0.950,-0.813722
100.0,0.950,-0.822393
100.0,0.950,-0.692414
100.0,0.950,-0.910702
100.0,0.950,-0.818330
100.0,0.950,-0.806179
100.0,0.950,0.080310
100.0,0.950,-0.626640
100.0,0.950,-0.743079
100.0,0.950,-0.560409
100.0,0.950,-0.802636
100.0,0.950,-0.801189
100.0,0.950,-0.899635
100.0,0.950,-0.403565
100.0,0.950,-0.043605
100.0,0.950,-0.310934
100.0,0.950,-0.830120
100.0,0.950,-0.733066
100.0,0.950,-0.860918
100.0,0.950,-0.831394
100.0,0.950,-0.898123
100.0,0.950,-0.883695
100.0,0.950,-0.674995
100.0,0.950,-0.873814
100.0,0.950,-0.809161
100.0,0.950,-0.843325
100.0,0.950,-0.629034
100.0,0.950,-0.160513
100.0,0.950,-0.926232
100.0,0.950,-0.024180
100.0,0.950,-0.118995
100.0,0.950,-0.654841
100.0,0.950,-0.665851
100.0,0.950,-0.761258
100.0,0.950,-0.371579
100.0,0.950,-0.858142
100.0,0.950,-0.854897
100.0,0.950,-0.765156
100.0,0.950,-0.726925
100.0,0.950,-0.807998
100.0,0.950,-0.526427
100.0,0.950,-0.882365
100.0,0.950,-0.747090
100.0,0.950,-0.905648
100.0,0.950,-0.867340
100.0,0.950,-0.597531
100.0,0.850,-0.114225
100.0,0.850,0.044852
100.0,0.850,0.286446
100.0,0.850,-0.088479
100.0,0.850,0.083636
100.0,0.850,0.266132
100.0,0.850,0.164636
100.0,0.850,0.272434
100.0,0.850,-0.017675
100.0,0.850,-0.053018
100.0,0.850,0.106756
100.0,0.850,0.139792
100.0,0.850,0.006627
100.0,0.850,0.246735
100.0,0.850,0.017208
100.0,0.850,0.058479
100.0,0.850,0.109144
100.0,0.850,0.210224
100.0,0.850,0.104240
100.0,0.850,0.155229
100.0,0.850,0.012791
100.0,0.850,-0.086736
100.0,0.850,0.265758
100.0,0.850,0.170174
100.0,0.850,0.177384
100.0,0.850,0.009934
100.0,0.850,0.277007
100.0,0.850,0.109373
100.0,0.850,0.236837
100.0,0.850,-0.021697
100.0,0.850,0.288342
100.0,0.850,0.042563
100.0,0.850,0.180769
100.0,0.850,0.010533
100.0,0.850,0.213888
100.0,0.850,-0.223292
100.0,0.850,0.157777
100.0,0.850,0.231358
100.0,0.850,0.118128
100.0,0.850,0.350440
100.0,0.850,-0.075301
100.0,0.850,0.100126
100.0,0.850,-0.186684
100.0,0.850,-0.141703
100.0,0.850,0.096256
100.0,0.850,0.205525
100.0,0.850,-0.031656
100.0,0.850,0.258973
100.0,0.850,0.007957
100.0,0.850,0.236278
100.0,0.850,0.268444
100.0,0.850,0.453322
100.0,0.850,-0.031537
100.0,0.850,-0.062264
100.0,0.850,0.011268
100.0,0.850,0.247966
100.0,0.850,0.290507
100.0,0.850,0.108969
100.0,0.850,0.233753
100.0,0.850,0.029338
100.0,0.850,0.180174
100.0,0.850,0.051088
100.0,0.850,0.025046
100.0,0.850,0.004860
100.0,0.850,-0.148106
100.0,0.850,0.337655
100.0,0.850,0.198374
100.0,0.850,0.193019
100.0,0.850,0.127798
100.0,0.850,0.369989
100.0,0.850,0.031336
100.0,0.850,0.294121
100.0,0.850,0.008011
100.0,0.850,0.042519
100.0,0.850,-0.046939
100.0,0.850,0.308316
100.0,0.850,-0.045428
100.0,0.850,-0.068793
100.0,0.850,0.039767
100.0,0.850,0.105313
100.0,0.850,0.063903
100.0,0.850,-0.404071
100.0,0.850,0.443677
100.0,0.850,-0.001613
100.0,0.850,0.021685
100.0,0.850,-0.169401
100.0,0.850,-0.001266
100.0,0.850,0.042836
100.0,0.850,0.013331
100.0,0.850,0.157250
100.0,0.850,0.072664
100.0,0.850,0.079211
100.0,0.850,0.181696
100.0,0.850,-0.244206
100.0,0.850,-0.008778
100.0,0.850,0.133789
100.0,0.850,0.051572
100.0,0.850,0.028780
100.0,0.850,0.034078
100.0,0.850,-0.099287
100.0,0.903,0.214639
100.0,0.903,0.602988
100.0,0.903,0.489025
100.0,0.903,-0.176359
100.0,0.903,0.429955
100.0,0.903,0.506274
100.0,0.903,0.612382
100.0,0.903,0.570317
100.0,0.903,0.550122
100.0,0.903,0.509945
100.0,0.903,0.236565
100.0,0.903,0.141938
100.0,0.903,0.215479
100.0,0.903,0.445162
100.0,0.903,0.572048
100.0,0.903,0.566026
100.0,0.903,0.479821
100.0,0.903,0.267835
100.0,0.903,0.262179
100.0,0.903,0.685626
100.0,0.903,0.684664
100.0,0.903,0.208077
100.0,0.903,-0.011832
100.0,0.903,0.384026
100.0,0.903,0.470208
100.0,0.903,0.259981
100.0,0.903,0.502325
100.0,0.903,0.417040
100.0,0.903,0.202273
100.0,0.903,0.319603
100.0,0.903,0.688732
100.0,0.903,0.389770
100.0,0.903,0.089687
100.0,0.903,0.543364
100.0,0.903,0.153898
100.0,0.903,0.138402
100.0,0.903,0.710939
100.0,0.903,0.142822
100.0,0.903,0.548055
100.0,0.903,0.597715
100.0,0.903,0.645796
100.0,0.903,0.165077
100.0,0.903,0.490682
100.0,0.903,0.364015
100.0,0.903,0.569074
100.0,0.903,0.138739
100.0,0.903,0.574636
100.0,0.903,0.572418
100.0,0.903,0.455720
100.0,0.903,0.403099
100.0,0.903,0.188310
100.0,0.903,0.368861
100.0,0.903,0.371375
100.0,0.903,0.326689
100.0,0.903,0.264883
100.0,0.903,0.178906
100.0,0.903,0.179532
100.0,0.903,0.484325
100.0,0.903,0.560148
100.0,0.903,0.289419
100.0,0.903,0.273569
100.0,0.903,0.527383
100.0,0.903,0.552118
100.0,0.903,0.055374
100.0,0.903,-0.216687
100.0,0.903,0.683524
100.0,0.903,0.648754
100.0,0.903,0.161102
100.0,0.903,0.499578
100.0,0.903,0.396333
100.0,0.903,0.407294
100.0,0.903,0.634915
100.0,0.903,0.232900
100.0,0.903,0.228345
100.0,0.903,0.316671
100.0,0.903,0.480932
100.0,0.903,0.243405
100.0,0.903,0.679415
100.0,0.903,0.495981
100.0,0.903,0.451422
100.0,0.903,0.454909
100.0,0.903,0.065486
100.0,0.903,0.200040
100.0,0.903,0.380035
100.0,0.903,0.572943
100.0,0.903,-0.141798
100.0,0.903,0.115789
100.0,0.903,0.356153
100.0,0.903,0.171477
100.0,0.903,0.459822
100.0,0.903,0.552336
100.0,0.903,0.657824
100.0,0.903,0.403547
100.0,0.903,0.469156
100.0,0.903,0.439497
100.0,0.903,0.166581
100.0,0.903,0.446122
100.0,0.903,0.537853
100.0,0.903,0.430564
100.0,0.903,-0.051309
100.0,0.950,0.879687
100.0,0.950,0.808630
100.0,0.950,0.890750
100.0,0.950,0.883317
100.0,0.950,0.890279
100.0,0.950,0.904451
100.0,0.950,0.906214
100.0,0.950,0.936232
100.0,0.950,0.920068
100.0,0.950,0.918823
100.0,0.950,0.754537
100.0,0.950,0.869394
100.0,0.950,0.894515
100.0,0.950,0.721850
100.0,0.950,0.865761
100.0,0.950,0.774405
100.0,0.950,0.737710
100.0,0.950,0.757571
100.0,0.950,0.867990
100.0,0.950,0.784365
100.0,0.950,0.814732
100.0,0.950,0.721185
100.0,0.950,0.899346
100.0,0.950,0.652753
100.0,0.950,0.871537
100.0,0.950,0.862232
100.0,0.950,0.679364
100.0,0.950,0.715632
100.0,0.950,0.628787
100.0,0.950,0.816485
100.0,0.950,0.775855
100.0,0.950,0.621785
100.0,0.950,0.541553
100.0,0.950,0.933559
100.0,0.950,0.866864
100.0,0.950,0.805280
100.0,0.950,0.871717
100.0,0.950,0.804288
100.0,0.950,0.869850
100.0,0.950,0.901685
100.0,0.950,0.851223
100.0,0.950,0.693869
100.0,0.950,0.917973
100.0,0.950,0.874125
100.0,0.950,0.803563
100.0,0.950,0.819288
100.0,0.950,0.842301
100.0,0.950,0.894841
100.0,0.950,0.835117
100.0,0.950,0.656106
100.0,0.950,0.697749
100.0,0.950,0.826026
100.0,0.950,0.843809
100.0,0.950,0.855232
100.0,0.950,0.798994
100.0,0.950,0.778069
100.0,0.950,0.611277
100.0,0.950,0.802878
100.0,0.950,0.742775
100.0,0.950,0.322403
100.0,0.950,0.929491
100.0,0.950,0.818924
100.0,0.950,0.799614
100.0,0.950,0.748015
100.0,0.950,0.876387
100.0,0.950,0.836006
100.0,0.950,0.705490
100.0,0.950,0.480722
100.0,0.950,0.850645
100.0,0.950,0.886032
100.0,0.950,0.882163
100.0,0.950,0.820612
100.0,0.950,0.773530
100.0,0.950,0.761607
100.0,0.950,0.732883
100.0,0.950,0.827093
100.0,0.950,0.725652
100.0,0.950,0.897873
100.0,0.950,0.786144
100.0,0.950,0.878779
100.0,0.950,0.827605
100.0,0.950,0.830808
100.0,0.950,0.884412
100.0,0.950,0.906558
100.0,0.950,0.723388
100.0,0.950,0.636815
100.0,0.950,0.908095
100.0,0.950,0.736821
100.0,0.950,0.529146
100.0,0.950,0.656439
100.0,0.950,0.827692
100.0,0.950,0.447756
100.0,0.950,0.666286
100.0,0.950,0.760089
100.0,0.950,0.748134
100.0,0.950,0.834468
100.0,0.950,0.410103
100.0,0.950,0.904181
100.0,0.950,0.514396
100.0,0.950,0.828804
100.0,0.850,0.208119
100.0,0.850,0.076135
100.0,0.850,0.017552
100.0,0.850,0.113561
100.0,0.850,0.217936
100.0,0.850,0.293367
100.0,0.850,-0.258605
100.0,0.850,-0.062168
100.0,0.850,0.031420
100.0,0.850,0.309533
100.0,0.850,-0.085076
100.0,0.850,0.201486
100.0,0.850,0.227975
100.0,0.850,0.123650
100.0,0.850,0.088150
100.0,0.850,0.300251
100.0,0.850,0.223498
100.0,0.850,0.169375
100.0,0.850,0.395603
100.0,0.850,-0.052908
100.0,0.850,0.168621
100.0,0.850,0.032105
100.0,0.850,0.025322
100.0,0.850,0.062598
100.0,0.850,0.174214
100.0,0.850,0.168132
100.0,0.850,0.144418
100.0,0.850,0.244413
100.0,0.850,0.393280
100.0,0.850,0.000584
100.0,0.850,0.042219
100.0,0.850,0.021144
100.0,0.850,-0.012539
100.0,0.850,0.075533
100.0,0.850,0.367268
100.0,0.850,0.192931
100.0,0.850,0.132542
100.0,0.850,-0.075898
100.0,0.850,0.186477
100.0,0.850,0.082200
100.0,0.850,0.039950
100.0,0.850,-0.117796
100.0,0.850,0.167435
100.0,0.850,0.152403
100.0,0.850,0.317132
100.0,0.850,0.177539
100.0,0.850,-0.004512
100.0,0.850,-0.300015
100.0,0.850,0.298509
100.0,0.850,0.333124
100.0,0.850,0.069805
100.0,0.850,0.111758
100.0,0.850,-0.021889
100.0,0.850,0.226281
100.0,0.850,0.405760
100.0,0.850,0.344378
100.0,0.850,0.085818
100.0,0.850,0.198010
100.0,0.850,0.010346
100.0,0.850,0.158281
100.0,0.850,0.240403
100.0,0.850,0.324513
100.0,0.850,0.099918
100.0,0.850,0.310103
100.0,0.850,0.236236
100.0,0.850,-0.093143
100.0,0.850,0.334534
100.0,0.850,-0.027994
100.0,0.850,0.159952
100.0,0.850,0.268498
100.0,0.850,0.446091
100.0,0.850,-0.023847
100.0,0.850,0.386741
100.0,0.850,-0.117245
100.0,0.850,0.075790
100.0,0.850,-0.146564
100.0,0.850,0.172341
100.0,0.850,0.119690
100.0,0.850,-0.051663
100.0,0.850,0.174768
100.0,0.850,-0.004487
100.0,0.850,0.128721
100.0,0.850,0.054864
100.0,0.850,0.348209
100.0,0.850,0.145830
100.0,0.850,0.263694
100.0,0.850,0.089553
100.0,0.850,-0.294156
100.0,0.850,0.178387
100.0,0.850,0.179924
100.0,0.850,0.082944
100.0,0.850,0.163881
100.0,0.850,0.246231
100.0,0.850,0.224677
100.0,0.850,0.211520
100.0,0.850,0.140420
100.0,0.850,0.061660
100.0,0.850,0.197649
100.0,0.850,-0.006190
100.0,0.850,0.147670
100.0,0.903,-0.172508
100.0,0.903,0.311707
100.0,0.903,0.348284
100.0,0.903,0.283933
100.0,0.903,0.275992
100.0,0.903,0.504673
100.0,0.903,-0.120493
100.0,0.903,0.164871
100.0,0.903,0.155379
100.0,0.903,0.687285
100.0,0.903,0.609310
100.0,0.903,0.439501
100.0,0.903,0.012639
100.0,0.903,0.522700
100.0,0.903,0.097526
100.0,0.903,0.662160
100.0,0.903,0.337801
100.0,0.903,0.092409
100.0,0.903,0.343355
100.0,0.903,0.150333
100.0,0.903,0.063031
100.0,0.903,0.745068
100.0,0.903,-0.215407
100.0,0.903,0.632229
100.0,0.903,0.589140
100.0,0.903,0.253865
100.0,0.903,0.434915
100.0,0.903,0.093285
100.0,0.903,0.370749
100.0,0.903,0.507380
100.0,0.903,0.304519
100.0,0.903,0.467294
100.0,0.903,0.262900
100.0,0.903,0.220477
100.0,0.903,0.195340
100.0,0.903,0.524955
100.0,0.903,0.503521
100.0,0.903,0.220214
100.0,0.903,0.519301
100.0,0.903,0.457105
100.0,0.903,0.441890
100.0,0.903,0.368731
100.0,0.903,0.456555
100.0,0.903,0.674047
100.0,0.903,0.353387
100.0,0.903,0.277595
100.0,0.903,0.334075
100.0,0.903,0.451384
100.0,0.903,0.299181
100.0,0.903,0.566526
100.0,0.903,0.705348
100.0,0.903,0.579152
100.0,0.903,-0.253868
100.0,0.903,0.607972
100.0,0.903,0.182169
100.0,0.903,0.317960
100.0,0.903,0.451604
100.0,0.903,0.201606
100.0,0.903,0.431095
100.0,0.903,0.216000
100.0,0.903,0.614757
100.0,0.903,0.307595
100.0,0.903,0.177825
100.0,0.903,0.449663
100.0,0.903,0.690398
100.0,0.903,0.348598
100.0,0.903,0.059196
100.0,0.903,-0.065517
100.0,0.903,0.397256
100.0,0.903,0.510046
100.0,0.903,0.231944
100.0,0.903,0.149850
100.0,0.903,0.011183
100.0,0.903,0.303167
100.0,0.903,0.399508
100.0,0.903,0.158775
100.0,0.903,0.223844
100.0,0.903,0.185133
100.0,0.903,0.310635
100.0,0.903,0.303766
100.0,0.903,0.405392
100.0,0.903,0.240944
100.0,0.903,0.552567
100.0,0.903,0.533059
100.0,0.903,0.374043
100.0,0.903,0.263713
100.0,0.903,0.293154
100.0,0.903,-0.042996
100.0,0.903,0.016579
100.0,0.903,0.343993
100.0,0.903,0.353374
100.0,0.903,0.289215
100.0,0.903,0.624195
100.0,0.903,0.462515
100.0,0.903,0.305422
100.0,0.903,0.402236
100.0,0.903,0.415844
100.0,0.903,0.210965
100.0,0.903,0.120555
100.0,0.903,0.399841
100.0,0.950,0.804792
100.0,0.950,0.767592
100.0,0.950,0.815678
100.0,0.950,0.833153
100.0,0.950,0.874472
100.0,0.950,0.799767
100.0,0.950,0.836579
100.0,0.950,0.763069
100.0,0.950,0.932663
100.0,0.950,0.724920
100.0,0.950,0.928321
100.0,0.950,0.842861
100.0,0.950,0.811556
100.0,0.950,0.449565
100.0,0.950,0.742156
100.0,0.950,0.778288
100.0,0.950,0.921436
100.0,0.950,0.869967
100.0,0.950,0.820287
100.0,0.950,0.522952
100.0,0.950,0.854537
100.0,0.950,0.753390
100.0,0.950,0.910455
100.0,0.950,0.615241
100.0,0.950,0.880405
100.0,0.950,0.674147
100.0,0.950,0.849082
100.0,0.950,0.753160
100.0,0.950,0.943891
100.0,0.950,0.840855
100.0,0.950,0.638288
100.0,0.950,0.857384
100.0,0.950,0.701835
100.0,0.950,0.869208
100.0,0.950,0.835588
100.0,0.950,0.918343
100.0,0.950,0.701120
100.0,0.950,0.686022
100.0,0.950,0.765728
100.0,0.950,0.783177
100.0,0.950,0.895012
100.0,0.950,0.868879
100.0,0.950,0.901685
100.0,0.950,0.809195
100.0,0.950,0.899623
100.0,0.950,0.900660
100.0,0.950,0.850692
100.0,0.950,0.733902
100.0,0.950,0.629149
100.0,0.950,0.782036
100.0,0.950,0.812060
100.0,0.950,0.585474
100.0,0.950,0.598911
100.0,0.950,0.852321
100.0,0.950,0.896383
100.0,0.950,0.922563
100.0,0.950,0.726678
100.0,0.950,0.757429
100.0,0.950,0.893175
100.0,0.950,0.928665
100.0,0.950,0.749548
100.0,0.950,0.363680
100.0,0.950,0.734834
100.0,0.950,0.779540
100.0,0.950,0.720933
100.0,0.950,0.856047
100.0,0.950,0.904104
100.0,0.950,0.749093
100.0,0.950,0.863212
100.0,0.950,0.728170
100.0,0.950,0.832776
100.0,0.950,0.822344
100.0,0.950,0.799445
100.0,0.950,0.834924
100.0,0.950,0.892048
100.0,0.950,0.831491
100.0,0.950,0.729918
100.0,0.950,0.550739
100.0,0.950,0.681864
100.0,0.950,0.920734
100.0,0.950,0.791010
100.0,0.950,0.506599
100.0,0.950,0.868994
100.0,0.950,0.881291
100.0,0.950,0.815302
100.0,0.950,0.858591
100.0,0.950,0.828056
100.0,0.950,0.884701
100.0,0.950,0.844468
100.0,0.950,0.868698
100.0,0.950,0.567927
100.0,0.950,0.864989
100.0,0.950,0.819664
100.0,0.950,0.864683
100.0,0.950,0.856630
100.0,0.950,0.892942
100.0,0.950,0.914901
100.0,0.950,0.062173
100.0,0.950,0.097333
100.0,0.950,0.405779
100.0,0.850,0.010830
100.0,0.850,-0.108033
100.0,0.850,0.178983
100.0,0.850,0.143538
100.0,0.850,0.132380
100.0,0.850,-0.283250
100.0,0.850,0.214219
100.0,0.850,0.184539
100.0,0.850,-0.090491
100.0,0.850,0.115403
100.0,0.850,-0.033123
100.0,0.850,0.015046
100.0,0.850,0.114212
100.0,0.850,-0.035185
100.0,0.850,0.001365
100.0,0.850,-0.109189
100.0,0.850,0.537091
100.0,0.850,-0.054001
100.0,0.850,-0.091571
100.0,0.850,0.071411
100.0,0.850,0.238820
100.0,0.850,0.223740
100.0,0.850,0.083876
100.0,0.850,0.257033
100.0,0.850,0.178855
100.0,0.850,0.257052
100.0,0.850,0.072114
100.0,0.850,-0.063707
100.0,0.850,0.091969
100.0,0.850,-0.055293
100.0,0.850,0.209389
100.0,0.850,0.280908
100.0,0.850,0.262620
100.0,0.850,-0.004929
100.0,0.850,0.182130
100.0,0.850,0.221551
100.0,0.850,0.123508
100.0,0.850,0.116030
100.0,0.850,0.171022
100.0,0.850,0.090214
100.0,0.850,0.099901
100.0,0.850,0.240975
100.0,0.850,0.129290
100.0,0.850,0.088669
100.0,0.850,0.114801
100.0,0.850,-0.063024
100.0,0.850,0.237226
100.0,0.850,-0.098711
100.0,0.850,-0.064476
100.0,0.850,-0.174791
100.0,0.850,0.240435
100.0,0.850,0.084647
100.0,0.850,-0.156112
100.0,0.850,-0.287103
100.0,0.850,-0.249469
100.0,0.850,-0.130656
100.0,0.850,0.015465
100.0,0.850,0.302263
100.0,0.850,0.022892
100.0,0.850,0.143695
100.0,0.850,-0.159508
100.0,0.850,0.343415
100.0,0.850,0.435314
100.0,0.850,0.134959
100.0,0.850,0.010252
100.0,0.850,0.240401
100.0,0.850,0.227201
100.0,0.850,0.183832
100.0,0.850,0.255076
100.0,0.850,0.238889
100.0,0.850,0.265987
100.0,0.850,0.140387
100.0,0.850,0.179039
100.0,0.850,0.164911
100.0,0.850,0.040090
100.0,0.850,-0.179751
100.0,0.850,0.005827
100.0,0.850,-0.044053
100.0,0.850,0.066923
100.0,0.850,0.075737
100.0,0.850,0.192549
100.0,0.850,-0.278328
100.0,0.850,-0.230598
100.0,0.850,0.095212
100.0,0.850,-0.066776
100.0,0.850,0.308216
100.0,0.850,0.253100
100.0,0.850,0.168970
100.0,0.850,0.116845
100.0,0.850,0.259790
100.0,0.850,0.080165
100.0,0.850,0.003508
100.0,0.850,-0.020507
100.0,0.850,0.203371
100.0,0.850,0.225815
100.0,0.850,-0.088252
100.0,0.850,0.235438
100.0,0.850,0.089924
100.0,0.850,0.449706
100.0,0.850,0.137843
100.0,0.903,0.391865
100.0,0.903,0.551771
100.0,0.903,0.155508
100.0,0.903,0.660496
100.0,0.903,0.596614
100.0,0.903,0.187507
100.0,0.903,0.350077
100.0,0.903,0.244462
100.0,0.903,0.111224
100.0,0.903,0.442967
100.0,0.903,0.594486
100.0,0.903,0.537696
100.0,0.903,-0.243171
100.0,0.903,0.363977
100.0,0.903,0.496465
100.0,0.903,0.195359
100.0,0.903,0.597144
100.0,0.903,0.400321
100.0,0.903,0.417536
100.0,0.903,0.599783
100.0,0.903,0.504979
100.0,0.903,0.445516
100.0,0.903,0.668409
100.0,0.903,-0.009059
100.0,0.903,0.283347
100.0,0.903,0.403725
100.0,0.903,0.199485
100.0,0.903,0.322818
100.0,0.903,0.337626
100.0,0.903,0.655352
100.0,0.903,0.170124
100.0,0.903,0.297908
100.0,0.903,0.499340
100.0,0.903,0.620996
100.0,0.903,0.739608
100.0,0.903,0.625407
100.0,0.903,0.290506
100.0,0.903,0.597580
100.0,0.903,0.448455
100.0,0.903,0.497257
100.0,0.903,0.388175
100.0,0.903,0.430107
100.0,0.903,0.730603
100.0,0.903,0.674762
100.0,0.903,0.395339
100.0,0.903,-0.057397
100.0,0.903,0.732486
100.0,0.903,0.736093
100.0,0.903,0.266225
100.0,0.903,0.297437
100.0,0.903,0.486378
100.0,0.903,0.254755
100.0,0.903,0.375415
100.0,0.903,0.532529
100.0,0.903,0.458164
100.0,0.903,0.473340
100.0,0.903,0.430883
100.0,0.903,0.139846
100.0,0.903,-0.234726
100.0,0.903,0.014514
100.0,0.903,0.188109
100.0,0.903,0.243803
100.0,0.903,0.638958
100.0,0.903,0.416799
100.0,0.903,0.472892
100.0,0.903,0.582872
100.0,0.903,0.194004
100.0,0.903,0.172761
100.0,0.903,0.005244
100.0,0.903,-0.145523
100.0,0.903,0.590940
100.0,0.903,0.056956
100.0,0.903,0.472567
100.0,0.903,0.680442
100.0,0.903,0.023704
100.0,0.903,0.367560
100.0,0.903,0.341403
100.0,0.903,-0.154111
100.0,0.903,0.656756
100.0,0.903,0.164509
100.0,0.903,0.510391
100.0,0.903,-0.104770
100.0,0.903,0.496866
100.0,0.903,0.554501
100.0,0.903,0.584188
100.0,0.903,0.578490
100.0,0.903,0.492307
100.0,0.903,0.634325
100.0,0.903,0.686770
100.0,0.903,0.414465
100.0,0.903,0.347690
100.0,0.903,0.365210
100.0,0.903,0.401803
100.0,0.903,0.439010
100.0,0.903,0.561684
100.0,0.903,0.164688
100.0,0.903,-0.169340
100.0,0.903,0.375346
100.0,0.903,0.742556
100.0,0.903,0.406629
100.0,0.950,0.651762
100.0,0.950,0.812733
100.0,0.950,0.793542
100.0,0.950,0.862662
100.0,0.950,0.834377
100.0,0.950,0.906854
100.0,0.950,0.740343
100.0,0.950,0.761598
100.0,0.950,0.906388
100.0,0.950,0.823538
100.0,0.950,0.587626
100.0,0.950,0.781302
100.0,0.950,0.893472
100.0,0.950,0.812056
100.0,0.950,0.855856
100.0,0.950,0.660656
100.0,0.950,0.624190
100.0,0.950,0.873797
100.0,0.950,0.857111
100.0,0.950,0.854617
100.0,0.950,0.825021
100.0,0.950,0.866936
100.0,0.950,0.879519
100.0,0.950,0.898845
100.0,0.950,0.719146
100.0,0.950,0.873725
100.0,0.950,0.836971
100.0,0.950,0.892932
100.0,0.950,0.778356
100.0,0.950,0.873630
100.0,0.950,0.595476
100.0,0.950,0.800122
100.0,0.950,0.915485
100.0,0.950,0.862058
100.0,0.950,0.742145
100.0,0.950,0.798730
100.0,0.950,0.813136
100.0,0.950,0.724749
100.0,0.950,0.855953
100.0,0.950,0.931771
100.0,0.950,0.800695
100.0,0.950,0.805894
100.0,0.950,0.839440
100.0,0.950,0.848655
100.0,0.950,0.886591
100.0,0.950,0.847064
100.0,0.950,0.855184
100.0,0.950,0.716750
100.0,0.950,0.827308
100.0,0.950,0.939325
100.0,0.950,0.844280
100.0,0.950,0.873492
100.0,0.950,0.730441
100.0,0.950,0.733792
100.0,0.950,0.802191
100.0,0.950,0.687096
100.0,0.950,0.860479
100.0,0.950,0.789359
100.0,0.950,0.894323
100.0,0.950,0.717431
100.0,0.950,0.890182
100.0,0.950,0.660063
100.0,0.950,0.885934
100.0,0.950,0.821458
100.0,0.950,0.649049
100.0,0.950,0.773844
100.0,0.950,0.846129
100.0,0.950,0.898248
100.0,0.950,0.819336
100.0,0.950,0.660640
100.0,0.950,0.850163
100.0,0.950,0.775116
100.0,0.950,0.863467
100.0,0.950,0.790510
100.0,0.950,0.923951
100.0,0.950,0.053458
100.0,0.950,0.800898
100.0,0.950,0.752088
100.0,0.950,0.560785
100.0,0.950,0.891713
100.0,0.950,0.890238
100.0,0.950,0.659391
100.0,0.950,0.887583
100.0,0.950,0.828562
100.0,0.950,0.882226
100.0,0.950,0.819228
100.0,0.950,0.872305
100.0,0.950,0.752847
100.0,0.950,0.857011
100.0,0.950,0.556901
100.0,0.950,0.869813
100.0,0.950,0.792965
100.0,0.950,0.799824
100.0,0.950,0.664009
100.0,0.950,0.794307
100.0,0.950,0.565180
100.0,0.950,0.580345
100.0,0.950,0.786998
100.0,0.950,0.665662
100.0,0.950,0.935604
100.0,0.850,0.236143
100.0,0.850,0.132759
100.0,0.850,0.022679
100.0,0.850,0.229010
100.0,0.850,-0.018107
100.0,0.850,-0.049548
100.0,0.850,-0.143506
100.0,0.850,0.075831
100.0,0.850,0.075124
100.0,0.850,0.133616
100.0,0.850,0.051542
100.0,0.850,-0.117097
100.0,0.850,-0.139575
100.0,0.850,-0.105425
100.0,0.850,0.098466
100.0,0.850,-0.097618
100.0,0.850,-0.099055
100.0,0.850,0.112573
100.0,0.850,-0.048173
100.0,0.850,-0.134392
100.0,0.850,0.224327
100.0,0.850,0.134810
100.0,0.850,-0.216707
100.0,0.850,-0.217187
100.0,0.850,-0.260711
100.0,0.850,-0.240045
100.0,0.850,0.180043
100.0,0.850,-0.073328
100.0,0.850,-0.190681
100.0,0.850,0.135355
100.0,0.850,-0.223906
100.0,0.850,0.112251
100.0,0.850,-0.002533
100.0,0.850,-0.137659
100.0,0.850,0.004699
100.0,0.850,0.156906
100.0,0.850,0.037253
100.0,0.850,-0.299779
100.0,0.850,0.053846
100.0,0.850,0.113264
100.0,0.850,-0.018327
100.0,0.850,-0.028980
100.0,0.850,0.096168
100.0,0.850,-0.027662
100.0,0.850,-0.161740
100.0,0.850,-0.011086
100.0,0.850,-0.216564
100.0,0.850,-0.150141
100.0,0.850,-0.115453
100.0,0.850,-0.195179
100.0,0.850,0.191283
100.0,0.850,-0.196121
100.0,0.850,0.079888
100.0,0.850,-0.002962
100.0,0.850,-0.186909
100.0,0.850,-0.237099
100.0,0.850,0.103027
100.0,0.850,0.063435
100.0,0.850,-0.028074
100.0,0.850,0.066682
100.0,0.850,0.169328
100.0,0.850,0.238068
100.0,0.850,0.146450
100.0,0.850,0.033877
100.0,0.850,0.042715
100.0,0.850,0.040256
100.0,0.850,-0.409982
100.0,0.850,-0.138337
100.0,0.850,0.128950
100.0,0.850,-0.220479
100.0,0.850,-0.037347
100.0,0.850,-0.096329
100.0,0.850,0.117904
100.0,0.850,0.055912
100.0,0.850,0.063459
100.0,0.850,0.233707
100.0,0.850,0.069773
100.0,0.850,-0.136040
100.0,0.850,0.017954
100.0,0.850,0.000395
100.0,0.850,-0.007280
100.0,0.850,0.128343
100.0,0.850,0.212844
100.0,0.850,-0.199305
100.0,0.850,0.021927
100.0,0.850,-0.104432
100.0,0.850,0.178940
100.0,0.850,-0.130956
100.0,0.850,-0.094587
100.0,0.850,0.157067
100.0,0.850,-0.194873
100.0,0.850,0.193180
100.0,0.850,-0.112462
100.0,0.850,-0.014301
100.0,0.850,-0.008630
100.0,0.850,0.151093
100.0,0.850,-0.169083
100.0,0.850,-0.064436
100.0,0.850,-0.128005
100.0,0.850,0.096927
100.0,0.903,-0.234290
100.0,0.903,-0.112572
100.0,0.903,-0.018745
100.0,0.903,-0.153231
100.0,0.903,-0.264308
100.0,0.903,0.067234
100.0,0.903,-0.027678
100.0,0.903,0.154476
100.0,0.903,-0.183701
100.0,0.903,0.246972
100.0,0.903,-0.105339
100.0,0.903,-0.339911
100.0,0.903,-0.019792
100.0,0.903,-0.201890
100.0,0.903,-0.375043
100.0,0.903,-0.331387
100.0,0.903,0.287995
100.0,0.903,-0.476795
100.0,0.903,-0.075883
100.0,0.903,-0.011197
100.0,0.903,-0.312071
100.0,0.903,-0.310934
100.0,0.903,-0.273115
100.0,0.903,-0.357050
100.0,0.903,0.059882
100.0,0.903,-0.147463
100.0,0.903,-0.023290
100.0,0.903,0.079273
100.0,0.903,-0.241113
100.0,0.903,-0.070272
100.0,0.903,0.122489
100.0,0.903,-0.275880
100.0,0.903,-0.130710
100.0,0.903,0.168406
100.0,0.903,0.051199
100.0,0.903,-0.111051
100.0,0.903,0.336047
100.0,0.903,-0.006626
100.0,0.903,0.111108
100.0,0.903,0.272414
100.0,0.903,-0.084546
100.0,0.903,0.046307
100.0,0.903,0.104879
100.0,0.903,-0.225874
100.0,0.903,-0.035955
100.0,0.903,0.338095
100.0,0.903,-0.134508
100.0,0.903,-0.153364
100.0,0.903,-0.099673
100.0,0.903,-0.048540
100.0,0.903,0.058234
100.0,0.903,-0.232784
100.0,0.903,-0.142749
100.0,0.903,-0.264125
100.0,0.903,-0.087629
100.0,0.903,-0.182689
100.0,0.903,-0.396036
100.0,0.903,-0.087830
100.0,0.903,-0.108835
100.0,0.903,0.279096
100.0,0.903,0.002459
100.0,0.903,0.085794
100.0,0.903,0.105553
100.0,0.903,-0.201785
100.0,0.903,-0.366657
100.0,0.903,0.040649
100.0,0.903,-0.054838
100.0,0.903,-0.276882
100.0,0.903,-0.298271
100.0,0.903,0.085947
100.0,0.903,-0.174098
100.0,0.903,-0.192590
100.0,0.903,-0.082023
100.0,0.903,0.157258
100.0,0.903,-0.317035
100.0,0.903,-0.183232
100.0,0.903,0.055487
100.0,0.903,0.032926
100.0,0.903,-0.096615
100.0,0.903,-0.585670
100.0,0.903,0.041086
100.0,0.903,0.114738
100.0,0.903,0.435180
100.0,0.903,-0.268450
100.0,0.903,0.018012
100.0,0.903,-0.425417
100.0,0.903,-0.016285
100.0,0.903,-0.062938
100.0,0.903,-0.093988
100.0,0.903,-0.303975
100.0,0.903,-0.506569
100.0,0.903,-0.139384
100.0,0.903,-0.211444
100.0,0.903,-0.065577
100.0,0.903,-0.335571
100.0,0.903,-0.145476
100.0,0.903,-0.188169
100.0,0.903,-0.154891
100.0,0.903,-0.177685
100.0,0.903,0.107752
100.0,0.950,-0.814128
100.0,0.950,-0.719122
100.0,0.950,-0.613186
100.0,0.950,0.334804
100.0,0.950,-0.718638
100.0,0.950,0.056738
100.0,0.950,-0.548186
100.0,0.950,-0.539672
100.0,0.950,-0.829333
100.0,0.950,-0.172004
100.0,0.950,-0.540341
100.0,0.950,-0.904978
100.0,0.950,-0.785326
100.0,0.950,-0.121425
100.0,0.950,-0.844453
100.0,0.950,-0.760282
100.0,0.950,-0.590710
100.0,0.950,-0.270368
100.0,0.950,-0.544711
100.0,0.950,-0.211939
100.0,0.950,-0.471030
100.0,0.950,-0.701769
100.0,0.950,-0.353187
100.0,0.950,-0.369336
100.0,0.950,-0.768498
100.0,0.950,-0.610179
100.0,0.950,-0.144135
100.0,0.950,-0.815037
100.0,0.950,-0.692132
100.0,0.950,-0.806725
100.0,0.950,-0.447385
100.0,0.950,-0.630694
100.0,0.950,-0.528837
100.0,0.950,-0.661653
100.0,0.950,-0.577625
100.0,0.950,-0.764648
100.0,0.950,0.156802
100.0,0.950,-0.130484
100.0,0.950,-0.522734
100.0,0.950,-0.775684
100.0,0.950,-0.562316
100.0,0.950,-0.397735
100.0,0.950,-0.250530
100.0,0.950,-0.889303
100.0,0.950,-0.791400
100.0,0.950,-0.421723
100.0,0.950,-0.799627
100.0,0.950,-0.725710
100.0,0.950,-0.515432
100.0,0.950,-0.763392
100.0,0.950,-0.634953
100.0,0.950,-0.654847
100.0,0.950,-0.315862
100.0,0.950,-0.683400
100.0,0.950,-0.324302
100.0,0.950,-0.130428
100.0,0.950,-0.704793
100.0,0.950,-0.212611
100.0,0.950,-0.807845
100.0,0.950,-0.373279
100.0,0.950,-0.667994
100.0,0.950,-0.688505
100.0,0.950,-0.705328
100.0,0.950,-0.797983
100.0,0.950,-0.500340
100.0,0.950,0.374299
100.0,0.950,-0.678241
100.0,0.950,-0.845759
100.0,0.950,-0.568023
100.0,0.950,-0.384942
100.0,0.950,-0.576824
100.0,0.950,-0.628835
100.0,0.950,-0.326893
100.0,0.950,-0.385155
100.0,0.950,-0.073528
100.0,0.950,-0.638372
100.0,0.950,-0.568158
100.0,0.950,-0.712242
100.0,0.950,-0.734454
100.0,0.950,-0.662577
100.0,0.950,-0.798971
100.0,0.950,-0.018393
100.0,0.950,-0.270125
100.0,0.950,-0.783729
100.0,0.950,-0.257499
100.0,0.950,-0.785815
100.0,0.950,-0.781808
100.0,0.950,-0.383109
100.0,0.950,-0.650818
100.0,0.950,-0.838018
100.0,0.950,-0.664412
100.0,0.950,-0.652149
100.0,0.950,-0.829975
100.0,0.950,-0.615192
100.0,0.950,-0.607142
100.0,0.950,-0.256964
100.0,0.950,-0.590642
100.0,0.950,-0.746354
100.0,0.950,-0.582416
100.0,0.950,-0.783456
100.0,0.850,-0.033874
100.0,0.850,0.077419
100.0,0.850,-0.018706
100.0,0.850,0.030788
100.0,0.850,-0.180849
100.0,0.850,0.097767
100.0,0.850,-0.241604
100.0,0.850,0.196240
100.0,0.850,-0.005713
100.0,0.850,-0.261008
100.0,0.850,-0.032767
100.0,0.850,0.313041
100.0,0.850,0.119879
100.0,0.850,0.278592
100.0,0.850,0.009887
100.0,0.850,0.246902
100.0,0.850,0.219441
100.0,0.850,-0.036282
100.0,0.850,0.214365
100.0,0.850,0.049646
100.0,0.850,0.351765
100.0,0.850,-0.075610
100.0,0.850,0.281772
100.0,0.850,-0.008041
100.0,0.850,0.143504
100.0,0.850,-0.000836
100.0,0.850,-0.139900
100.0,0.850,-0.002564
100.0,0.850,-0.091645
100.0,0.850,-0.221299
100.0,0.850,-0.279840
100.0,0.850,0.008116
100.0,0.850,-0.024782
100.0,0.850,0.062686
100.0,0.850,0.383703
100.0,0.850,0.049219
100.0,0.850,0.100099
100.0,0.850,-0.067399
100.0,0.850,-0.008885
100.0,0.850,0.011423
100.0,0.850,-0.019308
100.0,0.850,-0.025108
100.0,0.850,0.183714
100.0,0.850,0.127029
100.0,0.850,-0.183013
100.0,0.850,0.003273
100.0,0.850,-0.040158
100.0,0.850,0.413284
100.0,0.850,0.047420
100.0,0.850,-0.141913
100.0,0.850,0.001106
100.0,0.850,-0.225441
100.0,0.850,0.004938
100.0,0.850,0.089435
100.0,0.850,0.075443
100.0,0.850,-0.183002
100.0,0.850,0.034247
100.0,0.850,-0.013397
100.0,0.850,0.093878
100.0,0.850,0.193215
100.0,0.850,0.210669
100.0,0.850,0.021243
100.0,0.850,-0.058632
100.0,0.850,-0.000023
100.0,0.850,-0.240667
100.0,0.850,0.060395
100.0,0.850,-0.090171
100.0,0.850,-0.019683
100.0,0.850,0.174198
100.0,0.850,-0.111173
100.0,0.850,0.237814
100.0,0.850,-0.142376
100.0,0.850,-0.126144
100.0,0.850,0.110234
100.0,0.850,0.123893
100.0,0.850,-0.021515
100.0,0.850,0.010717
100.0,0.850,0.239949
100.0,0.850,0.120581
100.0,0.850,-0.037123
100.0,0.850,0.124979
100.0,0.850,0.066417
100.0,0.850,0.059443
100.0,0.850,-0.089437
100.0,0.850,0.148705
100.0,0.850,-0.209519
100.0,0.850,-0.159324
100.0,0.850,0.208199
100.0,0.850,-0.070544
100.0,0.850,-0.221749
100.0,0.850,0.027655
100.0,0.850,-0.042710
100.0,0.850,-0.080985
100.0,0.850,-0.064919
100.0,0.850,0.028446
100.0,0.850,0.029217
100.0,0.850,-0.090981
100.0,0.850,0.092950
100.0,0.850,0.043839
100.0,0.850,-0.010115
100.0,0.903,0.168271
100.0,0.903,0.455535
100.0,0.903,0.120857
100.0,0.903,0.304644
100.0,0.903,0.246819
100.0,0.903,-0.056110
100.0,0.903,0.387414
100.0,0.903,0.423321
100.0,0.903,0.318765
100.0,0.903,0.362106
100.0,0.903,0.278572
100.0,0.903,0.388232
100.0,0.903,0.537086
100.0,0.903,0.750712
100.0,0.903,0.173587
100.0,0.903,0.275858
100.0,0.903,0.124238
100.0,0.903,0.011806
100.0,0.903,-0.211815
100.0,0.903,0.290535
100.0,0.903,-0.106856
100.0,0.903,0.284904
100.0,0.903,0.269643
100.0,0.903,-0.154286
100.0,0.903,0.312489
100.0,0.903,0.671964
100.0,0.903,0.316828
100.0,0.903,0.315975
100.0,0.903,0.431360
100.0,0.903,0.397894
100.0,0.903,0.459823
100.0,0.903,-0.022050
100.0,0.903,0.577826
100.0,0.903,0.252227
100.0,0.903,0.162562
100.0,0.903,0.520994
100.0,0.903,0.316123
100.0,0.903,0.278175
100.0,0.903,0.380650
100.0,0.903,0.341248
100.0,0.903,0.100052
100.0,0.903,0.183064
100.0,0.903,0.391939
100.0,0.903,0.182392
100.0,0.903,0.181972
100.0,0.903,0.098246
100.0,0.903,-0.164019
100.0,0.903,-0.119327
100.0,0.903,0.422206
100.0,0.903,0.276664
100.0,0.903,0.192503
100.0,0.903,0.314172
100.0,0.903,0.277300
100.0,0.903,0.351813
100.0,0.903,0.198850
100.0,0.903,0.240618
100.0,0.903,0.100443
100.0,0.903,0.438729
100.0,0.903,0.594670
100.0,0.903,0.095765
100.0,0.903,0.500991
100.0,0.903,0.142851
100.0,0.903,0.365013
100.0,0.903,0.433312
100.0,0.903,0.471521
100.0,0.903,0.353984
100.0,0.903,0.159356
100.0,0.903,0.005018
100.0,0.903,0.392636
100.0,0.903,-0.039804
100.0,0.903,0.483771
100.0,0.903,0.495872
100.0,0.903,0.605851
100.0,0.903,0.079594
100.0,0.903,0.450100
100.0,0.903,0.431658
100.0,0.903,0.098635
100.0,0.903,0.199891
100.0,0.903,0.249034
100.0,0.903,-0.105087
100.0,0.903,0.084445
100.0,0.903,0.386053
100.0,0.903,0.486949
100.0,0.903,0.302840
100.0,0.903,0.370817
100.0,0.903,0.200999
100.0,0.903,-0.032794
100.0,0.903,-0.055105
100.0,0.903,0.157795
100.0,0.903,0.107997
100.0,0.903,0.338927
100.0,0.903,0.112750
100.0,0.903,0.199735
100.0,0.903,0.103639
100.0,0.903,0.205365
100.0,0.903,0.148134
100.0,0.903,0.278475
100.0,0.903,0.075190
100.0,0.903,-0.030348
100.0,0.903,0.287931
100.0,0.950,0.757253
100.0,0.950,0.408087
100.0,0.950,0.912541
100.0,0.950,0.673580
100.0,0.950,0.776130
100.0,0.950,0.845060
100.0,0.950,0.799166
100.0,0.950,0.818671
100.0,0.950,0.823970
100.0,0.950,0.812521
100.0,0.950,0.794311
100.0,0.950,0.605952
100.0,0.950,0.817747
100.0,0.950,0.588381
100.0,0.950,0.812710
100.0,0.950,0.836257
100.0,0.950,0.631155
100.0,0.950,0.791334
100.0,0.950,0.892385
100.0,0.950,0.880764
100.0,0.950,0.689018
100.0,0.950,0.717156
100.0,0.950,0.664186
100.0,0.950,0.580642
100.0,0.950,0.220111
100.0,0.950,0.638644
100.0,0.950,0.492962
100.0,0.950,0.615132
100.0,0.950,-0.215469
100.0,0.950,0.691589
100.0,0.950,0.707694
100.0,0.950,0.868294
100.0,0.950,0.692792
100.0,0.950,0.875801
100.0,0.950,0.729751
100.0,0.950,0.795323
100.0,0.950,0.703518
100.0,0.950,0.638896
100.0,0.950,0.752461
100.0,0.950,0.703671
100.0,0.950,0.770311
100.0,0.950,0.700069
100.0,0.950,0.725493
100.0,0.950,0.638420
100.0,0.950,0.781736
100.0,0.950,0.508654
100.0,0.950,0.846961
100.0,0.950,0.596840
100.0,0.950,0.693041
100.0,0.950,0.928794
100.0,0.950,0.459506
100.0,0.950,0.914978
100.0,0.950,0.776220
100.0,0.950,0.810724
100.0,0.950,0.459655
100.0,0.950,0.670535
100.0,0.950,0.858372
100.0,0.950,0.827339
100.0,0.950,0.727573
100.0,0.950,0.903468
100.0,0.950,0.859931
100.0,0.950,0.906581
100.0,0.950,0.701901
100.0,0.950,0.436159
100.0,0.950,0.809482
100.0,0.950,0.793995
100.0,0.950,0.641723
100.0,0.950,0.634746
100.0,0.950,0.911846
100.0,0.950,0.850737
100.0,0.950,0.861117
100.0,0.950,0.691751
100.0,0.950,0.817063
100.0,0.950,0.809888
100.0,0.950,0.871531
100.0,0.950,0.825920
100.0,0.950,0.668417
100.0,0.950,0.737851
100.0,0.950,0.791939
100.0,0.950,0.626802
100.0,0.950,0.794706
100.0,0.950,0.808295
100.0,0.950,0.874101
100.0,0.950,0.498232
100.0,0.950,0.858623
100.0,0.950,0.683126
100.0,0.950,0.608582
100.0,0.950,0.721070
100.0,0.950,0.801400
100.0,0.950,0.618213
100.0,0.950,0.680404
100.0,0.950,0.848134
100.0,0.950,0.873391
100.0,0.950,0.738221
100.0,0.950,0.878038
100.0,0.950,0.678068
100.0,0.950,0.906399
100.0,0.950,0.858671
100.0,0.950,0.876465
100.0,0.950,0.672156
100.0,0.850,0.046339
100.0,0.850,-0.014620
100.0,0.850,0.029820
100.0,0.850,-0.062025
100.0,0.850,-0.217900
100.0,0.850,0.029056
100.0,0.850,-0.040652
100.0,0.850,-0.017536
100.0,0.850,0.018119
100.0,0.850,-0.047624
100.0,0.850,-0.138084
100.0,0.850,-0.017702
100.0,0.850,0.016571
100.0,0.850,0.112860
100.0,0.850,-0.269724
100.0,0.850,0.054439
100.0,0.850,0.025260
100.0,0.850,-0.080102
100.0,0.850,-0.192897
100.0,0.850,0.175707
100.0,0.850,0.021913
100.0,0.850,-0.234154
100.0,0.850,-0.200832
100.0,0.850,0.065942
100.0,0.850,0.170865
100.0,0.850,-0.113099
100.0,0.850,0.113812
100.0,0.850,0.179276
100.0,0.850,-0.033401
100.0,0.850,0.020821
100.0,0.850,0.223963
100.0,0.850,-0.031055
100.0,0.850,0.007676
100.0,0.850,-0.114331
100.0,0.850,-0.149312
100.0,0.850,0.255568
100.0,0.850,0.370247
100.0,0.850,-0.092075
100.0,0.850,-0.096715
100.0,0.850,-0.143482
100.0,0.850,-0.033394
100.0,0.850,-0.360538
100.0,0.850,0.140418
100.0,0.850,-0.225991
100.0,0.850,-0.169628
100.0,0.850,-0.029801
100.0,0.850,-0.147511
100.0,0.850,0.065083
100.0,0.850,-0.237227
100.0,0.850,0.031166
100.0,0.850,0.110413
100.0,0.850,-0.067021
100.0,0.850,0.146375
100.0,0.850,0.018147
100.0,0.850,-0.040854
100.0,0.850,-0.035786
100.0,0.850,-0.233641
100.0,0.850,-0.141317
100.0,0.850,-0.077471
100.0,0.850,0.250230
100.0,0.850,-0.202132
100.0,0.850,0.021643
100.0,0.850,-0.069313
100.0,0.850,-0.062321
100.0,0.850,-0.122318
100.0,0.850,-0.006201
100.0,0.850,-0.075250
100.0,0.850,0.053152
100.0,0.850,0.004717
100.0,0.850,0.082131
100.0,0.850,-0.113569
100.0,0.850,-0.108337
100.0,0.850,-0.273532
100.0,0.850,0.104650
100.0,0.850,-0.189743
100.0,0.850,0.147892
100.0,0.850,0.000135
100.0,0.850,0.153608
100.0,0.850,-0.204000
100.0,0.850,0.053563
100.0,0.850,-0.125607
100.0,0.850,0.019796
100.0,0.850,0.027272
100.0,0.850,-0.004556
100.0,0.850,-0.090957
100.0,0.850,-0.246444
100.0,0.850,0.032723
100.0,0.850,-0.039789
100.0,0.850,0.090116
100.0,0.850,-0.221168
100.0,0.850,0.220312
100.0,0.850,-0.096465
100.0,0.850,0.005719
100.0,0.850,0.113016
100.0,0.850,-0.060494
100.0,0.850,0.053686
100.0,0.850,-0.139376
100.0,0.850,0.010790
100.0,0.850,0.051968
100.0,0.850,-0.142945
100.0,0.903,-0.249612
100.0,0.903,-0.333291
100.0,0.903,-0.586909
100.0,0.903,-0.290206
100.0,0.903,-0.282168
100.0,0.903,-0.207464
100.0,0.903,-0.075682
100.0,0.903,-0.038310
100.0,0.903,-0.188733
100.0,0.903,0.188717
100.0,0.903,-0.480336
100.0,0.903,0.235018
100.0,0.903,-0.279367
100.0,0.903,-0.069883
100.0,0.903,-0.315719
100.0,0.903,-0.215332
100.0,0.903,0.113518
100.0,0.903,-0.410440
100.0,0.903,-0.004554
100.0,0.903,-0.299355
100.0,0.903,-0.096168
100.0,0.903,-0.286664
100.0,0.903,-0.354777
100.0,0.903,-0.050088
100.0,0.903,-0.238759
100.0,0.903,-0.134986
100.0,0.903,0.308612
100.0,0.903,-0.289288
100.0,0.903,-0.331545
100.0,0.903,-0.286798
100.0,0.903,-0.160356
100.0,0.903,-0.284749
100.0,0.903,0.162689
100.0,0.903,-0.294781
100.0,0.903,-0.352459
100.0,0.903,-0.149112
100.0,0.903,-0.224638
100.0,0.903,-0.186870
100.0,0.903,0.156093
100.0,0.903,-0.188240
100.0,0.903,-0.324697
100.0,0.903,-0.207742
100.0,0.903,-0.050018
100.0,0.903,-0.163166
100.0,0.903,-0.118547
100.0,0.903,-0.494113
100.0,0.903,-0.119256
100.0,0.903,-0.147622
100.0,0.903,-0.073238
100.0,0.903,-0.105051
100.0,0.903,0.151041
100.0,0.903,-0.316949
100.0,0.903,-0.291382
100.0,0.903,-0.072095
100.0,0.903,-0.477605
100.0,0.903,-0.177349
100.0,0.903,-0.120464
100.0,0.903,-0.389069
100.0,0.903,-0.324911
100.0,0.903,-0.300404
100.0,0.903,0.091960
100.0,0.903,-0.177003
100.0,0.903,-0.282297
100.0,0.903,0.161930
100.0,0.903,-0.372485
100.0,0.903,-0.400829
100.0,0.903,-0.315875
100.0,0.903,0.060627
100.0,0.903,-0.138781
100.0,0.903,0.081052
100.0,0.903,-0.128186
100.0,0.903,-0.062085
100.0,0.903,0.026179
100.0,0.903,-0.074420
100.0,0.903,-0.063540
100.0,0.903,-0.228963
100.0,0.903,0.021622
100.0,0.903,-0.344903
100.0,0.903,0.285989
100.0,0.903,-0.177301
100.0,0.903,-0.120610
100.0,0.903,0.188921
100.0,0.903,0.081972
100.0,0.903,0.029273
100.0,0.903,-0.239091
100.0,0.903,-0.424547
100.0,0.903,-0.181150
100.0,0.903,0.134237
100.0,0.903,-0.167457
100.0,0.903,0.063634
100.0,0.903,-0.032183
100.0,0.903,-0.287680
100.0,0.903,-0.125617
100.0,0.903,-0.539123
100.0,0.903,-0.138560
100.0,0.903,-0.487376
100.0,0.903,-0.196435
100.0,0.903,0.285213
100.0,0.903,0.147900
100.0,0.903,-0.151061
100.0,0.950,-0.459406
100.0,0.950,-0.785875
100.0,0.950,-0.760889
100.0,0.950,-0.790464
100.0,0.950,-0.933838
100.0,0.950,-0.904198
100.0,0.950,-0.688834
100.0,0.950,-0.441687
100.0,0.950,-0.853587
100.0,0.950,-0.909334
100.0,0.950,-0.834218
100.0,0.950,-0.875389
100.0,0.950,-0.735321
100.0,0.950,-0.888798
100.0,0.950,-0.890914
100.0,0.950,-0.910180
100.0,0.950,-0.866980
100.0,0.950,-0.786371
100.0,0.950,-0.714328
100.0,0.950,-0.808607
100.0,0.950,-0.866842
100.0,0.950,-0.744651
100.0,0.950,-0.787722
100.0,0.950,-0.870680
100.0,0.950,-0.921899
100.0,0.950,-0.893897
100.0,0.950,-0.926115
100.0,0.950,-0.781010
100.0,0.950,-0.454679
100.0,0.950,-0.687326
100.0,0.950,-0.799604
100.0,0.950,-0.675117
100.0,0.950,-0.918378
100.0,0.950,-0.769373
100.0,0.950,-0.551451
100.0,0.950,-0.711806
100.0,0.950,-0.766423
100.0,0.950,-0.640921
100.0,0.950,-0.788588
100.0,0.950,-0.718757
100.0,0.950,-0.594871
100.0,0.950,-0.825161
100.0,0.950,-0.337234
100.0,0.950,-0.638191
100.0,0.950,-0.886439
100.0,0.950,-0.873650
100.0,0.950,-0.785488
100.0,0.950,-0.766234
100.0,0.950,-0.285926
100.0,0.950,-0.835700
100.0,0.950,-0.832251
100.0,0.950,-0.939396
100.0,0.950,-0.624774
100.0,0.950,-0.898990
100.0,0.950,-0.888768
100.0,0.950,-0.449200
100.0,0.950,-0.564867
100.0,0.950,-0.805944
100.0,0.950,-0.826919
100.0,0.950,-0.868549
100.0,0.950,-0.831346
100.0,0.950,-0.856490
100.0,0.950,-0.828499
100.0,0.950,-0.784120
100.0,0.950,-0.756365
100.0,0.950,-0.884877
100.0,0.950,-0.401788
100.0,0.950,-0.864209
100.0,0.950,-0.486091
100.0,0.950,-0.623984
100.0,0.950,-0.453022
100.0,0.950,-0.827458
100.0,0.950,-0.615146
100.0,0.950,-0.453827
100.0,0.950,-0.571390
100.0,0.950,-0.695632
100.0,0.950,-0.642781
100.0,0.950,-0.895334
100.0,0.950,-0.903619
100.0,0.950,-0.503762
100.0,0.950,-0.775401
100.0,0.950,-0.593230
100.0,0.950,-0.373715
100.0,0.950,-0.674957
100.0,0.950,-0.771686
100.0,0.950,-0.817304
100.0,0.950,-0.426858
100.0,0.950,-0.892420
100.0,0.950,-0.869733
100.0,0.950,-0.810776
100.0,0.950,-0.695689
100.0,0.950,-0.855174
100.0,0.950,-0.544510
100.0,0.950,-0.760268
100.0,0.950,-0.682531
100.0,0.950,-0.682810
100.0,0.950,-0.874883
100.0,0.950,-0.713965
100.0,0.950,-0.660041
100.0,0.950,-0.844991
100.0,0.850,-0.186788
100.0,0.850,-0.008770
100.0,0.850,0.037503
100.0,0.850,-0.003882
100.0,0.850,-0.143345
100.0,0.850,0.016743
100.0,0.850,-0.398075
100.0,0.850,0.187645
100.0,0.850,-0.159214
100.0,0.850,0.077043
100.0,0.850,-0.124418
100.0,0.850,-0.355523
100.0,0.850,-0.231989
100.0,0.850,-0.158825
100.0,0.850,-0.046900
100.0,0.850,-0.019124
100.0,0.850,-0.245688
100.0,0.850,0.016294
100.0,0.850,-0.155055
100.0,0.850,0.028521
100.0,0.850,-0.197904
100.0,0.850,-0.006680
100.0,0.850,-0.115789
100.0,0.850,0.020286
100.0,0.850,0.079893
100.0,0.850,-0.110444
100.0,0.850,-0.008776
100.0,0.850,-0.056375
100.0,0.850,-0.027572
100.0,0.850,-0.042721
100.0,0.850,-0.017132
100.0,0.850,0.045492
100.0,0.850,-0.065678
100.0,0.850,-0.194945
100.0,0.850,0.171839
100.0,0.850,-0.014122
100.0,0.850,-0.051015
100.0,0.850,-0.118390
100.0,0.850,-0.083207
100.0,0.850,0.061651
100.0,0.850,-0.014114
100.0,0.850,0.092784
100.0,0.850,-0.252133
100.0,0.850,-0.208299
100.0,0.850,-0.244319
100.0,0.850,-0.351250
100.0,0.850,-0.143147
100.0,0.850,-0.083118
100.0,0.850,0.084906
100.0,0.850,0.039708
100.0,0.850,-0.142366
100.0,0.850,-0.297252
100.0,0.850,-0.292602
100.0,0.850,0.027270
100.0,0.850,-0.055759
100.0,0.850,-0.269334
100.0,0.850,-0.125290
100.0,0.850,-0.253487
100.0,0.850,-0.183308
100.0,0.850,-0.193296
100.0,0.850,-0.078924
100.0,0.850,-0.120720
100.0,0.850,0.063308
100.0,0.850,0.008459
100.0,0.850,0.078149
100.0,0.850,-0.212976
100.0,0.850,-0.069949
100.0,0.850,-0.167520
100.0,0.850,0.034361
100.0,0.850,-0.228954
100.0,0.850,-0.233089
100.0,0.850,0.053870
100.0,0.850,-0.122473
100.0,0.850,-0.142726
100.0,0.850,-0.063358
100.0,0.850,0.259101
100.0,0.850,-0.140194
100.0,0.850,-0.064342
100.0,0.850,-0.302662
100.0,0.850,-0.056028
100.0,0.850,-0.277420
100.0,0.850,-0.058309
100.0,0.850,-0.087291
100.0,0.850,-0.279539
100.0,0.850,0.040030
100.0,0.850,-0.065898
100.0,0.850,-0.096174
100.0,0.850,0.155551
100.0,0.850,0.088939
100.0,0.850,0.005048
100.0,0.850,-0.495175
100.0,0.850,0.103292
100.0,0.850,0.004985
100.0,0.850,-0.063945
100.0,0.850,-0.197750
100.0,0.850,0.105033
100.0,0.850,-0.065414
100.0,0.850,-0.256035
100.0,0.850,-0.182715
100.0,0.850,-0.009276
100.0,0.903,-0.503880
100.0,0.903,-0.078218
100.0,0.903,-0.385423
100.0,0.903,0.055231
100.0,0.903,-0.420030
100.0,0.903,-0.096809
100.0,0.903,-0.519990
100.0,0.903,-0.338056
100.0,0.903,-0.487311
100.0,0.903,-0.421167
100.0,0.903,-0.004424
100.0,0.903,0.081962
100.0,0.903,-0.502211
100.0,0.903,-0.061649
100.0,0.903,-0.635105
100.0,0.903,-0.415905
100.0,0.903,-0.171502
100.0,0.903,-0.525796
100.0,0.903,-0.461394
100.0,0.903,-0.142552
100.0,0.903,-0.237690
100.0,0.903,-0.232394
100.0,0.903,-0.206200
100.0,0.903,-0.236122
100.0,0.903,-0.134368
100.0,0.903,-0.270618
100.0,0.903,-0.455336
100.0,0.903,-0.451246
100.0,0.903,-0.307604
100.0,0.903,-0.078077
100.0,0.903,-0.372424
100.0,0.903,-0.417695
100.0,0.903,0.081055
100.0,0.903,-0.341813
100.0,0.903,-0.407081
100.0,0.903,-0.409231
100.0,0.903,-0.078910
100.0,0.903,-0.494960
100.0,0.903,-0.058001
100.0,0.903,0.083640
100.0,0.903,-0.627396
100.0,0.903,-0.154870
100.0,0.903,-0.386214
100.0,0.903,-0.263582
100.0,0.903,-0.262347
100.0,0.903,-0.150722
100.0,0.903,-0.020650
100.0,0.903,0.130417
100.0,0.903,-0.456227
100.0,0.903,-0.111718
100.0,0.903,-0.319901
100.0,0.903,-0.479467
100.0,0.903,-0.593209
100.0,0.903,0.002224
100.0,0.903,0.085255
100.0,0.903,0.001452
100.0,0.903,-0.133535
100.0,0.903,-0.250772
100.0,0.903,-0.312620
100.0,0.903,-0.459976
100.0,0.903,0.042719
100.0,0.903,-0.029359
100.0,0.903,-0.243209
100.0,0.903,-0.671718
100.0,0.903,-0.019540
100.0,0.903,-0.411774
100.0,0.903,-0.255669
100.0,0.903,-0.167418
100.0,0.903,-0.086529
100.0,0.903,-0.070713
100.0,0.903,-0.503522
100.0,0.903,0.206608
100.0,0.903,-0.443598
100.0,0.903,0.047026
100.0,0.903,-0.527024
100.0,0.903,0.121522
100.0,0.903,-0.327217
100.0,0.903,-0.126907
100.0,0.903,-0.325605
100.0,0.903,-0.317668
100.0,0.903,0.049851
100.0,0.903,0.029430
100.0,0.903,-0.145312
100.0,0.903,-0.455031
100.0,0.903,-0.389205
100.0,0.903,-0.415667
100.0,0.903,-0.378461
100.0,0.903,-0.288518
100.0,0.903,-0.403112
100.0,0.903,-0.084519
100.0,0.903,-0.520351
100.0,0.903,-0.242578
100.0,0.903,-0.040375
100.0,0.903,-0.156160
100.0,0.903,-0.118726
100.0,0.903,-0.303131
100.0,0.903,-0.254128
100.0,0.903,-0.433657
100.0,0.903,-0.305694
100.0,0.903,-0.402399
100.0,0.950,-0.740689
100.0,0.950,-0.818222
100.0,0.950,-0.779724
100.0,0.950,-0.324861
100.0,0.950,-0.457174
100.0,0.950,-0.903780
100.0,0.950,-0.331823
100.0,0.950,-0.735673
100.0,0.950,-0.827159
100.0,0.950,-0.808352
100.0,0.950,-0.709920
100.0,0.950,-0.447048
100.0,0.950,-0.820874
100.0,0.950,-0.772384
100.0,0.950,-0.911927
100.0,0.950,-0.832647
100.0,0.950,-0.829090
100.0,0.950,-0.615493
100.0,0.950,-0.516642
100.0,0.950,-0.871063
100.0,0.950,-0.896903
100.0,0.950,-0.899101
100.0,0.950,-0.720066
100.0,0.950,-0.871557
100.0,0.950,-0.355855
100.0,0.950,-0.789216
100.0,0.950,-0.817395
100.0,0.950,-0.914547
100.0,0.950,-0.805295
100.0,0.950,-0.443675
100.0,0.950,-0.715748
100.0,0.950,-0.854118
100.0,0.950,-0.719679
100.0,0.950,-0.737316
100.0,0.950,-0.872184
100.0,0.950,-0.575501
100.0,0.950,-0.490872
100.0,0.950,-0.667953
100.0,0.950,-0.544472
100.0,0.950,-0.665977
100.0,0.950,-0.755443
100.0,0.950,-0.511635
100.0,0.950,-0.619076
100.0,0.950,-0.598233
100.0,0.950,-0.680820
100.0,0.950,-0.568643
100.0,0.950,-0.679678
100.0,0.950,-0.825731
100.0,0.950,-0.848873
100.0,0.950,-0.869471
100.0,0.950,-0.894984
100.0,0.950,-0.707931
100.0,0.950,-0.659468
100.0,0.950,-0.822727
100.0,0.950,-0.809265
100.0,0.950,-0.498145
100.0,0.950,-0.730235
100.0,0.950,-0.755944
100.0,0.950,-0.641614
100.0,0.950,-0.795556
100.0,0.950,-0.504112
100.0,0.950,-0.521772
100.0,0.950,-0.665374
100.0,0.950,-0.615891
100.0,0.950,-0.642800
100.0,0.950,-0.727989
100.0,0.950,-0.693158
100.0,0.950,-0.676867
100.0,0.950,-0.429123
100.0,0.950,-0.593583
100.0,0.950,-0.298652
100.0,0.950,-0.705665
100.0,0.950,-0.883759
100.0,0.950,-0.902068
100.0,0.950,-0.778219
100.0,0.950,-0.828350
100.0,0.950,-0.816361
100.0,0.950,-0.779569
100.0,0.950,-0.576273
100.0,0.950,-0.825225
100.0,0.950,-0.893687
100.0,0.950,-0.894604
100.0,0.950,-0.486456
100.0,0.950,-0.417795
100.0,0.950,-0.725621
100.0,0.950,-0.892778
100.0,0.950,-0.898829
100.0,0.950,-0.745104
100.0,0.950,-0.862528
100.0,0.950,-0.905664
100.0,0.950,-0.867727
100.0,0.950,-0.821495
100.0,0.950,-0.584121
100.0,0.950,-0.707791
100.0,0.950,-0.670450
100.0,0.950,-0.771496
100.0,0.950,-0.681198
100.0,0.950,-0.430568
100.0,0.950,-0.696315
100.0,0.950,-0.675467
100.0,0.850,0.309776
100.0,0.850,-0.052280
100.0,0.850,0.127961
100.0,0.850,0.270496
100.0,0.850,0.422436
100.0,0.850,-0.020784
100.0,0.850,-0.041361
100.0,0.850,-0.211669
100.0,0.850,0.230535
100.0,0.850,-0.061435
100.0,0.850,-0.008330
100.0,0.850,0.190662
100.0,0.850,-0.130978
100.0,0.850,-0.115340
100.0,0.850,0.083895
100.0,0.850,0.145689
100.0,0.850,0.202983
100.0,0.850,0.225695
100.0,0.850,0.204966
100.0,0.850,0.001469
100.0,0.850,-0.235470
100.0,0.850,-0.067127
100.0,0.850,-0.252023
100.0,0.850,-0.003570
100.0,0.850,0.042914
100.0,0.850,-0.028295
100.0,0.850,0.034712
100.0,0.850,-0.174504
100.0,0.850,0.394530
100.0,0.850,0.030662
100.0,0.850,0.203642
100.0,0.850,-0.190908
100.0,0.850,0.312912
100.0,0.850,0.148973
100.0,0.850,0.114676
100.0,0.850,0.131870
100.0,0.850,-0.078650
100.0,0.850,0.244087
100.0,0.850,0.288274
100.0,0.850,0.041687
100.0,0.850,0.097796
100.0,0.850,0.092592
100.0,0.850,0.123946
100.0,0.850,-0.110549
100.0,0.850,-0.174706
100.0,0.850,0.003914
100.0,0.850,0.056750
100.0,0.850,0.060516
100.0,0.850,0.201976
100.0,0.850,0.000709
100.0,0.850,-0.088147
100.0,0.850,0.222465
100.0,0.850,-0.301261
100.0,0.850,-0.110372
100.0,0.850,-0.105401
100.0,0.850,-0.153427
100.0,0.850,-0.221601
100.0,0.850,0.279957
100.0,0.850,0.010064
100.0,0.850,-0.046947
100.0,0.850,-0.088939
100.0,0.850,0.036174
100.0,0.850,-0.355311
100.0,0.850,0.026520
100.0,0.850,-0.141497
100.0,0.850,-0.040300
100.0,0.850,0.076001
100.0,0.850,0.158659
100.0,0.850,0.240393
100.0,0.850,0.067943
100.0,0.850,0.016584
100.0,0.850,0.202985
100.0,0.850,-0.194276
100.0,0.850,0.132283
100.0,0.850,-0.038155
100.0,0.850,0.048742
100.0,0.850,0.241137
100.0,0.850,0.042081
100.0,0.850,0.100679
100.0,0.850,0.132846
100.0,0.850,0.109754
100.0,0.850,0.255253
100.0,0.850,0.310964
100.0,0.850,0.067405
100.0,0.850,-0.094377
100.0,0.850,0.323964
100.0,0.850,-0.010482
100.0,0.850,0.113022
100.0,0.850,0.015193
100.0,0.850,-0.046554
100.0,0.850,-0.358662
100.0,0.850,-0.044363
100.0,0.850,0.040354
100.0,0.850,-0.129992
100.0,0.850,-0.040359
100.0,0.850,0.317871
100.0,0.850,0.146497
100.0,0.850,-0.025750
100.0,0.850,0.086711
100.0,0.850,0.148924
100.0,0.903,0.288462
100.0,0.903,0.379365
100.0,0.903,-0.047730
100.0,0.903,0.268672
100.0,0.903,0.365223
100.0,0.903,-0.023313
100.0,0.903,0.362839
100.0,0.903,-0.055062
100.0,0.903,0.330614
100.0,0.903,0.285064
100.0,0.903,-0.202405
100.0,0.903,0.025245
100.0,0.903,-0.006490
100.0,0.903,-0.148862
100.0,0.903,0.382233
100.0,0.903,0.165981
100.0,0.903,0.058766
100.0,0.903,-0.038262
100.0,0.903,0.158438
100.0,0.903,0.388619
100.0,0.903,-0.164681
100.0,0.903,-0.113873
100.0,0.903,0.196763
100.0,0.903,0.101533
100.0,0.903,0.128836
100.0,0.903,0.392665
100.0,0.903,0.292742
100.0,0.903,0.122565
100.0,0.903,0.323687
100.0,0.903,-0.116500
100.0,0.903,0.164139
100.0,0.903,0.113244
100.0,0.903,0.347556
100.0,0.903,0.173972
100.0,0.903,0.205642
100.0,0.903,0.597535
100.0,0.903,-0.170071
100.0,0.903,0.163692
100.0,0.903,0.360530
100.0,0.903,0.339782
100.0,0.903,0.201037
100.0,0.903,-0.153872
100.0,0.903,0.222733
100.0,0.903,0.362125
100.0,0.903,0.189134
100.0,0.903,0.434196
100.0,0.903,0.204764
100.0,0.903,0.646468
100.0,0.903,-0.218148
100.0,0.903,0.392673
100.0,0.903,-0.167630
100.0,0.903,0.234014
100.0,0.903,0.194948
100.0,0.903,-0.116763
100.0,0.903,0.381612
100.0,0.903,0.199169
100.0,0.903,0.320146
100.0,0.903,0.088916
100.0,0.903,-0.128338
100.0,0.903,0.325523
100.0,0.903,0.637858
100.0,0.903,-0.232734
100.0,0.903,0.126605
100.0,0.903,0.426237
100.0,0.903,0.381132
100.0,0.903,-0.089450
100.0,0.903,0.298655
100.0,0.903,0.047186
100.0,0.903,-0.073260
100.0,0.903,0.044892
100.0,0.903,0.400552
100.0,0.903,0.559539
100.0,0.903,0.032930
100.0,0.903,-0.075538
100.0,0.903,0.554398
100.0,0.903,0.138592
100.0,0.903,0.100818
100.0,0.903,0.251054
100.0,0.903,0.331310
100.0,0.903,0.430542
100.0,0.903,-0.084166
100.0,0.903,-0.234657
100.0,0.903,-0.080854
100.0,0.903,0.121269
100.0,0.903,-0.173262
100.0,0.903,0.324228
100.0,0.903,0.181098
100.0,0.903,0.150259
100.0,0.903,0.035349
100.0,0.903,-0.018575
100.0,0.903,-0.011073
100.0,0.903,-0.210838
100.0,0.903,0.047212
100.0,0.903,0.175881
100.0,0.903,0.261323
100.0,0.903,0.373377
100.0,0.903,0.059571
100.0,0.903,0.290876
100.0,0.903,0.179659
100.0,0.903,0.281912
100.0,0.950,0.464062
100.0,0.950,0.589326
100.0,0.950,0.534303
100.0,0.950,0.739001
100.0,0.950,0.848698
100.0,0.950,0.083811
100.0,0.950,0.902030
100.0,0.950,0.920755
100.0,0.950,0.771415
100.0,0.950,0.669569
100.0,0.950,0.145060
100.0,0.950,0.192076
100.0,0.950,0.628843
100.0,0.950,0.663054
100.0,0.950,0.169385
100.0,0.950,0.400932
100.0,0.950,0.628145
100.0,0.950,0.849930
100.0,0.950,0.150141
100.0,0.950,0.696295
100.0,0.950,0.727338
100.0,0.950,0.371837
100.0,0.950,0.885146
100.0,0.950,-0.155610
100.0,0.950,0.877502
100.0,0.950,0.434181
100.0,0.950,0.134224
100.0,0.950,0.688121
100.0,0.950,0.802367
100.0,0.950,0.584610
100.0,0.950,0.872945
100.0,0.950,0.585450
100.0,0.950,0.612914
100.0,0.950,0.203270
100.0,0.950,0.824881
100.0,0.950,0.697293
100.0,0.950,0.656007
100.0,0.950,0.541787
100.0,0.950,0.081379
100.0,0.950,0.759629
100.0,0.950,0.479116
100.0,0.950,0.522991
100.0,0.950,0.621726
100.0,0.950,0.753812
100.0,0.950,0.858086
100.0,0.950,0.847846
100.0,0.950,0.472732
100.0,0.950,0.273080
100.0,0.950,0.652793
100.0,0.950,0.503944
100.0,0.950,0.278807
100.0,0.950,0.809315
100.0,0.950,0.476404
100.0,0.950,0.328964
100.0,0.950,0.562151
100.0,0.950,0.832017
100.0,0.950,0.421374
100.0,0.950,0.847295
100.0,0.950,-0.223054
100.0,0.950,0.533962
100.0,0.950,0.442323
100.0,0.950,0.729879
100.0,0.950,0.433106
100.0,0.950,0.269756
100.0,0.950,0.386775
100.0,0.950,0.469154
100.0,0.950,0.431014
100.0,0.950,0.868151
100.0,0.950,0.610338
100.0,0.950,0.581697
100.0,0.950,0.898879
100.0,0.950,0.642200
100.0,0.950,0.814043
100.0,0.950,0.759448
100.0,0.950,0.875069
100.0,0.950,0.856320
100.0,0.950,0.564732
100.0,0.950,0.693699
100.0,0.950,0.765070
100.0,0.950,0.409292
100.0,0.950,0.287706
100.0,0.950,0.694820
100.0,0.950,0.456262
100.0,0.950,0.408032
100.0,0.950,0.715081
100.0,0.950,0.723497
100.0,0.950,0.521977
100.0,0.950,0.665537
100.0,0.950,0.575594
100.0,0.950,0.392810
100.0,0.950,0.900444
100.0,0.950,0.494674
100.0,0.950,0.846512
100.0,0.950,0.818088
100.0,0.950,0.375226
100.0,0.950,0.855802
100.0,0.950,0.704743
100.0,0.950,0.458554
100.0,0.950,0.613750
100.0,0.950,0.798302
100.0,0.850,-0.027104
100.0,0.850,0.129466
100.0,0.850,0.062470
100.0,0.850,-0.067947
100.0,0.850,0.167826
100.0,0.850,0.015210
100.0,0.850,-0.231596
100.0,0.850,-0.131196
100.0,0.850,0.044131
100.0,0.850,0.024426
100.0,0.850,-0.120404
100.0,0.850,-0.069696
100.0,0.850,0.066813
100.0,0.850,0.139361
100.0,0.850,-0.147947
100.0,0.850,0.179643
100.0,0.850,-0.049173
100.0,0.850,-0.170885
100.0,0.850,0.138546
100.0,0.850,-0.037669
100.0,0.850,0.007641
100.0,0.850,-0.422248
100.0,0.850,0.110768
100.0,0.850,0.194705
100.0,0.850,-0.047903
100.0,0.850,-0.227117
100.0,0.850,-0.139053
100.0,0.850,-0.035239
100.0,0.850,-0.094312
100.0,0.850,-0.250631
100.0,0.850,0.070415
100.0,0.850,-0.129773
100.0,0.850,-0.094193
100.0,0.850,0.267974
100.0,0.850,-0.186003
100.0,0.850,-0.126805
100.0,0.850,-0.138136
100.0,0.850,-0.116976
100.0,0.850,0.165664
100.0,0.850,-0.061679
100.0,0.850,0.056988
100.0,0.850,0.015387
100.0,0.850,-0.025789
100.0,0.850,-0.023022
100.0,0.850,0.174024
100.0,0.850,-0.379097
100.0,0.850,-0.062284
100.0,0.850,0.050785
100.0,0.850,-0.294035
100.0,0.850,-0.072414
100.0,0.850,-0.030697
100.0,0.850,0.396474
100.0,0.850,0.080678
100.0,0.850,-0.067342
100.0,0.850,0.084817
100.0,0.850,-0.055833
100.0,0.850,-0.151242
100.0,0.850,0.048277
100.0,0.850,-0.143965
100.0,0.850,0.067509
100.0,0.850,-0.085664
100.0,0.850,-0.072186
100.0,0.850,-0.217914
100.0,0.850,-0.058943
100.0,0.850,0.137771
100.0,0.850,-0.115326
100.0,0.850,0.106583
100.0,0.850,-0.130807
100.0,0.850,0.003659
100.0,0.850,-0.033988
100.0,0.850,0.119305
100.0,0.850,-0.091649
100.0,0.850,-0.140361
100.0,0.850,0.233909
100.0,0.850,-0.092302
100.0,0.850,0.170234
100.0,0.850,0.015283
100.0,0.850,0.119738
100.0,0.850,0.039997
100.0,0.850,0.061004
100.0,0.850,-0.030942
100.0,0.850,-0.006148
100.0,0.850,-0.249746
100.0,0.850,0.220792
100.0,0.850,-0.199138
100.0,0.850,-0.005495
100.0,0.850,-0.011628
100.0,0.850,-0.200260
100.0,0.850,0.116959
100.0,0.850,-0.053157
100.0,0.850,0.027116
100.0,0.850,-0.185485
100.0,0.850,-0.177107
100.0,0.850,0.187339
100.0,0.850,-0.045940
100.0,0.850,-0.317869
100.0,0.850,-0.060383
100.0,0.850,-0.368969
100.0,0.850,0.063824
100.0,0.850,-0.141317
100.0,0.903,-0.180277
100.0,0.903,-0.222152
100.0,0.903,-0.200420
100.0,0.903,-0.316341
100.0,0.903,0.204650
100.0,0.903,-0.206902
100.0,0.903,-0.493940
100.0,0.903,-0.226355
100.0,0.903,0.208859
100.0,0.903,0.368411
100.0,0.903,-0.555189
100.0,0.903,-0.231612
100.0,0.903,-0.448464
100.0,0.903,-0.355660
100.0,0.903,-0.067599
100.0,0.903,0.096970
100.0,0.903,-0.257907
100.0,0.903,-0.472245
100.0,0.903,-0.174025
100.0,0.903,-0.219393
100.0,0.903,-0.085769
100.0,0.903,-0.296799
100.0,0.903,-0.172094
100.0,0.903,-0.249150
100.0,0.903,-0.432637
100.0,0.903,-0.008172
100.0,0.903,-0.511462
100.0,0.903,-0.232876
100.0,0.903,-0.148257
100.0,0.903,-0.401381
100.0,0.903,-0.212293
100.0,0.903,-0.153893
100.0,0.903,-0.308933
100.0,0.903,-0.259240
100.0,0.903,-0.289308
100.0,0.903,-0.606702
100.0,0.903,0.246713
100.0,0.903,-0.433567
100.0,0.903,0.161781
100.0,0.903,0.087630
100.0,0.903,-0.133760
100.0,0.903,-0.329160
100.0,0.903,-0.062208
100.0,0.903,-0.051488
100.0,0.903,0.033611
100.0,0.903,-0.146971
100.0,0.903,-0.417482
100.0,0.903,-0.237786
100.0,0.903,-0.369850
100.0,0.903,-0.490122
100.0,0.903,-0.481568
100.0,0.903,-0.242168
100.0,0.903,-0.105478
100.0,0.903,-0.343320
100.0,0.903,-0.164058
100.0,0.903,-0.259417
100.0,0.903,-0.072678
100.0,0.903,-0.070815
100.0,0.903,-0.036286
100.0,0.903,-0.469050
100.0,0.903,-0.282395
100.0,0.903,-0.034642
100.0,0.903,-0.369500
100.0,0.903,-0.096209
100.0,0.903,-0.440021
100.0,0.903,-0.242333
100.0,0.903,-0.162240
100.0,0.903,-0.460620
100.0,0.903,-0.183731
100.0,0.903,-0.274291
100.0,0.903,0.159194
100.0,0.903,0.113551
100.0,0.903,-0.426181
100.0,0.903,-0.345802
100.0,0.903,-0.084890
100.0,0.903,-0.430401
100.0,0.903,-0.269734
100.0,0.903,-0.085127
100.0,0.903,0.061712
100.0,0.903,0.238954
100.0,0.903,0.046921
100.0,0.903,0.174591
100.0,0.903,-0.331479
100.0,0.903,-0.122777
100.0,0.903,-0.068102
100.0,0.903,0.047833
100.0,0.903,-0.275086
100.0,0.903,-0.100035
100.0,0.903,-0.245574
100.0,0.903,-0.087752
100.0,0.903,-0.609007
100.0,0.903,0.098036
100.0,0.903,-0.307962
100.0,0.903,-0.278899
100.0,0.903,0.178137
100.0,0.903,-0.550871
100.0,0.903,-0.190421
100.0,0.903,-0.155087
100.0,0.903,-0.080432
100.0,0.903,-0.152004
100.0,0.950,-0.922134
100.0,0.950,-0.836647
100.0,0.950,-0.626708
100.0,0.950,-0.458659
100.0,0.950,-0.903753
100.0,0.950,-0.928084
100.0,0.950,-0.341202
100.0,0.950,-0.884267
100.0,0.950,-0.692546
100.0,0.950,-0.614607
100.0,0.950,-0.831508
100.0,0.950,-0.602918
100.0,0.950,-0.828846
100.0,0.950,-0.652767
100.0,0.950,-0.837286
100.0,0.950,-0.779037
100.0,0.950,-0.928127
100.0,0.950,-0.737616
100.0,0.950,-0.872584
100.0,0.950,-0.799394
100.0,0.950,-0.932962
100.0,0.950,-0.747422
100.0,0.950,-0.910515
100.0,0.950,-0.833103
100.0,0.950,-0.797460
100.0,0.950,-0.862372
100.0,0.950,-0.831460
100.0,0.950,-0.824177
100.0,0.950,-0.936954
100.0,0.950,-0.821283
100.0,0.950,-0.831488
100.0,0.950,-0.193587
100.0,0.950,-0.747749
100.0,0.950,-0.528690
100.0,0.950,-0.887808
100.0,0.950,-0.890524
100.0,0.950,-0.728823
100.0,0.950,-0.858721
100.0,0.950,-0.514118
100.0,0.950,-0.613042
100.0,0.950,-0.596159
100.0,0.950,-0.858235
100.0,0.950,-0.570623
100.0,0.950,-0.855139
100.0,0.950,-0.618986
100.0,0.950,-0.790513
100.0,0.950,-0.891988
100.0,0.950,-0.916484
100.0,0.950,-0.873706
100.0,0.950,-0.825092
100.0,0.950,-0.785664
100.0,0.950,-0.863036
100.0,0.950,-0.620738
100.0,0.950,-0.630401
100.0,0.950,-0.886597
100.0,0.950,-0.654739
100.0,0.950,-0.752269
100.0,0.950,-0.790562
100.0,0.950,-0.925908
100.0,0.950,-0.903641
100.0,0.950,-0.867778
100.0,0.950,-0.668300
100.0,0.950,-0.804461
100.0,0.950,-0.906991
100.0,0.950,-0.904983
100.0,0.950,-0.791305
100.0,0.950,-0.895528
100.0,0.950,-0.685005
100.0,0.950,-0.892481
100.0,0.950,-0.833846
100.0,0.950,-0.738700
100.0,0.950,-0.896247
100.0,0.950,-0.890192
100.0,0.950,-0.796444
100.0,0.950,-0.891408
100.0,0.950,-0.716957
100.0,0.950,-0.766743
100.0,0.950,-0.603144
100.0,0.950,-0.809548
100.0,0.950,-0.799095
100.0,0.950,-0.875704
100.0,0.950,-0.861597
100.0,0.950,-0.740984
100.0,0.950,-0.493840
100.0,0.950,-0.682522
100.0,0.950,-0.818370
100.0,0.950,-0.673508
100.0,0.950,-0.820822
100.0,0.950,-0.823632
100.0,0.950,-0.426762
100.0,0.950,-0.801664
100.0,0.950,-0.914773
100.0,0.950,-0.438735
100.0,0.950,-0.711422
100.0,0.950,-0.758438
100.0,0.950,-0.557488
100.0,0.950,-0.805916
100.0,0.950,-0.491979
100.0,0.950,-0.819238
100.0,0.950,-0.870022
100.0,0.850,0.114395
100.0,0.850,-0.095765
100.0,0.850,0.092661
100.0,0.850,-0.173641
100.0,0.850,0.278830
100.0,0.850,-0.177106
100.0,0.850,0.055730
100.0,0.850,-0.101940
100.0,0.850,0.061786
100.0,0.850,0.132182
100.0,0.850,-0.153870
100.0,0.850,-0.250428
100.0,0.850,0.032321
100.0,0.850,-0.047107
100.0,0.850,0.279134
100.0,0.850,0.099387
100.0,0.850,0.011237
100.0,0.850,-0.167062
100.0,0.850,0.164205
100.0,0.850,-0.195576
100.0,0.850,0.042969
100.0,0.850,0.133711
100.0,0.850,-0.144432
100.0,0.850,0.005882
100.0,0.850,-0.230615
100.0,0.850,0.009165
100.0,0.850,-0.201997
100.0,0.850,0.012230
100.0,0.850,-0.001245
100.0,0.850,0.341758
100.0,0.850,0.258658
100.0,0.850,0.029978
100.0,0.850,0.290770
100.0,0.850,-0.014993
100.0,0.850,-0.236567
100.0,0.850,-0.082089
100.0,0.850,0.030987
100.0,0.850,-0.154705
100.0,0.850,0.092653
100.0,0.850,0.090004
100.0,0.850,0.154925
100.0,0.850,0.119604
100.0,0.850,0.176838
100.0,0.850,0.248382
100.0,0.850,0.070712
100.0,0.850,-0.173804
100.0,0.850,-0.030597
100.0,0.850,0.140830
100.0,0.850,0.217771
100.0,0.850,-0.071134
100.0,0.850,-0.051384
100.0,0.850,0.093178
100.0,0.850,-0.255278
100.0,0.850,-0.054969
100.0,0.850,0.092519
100.0,0.850,0.048873
100.0,0.850,0.031324
100.0,0.850,0.049275
100.0,0.850,-0.017919
100.0,0.850,-0.008935
100.0,0.850,0.055758
100.0,0.850,0.037659
100.0,0.850,-0.062134
100.0,0.850,0.092730
100.0,0.850,-0.057176
100.0,0.850,-0.106376
100.0,0.850,-0.201034
100.0,0.850,0.189957
100.0,0.850,0.059604
100.0,0.850,-0.249784
100.0,0.850,-0.038687
100.0,0.850,-0.061914
100.0,0.850,-0.022725
100.0,0.850,0.147711
100.0,0.850,-0.251665
100.0,0.850,-0.070118
100.0,0.850,0.080165
100.0,0.850,0.155000
100.0,0.850,0.184231
100.0,0.850,-0.043308
100.0,0.850,-0.056149
100.0,0.850,-0.236694
100.0,0.850,-0.334504
100.0,0.850,-0.069370
100.0,0.850,-0.050361
100.0,0.850,-0.053513
100.0,0.850,-0.088451
100.0,0.850,-0.149054
100.0,0.850,-0.031351
100.0,0.850,0.355821
100.0,0.850,-0.102444
100.0,0.850,-0.260341
100.0,0.850,-0.167986
100.0,0.850,0.121946
100.0,0.850,-0.243548
100.0,0.850,-0.079329
100.0,0.850,0.055241
100.0,0.850,0.140324
100.0,0.850,0.237957
100.0,0.850,0.462229
100.0,0.903,0.434647
100.0,0.903,0.156089
100.0,0.903,0.032976
100.0,0.903,-0.380884
100.0,0.903,0.390916
100.0,0.903,0.041336
100.0,0.903,0.173596
100.0,0.903,0.055650
100.0,0.903,0.127238
100.0,0.903,0.145102
100.0,0.903,0.079228
100.0,0.903,0.305325
100.0,0.903,-0.052704
100.0,0.903,0.294874
100.0,0.903,0.166524
100.0,0.903,0.036772
100.0,0.903,0.407991
100.0,0.903,0.395478
100.0,0.903,-0.032416
100.0,0.903,0.149861
100.0,0.903,-0.070857
100.0,0.903,-0.072011
100.0,0.903,-0.021800
100.0,0.903,-0.157847
100.0,0.903,0.025957
100.0,0.903,0.096490
100.0,0.903,0.238644
100.0,0.903,0.232577
100.0,0.903,0.174794
100.0,0.903,0.066973
100.0,0.903,0.265409
100.0,0.903,0.295832
100.0,0.903,0.285337
100.0,0.903,0.132602
100.0,0.903,0.094550
100.0,0.903,0.331499
100.0,0.903,0.344664
100.0,0.903,0.215348
100.0,0.903,0.170387
100.0,0.903,0.044517
100.0,0.903,-0.121752
100.0,0.903,0.466814
100.0,0.903,0.304235
100.0,0.903,0.157139
100.0,0.903,0.348341
100.0,0.903,0.249258
100.0,0.903,0.102162
100.0,0.903,-0.022024
100.0,0.903,0.303310
100.0,0.903,-0.190258
100.0,0.903,0.409111
100.0,0.903,0.319331
100.0,0.903,0.037367
100.0,0.903,-0.045630
100.0,0.903,0.206117
100.0,0.903,0.024263
100.0,0.903,-0.088469
100.0,0.903,0.448469
100.0,0.903,0.438993
100.0,0.903,0.037117
100.0,0.903,0.227251
100.0,0.903,0.158308
100.0,0.903,0.382600
100.0,0.903,0.043419
100.0,0.903,0.092833
100.0,0.903,0.328183
100.0,0.903,0.068765
100.0,0.903,0.113545
100.0,0.903,0.250648
100.0,0.903,0.184911
100.0,0.903,0.502834
100.0,0.903,0.186487
100.0,0.903,-0.090808
100.0,0.903,0.223793
100.0,0.903,0.314231
100.0,0.903,-0.287329
100.0,0.903,0.165348
100.0,0.903,0.091579
100.0,0.903,0.413547
100.0,0.903,-0.128236
100.0,0.903,0.099755
100.0,0.903,-0.204146
100.0,0.903,0.094413
100.0,0.903,-0.095720
100.0,0.903,0.232375
100.0,0.903,0.336158
100.0,0.903,-0.072801
100.0,0.903,0.025229
100.0,0.903,0.154004
100.0,0.903,0.244880
100.0,0.903,0.120558
100.0,0.903,0.434971
100.0,0.903,0.277955
100.0,0.903,0.253690
100.0,0.903,-0.079272
100.0,0.903,-0.007003
100.0,0.903,0.354793
100.0,0.903,0.092774
100.0,0.903,0.438895
100.0,0.903,0.111066
100.0,0.950,0.772333
100.0,0.950,0.786719
100.0,0.950,0.548280
100.0,0.950,0.788234
100.0,0.950,0.890578
100.0,0.950,0.372799
100.0,0.950,0.484618
100.0,0.950,0.800747
100.0,0.950,0.753088
100.0,0.950,0.825017
100.0,0.950,0.876114
100.0,0.950,0.764047
100.0,0.950,0.574370
100.0,0.950,0.867116
100.0,0.950,0.750978
100.0,0.950,0.878688
100.0,0.950,0.609121
100.0,0.950,0.686872
100.0,0.950,0.577560
100.0,0.950,0.157526
100.0,0.950,0.717188
100.0,0.950,0.838070
100.0,0.950,0.837806
100.0,0.950,0.720246
100.0,0.950,0.857947
100.0,0.950,0.905262
100.0,0.950,0.808163
100.0,0.950,0.832663
100.0,0.950,0.270215
100.0,0.950,0.840552
100.0,0.950,0.817525
100.0,0.950,0.857831
100.0,0.950,0.493202
100.0,0.950,0.875869
100.0,0.950,0.502784
100.0,0.950,0.836818
100.0,0.950,0.760095
100.0,0.950,0.671143
100.0,0.950,0.570165
100.0,0.950,0.679719
100.0,0.950,0.769337
100.0,0.950,0.904496
100.0,0.950,0.779696
100.0,0.950,0.921043
100.0,0.950,0.654062
100.0,0.950,0.598372
100.0,0.950,0.684095
100.0,0.950,0.426136
100.0,0.950,0.876854
100.0,0.950,0.841910
100.0,0.950,0.840388
100.0,0.950,0.572669
100.0,0.950,0.894780
100.0,0.950,0.823395
100.0,0.950,0.735298
100.0,0.950,0.832279
100.0,0.950,0.600942
100.0,0.950,0.937810
100.0,0.950,0.642953
100.0,0.950,-0.027047
100.0,0.950,0.858726
100.0,0.950,0.801897
100.0,0.950,0.861901
100.0,0.950,0.254604
100.0,0.950,0.806818
100.0,0.950,0.484486
100.0,0.950,0.340205
100.0,0.950,0.890602
100.0,0.950,0.826651
100.0,0.950,0.708471
100.0,0.950,0.544853
100.0,0.950,0.875693
100.0,0.950,0.773649
100.0,0.950,0.724274
100.0,0.950,0.680606
100.0,0.950,0.834708
100.0,0.950,0.802743
100.0,0.950,0.628672
100.0,0.950,0.783236
100.0,0.950,0.498958
100.0,0.950,0.868372
100.0,0.950,0.915677
100.0,0.950,0.820304
100.0,0.950,0.881103
100.0,0.950,0.833188
100.0,0.950,0.791251
100.0,0.950,0.631423
100.0,0.950,0.683267
100.0,0.950,0.716865
100.0,0.950,0.660510
100.0,0.950,0.552035
100.0,0.950,0.856452
100.0,0.950,0.879833
100.0,0.950,0.916278
100.0,0.950,0.659358
100.0,0.950,0.615633
100.0,0.950,0.831696
100.0,0.950,0.910815
100.0,0.950,0.431494
100.0,0.950,0.874250
100.0,0.850,0.230397
100.0,0.850,-0.063111
100.0,0.850,-0.018904
100.0,0.850,0.114978
100.0,0.850,0.074949
100.0,0.850,0.140816
100.0,0.850,0.035150
100.0,0.850,0.179336
100.0,0.850,0.342693
100.0,0.850,0.119173
100.0,0.850,0.116413
100.0,0.850,0.130713
100.0,0.850,0.110089
100.0,0.850,0.094574
100.0,0.850,0.349445
100.0,0.850,0.230133
100.0,0.850,0.192505
100.0,0.850,0.239904
100.0,0.850,0.090209
100.0,0.850,0.137135
100.0,0.850,0.054715
100.0,0.850,-0.086111
100.0,0.850,0.469100
100.0,0.850,0.144029
100.0,0.850,-0.038549
100.0,0.850,0.104916
100.0,0.850,-0.077734
100.0,0.850,0.152923
100.0,0.850,0.039914
100.0,0.850,0.162825
100.0,0.850,0.096116
100.0,0.850,-0.017845
100.0,0.850,0.103917
100.0,0.850,0.388241
100.0,0.850,-0.145684
100.0,0.850,0.141593
100.0,0.850,-0.069070
100.0,0.850,0.002886
100.0,0.850,-0.066288
100.0,0.850,0.034094
100.0,0.850,0.023422
100.0,0.850,0.061107
100.0,0.850,-0.070680
100.0,0.850,0.236558
100.0,0.850,0.072308
100.0,0.850,0.157383
100.0,0.850,0.115227
100.0,0.850,-0.257864
100.0,0.850,-0.096361
100.0,0.850,0.063429
100.0,0.850,-0.168893
100.0,0.850,0.124579
100.0,0.850,0.158785
100.0,0.850,0.174472
100.0,0.850,0.247104
100.0,0.850,-0.098399
100.0,0.850,0.001907
100.0,0.850,0.262811
100.0,0.850,0.061410
100.0,0.850,0.112960
100.0,0.850,0.056128
100.0,0.850,0.201305
100.0,0.850,-0.054957
100.0,0.850,0.026309
100.0,0.850,-0.092917
100.0,0.850,0.007960
100.0,0.850,0.059988
100.0,0.850,0.179667
100.0,0.850,0.204529
100.0,0.850,-0.117809
100.0,0.850,0.229243
100.0,0.850,0.104430
100.0,0.850,0.156791
100.0,0.850,0.315114
100.0,0.850,0.270267
100.0,0.850,0.269215
100.0,0.850,-0.022758
100.0,0.850,0.120588
100.0,0.850,0.087807
100.0,0.850,0.183752
100.0,0.850,0.101838
100.0,0.850,-0.008504
100.0,0.850,0.023632
100.0,0.850,0.127288
100.0,0.850,0.196454
100.0,0.850,-0.165972
100.0,0.850,0.293662
100.0,0.850,0.167117
100.0,0.850,0.219491
100.0,0.850,0.299239
100.0,0.850,0.107901
100.0,0.850,0.130792
100.0,0.850,0.375723
100.0,0.850,-0.156711
100.0,0.850,0.025841
100.0,0.850,-0.157957
100.0,0.850,-0.030772
100.0,0.850,-0.078417
100.0,0.850,-0.045990
100.0,0.850,0.337742
100.0,0.903,0.244199
100.0,0.903,0.292852
100.0,0.903,0.446454
100.0,0.903,0.427198
100.0,0.903,0.214519
100.0,0.903,0.420587
100.0,0.903,-0.133132
100.0,0.903,0.338083
100.0,0.903,0.365420
100.0,0.903,0.271716
100.0,0.903,0.301587
100.0,0.903,-0.190790
100.0,0.903,0.230651
100.0,0.903,0.157746
100.0,0.903,0.622468
100.0,0.903,0.193671
100.0,0.903,0.239811
100.0,0.903,0.335650
100.0,0.903,0.047572
100.0,0.903,0.145717
100.0,0.903,-0.036071
100.0,0.903,0.183664
100.0,0.903,0.316585
100.0,0.903,0.636116
100.0,0.903,0.213708
100.0,0.903,0.573511
100.0,0.903,0.365230
100.0,0.903,0.276792
100.0,0.903,0.533533
100.0,0.903,0.455975
100.0,0.903,0.061151
100.0,0.903,0.529375
100.0,0.903,0.450118
100.0,0.903,0.389619
100.0,0.903,0.375821
100.0,0.903,0.243195
100.0,0.903,0.080073
100.0,0.903,0.547377
100.0,0.903,0.155144
100.0,0.903,0.399953
100.0,0.903,0.289518
100.0,0.903,0.262544
100.0,0.903,0.383298
100.0,0.903,0.204917
100.0,0.903,-0.003559
100.0,0.903,0.261314
100.0,0.903,0.014449
100.0,0.903,0.340526
100.0,0.903,0.313775
100.0,0.903,0.370649
100.0,0.903,0.565675
100.0,0.903,0.231066
100.0,0.903,0.210960
100.0,0.903,0.192035
100.0,0.903,0.346396
100.0,0.903,0.311759
100.0,0.903,0.260482
100.0,0.903,0.622605
100.0,0.903,0.124864
100.0,0.903,0.394170
100.0,0.903,0.494484
100.0,0.903,0.618591
100.0,0.903,-0.102376
100.0,0.903,0.003559
100.0,0.903,0.420069
100.0,0.903,0.427659
100.0,0.903,0.490754
100.0,0.903,0.447654
100.0,0.903,0.466441
100.0,0.903,-0.642108
100.0,0.903,0.581934
100.0,0.903,0.345023
100.0,0.903,0.487357
100.0,0.903,0.607730
100.0,0.903,0.376137
100.0,0.903,0.508774
100.0,0.903,0.194814
100.0,0.903,0.317245
100.0,0.903,0.280545
100.0,0.903,0.631253
100.0,0.903,-0.029858
100.0,0.903,0.365137
100.0,0.903,0.139821
100.0,0.903,0.378066
100.0,0.903,0.199894
100.0,0.903,0.396789
100.0,0.903,0.360316
100.0,0.903,0.489765
100.0,0.903,0.363466
100.0,0.903,0.218279
100.0,0.903,0.372773
100.0,0.903,0.403745
100.0,0.903,0.447871
100.0,0.903,0.375211
100.0,0.903,0.063961
100.0,0.903,0.237618
100.0,0.903,0.281447
100.0,0.903,0.181298
100.0,0.903,-0.182620
100.0,0.903,0.186231
100.0,0.950,0.909191
100.0,0.950,0.861944
100.0,0.950,0.825905
100.0,0.950,0.847989
100.0,0.950,0.889081
100.0,0.950,0.904960
100.0,0.950,0.754873
100.0,0.950,0.842606
100.0,0.950,0.667398
100.0,0.950,0.873495
100.0,0.950,0.908032
100.0,0.950,0.419303
100.0,0.950,0.769113
100.0,0.950,0.808278
100.0,0.950,0.915993
100.0,0.950,0.570050
100.0,0.950,0.865314
100.0,0.950,0.769650
100.0,0.950,0.719365
100.0,0.950,0.662384
100.0,0.950,0.765395
100.0,0.950,0.890629
100.0,0.950,0.882784
100.0,0.950,0.857700
100.0,0.950,0.646658
100.0,0.950,0.781479
100.0,0.950,0.929935
100.0,0.950,0.771862
100.0,0.950,0.807057
100.0,0.950,0.785253
100.0,0.950,0.885452
100.0,0.950,0.654700
100.0,0.950,0.316989
100.0,0.950,0.896654
100.0,0.950,0.867333
100.0,0.950,0.773048
100.0,0.950,0.793157
100.0,0.950,0.635150
100.0,0.950,0.835082
100.0,0.950,0.777179
100.0,0.950,0.865822
100.0,0.950,0.876184
100.0,0.950,0.723090
100.0,0.950,0.509557
100.0,0.950,0.473012
100.0,0.950,0.823612
100.0,0.950,0.720245
100.0,0.950,0.841866
100.0,0.950,0.830027
100.0,0.950,0.626150
100.0,0.950,0.479801
100.0,0.950,0.670635
100.0,0.950,0.876590
100.0,0.950,0.887883
100.0,0.950,0.809253
100.0,0.950,0.880910
100.0,0.950,0.922937
100.0,0.950,0.616489
100.0,0.950,0.884923
100.0,0.950,0.792322
100.0,0.950,0.724154
100.0,0.950,0.874608
100.0,0.950,0.903147
100.0,0.950,0.652398
100.0,0.950,0.692093
100.0,0.950,0.781244
100.0,0.950,0.876643
100.0,0.950,0.909318
100.0,0.950,0.902889
100.0,0.950,0.646163
100.0,0.950,0.778990
100.0,0.950,0.855640
100.0,0.950,0.704379
100.0,0.950,0.908845
100.0,0.950,0.825215
100.0,0.950,0.606712
100.0,0.950,0.355371
100.0,0.950,0.441127
100.0,0.950,0.725455
100.0,0.950,0.814519
100.0,0.950,0.851089
100.0,0.950,0.694743
100.0,0.950,0.789722
100.0,0.950,0.856301
100.0,0.950,0.830058
100.0,0.950,0.482479
100.0,0.950,0.765700
100.0,0.950,0.815935
100.0,0.950,0.764271
100.0,0.950,0.883723
100.0,0.950,0.878827
100.0,0.950,0.765205
100.0,0.950,0.403406
100.0,0.950,0.900148
100.0,0.950,0.845634
100.0,0.950,0.888269
100.0,0.950,0.899903
100.0,0.950,0.630062
100.0,0.950,0.558950
100.0,0.950,0.557447
100.0,0.850,0.379414
100.0,0.850,-0.168601
100.0,0.850,0.285332
100.0,0.850,-0.069947
100.0,0.850,0.311062
100.0,0.850,0.195044
100.0,0.850,-0.038711
100.0,0.850,0.156607
100.0,0.850,0.336930
100.0,0.850,0.093986
100.0,0.850,-0.178386
100.0,0.850,0.084744
100.0,0.850,-0.147585
100.0,0.850,0.258092
100.0,0.850,0.164239
100.0,0.850,0.268722
100.0,0.850,-0.350977
100.0,0.850,0.182830
100.0,0.850,0.154801
100.0,0.850,-0.147131
100.0,0.850,0.270136
100.0,0.850,0.103020
100.0,0.850,-0.012079
100.0,0.850,0.168002
100.0,0.850,0.234252
100.0,0.850,0.148821
100.0,0.850,0.255693
100.0,0.850,0.080592
100.0,0.850,0.241397
100.0,0.850,-0.036259
100.0,0.850,0.059807
100.0,0.850,0.065881
100.0,0.850,0.222945
100.0,0.850,-0.253226
100.0,0.850,-0.091919
100.0,0.850,0.024014
100.0,0.850,0.060981
100.0,0.850,0.429369
100.0,0.850,-0.058209
100.0,0.850,0.117367
100.0,0.850,0.161000
100.0,0.850,0.146167
100.0,0.850,0.035118
100.0,0.850,0.324282
100.0,0.850,0.000528
100.0,0.850,-0.079698
100.0,0.850,0.099409
100.0,0.850,0.074496
100.0,0.850,0.283454
100.0,0.850,0.041689
100.0,0.850,-0.069454
100.0,0.850,0.232701
100.0,0.850,-0.206508
100.0,0.850,0.087602
100.0,0.850,0.092925
100.0,0.850,-0.204246
100.0,0.850,-0.059451
100.0,0.850,0.003053
100.0,0.850,0.123825
100.0,0.850,-0.038425
100.0,0.850,0.178063
100.0,0.850,0.120148
100.0,0.850,0.339832
100.0,0.850,0.041652
100.0,0.850,0.022778
100.0,0.850,0.097114
100.0,0.850,0.049907
100.0,0.850,0.074804
100.0,0.850,0.172504
100.0,0.850,-0.205093
100.0,0.850,0.103084
100.0,0.850,0.045462
100.0,0.850,-0.187126
100.0,0.850,0.062881
100.0,0.850,0.043993
100.0,0.850,0.206799
100.0,0.850,0.218816
100.0,0.850,-0.200963
100.0,0.850,0.176782
100.0,0.850,0.077655
100.0,0.850,-0.207763
100.0,0.850,-0.090179
100.0,0.850,-0.034442
100.0,0.850,0.114664
100.0,0.850,-0.178668
100.0,0.850,0.109395
100.0,0.850,0.120617
100.0,0.850,0.266155
100.0,0.850,0.020777
100.0,0.850,0.268723
100.0,0.850,0.119609
100.0,0.850,0.125184
100.0,0.850,0.125724
100.0,0.850,0.113318
100.0,0.850,-0.101076
100.0,0.850,0.230787
100.0,0.850,0.040013
100.0,0.850,0.074161
100.0,0.850,0.097937
100.0,0.850,0.068355
100.0,0.903,0.268777
100.0,0.903,0.026880
100.0,0.903,0.454803
100.0,0.903,0.163587
100.0,0.903,0.382203
100.0,0.903,-0.029407
100.0,0.903,0.324163
100.0,0.903,0.350474
100.0,0.903,0.375694
100.0,0.903,0.397919
100.0,0.903,0.229654
100.0,0.903,0.166148
100.0,0.903,0.252537
100.0,0.903,-0.040968
100.0,0.903,0.394505
100.0,0.903,0.419938
100.0,0.903,-0.064655
100.0,0.903,0.455791
100.0,0.903,0.299588
100.0,0.903,0.089954
100.0,0.903,-0.110285
100.0,0.903,0.363863
100.0,0.903,-0.161954
100.0,0.903,0.263653
100.0,0.903,0.116588
100.0,0.903,-0.087748
100.0,0.903,0.260686
100.0,0.903,0.390509
100.0,0.903,0.355271
100.0,0.903,0.384918
100.0,0.903,0.252094
100.0,0.903,0.031197
100.0,0.903,0.428188
100.0,0.903,0.108324
100.0,0.903,0.273929
100.0,0.903,0.461843
100.0,0.903,0.183159
100.0,0.903,0.478911
100.0,0.903,0.246740
100.0,0.903,0.044372
100.0,0.903,0.395785
100.0,0.903,0.365089
100.0,0.903,0.207577
100.0,0.903,0.349825
100.0,0.903,-0.093363
100.0,0.903,-0.265815
100.0,0.903,0.167466
100.0,0.903,0.044775
100.0,0.903,-0.128058
100.0,0.903,0.305440
100.0,0.903,0.212795
100.0,0.903,0.104818
100.0,0.903,0.436294
100.0,0.903,0.182442
100.0,0.903,0.041297
100.0,0.903,0.442375
100.0,0.903,-0.130800
100.0,0.903,0.559309
100.0,0.903,0.213766
100.0,0.903,0.300797
100.0,0.903,0.176275
100.0,0.903,0.123988
100.0,0.903,0.157324
100.0,0.903,0.435764
100.0,0.903,0.256547
100.0,0.903,0.250370
100.0,0.903,0.204788
100.0,0.903,0.545869
100.0,0.903,0.272394
100.0,0.903,0.407474
100.0,0.903,0.021490
100.0,0.903,0.383519
100.0,0.903,0.511598
100.0,0.903,0.465988
100.0,0.903,-0.017030
100.0,0.903,0.221535
100.0,0.903,0.280203
100.0,0.903,0.278719
100.0,0.903,0.033913
100.0,0.903,0.222659
100.0,0.903,-0.056339
100.0,0.903,0.151916
100.0,0.903,0.270526
100.0,0.903,0.322467
100.0,0.903,0.193839
100.0,0.903,0.133414
100.0,0.903,0.435941
100.0,0.903,0.474577
100.0,0.903,0.553421
100.0,0.903,0.182537
100.0,0.903,0.524725
100.0,0.903,0.266367
100.0,0.903,0.195991
100.0,0.903,0.349548
100.0,0.903,0.101333
100.0,0.903,0.282159
100.0,0.903,0.356295
100.0,0.903,0.280696
100.0,0.903,0.401616
100.0,0.903,0.210905
100.0,0.950,0.885291
100.0,0.950,0.752253
100.0,0.950,0.616279
100.0,0.950,0.904082
100.0,0.950,0.903213
100.0,0.950,0.947535
100.0,0.950,0.597900
100.0,0.950,0.583081
100.0,0.950,0.915096
100.0,0.950,0.827719
100.0,0.950,0.902466
100.0,0.950,0.817320
100.0,0.950,0.708298
100.0,0.950,0.928536
100.0,0.950,0.661376
100.0,0.950,0.859881
100.0,0.950,0.803392
100.0,0.950,0.723254
100.0,0.950,0.680746
100.0,0.950,0.919560
100.0,0.950,0.917069
100.0,0.950,0.862747
100.0,0.950,0.828643
100.0,0.950,0.851457
100.0,0.950,0.871183
100.0,0.950,0.836717
100.0,0.950,0.855687
100.0,0.950,0.791044
100.0,0.950,0.874433
100.0,0.950,0.856368
100.0,0.950,0.716137
100.0,0.950,0.862440
100.0,0.950,0.890538
100.0,0.950,0.861201
100.0,0.950,0.868603
100.0,0.950,0.793253
100.0,0.950,0.756465
100.0,0.950,0.851848
100.0,0.950,0.833676
100.0,0.950,0.855893
100.0,0.950,0.731564
100.0,0.950,0.707754
100.0,0.950,0.814559
100.0,0.950,0.721833
100.0,0.950,0.903884
100.0,0.950,0.673381
100.0,0.950,0.566675
100.0,0.950,0.933464
100.0,0.950,0.919317
100.0,0.950,0.762812
100.0,0.950,0.861569
100.0,0.950,0.705205
100.0,0.950,0.889834
100.0,0.950,0.659506
100.0,0.950,0.735573
100.0,0.950,0.803069
100.0,0.950,0.678562
100.0,0.950,0.839355
100.0,0.950,0.843191
100.0,0.950,0.867911
100.0,0.950,0.766764
100.0,0.950,0.722344
100.0,0.950,0.705373
100.0,0.950,0.840634
100.0,0.950,0.648060
100.0,0.950,0.653327
100.0,0.950,0.804890
100.0,0.950,0.698576
100.0,0.950,0.930762
100.0,0.950,0.761819
100.0,0.950,0.845645
100.0,0.950,0.744496
100.0,0.950,0.761566
100.0,0.950,0.889910
100.0,0.950,0.711691
100.0,0.950,0.763473
100.0,0.950,0.817060
100.0,0.950,0.817950
100.0,0.950,0.634353
100.0,0.950,0.763783
100.0,0.950,0.936651
100.0,0.950,0.924081
100.0,0.950,0.846067
100.0,0.950,0.841563
100.0,0.950,0.783192
100.0,0.950,0.757204
100.0,0.950,0.931326
100.0,0.950,0.807897
100.0,0.950,0.936493
100.0,0.950,0.850067
100.0,0.950,0.780366
100.0,0.950,0.857839
100.0,0.950,0.807181
100.0,0.950,0.826331
100.0,0.950,0.825424
100.0,0.950,0.840789
100.0,0.950,0.913880
100.0,0.950,0.674585
100.0,0.950,0.728998
100.0,0.950,0.942404
100.0,0.850,0.120962
100.0,0.850,-0.030991
100.0,0.850,0.150417
100.0,0.850,-0.009068
100.0,0.850,-0.022308
100.0,0.850,0.097649
100.0,0.850,0.013888
100.0,0.850,0.314800
100.0,0.850,-0.096418
100.0,0.850,0.119556
100.0,0.850,0.118919
100.0,0.850,0.232484
100.0,0.850,0.190731
100.0,0.850,0.420604
100.0,0.850,0.235762
100.0,0.850,0.193988
100.0,0.850,0.186753
100.0,0.850,0.197933
100.0,0.850,0.198632
100.0,0.850,0.077229
100.0,0.850,0.285678
100.0,0.850,0.214128
100.0,0.850,0.082974
100.0,0.850,0.386229
100.0,0.850,0.220852
100.0,0.850,0.072686
100.0,0.850,0.131470
100.0,0.850,0.223534
100.0,0.850,0.311613
100.0,0.850,0.159575
100.0,0.850,0.087473
100.0,0.850,0.183555
100.0,0.850,0.333181
100.0,0.850,0.056576
100.0,0.850,0.257076
100.0,0.850,0.180716
100.0,0.850,0.143652
100.0,0.850,0.319532
100.0,0.850,0.162418
100.0,0.850,-0.135769
100.0,0.850,0.393001
100.0,0.850,0.415286
100.0,0.850,0.234782
100.0,0.850,-0.058091
100.0,0.850,0.119938
100.0,0.850,0.157516
100.0,0.850,0.116009
100.0,0.850,-0.150319
100.0,0.850,0.249178
100.0,0.850,0.044288
100.0,0.850,0.018128
100.0,0.850,0.130852
100.0,0.850,0.150712
100.0,0.850,0.111259
100.0,0.850,0.068869
100.0,0.850,0.256239
100.0,0.850,-0.018976
100.0,0.850,-0.087212
100.0,0.850,0.059221
100.0,0.850,0.099787
100.0,0.850,0.081893
100.0,0.850,0.177326
100.0,0.850,-0.068028
100.0,0.850,-0.015872
100.0,0.850,0.170488
100.0,0.850,0.239947
100.0,0.850,-0.152927
100.0,0.850,0.055230
100.0,0.850,0.103808
100.0,0.850,0.233777
100.0,0.850,0.040589
100.0,0.850,0.102354
100.0,0.850,0.146964
100.0,0.850,0.238323
100.0,0.850,0.170606
100.0,0.850,0.063299
100.0,0.850,0.179818
100.0,0.850,-0.024372
100.0,0.850,0.254792
100.0,0.850,0.276379
100.0,0.850,0.088108
100.0,0.850,0.230391
100.0,0.850,0.175060
100.0,0.850,0.222570
100.0,0.850,-0.127149
100.0,0.850,0.113999
100.0,0.850,0.118472
100.0,0.850,0.171775
100.0,0.850,0.270198
100.0,0.850,0.309326
100.0,0.850,0.163725
100.0,0.850,0.256498
100.0,0.850,0.253177
100.0,0.850,0.185000
100.0,0.850,0.276624
100.0,0.850,0.007900
100.0,0.850,0.291588
100.0,0.850,0.021468
100.0,0.850,0.001846
100.0,0.850,0.397964
100.0,0.903,0.315038
100.0,0.903,0.672120
100.0,0.903,0.455759
100.0,0.903,0.494970
100.0,0.903,0.558867
100.0,0.903,0.257944
100.0,0.903,0.333200
100.0,0.903,0.360649
100.0,0.903,0.473228
100.0,0.903,0.684728
100.0,0.903,0.675185
100.0,0.903,0.616703
100.0,0.903,0.284839
100.0,0.903,0.622425
100.0,0.903,0.530949
100.0,0.903,0.418149
100.0,0.903,0.026360
100.0,0.903,0.646084
100.0,0.903,0.307080
100.0,0.903,0.283709
100.0,0.903,-0.255821
100.0,0.903,0.408759
100.0,0.903,0.520895
100.0,0.903,0.667012
100.0,0.903,0.525573
100.0,0.903,0.572729
100.0,0.903,0.083041
100.0,0.903,0.733036
100.0,0.903,0.513472
100.0,0.903,0.577409
100.0,0.903,0.651175
100.0,0.903,0.627550
100.0,0.903,0.695961
100.0,0.903,0.380294
100.0,0.903,0.225810
100.0,0.903,0.277208
100.0,0.903,0.634033
100.0,0.903,0.167730
100.0,0.903,0.334272
100.0,0.903,0.676940
100.0,0.903,0.587411
100.0,0.903,0.669074
100.0,0.903,0.413149
100.0,0.903,0.605258
100.0,0.903,0.263375
100.0,0.903,0.478686
100.0,0.903,0.394483
100.0,0.903,0.410771
100.0,0.903,0.639178
100.0,0.903,0.122793
100.0,0.903,0.495108
100.0,0.903,0.494282
100.0,0.903,0.609156
100.0,0.903,0.143170
100.0,0.903,0.374970
100.0,0.903,0.664692
100.0,0.903,0.426683
100.0,0.903,0.596600
100.0,0.903,0.705853
100.0,0.903,0.395831
100.0,0.903,0.740313
100.0,0.903,0.364253
100.0,0.903,0.385854
100.0,0.903,-0.222043
100.0,0.903,0.608256
100.0,0.903,0.255138
100.0,0.903,0.456619
100.0,0.903,0.704612
100.0,0.903,0.551395
100.0,0.903,0.357513
100.0,0.903,0.750513
100.0,0.903,0.404096
100.0,0.903,0.072499
100.0,0.903,0.618260
100.0,0.903,0.373312
100.0,0.903,0.485808
100.0,0.903,0.340979
100.0,0.903,0.382196
100.0,0.903,0.664016
100.0,0.903,0.486494
100.0,0.903,0.719047
100.0,0.903,0.305870
100.0,0.903,0.567716
100.0,0.903,0.225104
100.0,0.903,0.444618
100.0,0.903,0.507788
100.0,0.903,0.655324
100.0,0.903,0.716324
100.0,0.903,0.491948
100.0,0.903,0.686879
100.0,0.903,0.737289
100.0,0.903,0.786647
100.0,0.903,0.419750
100.0,0.903,0.411230
100.0,0.903,0.386234
100.0,0.903,0.141991
100.0,0.903,0.459738
100.0,0.903,0.665008
100.0,0.903,0.507594
100.0,0.903,0.563460
100.0,0.950,0.571745
100.0,0.950,0.923552
100.0,0.950,0.716035
100.0,0.950,0.568948
100.0,0.950,0.871963
100.0,0.950,0.797173
100.0,0.950,0.809756
100.0,0.950,0.892395
100.0,0.950,0.457321
100.0,0.950,0.847704
100.0,0.950,0.799127
100.0,0.950,0.808399
100.0,0.950,0.784485
100.0,0.950,0.760640
100.0,0.950,0.845282
100.0,0.950,0.778507
100.0,0.950,0.891958
100.0,0.950,0.736525
100.0,0.950,0.854823
100.0,0.950,0.843658
100.0,0.950,0.487168
100.0,0.950,0.827462
100.0,0.950,0.854078
100.0,0.950,0.818132
100.0,0.950,0.890952
100.0,0.950,0.891884
100.0,0.950,0.880019
100.0,0.950,0.792782
100.0,0.950,0.794070
100.0,0.950,0.900814
100.0,0.950,0.764076
100.0,0.950,0.871333
100.0,0.950,0.931083
100.0,0.950,0.592956
100.0,0.950,0.889161
100.0,0.950,0.820212
100.0,0.950,0.824141
100.0,0.950,0.888667
100.0,0.950,0.894875
100.0,0.950,0.758797
100.0,0.950,0.757317
100.0,0.950,0.913316
100.0,0.950,0.506311
100.0,0.950,0.781704
100.0,0.950,0.782550
100.0,0.950,0.801677
100.0,0.950,0.907002
100.0,0.950,0.817320
100.0,0.950,0.685866
100.0,0.950,0.924180
100.0,0.950,0.830214
100.0,0.950,0.840493
100.0,0.950,0.795169
100.0,0.950,0.780299
100.0,0.950,0.900218
100.0,0.950,0.870517
100.0,0.950,0.865733
100.0,0.950,0.873265
100.0,0.950,0.737739
100.0,0.950,0.894312
100.0,0.950,0.441763
100.0,0.950,0.925087
100.0,0.950,0.810706
100.0,0.950,0.769389
100.0,0.950,0.900774
100.0,0.950,0.824294
100.0,0.950,0.718383
100.0,0.950,0.721286
100.0,0.950,0.865295
100.0,0.950,0.617987
100.0,0.950,0.809800
100.0,0.950,0.890641
100.0,0.950,0.866482
100.0,0.950,0.927799
100.0,0.950,0.892334
100.0,0.950,0.646395
100.0,0.950,0.857053
100.0,0.950,0.748205
100.0,0.950,0.836050
100.0,0.950,0.857182
100.0,0.950,0.853386
100.0,0.950,0.693843
100.0,0.950,0.644959
100.0,0.950,0.824725
100.0,0.950,0.864436
100.0,0.950,0.876526
100.0,0.950,0.912166
100.0,0.950,0.906940
100.0,0.950,0.901448
100.0,0.950,0.761510
100.0,0.950,0.921070
100.0,0.950,0.913569
100.0,0.950,0.862287
100.0,0.950,0.913288
100.0,0.950,0.841518
100.0,0.950,0.848703
100.0,0.950,0.865305
100.0,0.950,0.461905
100.0,0.950,0.797927
100.0,0.950,0.783164
100.0,0.850,0.005018
100.0,0.850,0.307045
100.0,0.850,0.060594
100.0,0.850,0.232256
100.0,0.850,-0.171333
100.0,0.850,0.414950
100.0,0.850,0.249812
100.0,0.850,0.312463
100.0,0.850,0.201220
100.0,0.850,0.152688
100.0,0.850,0.345865
100.0,0.850,0.051930
100.0,0.850,0.242335
100.0,0.850,0.167332
100.0,0.850,0.118042
100.0,0.850,0.177501
100.0,0.850,0.013566
100.0,0.850,0.139578
100.0,0.850,0.141089
100.0,0.850,0.137162
100.0,0.850,0.193166
100.0,0.850,0.025450
100.0,0.850,0.033000
100.0,0.850,0.234046
100.0,0.850,-0.153470
100.0,0.850,0.048009
100.0,0.850,-0.055180
100.0,0.850,0.337934
100.0,0.850,0.174227
100.0,0.850,0.259558
100.0,0.850,-0.091220
100.0,0.850,0.149553
100.0,0.850,0.199011
100.0,0.850,0.034283
100.0,0.850,0.208079
100.0,0.850,0.252924
100.0,0.850,0.352353
100.0,0.850,0.241148
100.0,0.850,-0.074362
100.0,0.850,0.349207
100.0,0.850,0.037036
100.0,0.850,0.267600
100.0,0.850,-0.018769
100.0,0.850,0.178532
100.0,0.850,0.296996
100.0,0.850,0.092644
100.0,0.850,0.230822
100.0,0.850,0.037060
100.0,0.850,0.197611
100.0,0.850,0.476000
100.0,0.850,0.204652
100.0,0.850,0.302043
100.0,0.850,-0.012187
100.0,0.850,0.249730
100.0,0.850,0.256447
100.0,0.850,0.101217
100.0,0.850,0.037359
100.0,0.850,-0.077632
100.0,0.850,0.302718
100.0,0.850,-0.022922
100.0,0.850,0.219318
100.0,0.850,0.262198
100.0,0.850,-0.048139
100.0,0.850,-0.155868
100.0,0.850,0.210814
100.0,0.850,0.041804
100.0,0.850,0.140896
100.0,0.850,0.333751
100.0,0.850,-0.243220
100.0,0.850,0.208548
100.0,0.850,0.000794
100.0,0.850,0.376749
100.0,0.850,0.376265
100.0,0.850,-0.014811
100.0,0.850,0.250600
100.0,0.850,0.234392
100.0,0.850,0.159821
100.0,0.850,0.317739
100.0,0.850,0.138485
100.0,0.850,0.505510
100.0,0.850,0.186951
100.0,0.850,-0.238841
100.0,0.850,0.043142
100.0,0.850,0.066206
100.0,0.850,-0.110593
100.0,0.850,-0.151772
100.0,0.850,-0.033959
100.0,0.850,-0.158370
100.0,0.850,0.066567
100.0,0.850,0.236174
100.0,0.850,-0.002027
100.0,0.850,0.059343
100.0,0.850,0.243681
100.0,0.850,0.268651
100.0,0.850,0.199110
100.0,0.850,-0.120941
100.0,0.850,0.259941
100.0,0.850,0.267543
100.0,0.850,0.179741
100.0,0.850,-0.075833
100.0,0.903,0.571842
100.0,0.903,0.393577
100.0,0.903,0.141609
100.0,0.903,0.247417
100.0,0.903,0.344504
100.0,0.903,0.327172
100.0,0.903,-0.243216
100.0,0.903,0.051715
100.0,0.903,0.275409
100.0,0.903,0.111643
100.0,0.903,-0.102259
100.0,0.903,0.151650
100.0,0.903,0.447873
100.0,0.903,0.228708
100.0,0.903,0.392778
100.0,0.903,-0.230947
100.0,0.903,0.280451
100.0,0.903,0.021410
100.0,0.903,0.066442
100.0,0.903,0.483552
100.0,0.903,0.282355
100.0,0.903,0.133945
100.0,0.903,0.117309
100.0,0.903,0.280024
100.0,0.903,0.103165
100.0,0.903,0.224050
100.0,0.903,0.339322
100.0,0.903,0.206752
100.0,0.903,0.480598
100.0,0.903,0.376823
100.0,0.903,0.171889
100.0,0.903,0.196160
100.0,0.903,0.317437
100.0,0.903,0.025057
100.0,0.903,0.310546
100.0,0.903,0.275622
100.0,0.903,0.589322
100.0,0.903,0.232812
100.0,0.903,-0.114362
100.0,0.903,-0.034067
100.0,0.903,0.029133
100.0,0.903,0.222296
100.0,0.903,0.484483
100.0,0.903,0.005116
100.0,0.903,0.304908
100.0,0.903,-0.046297
100.0,0.903,-0.081619
100.0,0.903,0.192082
100.0,0.903,0.108632
100.0,0.903,-0.399709
100.0,0.903,0.230450
100.0,0.903,0.366947
100.0,0.903,0.091278
100.0,0.903,0.441489
100.0,0.903,0.167805
100.0,0.903,0.327541
100.0,0.903,0.331867
100.0,0.903,0.294736
100.0,0.903,0.231638
100.0,0.903,0.446152
100.0,0.903,0.162885
100.0,0.903,0.005853
100.0,0.903,-0.118745
100.0,0.903,-0.011619
100.0,0.903,-0.157170
100.0,0.903,0.378260
100.0,0.903,0.173727
100.0,0.903,0.217059
100.0,0.903,0.022972
100.0,0.903,0.147793
100.0,0.903,0.205962
100.0,0.903,0.390549
100.0,0.903,0.355847
100.0,0.903,0.122692
100.0,0.903,0.504152
100.0,0.903,-0.096591
100.0,0.903,-0.322802
100.0,0.903,0.444357
100.0,0.903,0.003555
100.0,0.903,0.291056
100.0,0.903,0.100379
100.0,0.903,0.135027
100.0,0.903,0.183010
100.0,0.903,-0.049193
100.0,0.903,0.164407
100.0,0.903,0.204094
100.0,0.903,0.189209
100.0,0.903,0.221817
100.0,0.903,0.214262
100.0,0.903,0.165804
100.0,0.903,0.209625
100.0,0.903,0.578141
100.0,0.903,0.428647
100.0,0.903,-0.268052
100.0,0.903,-0.059964
100.0,0.903,0.462764
100.0,0.903,0.388435
100.0,0.903,0.362358
100.0,0.903,0.149160
100.0,0.903,0.293332
100.0,0.950,0.627527
100.0,0.950,0.896194
100.0,0.950,0.768829
100.0,0.950,0.665865
100.0,0.950,0.806457
100.0,0.950,0.850314
100.0,0.950,0.732807
100.0,0.950,0.348183
100.0,0.950,0.875290
100.0,0.950,0.595253
100.0,0.950,0.813005
100.0,0.950,0.800915
100.0,0.950,0.387577
100.0,0.950,0.896420
100.0,0.950,0.896569
100.0,0.950,0.573465
100.0,0.950,0.867700
100.0,0.950,0.603669
100.0,0.950,0.670476
100.0,0.950,0.860031
100.0,0.950,0.572946
100.0,0.950,0.840363
100.0,0.950,0.601851
100.0,0.950,0.493559
100.0,0.950,0.662522
100.0,0.950,0.491015
100.0,0.950,0.728829
100.0,0.950,0.752660
100.0,0.950,0.604544
100.0,0.950,0.927491
100.0,0.950,0.698285
100.0,0.950,0.860506
100.0,0.950,0.718429
100.0,0.950,0.774329
100.0,0.950,0.604169
100.0,0.950,0.042168
100.0,0.950,0.890663
100.0,0.950,0.715200
100.0,0.950,0.699906
100.0,0.950,0.666743
100.0,0.950,0.665970
100.0,0.950,0.765725
100.0,0.950,0.861649
100.0,0.950,0.761513
100.0,0.950,0.307774
100.0,0.950,0.883669
100.0,0.950,0.880440
100.0,0.950,0.613678
100.0,0.950,0.742539
100.0,0.950,0.901799
100.0,0.950,0.868611
100.0,0.950,0.859656
100.0,0.950,0.667187
100.0,0.950,0.712866
100.0,0.950,0.930362
100.0,0.950,0.716568
100.0,0.950,0.763802
100.0,0.950,0.684871
100.0,0.950,0.936371
100.0,0.950,0.857507
100.0,0.950,0.728373
100.0,0.950,0.878107
100.0,0.950,0.842028
100.0,0.950,0.758894
100.0,0.950,0.586781
100.0,0.950,0.615657
100.0,0.950,0.542167
100.0,0.950,0.851195
100.0,0.950,0.524024
100.0,0.950,0.779777
100.0,0.950,0.748520
100.0,0.950,0.882111
100.0,0.950,0.913691
100.0,0.950,0.800728
100.0,0.950,0.643684
100.0,0.950,0.144095
100.0,0.950,0.678875
100.0,0.950,0.400671
100.0,0.950,0.795103
100.0,0.950,0.568643
100.0,0.950,0.704203
100.0,0.950,0.630884
100.0,0.950,0.660572
100.0,0.950,0.739090
100.0,0.950,0.732778
100.0,0.950,0.748031
100.0,0.950,0.834489
100.0,0.950,0.860140
100.0,0.950,0.524513
100.0,0.950,0.809361
100.0,0.950,0.820315
100.0,0.950,0.806254
100.0,0.950,0.869201
100.0,0.950,0.799148
100.0,0.950,0.814974
100.0,0.950,0.873059
100.0,0.950,0.843638
100.0,0.950,0.080095
100.0,0.950,0.651210
100.0,0.950,0.789977
100.0,0.850,0.207723
100.0,0.850,-0.135011
100.0,0.850,0.307960
100.0,0.850,0.001322
100.0,0.850,-0.146193
100.0,0.850,0.306094
100.0,0.850,-0.028503
100.0,0.850,0.122726
100.0,0.850,0.126743
100.0,0.850,0.182201
100.0,0.850,0.083565
100.0,0.850,0.143670
100.0,0.850,0.241621
100.0,0.850,-0.063376
100.0,0.850,0.274638
100.0,0.850,0.087183
100.0,0.850,0.242155
100.0,0.850,0.279970
100.0,0.850,0.169911
100.0,0.850,0.269125
100.0,0.850,0.083525
100.0,0.850,0.197232
100.0,0.850,0.283999
100.0,0.850,0.203857
100.0,0.850,0.194929
100.0,0.850,0.173504
100.0,0.850,-0.032431
100.0,0.850,0.053456
100.0,0.850,-0.277765
100.0,0.850,-0.019916
100.0,0.850,0.160854
100.0,0.850,0.027979
100.0,0.850,0.090573
100.0,0.850,-0.069434
100.0,0.850,0.223527
100.0,0.850,0.060168
100.0,0.850,0.031393
100.0,0.850,0.106105
100.0,0.850,0.173533
100.0,0.850,0.190151
100.0,0.850,-0.097336
100.0,0.850,-0.009670
100.0,0.850,-0.294561
100.0,0.850,0.177542
100.0,0.850,0.095235
100.0,0.850,-0.051409
100.0,0.850,0.237081
100.0,0.850,0.062672
100.0,0.850,0.048846
100.0,0.850,0.150147
100.0,0.850,0.213190
100.0,0.850,-0.074022
100.0,0.850,-0.136609
100.0,0.850,0.561911
100.0,0.850,0.276494
100.0,0.850,0.262495
100.0,0.850,0.056656
100.0,0.850,-0.089550
100.0,0.850,0.142592
100.0,0.850,0.347529
100.0,0.850,-0.003863
100.0,0.850,0.166369
100.0,0.850,0.089145
100.0,0.850,0.176345
100.0,0.850,-0.100282
100.0,0.850,0.108259
100.0,0.850,0.024841
100.0,0.850,0.012761
100.0,0.850,0.186639
100.0,0.850,0.042805
100.0,0.850,0.192716
100.0,0.850,0.241898
100.0,0.850,0.195983
100.0,0.850,0.062866
100.0,0.850,0.127604
100.0,0.850,0.061932
100.0,0.850,-0.225853
100.0,0.850,0.260262
100.0,0.850,0.167460
100.0,0.850,0.072485
100.0,0.850,0.155664
100.0,0.850,0.080080
100.0,0.850,0.097365
100.0,0.850,0.008692
100.0,0.850,-0.152175
100.0,0.850,-0.073959
100.0,0.850,-0.057486
100.0,0.850,0.040382
100.0,0.850,0.156151
100.0,0.850,0.321060
100.0,0.850,-0.002094
100.0,0.850,0.179068
100.0,0.850,0.103216
100.0,0.850,0.295905
100.0,0.850,-0.215027
100.0,0.850,-0.173601
100.0,0.850,-0.155310
100.0,0.850,0.285787
100.0,0.850,0.211006
100.0,0.850,0.201823
100.0,0.903,0.634350
100.0,0.903,0.643185
100.0,0.903,0.439521
100.0,0.903,0.327466
100.0,0.903,0.582553
100.0,0.903,0.357784
100.0,0.903,0.723638
100.0,0.903,0.548188
100.0,0.903,0.178002
100.0,0.903,0.255997
100.0,0.903,0.148583
100.0,0.903,0.507005
100.0,0.903,0.769072
100.0,0.903,0.357791
100.0,0.903,0.372386
100.0,0.903,0.286216
100.0,0.903,0.518446
100.0,0.903,0.532088
100.0,0.903,0.564809
100.0,0.903,0.601970
100.0,0.903,0.208881
100.0,0.903,0.708176
100.0,0.903,0.634775
100.0,0.903,0.422211
100.0,0.903,0.369904
100.0,0.903,0.414833
100.0,0.903,0.142964
100.0,0.903,0.590753
100.0,0.903,0.500798
100.0,0.903,0.718779
100.0,0.903,0.412081
100.0,0.903,0.261419
100.0,0.903,0.713251
100.0,0.903,0.620279
100.0,0.903,0.738879
100.0,0.903,0.556277
100.0,0.903,0.357079
100.0,0.903,0.359730
100.0,0.903,0.375682
100.0,0.903,0.192493
100.0,0.903,0.610487
100.0,0.903,0.278586
100.0,0.903,0.590801
100.0,0.903,0.487251
100.0,0.903,0.509940
100.0,0.903,0.173566
100.0,0.903,0.403564
100.0,0.903,0.751936
100.0,0.903,0.556229
100.0,0.903,0.116154
100.0,0.903,0.614689
100.0,0.903,0.254696
100.0,0.903,0.530017
100.0,0.903,0.660191
100.0,0.903,-0.006252
100.0,0.903,0.618702
100.0,0.903,0.376826
100.0,0.903,0.583922
100.0,0.903,0.662233
100.0,0.903,0.360139
100.0,0.903,0.715650
100.0,0.903,0.638834
100.0,0.903,0.505384
100.0,0.903,0.433505
100.0,0.903,0.506183
100.0,0.903,0.541749
100.0,0.903,0.737951
100.0,0.903,0.223910
100.0,0.903,0.528339
100.0,0.903,0.717587
100.0,0.903,0.508349
100.0,0.903,0.406984
100.0,0.903,0.207381
100.0,0.903,0.285166
100.0,0.903,0.605804
100.0,0.903,0.458519
100.0,0.903,0.180708
100.0,0.903,0.598066
100.0,0.903,0.615048
100.0,0.903,0.807784
100.0,0.903,0.238136
100.0,0.903,0.570810
100.0,0.903,0.805558
100.0,0.903,0.409371
100.0,0.903,0.534716
100.0,0.903,0.380614
100.0,0.903,0.521347
100.0,0.903,0.270667
100.0,0.903,0.653154
100.0,0.903,0.530345
100.0,0.903,0.605322
100.0,0.903,0.248814
100.0,0.903,0.743362
100.0,0.903,0.453555
100.0,0.903,0.655068
100.0,0.903,0.631804
100.0,0.903,0.479793
100.0,0.903,0.615599
100.0,0.903,0.074840
100.0,0.903,0.370727
100.0,0.950,0.782631
100.0,0.950,0.801911
100.0,0.950,0.732304
100.0,0.950,0.698917
100.0,0.950,0.868148
100.0,0.950,0.553017
100.0,0.950,0.831945
100.0,0.950,0.841710
100.0,0.950,0.898978
100.0,0.950,0.906776
100.0,0.950,0.913864
100.0,0.950,0.787760
100.0,0.950,0.623615
100.0,0.950,0.774077
100.0,0.950,0.813805
100.0,0.950,0.854216
100.0,0.950,0.912791
100.0,0.950,0.834512
100.0,0.950,0.677886
100.0,0.950,0.744303
100.0,0.950,0.758555
100.0,0.950,0.850710
100.0,0.950,0.910220
100.0,0.950,0.692310
100.0,0.950,0.907579
100.0,0.950,0.778628
100.0,0.950,0.821390
100.0,0.950,0.825947
100.0,0.950,0.721557
100.0,0.950,0.616801
100.0,0.950,0.767001
100.0,0.950,0.740429
100.0,0.950,0.837947
100.0,0.950,0.699163
100.0,0.950,0.543891
100.0,0.950,0.877045
100.0,0.950,0.843026
100.0,0.950,0.625877
100.0,0.950,0.641345
100.0,0.950,0.726935
100.0,0.950,0.819385
100.0,0.950,0.777712
100.0,0.950,0.570837
100.0,0.950,0.416193
100.0,0.950,0.776652
100.0,0.950,0.865625
100.0,0.950,0.566164
100.0,0.950,0.734239
100.0,0.950,0.790659
100.0,0.950,0.914326
100.0,0.950,0.812764
100.0,0.950,0.747495
100.0,0.950,0.866023
100.0,0.950,0.713607
100.0,0.950,0.873625
100.0,0.950,0.678953
100.0,0.950,0.857470
100.0,0.950,0.893820
100.0,0.950,0.733511
100.0,0.950,0.573128
100.0,0.950,0.893875
100.0,0.950,0.681144
100.0,0.950,0.665568
100.0,0.950,0.816206
100.0,0.950,0.689551
100.0,0.950,0.672799
100.0,0.950,0.876197
100.0,0.950,0.405926
100.0,0.950,0.896023
100.0,0.950,0.635127
100.0,0.950,0.663511
100.0,0.950,0.813906
100.0,0.950,0.798716
100.0,0.950,0.834281
100.0,0.950,0.749520
100.0,0.950,0.818073
100.0,0.950,0.793493
100.0,0.950,0.827469
100.0,0.950,0.666105
100.0,0.950,0.853305
100.0,0.950,0.909962
100.0,0.950,0.590313
100.0,0.950,0.815234
100.0,0.950,0.879631
100.0,0.950,0.739210
100.0,0.950,0.636007
100.0,0.950,0.911426
100.0,0.950,0.806710
100.0,0.950,0.777064
100.0,0.950,0.593184
100.0,0.950,0.579619
100.0,0.950,0.744888
100.0,0.950,0.793895
100.0,0.950,0.690798
100.0,0.950,0.649094
100.0,0.950,0.595200
100.0,0.950,0.810427
100.0,0.950,0.783989
100.0,0.950,0.845762
100.0,0.950,0.741580
100.0,0.850,0.258160
100.0,0.850,0.276603
100.0,0.850,0.258712
100.0,0.850,0.203799
100.0,0.850,0.112028
100.0,0.850,0.041128
100.0,0.850,0.219592
100.0,0.850,0.175512
100.0,0.850,0.054498
100.0,0.850,-0.112583
100.0,0.850,0.028547
100.0,0.850,0.080537
100.0,0.850,0.197889
100.0,0.850,-0.071446
100.0,0.850,0.253987
100.0,0.850,0.220114
100.0,0.850,-0.055825
100.0,0.850,0.055043
100.0,0.850,0.152527
100.0,0.850,-0.113544
100.0,0.850,0.000899
100.0,0.850,0.408035
100.0,0.850,-0.330056
100.0,0.850,0.206345
100.0,0.850,-0.001303
100.0,0.850,-0.081532
100.0,0.850,0.252075
100.0,0.850,0.134326
100.0,0.850,0.237583
100.0,0.850,0.005258
100.0,0.850,0.412028
100.0,0.850,0.282939
100.0,0.850,0.070505
100.0,0.850,0.058575
100.0,0.850,-0.036169
100.0,0.850,0.044644
100.0,0.850,0.306468
100.0,0.850,0.261748
100.0,0.850,0.023251
100.0,0.850,-0.008340
100.0,0.850,-0.139379
100.0,0.850,0.160129
100.0,0.850,0.200458
100.0,0.850,0.056678
100.0,0.850,0.031272
100.0,0.850,0.105868
100.0,0.850,0.176774
100.0,0.850,-0.032459
100.0,0.850,0.326496
100.0,0.850,0.151341
100.0,0.850,0.142827
100.0,0.850,0.193867
100.0,0.850,0.067427
100.0,0.850,0.301524
100.0,0.850,0.151694
100.0,0.850,0.389324
100.0,0.850,0.106962
100.0,0.850,0.076666
100.0,0.850,0.088019
100.0,0.850,0.229857
100.0,0.850,-0.047789
100.0,0.850,-0.096562
100.0,0.850,0.019378
100.0,0.850,-0.126808
100.0,0.850,0.131874
100.0,0.850,0.103098
100.0,0.850,0.013523
100.0,0.850,0.271396
100.0,0.850,-0.177861
100.0,0.850,-0.053875
100.0,0.850,0.149473
100.0,0.850,0.029732
100.0,0.850,-0.114047
100.0,0.850,0.292795
100.0,0.850,0.291520
100.0,0.850,0.086528
100.0,0.850,0.317039
100.0,0.850,0.216247
100.0,0.850,0.409239
100.0,0.850,-0.165124
100.0,0.850,0.224780
100.0,0.850,0.281648
100.0,0.850,0.254868
100.0,0.850,0.304537
100.0,0.850,-0.065811
100.0,0.850,0.230543
100.0,0.850,0.188096
100.0,0.850,0.217522
100.0,0.850,0.262924
100.0,0.850,0.294960
100.0,0.850,0.172635
100.0,0.850,0.000507
100.0,0.850,0.147150
100.0,0.850,0.399352
100.0,0.850,0.322007
100.0,0.850,0.115445
100.0,0.850,-0.243599
100.0,0.850,-0.046755
100.0,0.850,-0.119668
100.0,0.850,0.050216
100.0,0.903,0.361311
100.0,0.903,0.032404
100.0,0.903,0.541064
100.0,0.903,0.536697
100.0,0.903,0.140690
100.0,0.903,0.602456
100.0,0.903,0.095524
100.0,0.903,0.471686
100.0,0.903,0.264634
100.0,0.903,0.142735
100.0,0.903,-0.584899
100.0,0.903,0.359657
100.0,0.903,0.590478
100.0,0.903,0.068976
100.0,0.903,0.530479
100.0,0.903,0.260510
100.0,0.903,0.701822
100.0,0.903,0.395612
100.0,0.903,0.489897
100.0,0.903,-0.102701
100.0,0.903,0.384613
100.0,0.903,0.452862
100.0,0.903,0.287078
100.0,0.903,0.493344
100.0,0.903,0.493195
100.0,0.903,0.561505
100.0,0.903,0.392859
100.0,0.903,0.292428
100.0,0.903,0.286460
100.0,0.903,0.596239
100.0,0.903,0.224124
100.0,0.903,-0.083327
100.0,0.903,0.379648
100.0,0.903,0.247191
100.0,0.903,0.275835
100.0,0.903,0.234801
100.0,0.903,0.518382
100.0,0.903,0.139637
100.0,0.903,0.391032
100.0,0.903,0.413362
100.0,0.903,0.237059
100.0,0.903,0.418676
100.0,0.903,0.508369
100.0,0.903,0.387395
100.0,0.903,0.657730
100.0,0.903,0.474197
100.0,0.903,0.591783
100.0,0.903,0.177158
100.0,0.903,0.668326
100.0,0.903,0.274759
100.0,0.903,0.556796
100.0,0.903,0.259720
100.0,0.903,0.231035
100.0,0.903,0.358994
100.0,0.903,0.367646
100.0,0.903,0.507673
100.0,0.903,0.298159
100.0,0.903,0.592296
100.0,0.903,0.333178
100.0,0.903,0.505310
100.0,0.903,0.495652
100.0,0.903,0.453699
100.0,0.903,0.185276
100.0,0.903,0.525360
100.0,0.903,0.139810
100.0,0.903,0.507950
100.0,0.903,0.290143
100.0,0.903,0.403985
100.0,0.903,0.190477
100.0,0.903,0.155811
100.0,0.903,0.255770
100.0,0.903,0.075328
100.0,0.903,0.339622
100.0,0.903,0.452133
100.0,0.903,0.395832
100.0,0.903,0.386260
100.0,0.903,0.472091
100.0,0.903,0.496066
100.0,0.903,0.266609
100.0,0.903,0.384254
100.0,0.903,0.295223
100.0,0.903,0.153637
100.0,0.903,0.246957
100.0,0.903,0.255034
100.0,0.903,0.509951
100.0,0.903,0.471525
100.0,0.903,0.184883
100.0,0.903,0.371903
100.0,0.903,0.495812
100.0,0.903,0.172712
100.0,0.903,0.226842
100.0,0.903,0.289992
100.0,0.903,0.447611
100.0,0.903,0.476286
100.0,0.903,0.043949
100.0,0.903,0.162844
100.0,0.903,0.685922
100.0,0.903,0.394159
100.0,0.903,0.441578
100.0,0.903,0.337337
100.0,0.950,0.897262
100.0,0.950,0.913200
100.0,0.950,0.831465
100.0,0.950,0.826250
100.0,0.950,0.829686
100.0,0.950,0.803894
100.0,0.950,0.882981
100.0,0.950,0.879856
100.0,0.950,0.827116
100.0,0.950,0.871231
100.0,0.950,0.817796
100.0,0.950,0.509423
100.0,0.950,0.785504
100.0,0.950,0.877882
100.0,0.950,0.901683
100.0,0.950,0.259344
100.0,0.950,0.873468
100.0,0.950,0.873663
100.0,0.950,0.751850
100.0,0.950,0.851564
100.0,0.950,0.871549
100.0,0.950,0.880160
100.0,0.950,0.531251
100.0,0.950,0.894044
100.0,0.950,0.761559
100.0,0.950,0.867334
100.0,0.950,0.943191
100.0,0.950,0.801344
100.0,0.950,0.852522
100.0,0.950,0.840753
100.0,0.950,0.807453
100.0,0.950,0.840472
100.0,0.950,0.788545
100.0,0.950,0.856170
100.0,0.950,0.895521
100.0,0.950,0.308172
100.0,0.950,0.867177
100.0,0.950,0.706215
100.0,0.950,0.847817
100.0,0.950,0.735410
100.0,0.950,0.289153
100.0,0.950,0.868371
100.0,0.950,0.791439
100.0,0.950,0.830090
100.0,0.950,0.899953
100.0,0.950,0.810288
100.0,0.950,0.635361
100.0,0.950,0.801055
100.0,0.950,0.800488
100.0,0.950,0.822845
100.0,0.950,0.863071
100.0,0.950,0.898391
100.0,0.950,0.891694
100.0,0.950,0.628504
100.0,0.950,0.790557
100.0,0.950,0.865263
100.0,0.950,0.803775
100.0,0.950,0.829723
100.0,0.950,0.792823
100.0,0.950,0.509010
100.0,0.950,0.900866
100.0,0.950,0.833187
100.0,0.950,0.704237
100.0,0.950,0.785215
100.0,0.950,0.843113
100.0,0.950,0.817647
100.0,0.950,0.747167
100.0,0.950,0.927392
100.0,0.950,0.930393
100.0,0.950,0.853288
100.0,0.950,0.871481
100.0,0.950,0.894153
100.0,0.950,0.850082
100.0,0.950,0.863989
100.0,0.950,0.890617
100.0,0.950,0.879442
100.0,0.950,0.812368
100.0,0.950,0.609504
100.0,0.950,0.610110
100.0,0.950,0.762639
100.0,0.950,0.716087
100.0,0.950,0.669740
100.0,0.950,0.805807
100.0,0.950,0.651924
100.0,0.950,0.788130
100.0,0.950,0.880615
100.0,0.950,0.885499
100.0,0.950,0.742942
100.0,0.950,0.929752
100.0,0.950,0.626411
100.0,0.950,0.561542
100.0,0.950,0.873529
100.0,0.950,0.825457
100.0,0.950,0.659750
100.0,0.950,0.852403
100.0,0.950,0.746991
100.0,0.950,0.689674
100.0,0.950,0.877378
100.0,0.950,0.681450
100.0,0.950,0.799430
100.0,0.850,0.098909
100.0,0.850,-0.250215
100.0,0.850,-0.084974
100.0,0.850,0.053450
100.0,0.850,0.074806
100.0,0.850,0.163393
100.0,0.850,-0.059999
100.0,0.850,0.229659
100.0,0.850,0.039984
100.0,0.850,-0.076380
100.0,0.850,0.123140
100.0,0.850,0.299057
100.0,0.850,0.005270
100.0,0.850,0.027341
100.0,0.850,0.032905
100.0,0.850,0.050407
100.0,0.850,0.138020
100.0,0.850,-0.109732
100.0,0.850,0.109490
100.0,0.850,0.122370
100.0,0.850,-0.153324
100.0,0.850,-0.113628
100.0,0.850,0.104002
100.0,0.850,0.017348
100.0,0.850,-0.137792
100.0,0.850,0.142422
100.0,0.850,-0.242286
100.0,0.850,-0.041066
100.0,0.850,0.180297
100.0,0.850,0.056046
100.0,0.850,0.089419
100.0,0.850,0.132049
100.0,0.850,-0.185777
100.0,0.850,0.119147
100.0,0.850,0.033244
100.0,0.850,0.131815
100.0,0.850,-0.026798
100.0,0.850,0.061291
100.0,0.850,-0.189674
100.0,0.850,-0.227058
100.0,0.850,0.139891
100.0,0.850,-0.004104
100.0,0.850,0.088169
100.0,0.850,-0.196251
100.0,0.850,0.187979
100.0,0.850,0.127685
100.0,0.850,-0.208355
100.0,0.850,-0.157707
100.0,0.850,0.240342
100.0,0.850,-0.184785
100.0,0.850,-0.018374
100.0,0.850,0.314672
100.0,0.850,-0.034143
100.0,0.850,0.002427
100.0,0.850,0.044022
100.0,0.850,0.382495
100.0,0.850,-0.093704
100.0,0.850,0.156184
100.0,0.850,0.390104
100.0,0.850,0.336652
100.0,0.850,0.353795
100.0,0.850,-0.092201
100.0,0.850,0.076064
100.0,0.850,0.024420
100.0,0.850,0.058497
100.0,0.850,0.162081
100.0,0.850,-0.266081
100.0,0.850,0.243623
100.0,0.850,0.066067
100.0,0.850,-0.048402
100.0,0.850,0.089454
100.0,0.850,0.044122
100.0,0.850,0.038416
100.0,0.850,0.281886
100.0,0.850,0.233400
100.0,0.850,0.029739
100.0,0.850,0.206380
100.0,0.850,0.043851
100.0,0.850,0.197165
100.0,0.850,0.153648
100.0,0.850,-0.223410
100.0,0.850,0.137359
100.0,0.850,0.154073
100.0,0.850,0.103629
100.0,0.850,0.187761
100.0,0.850,0.282734
100.0,0.850,-0.109963
100.0,0.850,0.365083
100.0,0.850,0.082190
100.0,0.850,0.066523
100.0,0.850,-0.264510
100.0,0.850,-0.267910
100.0,0.850,0.189303
100.0,0.850,-0.062312
100.0,0.850,0.176899
100.0,0.850,0.016965
100.0,0.850,0.084302
100.0,0.850,0.064588
100.0,0.850,0.012464
100.0,0.850,-0.067152
100.0,0.903,0.046555
100.0,0.903,-0.349974
100.0,0.903,0.272895
100.0,0.903,0.014623
100.0,0.903,-0.097875
100.0,0.903,0.331482
100.0,0.903,0.351420
100.0,0.903,0.212487
100.0,0.903,0.363405
100.0,0.903,0.076381
100.0,0.903,-0.117708
100.0,0.903,0.142309
100.0,0.903,0.444795
100.0,0.903,-0.142390
100.0,0.903,0.173803
100.0,0.903,0.059286
100.0,0.903,-0.172798
100.0,0.903,0.421400
100.0,0.903,0.185653
100.0,0.903,-0.012968
100.0,0.903,0.141162
100.0,0.903,0.332786
100.0,0.903,0.104641
100.0,0.903,0.354058
100.0,0.903,0.223154
100.0,0.903,0.393809
100.0,0.903,0.076370
100.0,0.903,0.289602
100.0,0.903,0.148295
100.0,0.903,0.252578
100.0,0.903,0.476226
100.0,0.903,0.270693
100.0,0.903,0.397993
100.0,0.903,0.320775
100.0,0.903,0.467944
100.0,0.903,0.443088
100.0,0.903,0.328127
100.0,0.903,0.136653
100.0,0.903,0.573413
100.0,0.903,0.163122
100.0,0.903,0.393410
100.0,0.903,0.164798
100.0,0.903,0.442861
100.0,0.903,0.456365
100.0,0.903,0.471055
100.0,0.903,0.112512
100.0,0.903,0.196344
100.0,0.903,0.103130
100.0,0.903,0.225177
100.0,0.903,0.451027
100.0,0.903,-0.006690
100.0,0.903,0.376625
100.0,0.903,0.309985
100.0,0.903,0.262141
100.0,0.903,0.269831
100.0,0.903,0.065341
100.0,0.903,0.545518
100.0,0.903,0.438125
100.0,0.903,0.096317
100.0,0.903,0.451311
100.0,0.903,0.491483
100.0,0.903,0.219620
100.0,0.903,0.512598
100.0,0.903,0.438073
100.0,0.903,0.055791
100.0,0.903,0.492282
100.0,0.903,0.582409
100.0,0.903,-0.045182
100.0,0.903,0.210203
100.0,0.903,0.337764
100.0,0.903,0.426384
100.0,0.903,0.124827
100.0,0.903,0.289188
100.0,0.903,0.408773
100.0,0.903,0.316316
100.0,0.903,-0.200572
100.0,0.903,0.452868
100.0,0.903,0.551486
100.0,0.903,0.185400
100.0,0.903,0.331853
100.0,0.903,-0.026703
100.0,0.903,0.395669
100.0,0.903,0.330701
100.0,0.903,0.174270
100.0,0.903,0.190570
100.0,0.903,0.106524
100.0,0.903,-0.183153
100.0,0.903,0.113221
100.0,0.903,0.082212
100.0,0.903,0.203466
100.0,0.903,0.489616
100.0,0.903,-0.118969
100.0,0.903,0.371515
100.0,0.903,0.258414
100.0,0.903,0.476032
100.0,0.903,0.149692
100.0,0.903,0.077072
100.0,0.903,0.170594
100.0,0.903,-0.246078
100.0,0.903,0.506187
100.0,0.950,0.740834
100.0,0.950,0.587508
100.0,0.950,0.815691
100.0,0.950,0.784629
100.0,0.950,0.741044
100.0,0.950,0.805295
100.0,0.950,0.357595
100.0,0.950,0.908321
100.0,0.950,0.653305
100.0,0.950,0.772450
100.0,0.950,0.656307
100.0,0.950,0.887039
100.0,0.950,0.882840
100.0,0.950,0.898238
100.0,0.950,0.908556
100.0,0.950,0.852670
100.0,0.950,0.771068
100.0,0.950,0.788126
100.0,0.950,-0.206737
100.0,0.950,0.783652
100.0,0.950,0.890942
100.0,0.950,0.887759
100.0,0.950,0.681606
100.0,0.950,0.890118
100.0,0.950,0.799286
100.0,0.950,0.803947
100.0,0.950,0.784550
100.0,0.950,0.837233
100.0,0.950,0.684238
100.0,0.950,0.872600
100.0,0.950,0.523610
100.0,0.950,0.873465
100.0,0.950,0.921832
100.0,0.950,0.578496
100.0,0.950,0.782264
100.0,0.950,0.822008
100.0,0.950,0.728046
100.0,0.950,0.719331
100.0,0.950,0.713736
100.0,0.950,0.557973
100.0,0.950,0.938666
100.0,0.950,0.633374
100.0,0.950,0.495218
100.0,0.950,0.660064
100.0,0.950,0.889252
100.0,0.950,0.907959
100.0,0.950,0.838147
100.0,0.950,0.931324
100.0,0.950,0.480844
100.0,0.950,0.891737
100.0,0.950,0.618808
100.0,0.950,0.325494
100.0,0.950,0.842683
100.0,0.950,0.597619
100.0,0.950,0.799001
100.0,0.950,0.542324
100.0,0.950,0.501460
100.0,0.950,0.782599
100.0,0.950,0.423046
100.0,0.950,0.743737
100.0,0.950,0.739355
100.0,0.950,0.655191
100.0,0.950,0.671100
100.0,0.950,0.741379
100.0,0.950,0.763598
100.0,0.950,0.560232
100.0,0.950,0.838577
100.0,0.950,0.686446
100.0,0.950,0.680436
100.0,0.950,0.742883
100.0,0.950,0.647160
100.0,0.950,0.785326
100.0,0.950,0.925452
100.0,0.950,0.902014
100.0,0.950,0.867013
100.0,0.950,0.706128
100.0,0.950,0.731614
100.0,0.950,0.409158
100.0,0.950,0.672944
100.0,0.950,0.704122
100.0,0.950,0.928168
100.0,0.950,0.849167
100.0,0.950,0.887668
100.0,0.950,0.897809
100.0,0.950,0.833576
100.0,0.950,0.729799
100.0,0.950,0.909413
100.0,0.950,0.710116
100.0,0.950,0.881184
100.0,0.950,0.931930
100.0,0.950,0.841855
100.0,0.950,0.843781
100.0,0.950,0.420345
100.0,0.950,0.291542
100.0,0.950,0.842121
100.0,0.950,0.904419
100.0,0.950,0.826788
100.0,0.950,0.909404
100.0,0.950,0.894901
100.0,0.950,0.805250
100.0,0.850,-0.161240
100.0,0.850,0.071366
100.0,0.850,0.083452
100.0,0.850,0.135799
100.0,0.850,0.034257
100.0,0.850,-0.064645
100.0,0.850,-0.092187
100.0,0.850,-0.363596
100.0,0.850,-0.052081
100.0,0.850,0.178963
100.0,0.850,-0.141584
100.0,0.850,-0.001569
100.0,0.850,-0.001444
100.0,0.850,0.207976
100.0,0.850,-0.189125
100.0,0.850,-0.078268
100.0,0.850,-0.441415
100.0,0.850,-0.016887
100.0,0.850,-0.047227
100.0,0.850,-0.056506
100.0,0.850,-0.059266
100.0,0.850,0.217291
100.0,0.850,0.193697
100.0,0.850,-0.346790
100.0,0.850,0.130016
100.0,0.850,-0.171423
100.0,0.850,-0.177524
100.0,0.850,0.221023
100.0,0.850,0.315819
100.0,0.850,-0.236134
100.0,0.850,0.008980
100.0,0.850,-0.241756
100.0,0.850,0.279406
100.0,0.850,0.009923
100.0,0.850,-0.388864
100.0,0.850,-0.258612
100.0,0.850,-0.035483
100.0,0.850,-0.321446
100.0,0.850,-0.174826
100.0,0.850,-0.065840
100.0,0.850,0.095191
100.0,0.850,0.342719
100.0,0.850,0.323969
100.0,0.850,-0.131566
100.0,0.850,-0.155130
100.0,0.850,0.251273
100.0,0.850,0.009796
100.0,0.850,-0.185067
100.0,0.850,-0.045095
100.0,0.850,0.037529
100.0,0.850,-0.107143
100.0,0.850,-0.044417
100.0,0.850,0.192993
100.0,0.850,-0.009122
100.0,0.850,0.098301
100.0,0.850,-0.062717
100.0,0.850,-0.080980
100.0,0.850,0.112569
100.0,0.850,0.044661
100.0,0.850,0.075610
100.0,0.850,-0.326379
100.0,0.850,-0.109975
100.0,0.850,-0.297259
100.0,0.850,-0.339578
100.0,0.850,0.037679
100.0,0.850,-0.020282
100.0,0.850,0.020325
100.0,0.850,-0.111025
100.0,0.850,-0.145034
100.0,0.850,-0.324148
100.0,0.850,0.118506
100.0,0.850,-0.026772
100.0,0.850,0.185875
100.0,0.850,-0.178226
100.0,0.850,0.012824
100.0,0.850,-0.268695
100.0,0.850,-0.234792
100.0,0.850,-0.060712
100.0,0.850,-0.019289
100.0,0.850,-0.070591
100.0,0.850,-0.190078
100.0,0.850,0.118412
100.0,0.850,-0.140411
100.0,0.850,-0.243340
100.0,0.850,-0.108350
100.0,0.850,-0.111897
100.0,0.850,-0.175802
100.0,0.850,-0.132321
100.0,0.850,-0.221114
100.0,0.850,0.116144
100.0,0.850,-0.039950
100.0,0.850,0.231513
100.0,0.850,0.048171
100.0,0.850,-0.137984
100.0,0.850,-0.083359
100.0,0.850,-0.092265
100.0,0.850,0.008971
100.0,0.850,0.178286
100.0,0.850,-0.024826
100.0,0.850,-0.089163
100.0,0.903,0.126838
100.0,0.903,-0.134797
100.0,0.903,-0.005082
100.0,0.903,-0.008633
100.0,0.903,-0.113467
100.0,0.903,0.177651
100.0,0.903,-0.167721
100.0,0.903,-0.178178
100.0,0.903,0.137040
100.0,0.903,-0.195694
100.0,0.903,-0.129526
100.0,0.903,-0.416548
100.0,0.903,-0.191796
100.0,0.903,-0.146797
100.0,0.903,-0.265026
100.0,0.903,-0.043462
100.0,0.903,-0.349164
100.0,0.903,0.036840
100.0,0.903,-0.135141
100.0,0.903,-0.111961
100.0,0.903,-0.123475
100.0,0.903,-0.087034
100.0,0.903,-0.080395
100.0,0.903,0.028155
100.0,0.903,-0.377222
100.0,0.903,-0.302965
100.0,0.903,-0.147217
100.0,0.903,-0.017883
100.0,0.903,-0.187553
100.0,0.903,0.320125
100.0,0.903,-0.041612
100.0,0.903,-0.593824
100.0,0.903,0.143839
100.0,0.903,-0.259908
100.0,0.903,-0.409362
100.0,0.903,-0.191925
100.0,0.903,-0.018252
100.0,0.903,-0.211818
100.0,0.903,0.264711
100.0,0.903,-0.168839
100.0,0.903,-0.218754
100.0,0.903,-0.461698
100.0,0.903,0.216924
100.0,0.903,-0.126233
100.0,0.903,0.085792
100.0,0.903,0.126406
100.0,0.903,0.011425
100.0,0.903,0.261626
100.0,0.903,0.313024
100.0,0.903,-0.166444
100.0,0.903,-0.534936
100.0,0.903,0.020562
100.0,0.903,0.203146
100.0,0.903,-0.000117
100.0,0.903,0.076608
100.0,0.903,-0.172924
100.0,0.903,-0.145183
100.0,0.903,-0.027157
100.0,0.903,0.247103
100.0,0.903,-0.327051
100.0,0.903,-0.290544
100.0,0.903,0.075862
100.0,0.903,-0.110587
100.0,0.903,-0.188206
100.0,0.903,-0.153075
100.0,0.903,-0.462337
100.0,0.903,0.310015
100.0,0.903,-0.236677
100.0,0.903,-0.336028
100.0,0.903,-0.214054
100.0,0.903,-0.162148
100.0,0.903,-0.112790
100.0,0.903,-0.358800
100.0,0.903,-0.093074
100.0,0.903,0.060612
100.0,0.903,-0.162978
100.0,0.903,-0.039110
100.0,0.903,-0.134904
100.0,0.903,-0.196695
100.0,0.903,0.249974
100.0,0.903,0.069555
100.0,0.903,-0.319370
100.0,0.903,-0.042171
100.0,0.903,-0.004532
100.0,0.903,-0.155112
100.0,0.903,-0.179708
100.0,0.903,-0.070856
100.0,0.903,0.142712
100.0,0.903,-0.225778
100.0,0.903,-0.104665
100.0,0.903,-0.406854
100.0,0.903,0.324278
100.0,0.903,-0.236610
100.0,0.903,0.089472
100.0,0.903,0.108862
100.0,0.903,-0.303774
100.0,0.903,-0.192395
100.0,0.903,-0.238724
100.0,0.903,-0.134111
100.0,0.903,-0.196401
100.0,0.950,-0.720823
100.0,0.950,-0.821803
100.0,0.950,-0.617765
100.0,0.950,0.044674
100.0,0.950,-0.476718
100.0,0.950,-0.158053
100.0,0.950,-0.803599
100.0,0.950,-0.232353
100.0,0.950,-0.725169
100.0,0.950,-0.465745
100.0,0.950,-0.890759
100.0,0.950,-0.733207
100.0,0.950,-0.562623
100.0,0.950,0.000546
100.0,0.950,-0.645155
100.0,0.950,-0.706261
100.0,0.950,-0.677254
100.0,0.950,-0.410402
100.0,0.950,-0.542806
100.0,0.950,-0.790314
100.0,0.950,-0.406559
100.0,0.950,-0.905497
100.0,0.950,-0.152721
100.0,0.950,-0.913480
100.0,0.950,-0.812916
100.0,0.950,-0.709933
100.0,0.950,-0.597929
100.0,0.950,-0.683444
100.0,0.950,-0.096200
100.0,0.950,-0.625072
100.0,0.950,-0.925859
100.0,0.950,-0.844038
100.0,0.950,-0.704467
100.0,0.950,-0.634411
100.0,0.950,-0.932844
100.0,0.950,-0.797635
100.0,0.950,-0.725013
100.0,0.950,-0.656435
100.0,0.950,-0.574514
100.0,0.950,-0.889825
100.0,0.950,-0.310981
100.0,0.950,-0.785387
100.0,0.950,-0.418446
100.0,0.950,-0.855648
100.0,0.950,-0.634237
100.0,0.950,-0.842383
100.0,0.950,-0.279882
100.0,0.950,-0.862054
100.0,0.950,-0.400265
100.0,0.950,-0.506063
100.0,0.950,-0.861064
100.0,0.950,-0.924604
100.0,0.950,-0.767959
100.0,0.950,-0.734808
100.0,0.950,-0.780005
100.0,0.950,-0.518661
100.0,0.950,-0.778210
100.0,0.950,-0.866209
100.0,0.950,-0.285095
100.0,0.950,-0.597756
100.0,0.950,-0.897695
100.0,0.950,-0.863406
100.0,0.950,-0.325221
100.0,0.950,-0.894794
100.0,0.950,-0.534207
100.0,0.950,-0.854719
100.0,0.950,-0.633305
100.0,0.950,-0.343401
100.0,0.950,-0.896170
100.0,0.950,-0.693223
100.0,0.950,-0.413336
100.0,0.950,-0.602319
100.0,0.950,-0.665693
100.0,0.950,-0.810426
100.0,0.950,-0.589284
100.0,0.950,-0.840988
100.0,0.950,-0.793254
100.0,0.950,-0.870012
100.0,0.950,-0.246532
100.0,0.950,-0.271541
100.0,0.950,-0.901134
100.0,0.950,-0.543917
100.0,0.950,-0.720681
100.0,0.950,-0.795324
100.0,0.950,-0.732695
100.0,0.950,-0.893799
100.0,0.950,-0.598735
100.0,0.950,-0.247676
100.0,0.950,-0.079304
100.0,0.950,-0.651263
100.0,0.950,-0.816624
100.0,0.950,-0.814005
100.0,0.950,-0.488343
100.0,0.950,-0.699573
100.0,0.950,-0.525593
100.0,0.950,-0.849009
100.0,0.950,-0.831924
100.0,0.950,-0.814208
100.0,0.950,-0.668583
100.0,0.950,-0.695144
100.0,0.850,0.196317
100.0,0.850,0.163300
100.0,0.850,0.104523
100.0,0.850,0.299059
100.0,0.850,-0.018629
100.0,0.850,-0.188275
100.0,0.850,0.096095
100.0,0.850,0.300112
100.0,0.850,-0.007937
100.0,0.850,-0.060297
100.0,0.850,0.099590
100.0,0.850,-0.158139
100.0,0.850,0.051830
100.0,0.850,0.251216
100.0,0.850,0.148154
100.0,0.850,-0.100816
100.0,0.850,0.143331
100.0,0.850,0.064705
100.0,0.850,0.137612
100.0,0.850,0.043352
100.0,0.850,0.052603
100.0,0.850,0.265693
100.0,0.850,-0.091040
100.0,0.850,0.025255
100.0,0.850,0.188997
100.0,0.850,0.010456
100.0,0.850,0.133949
100.0,0.850,-0.132280
100.0,0.850,0.254968
100.0,0.850,0.042260
100.0,0.850,0.204632
100.0,0.850,0.244493
100.0,0.850,0.047543
100.0,0.850,0.035529
100.0,0.850,0.497219
100.0,0.850,0.182357
100.0,0.850,0.095191
100.0,0.850,0.002641
100.0,0.850,-0.018113
100.0,0.850,0.333186
100.0,0.850,0.183003
100.0,0.850,0.004224
100.0,0.850,0.036243
100.0,0.850,0.071565
100.0,0.850,0.272817
100.0,0.850,0.025142
100.0,0.850,0.058198
100.0,0.850,0.030206
100.0,0.850,0.263172
100.0,0.850,0.261917
100.0,0.850,0.324313
100.0,0.850,0.126439
100.0,0.850,0.408222
100.0,0.850,0.177962
100.0,0.850,0.025098
100.0,0.850,0.228660
100.0,0.850,0.110479
100.0,0.850,0.039963
100.0,0.850,0.103619
100.0,0.850,0.220385
100.0,0.850,0.035585
100.0,0.850,0.019829
100.0,0.850,0.075728
100.0,0.850,0.029779
100.0,0.850,0.039283
100.0,0.850,0.367808
100.0,0.850,0.075591
100.0,0.850,0.177840
100.0,0.850,0.135316
100.0,0.850,-0.238729
100.0,0.850,-0.153843
100.0,0.850,0.335763
100.0,0.850,0.118469
100.0,0.850,0.037077
100.0,0.850,0.151930
100.0,0.850,0.058948
100.0,0.850,0.102366
100.0,0.850,0.288004
100.0,0.850,0.137005
100.0,0.850,0.217021
100.0,0.850,0.344995
100.0,0.850,-0.196604
100.0,0.850,0.132806
100.0,0.850,0.063843
100.0,0.850,-0.007434
100.0,0.850,0.354063
100.0,0.850,-0.117623
100.0,0.850,0.028248
100.0,0.850,0.098264
100.0,0.850,0.286026
100.0,0.850,0.143345
100.0,0.850,-0.058701
100.0,0.850,0.147472
100.0,0.850,-0.025145
100.0,0.850,0.030375
100.0,0.850,0.044162
100.0,0.850,-0.075110
100.0,0.850,0.274270
100.0,0.850,0.032184
100.0,0.850,0.316886
100.0,0.903,0.262641
100.0,0.903,0.356405
100.0,0.903,0.689627
100.0,0.903,0.332956
100.0,0.903,0.278446
100.0,0.903,0.582300
100.0,0.903,0.584688
100.0,0.903,0.173492
100.0,0.903,0.720604
100.0,0.903,0.493452
100.0,0.903,0.486464
100.0,0.903,0.389356
100.0,0.903,0.820639
100.0,0.903,0.194013
100.0,0.903,0.274793
100.0,0.903,-0.024045
100.0,0.903,0.684916
100.0,0.903,0.695262
100.0,0.903,0.366832
100.0,0.903,0.606646
100.0,0.903,0.791265
100.0,0.903,0.657702
100.0,0.903,0.409812
100.0,0.903,0.376358
100.0,0.903,0.621793
100.0,0.903,0.636532
100.0,0.903,0.422054
100.0,0.903,0.236218
100.0,0.903,0.104416
100.0,0.903,0.331309
100.0,0.903,0.501463
100.0,0.903,0.313568
100.0,0.903,0.509606
100.0,0.903,0.583845
100.0,0.903,0.500489
100.0,0.903,0.379073
100.0,0.903,0.054499
100.0,0.903,0.572662
100.0,0.903,0.477629
100.0,0.903,0.337838
100.0,0.903,0.520695
100.0,0.903,0.655334
100.0,0.903,0.133090
100.0,0.903,0.434765
100.0,0.903,0.369176
100.0,0.903,0.386791
100.0,0.903,0.544937
100.0,0.903,0.553898
100.0,0.903,0.245875
100.0,0.903,0.702971
100.0,0.903,0.414080
100.0,0.903,0.760913
100.0,0.903,0.620879
100.0,0.903,0.390319
100.0,0.903,0.546503
100.0,0.903,0.676859
100.0,0.903,0.746516
100.0,0.903,0.695034
100.0,0.903,0.482289
100.0,0.903,0.312467
100.0,0.903,0.312920
100.0,0.903,0.266620
100.0,0.903,0.401413
100.0,0.903,0.667185
100.0,0.903,0.541483
100.0,0.903,0.343491
100.0,0.903,-0.103397
100.0,0.903,0.235636
100.0,0.903,0.375260
100.0,0.903,0.640108
100.0,0.903,0.604457
100.0,0.903,0.276098
100.0,0.903,0.595631
100.0,0.903,0.530721
100.0,0.903,0.241026
100.0,0.903,0.525526
100.0,0.903,0.210989
100.0,0.903,0.591568
100.0,0.903,0.715304
100.0,0.903,0.245413
100.0,0.903,0.515892
100.0,0.903,0.486502
100.0,0.903,0.247344
100.0,0.903,0.435569
100.0,0.903,0.593575
100.0,0.903,0.575449
100.0,0.903,0.100486
100.0,0.903,0.376879
100.0,0.903,0.502157
100.0,0.903,0.023830
100.0,0.903,0.646895
100.0,0.903,0.385857
100.0,0.903,0.639439
100.0,0.903,0.249068
100.0,0.903,0.437859
100.0,0.903,0.581987
100.0,0.903,0.349430
100.0,0.903,0.307680
100.0,0.903,0.293900
100.0,0.903,0.603598
100.0,0.950,0.789596
100.0,0.950,0.693007
100.0,0.950,0.788640
100.0,0.950,0.879055
100.0,0.950,0.647461
100.0,0.950,0.803763
100.0,0.950,0.866312
100.0,0.950,0.830576
100.0,0.950,0.343442
100.0,0.950,0.809405
100.0,0.950,0.526821
100.0,0.950,0.912325
100.0,0.950,0.854825
100.0,0.950,0.799648
100.0,0.950,0.733389
100.0,0.950,0.867937
100.0,0.950,0.833330
100.0,0.950,0.871809
100.0,0.950,0.851709
100.0,0.950,0.905924
100.0,0.950,0.866907
100.0,0.950,0.581135
100.0,0.950,0.596565
100.0,0.950,0.844758
100.0,0.950,0.895451
100.0,0.950,0.529030
100.0,0.950,0.822560
100.0,0.950,0.934658
100.0,0.950,0.687903
100.0,0.950,0.840236
100.0,0.950,0.610130
100.0,0.950,0.842852
100.0,0.950,0.606505
100.0,0.950,0.807673
100.0,0.950,0.531445
100.0,0.950,0.852305
100.0,0.950,0.773124
100.0,0.950,0.846575
100.0,0.950,0.910780
100.0,0.950,0.863896
100.0,0.950,0.860359
100.0,0.950,0.898586
100.0,0.950,0.859285
100.0,0.950,0.110572
100.0,0.950,0.622516
100.0,0.950,0.889410
100.0,0.950,0.905188
100.0,0.950,0.800807
100.0,0.950,0.882232
100.0,0.950,0.820701
100.0,0.950,0.692389
100.0,0.950,0.909645
100.0,0.950,0.851290
100.0,0.950,0.696176
100.0,0.950,0.896465
100.0,0.950,0.859421
100.0,0.950,0.917282
100.0,0.950,0.866118
100.0,0.950,0.845388
100.0,0.950,0.770037
100.0,0.950,0.489420
100.0,0.950,0.912104
100.0,0.950,0.710754
100.0,0.950,0.847056
100.0,0.950,0.777407
100.0,0.950,0.870894
100.0,0.950,0.835608
100.0,0.950,0.704193
100.0,0.950,0.693979
100.0,0.950,0.779616
100.0,0.950,0.707702
100.0,0.950,0.873374
100.0,0.950,0.719980
100.0,0.950,0.496959
100.0,0.950,0.766138
100.0,0.950,0.873162
100.0,0.950,0.807445
100.0,0.950,0.507399
100.0,0.950,0.858902
100.0,0.950,0.882449
100.0,0.950,0.904625
100.0,0.950,0.875733
100.0,0.950,0.937494
100.0,0.950,0.715197
100.0,0.950,0.645247
100.0,0.950,0.785699
100.0,0.950,0.863907
100.0,0.950,0.822759
100.0,0.950,0.791876
100.0,0.950,0.824928
100.0,0.950,0.828521
100.0,0.950,0.829889
100.0,0.950,0.808405
100.0,0.950,0.909163
100.0,0.950,0.851093
100.0,0.950,0.751293
100.0,0.950,0.908034
100.0,0.950,0.854130
100.0,0.950,0.872969
100.0,0.950,0.748962
100.0,0.850,-0.316417
100.0,0.850,-0.136492
100.0,0.850,-0.051915
100.0,0.850,-0.146442
100.0,0.850,-0.242121
100.0,0.850,0.051927
100.0,0.850,0.365295
100.0,0.850,-0.128769
100.0,0.850,-0.033610
100.0,0.850,-0.051040
100.0,0.850,-0.176344
100.0,0.850,-0.102467
100.0,0.850,-0.080917
100.0,0.850,-0.084670
100.0,0.850,0.005481
100.0,0.850,-0.477296
100.0,0.850,-0.055709
100.0,0.850,-0.040684
100.0,0.850,-0.120650
100.0,0.850,-0.222753
100.0,0.850,-0.279255
100.0,0.850,-0.107239
100.0,0.850,-0.121000
100.0,0.850,0.138707
100.0,0.850,-0.199639
100.0,0.850,0.371488
100.0,0.850,-0.048823
100.0,0.850,-0.041095
100.0,0.850,-0.124458
100.0,0.850,-0.087597
100.0,0.850,-0.105882
100.0,0.850,-0.160822
100.0,0.850,-0.248656
100.0,0.850,0.056883
100.0,0.850,-0.243065
100.0,0.850,-0.026757
100.0,0.850,0.097966
100.0,0.850,0.067832
100.0,0.850,0.165832
100.0,0.850,-0.138086
100.0,0.850,-0.088824
100.0,0.850,0.044636
100.0,0.850,-0.233525
100.0,0.850,-0.168109
100.0,0.850,-0.003433
100.0,0.850,0.006259
100.0,0.850,-0.114038
100.0,0.850,-0.032895
100.0,0.850,-0.094497
100.0,0.850,0.152265
100.0,0.850,0.127220
100.0,0.850,-0.131417
100.0,0.850,-0.181859
100.0,0.850,-0.138025
100.0,0.850,0.265934
100.0,0.850,-0.070435
100.0,0.850,0.113419
100.0,0.850,-0.230873
100.0,0.850,-0.200666
100.0,0.850,0.217616
100.0,0.850,-0.033932
100.0,0.850,-0.021902
100.0,0.850,0.071855
100.0,0.850,-0.031127
100.0,0.850,0.038466
100.0,0.850,-0.121131
100.0,0.850,0.078680
100.0,0.850,0.206490
100.0,0.850,0.019184
100.0,0.850,0.003159
100.0,0.850,0.009559
100.0,0.850,-0.097086
100.0,0.850,0.120171
100.0,0.850,0.120489
100.0,0.850,0.282656
100.0,0.850,-0.010110
100.0,0.850,0.253525
100.0,0.850,-0.215208
100.0,0.850,-0.309350
100.0,0.850,-0.124153
100.0,0.850,0.202158
100.0,0.850,0.037722
100.0,0.850,-0.024407
100.0,0.850,0.082204
100.0,0.850,-0.209001
100.0,0.850,-0.075836
100.0,0.850,-0.034578
100.0,0.850,0.173833
100.0,0.850,-0.131406
100.0,0.850,-0.071646
100.0,0.850,-0.216769
100.0,0.850,0.067205
100.0,0.850,-0.055013
100.0,0.850,0.075472
100.0,0.850,-0.041140
100.0,0.850,0.035789
100.0,0.850,0.277382
100.0,0.850,-0.031526
100.0,0.850,0.272964
100.0,0.850,-0.192669
100.0,0.903,0.008458
100.0,0.903,0.362369
100.0,0.903,0.099770
100.0,0.903,-0.060604
100.0,0.903,0.047934
100.0,0.903,0.220713
100.0,0.903,0.228654
100.0,0.903,0.073777
100.0,0.903,0.074715
100.0,0.903,-0.040310
100.0,0.903,0.085002
100.0,0.903,0.031817
100.0,0.903,0.289279
100.0,0.903,0.351656
100.0,0.903,0.066394
100.0,0.903,-0.001743
100.0,0.903,0.138898
100.0,0.903,0.235657
100.0,0.903,-0.103995
100.0,0.903,0.305952
100.0,0.903,-0.296076
100.0,0.903,-0.054035
100.0,0.903,0.056951
100.0,0.903,0.222062
100.0,0.903,0.012876
100.0,0.903,0.389494
100.0,0.903,-0.013362
100.0,0.903,0.091950
100.0,0.903,0.002793
100.0,0.903,0.013080
100.0,0.903,0.500777
100.0,0.903,-0.005369
100.0,0.903,0.159724
100.0,0.903,0.141851
100.0,0.903,0.027532
100.0,0.903,0.183064
100.0,0.903,-0.138908
100.0,0.903,-0.121708
100.0,0.903,0.087693
100.0,0.903,0.092845
100.0,0.903,0.363224
100.0,0.903,0.198548
100.0,0.903,-0.090940
100.0,0.903,-0.020366
100.0,0.903,0.306997
100.0,0.903,0.440964
100.0,0.903,-0.027695
100.0,0.903,0.347370
100.0,0.903,0.377330
100.0,0.903,0.194498
100.0,0.903,-0.061207
100.0,0.903,0.210818
100.0,0.903,-0.109519
100.0,0.903,0.085195
100.0,0.903,0.356480
100.0,0.903,0.209038
100.0,0.903,0.217761
100.0,0.903,0.532485
100.0,0.903,0.478776
100.0,0.903,-0.004397
100.0,0.903,-0.094261
100.0,0.903,0.435349
100.0,0.903,0.467053
100.0,0.903,0.349005
100.0,0.903,0.451800
100.0,0.903,-0.074471
100.0,0.903,0.136406
100.0,0.903,0.166753
100.0,0.903,0.227587
100.0,0.903,0.225184
100.0,0.903,-0.035521
100.0,0.903,-0.011294
100.0,0.903,0.112448
100.0,0.903,0.091503
100.0,0.903,0.200251
100.0,0.903,0.379970
100.0,0.903,0.496328
100.0,0.903,0.250071
100.0,0.903,-0.162401
100.0,0.903,-0.244221
100.0,0.903,0.107921
100.0,0.903,0.069905
100.0,0.903,-0.259934
100.0,0.903,0.163595
100.0,0.903,-0.029261
100.0,0.903,0.275289
100.0,0.903,0.261692
100.0,0.903,0.046673
100.0,0.903,0.230127
100.0,0.903,0.049738
100.0,0.903,-0.366523
100.0,0.903,0.285052
100.0,0.903,-0.050372
100.0,0.903,-0.000881
100.0,0.903,0.046911
100.0,0.903,0.316200
100.0,0.903,-0.072049
100.0,0.903,-0.074642
100.0,0.903,0.230860
100.0,0.903,0.005325
100.0,0.950,0.809880
100.0,0.950,0.797078
100.0,0.950,0.704164
100.0,0.950,0.661693
100.0,0.950,0.726564
100.0,0.950,0.890849
100.0,0.950,0.861264
100.0,0.950,0.754150
100.0,0.950,0.831319
100.0,0.950,0.890143
100.0,0.950,0.784399
100.0,0.950,0.904067
100.0,0.950,0.787795
100.0,0.950,0.660119
100.0,0.950,0.517546
100.0,0.950,0.847626
100.0,0.950,0.569163
100.0,0.950,0.827510
100.0,0.950,0.716082
100.0,0.950,0.373305
100.0,0.950,0.667326
100.0,0.950,0.469582
100.0,0.950,0.735432
100.0,0.950,0.932746
100.0,0.950,0.779868
100.0,0.950,-0.080410
100.0,0.950,0.673636
100.0,0.950,0.663888
100.0,0.950,0.518326
100.0,0.950,0.775537
100.0,0.950,0.873501
100.0,0.950,0.555648
100.0,0.950,0.886306
100.0,0.950,0.343951
100.0,0.950,0.796125
100.0,0.950,0.409120
100.0,0.950,0.738515
100.0,0.950,0.411638
100.0,0.950,0.636606
100.0,0.950,0.782672
100.0,0.950,0.600050
100.0,0.950,0.823778
100.0,0.950,0.834060
100.0,0.950,0.828072
100.0,0.950,0.803616
100.0,0.950,0.887394
100.0,0.950,0.636558
100.0,0.950,0.813006
100.0,0.950,0.822406
100.0,0.950,0.887744
100.0,0.950,0.750273
100.0,0.950,0.684401
100.0,0.950,0.888330
100.0,0.950,0.822125
100.0,0.950,0.895097
100.0,0.950,0.726854
100.0,0.950,0.671008
100.0,0.950,0.578508
100.0,0.950,0.522243
100.0,0.950,0.752192
100.0,0.950,0.635101
100.0,0.950,0.801291
100.0,0.950,0.794539
100.0,0.950,0.659182
100.0,0.950,0.867264
100.0,0.950,0.945919
100.0,0.950,0.762346
100.0,0.950,0.767214
100.0,0.950,0.812227
100.0,0.950,0.779415
100.0,0.950,0.680564
100.0,0.950,0.503338
100.0,0.950,0.917167
100.0,0.950,0.793670
100.0,0.950,0.888633
100.0,0.950,0.707468
100.0,0.950,0.859637
100.0,0.950,0.801019
100.0,0.950,0.895337
100.0,0.950,0.857390
100.0,0.950,0.646198
100.0,0.950,0.696241
100.0,0.950,0.613327
100.0,0.950,0.603033
100.0,0.950,0.132162
100.0,0.950,0.649308
100.0,0.950,0.769299
100.0,0.950,0.343135
100.0,0.950,0.707104
100.0,0.950,0.854700
100.0,0.950,0.541284
100.0,0.950,0.798287
100.0,0.950,0.812170
100.0,0.950,0.603129
100.0,0.950,0.865712
100.0,0.950,0.829011
100.0,0.950,0.616570
100.0,0.950,0.536627
100.0,0.950,0.761542
100.0,0.950,0.541820
100.0,0.850,-0.262142
100.0,0.850,0.061540
100.0,0.850,-0.002809
100.0,0.850,0.154427
100.0,0.850,-0.056760
100.0,0.850,0.140410
100.0,0.850,0.068992
100.0,0.850,0.039223
100.0,0.850,0.177765
100.0,0.850,0.088840
100.0,0.850,0.007549
100.0,0.850,-0.053653
100.0,0.850,0.097743
100.0,0.850,0.088113
100.0,0.850,0.131981
100.0,0.850,0.028273
100.0,0.850,0.272387
100.0,0.850,0.125001
100.0,0.850,0.042830
100.0,0.850,0.297152
100.0,0.850,0.018211
100.0,0.850,-0.053209
100.0,0.850,0.233280
100.0,0.850,0.108470
100.0,0.850,0.194128
100.0,0.850,0.102860
100.0,0.850,0.284660
100.0,0.850,0.119549
100.0,0.850,0.026077
100.0,0.850,0.054732
100.0,0.850,0.162251
100.0,0.850,0.140148
100.0,0.850,0.012574
100.0,0.850,-0.073209
100.0,0.850,-0.095686
100.0,0.850,0.165851
100.0,0.850,0.109345
100.0,0.850,-0.079384
100.0,0.850,0.043160
100.0,0.850,0.005990
100.0,0.850,0.291836
100.0,0.850,-0.119292
100.0,0.850,0.229942
100.0,0.850,0.226013
100.0,0.850,-0.206065
100.0,0.850,-0.060518
100.0,0.850,-0.144514
100.0,0.850,0.177653
100.0,0.850,0.176647
100.0,0.850,0.172757
100.0,0.850,0.028430
100.0,0.850,0.026798
100.0,0.850,0.172607
100.0,0.850,-0.215833
100.0,0.850,0.087651
100.0,0.850,0.297646
100.0,0.850,0.199736
100.0,0.850,0.156395
100.0,0.850,-0.155086
100.0,0.850,0.020997
100.0,0.850,0.234829
100.0,0.850,0.189252
100.0,0.850,0.214465
100.0,0.850,0.172145
100.0,0.850,0.220559
100.0,0.850,0.014681
100.0,0.850,0.134320
100.0,0.850,0.132917
100.0,0.850,-0.178913
100.0,0.850,0.033880
100.0,0.850,0.305425
100.0,0.850,-0.128574
100.0,0.850,0.092392
100.0,0.850,0.298920
100.0,0.850,0.312945
100.0,0.850,0.347871
100.0,0.850,-0.118396
100.0,0.850,0.199881
100.0,0.850,0.090237
100.0,0.850,0.013428
100.0,0.850,0.171566
100.0,0.850,-0.002634
100.0,0.850,-0.172198
100.0,0.850,0.109678
100.0,0.850,-0.230487
100.0,0.850,0.318089
100.0,0.850,-0.231254
100.0,0.850,0.106794
100.0,0.850,0.047938
100.0,0.850,0.310117
100.0,0.850,0.053078
100.0,0.850,0.015836
100.0,0.850,0.074810
100.0,0.850,-0.011323
100.0,0.850,-0.130158
100.0,0.850,-0.346716
100.0,0.850,0.166869
100.0,0.850,0.297989
100.0,0.850,0.028255
100.0,0.850,0.215160
100.0,0.903,0.184076
100.0,0.903,0.384599
100.0,0.903,0.217907
100.0,0.903,0.701952
100.0,0.903,0.612910
100.0,0.903,0.806360
100.0,0.903,0.475134
100.0,0.903,0.519503
100.0,0.903,0.523500
100.0,0.903,0.369397
100.0,0.903,0.676582
100.0,0.903,0.608847
100.0,0.903,0.640537
100.0,0.903,0.498953
100.0,0.903,0.435849
100.0,0.903,0.759118
100.0,0.903,0.546411
100.0,0.903,0.659560
100.0,0.903,0.667637
100.0,0.903,0.433798
100.0,0.903,0.704654
100.0,0.903,0.538837
100.0,0.903,0.666670
100.0,0.903,0.400493
100.0,0.903,0.494296
100.0,0.903,0.673170
100.0,0.903,0.662401
100.0,0.903,0.335339
100.0,0.903,0.559003
100.0,0.903,0.336040
100.0,0.903,0.717673
100.0,0.903,0.584761
100.0,0.903,0.375676
100.0,0.903,0.721513
100.0,0.903,0.752703
100.0,0.903,0.809353
100.0,0.903,0.825790
100.0,0.903,0.549680
100.0,0.903,0.283547
100.0,0.903,0.687042
100.0,0.903,0.465198
100.0,0.903,0.746685
100.0,0.903,0.604272
100.0,0.903,0.333766
100.0,0.903,0.346259
100.0,0.903,0.606345
100.0,0.903,-0.403737
100.0,0.903,0.713691
100.0,0.903,0.626516
100.0,0.903,0.588454
100.0,0.903,0.389885
100.0,0.903,0.843015
100.0,0.903,0.312513
100.0,0.903,0.536392
100.0,0.903,0.047722
100.0,0.903,0.726434
100.0,0.903,0.672395
100.0,0.903,0.360553
100.0,0.903,0.671608
100.0,0.903,0.536827
100.0,0.903,0.440159
100.0,0.903,0.670473
100.0,0.903,0.656219
100.0,0.903,0.024315
100.0,0.903,0.557296
100.0,0.903,0.625235
100.0,0.903,0.595357
100.0,0.903,0.345588
100.0,0.903,0.756413
100.0,0.903,0.291147
100.0,0.903,0.067184
100.0,0.903,0.742329
100.0,0.903,0.615584
100.0,0.903,0.807944
100.0,0.903,0.213163
100.0,0.903,0.706877
100.0,0.903,0.581619
100.0,0.903,0.670659
100.0,0.903,0.844531
100.0,0.903,0.334799
100.0,0.903,0.650419
100.0,0.903,0.194001
100.0,0.903,0.051904
100.0,0.903,0.212949
100.0,0.903,0.482546
100.0,0.903,0.533865
100.0,0.903,0.325029
100.0,0.903,0.570095
100.0,0.903,0.645341
100.0,0.903,0.451676
100.0,0.903,0.619337
100.0,0.903,0.802106
100.0,0.903,0.471346
100.0,0.903,0.457645
100.0,0.903,0.463630
100.0,0.903,0.791324
100.0,0.903,0.253280
100.0,0.903,0.466261
100.0,0.903,0.540358
100.0,0.903,0.511628
100.0,0.950,0.633182
100.0,0.950,0.771238
100.0,0.950,0.676514
100.0,0.950,0.811001
100.0,0.950,0.739848
100.0,0.950,0.902302
100.0,0.950,0.895524
100.0,0.950,0.897842
100.0,0.950,0.734488
100.0,0.950,0.749700
100.0,0.950,0.826893
100.0,0.950,0.666195
100.0,0.950,0.829255
100.0,0.950,0.851148
100.0,0.950,0.786120
100.0,0.950,0.938526
100.0,0.950,0.845445
100.0,0.950,0.814402
100.0,0.950,0.843526
100.0,0.950,0.366087
100.0,0.950,0.675700
100.0,0.950,0.773287
100.0,0.950,0.655404
100.0,0.950,0.605778
100.0,0.950,0.768081
100.0,0.950,0.817666
100.0,0.950,0.603161
100.0,0.950,0.632252
100.0,0.950,0.846047
100.0,0.950,0.758097
100.0,0.950,0.794369
100.0,0.950,0.841223
100.0,0.950,0.758018
100.0,0.950,0.881427
100.0,0.950,0.614187
100.0,0.950,0.798938
100.0,0.950,0.879311
100.0,0.950,0.876729
100.0,0.950,0.659336
100.0,0.950,0.811979
100.0,0.950,0.754363
100.0,0.950,0.875725
100.0,0.950,0.826690
100.0,0.950,0.871936
100.0,0.950,0.760208
100.0,0.950,0.905152
100.0,0.950,0.818082
100.0,0.950,0.820923
100.0,0.950,0.801970
100.0,0.950,0.846753
100.0,0.950,0.828627
100.0,0.950,0.819333
100.0,0.950,0.612290
100.0,0.950,0.810849
100.0,0.950,0.613080
100.0,0.950,0.814257
100.0,0.950,0.886871
100.0,0.950,0.634467
100.0,0.950,0.921519
100.0,0.950,0.805665
100.0,0.950,0.805625
100.0,0.950,0.865752
100.0,0.950,0.696449
100.0,0.950,0.855468
100.0,0.950,0.870430
100.0,0.950,0.763310
100.0,0.950,0.815528
100.0,0.950,0.789333
100.0,0.950,0.898137
100.0,0.950,0.809714
100.0,0.950,0.863368
100.0,0.950,0.932922
100.0,0.950,0.829883
100.0,0.950,0.784395
100.0,0.950,0.779664
100.0,0.950,0.790983
100.0,0.950,0.742217
100.0,0.950,0.894821
100.0,0.950,0.307666
100.0,0.950,0.750841
100.0,0.950,0.809141
100.0,0.950,0.872083
100.0,0.950,0.721467
100.0,0.950,0.808269
100.0,0.950,0.865302
100.0,0.950,0.899511
100.0,0.950,0.824821
100.0,0.950,0.658311
100.0,0.950,0.931611
100.0,0.950,0.675848
100.0,0.950,0.874796
100.0,0.950,0.859595
100.0,0.950,0.718242
100.0,0.950,0.524459
100.0,0.950,0.706412
100.0,0.950,0.886244
100.0,0.950,0.889986
100.0,0.950,0.875281
100.0,0.950,0.803691
100.0,0.950,0.673316
100.0,0.850,-0.047900
100.0,0.850,-0.029894
100.0,0.850,-0.158021
100.0,0.850,-0.075456
100.0,0.850,-0.051219
100.0,0.850,0.171061
100.0,0.850,0.204165
100.0,0.850,0.141324
100.0,0.850,-0.057466
100.0,0.850,0.067466
100.0,0.850,0.234127
100.0,0.850,0.134410
100.0,0.850,-0.194059
100.0,0.850,0.243498
100.0,0.850,0.117823
100.0,0.850,-0.203985
100.0,0.850,0.083017
100.0,0.850,0.006131
100.0,0.850,0.241807
100.0,0.850,-0.254938
100.0,0.850,-0.004011
100.0,0.850,-0.061329
100.0,0.850,-0.115706
100.0,0.850,-0.034591
100.0,0.850,-0.144859
100.0,0.850,-0.187579
100.0,0.850,0.115456
100.0,0.850,-0.062079
100.0,0.850,-0.125888
100.0,0.850,0.183928
100.0,0.850,0.166919
100.0,0.850,-0.117690
100.0,0.850,-0.179473
100.0,0.850,-0.207717
100.0,0.850,0.036483
100.0,0.850,0.110348
100.0,0.850,0.129216
100.0,0.850,0.225292
100.0,0.850,0.246977
100.0,0.850,0.070768
100.0,0.850,0.108968
100.0,0.850,-0.181001
100.0,0.850,0.115784
100.0,0.850,-0.004628
100.0,0.850,0.150703
100.0,0.850,-0.105622
100.0,0.850,-0.147024
100.0,0.850,-0.207370
100.0,0.850,0.020778
100.0,0.850,-0.121388
100.0,0.850,0.090741
100.0,0.850,-0.018308
100.0,0.850,0.161542
100.0,0.850,-0.121379
100.0,0.850,-0.026313
100.0,0.850,0.095077
100.0,0.850,0.008275
100.0,0.850,-0.125470
100.0,0.850,-0.024114
100.0,0.850,-0.201032
100.0,0.850,0.096567
100.0,0.850,0.021051
100.0,0.850,0.156902
100.0,0.850,-0.347070
100.0,0.850,-0.052743
100.0,0.850,0.299761
100.0,0.850,0.425991
100.0,0.850,0.157585
100.0,0.850,-0.016785
100.0,0.850,-0.083469
100.0,0.850,0.097379
100.0,0.850,0.047456
100.0,0.850,-0.085673
100.0,0.850,0.069834
100.0,0.850,0.037515
100.0,0.850,-0.046221
100.0,0.850,0.222113
100.0,0.850,-0.038203
100.0,0.850,0.243775
100.0,0.850,0.113741
100.0,0.850,0.037709
100.0,0.850,0.216964
100.0,0.850,0.075196
100.0,0.850,0.016058
100.0,0.850,0.344056
100.0,0.850,0.218545
100.0,0.850,0.157628
100.0,0.850,0.140687
100.0,0.850,-0.082198
100.0,0.850,-0.324342
100.0,0.850,0.225808
100.0,0.850,0.013122
100.0,0.850,0.088321
100.0,0.850,0.038601
100.0,0.850,0.073790
100.0,0.850,0.058737
100.0,0.850,0.136338
100.0,0.850,0.062611
100.0,0.850,0.150791
100.0,0.850,-0.014337
100.0,0.903,-0.123267
100.0,0.903,-0.221229
100.0,0.903,0.355535
100.0,0.903,-0.010700
100.0,0.903,-0.037912
100.0,0.903,-0.251931
100.0,0.903,-0.224581
100.0,0.903,-0.244536
100.0,0.903,-0.186852
100.0,0.903,-0.076233
100.0,0.903,0.162130
100.0,0.903,-0.190448
100.0,0.903,0.004628
100.0,0.903,-0.365772
100.0,0.903,-0.300854
100.0,0.903,-0.148167
100.0,0.903,0.253039
100.0,0.903,0.003199
100.0,0.903,-0.280527
100.0,0.903,0.151301
100.0,0.903,0.005276
100.0,0.903,0.093922
100.0,0.903,-0.078143
100.0,0.903,-0.046746
100.0,0.903,-0.115370
100.0,0.903,0.392620
100.0,0.903,0.342258
100.0,0.903,-0.148563
100.0,0.903,-0.107292
100.0,0.903,-0.045774
100.0,0.903,0.156520
100.0,0.903,0.013175
100.0,0.903,-0.036005
100.0,0.903,0.152992
100.0,0.903,0.176622
100.0,0.903,0.207108
100.0,0.903,0.235476
100.0,0.903,0.067930
100.0,0.903,0.092258
100.0,0.903,-0.622798
100.0,0.903,0.473612
100.0,0.903,-0.121405
100.0,0.903,0.248037
100.0,0.903,-0.169424
100.0,0.903,0.099080
100.0,0.903,0.442663
100.0,0.903,-0.100716
100.0,0.903,-0.004953
100.0,0.903,-0.068465
100.0,0.903,0.141138
100.0,0.903,0.142953
100.0,0.903,0.110138
100.0,0.903,0.347138
100.0,0.903,-0.171607
100.0,0.903,0.108590
100.0,0.903,0.101617
100.0,0.903,-0.324894
100.0,0.903,0.017744
100.0,0.903,0.061781
100.0,0.903,-0.011997
100.0,0.903,-0.031931
100.0,0.903,0.104415
100.0,0.903,0.225329
100.0,0.903,-0.127236
100.0,0.903,-0.135457
100.0,0.903,0.039564
100.0,0.903,0.233466
100.0,0.903,0.339789
100.0,0.903,-0.199491
100.0,0.903,-0.259964
100.0,0.903,0.339954
100.0,0.903,0.070179
100.0,0.903,-0.068858
100.0,0.903,0.390426
100.0,0.903,0.077163
100.0,0.903,0.006792
100.0,0.903,0.309451
100.0,0.903,-0.279778
100.0,0.903,0.053493
100.0,0.903,0.087748
100.0,0.903,-0.151618
100.0,0.903,0.057499
100.0,0.903,-0.199841
100.0,0.903,-0.206342
100.0,0.903,0.137629
100.0,0.903,0.107507
100.0,0.903,-0.076777
100.0,0.903,-0.129729
100.0,0.903,-0.153268
100.0,0.903,-0.223458
100.0,0.903,-0.125911
100.0,0.903,0.013437
100.0,0.903,0.126296
100.0,0.903,-0.058085
100.0,0.903,-0.265874
100.0,0.903,0.127786
100.0,0.903,-0.174309
100.0,0.903,-0.239404
100.0,0.903,-0.147189
100.0,0.903,-0.104333
100.0,0.950,-0.223278
100.0,0.950,-0.227974
100.0,0.950,-0.094506
100.0,0.950,0.264869
100.0,0.950,0.446103
100.0,0.950,-0.112097
100.0,0.950,0.267129
100.0,0.950,-0.485405
100.0,0.950,-0.357037
100.0,0.950,0.361390
100.0,0.950,0.104283
100.0,0.950,-0.073844
100.0,0.950,0.371441
100.0,0.950,0.043973
100.0,0.950,-0.223039
100.0,0.950,-0.285172
100.0,0.950,-0.062527
100.0,0.950,-0.062640
100.0,0.950,-0.060188
100.0,0.950,0.143668
100.0,0.950,0.467932
100.0,0.950,-0.006465
100.0,0.950,0.467676
100.0,0.950,-0.057229
100.0,0.950,-0.252070
100.0,0.950,0.064325
100.0,0.950,0.228446
100.0,0.950,-0.128940
100.0,0.950,0.188221
100.0,0.950,0.441827
100.0,0.950,0.438265
100.0,0.950,-0.097854
100.0,0.950,0.055723
100.0,0.950,0.269474
100.0,0.950,0.544755
100.0,0.950,0.562444
100.0,0.950,0.007978
100.0,0.950,-0.073906
100.0,0.950,-0.077892
100.0,0.950,-0.372715
100.0,0.950,0.092818
100.0,0.950,0.463112
100.0,0.950,0.198801
100.0,0.950,-0.235933
100.0,0.950,-0.254923
100.0,0.950,0.175293
100.0,0.950,-0.175572
100.0,0.950,0.237491
100.0,0.950,-0.175748
100.0,0.950,0.134372
100.0,0.950,-0.196057
100.0,0.950,0.395637
100.0,0.950,0.005278
100.0,0.950,0.095929
100.0,0.950,0.348076
100.0,0.950,0.526520
100.0,0.950,-0.021680
100.0,0.950,-0.156328
100.0,0.950,-0.312159
100.0,0.950,-0.079547
100.0,0.950,0.293832
100.0,0.950,0.462146
100.0,0.950,0.270200
100.0,0.950,0.133839
100.0,0.950,-0.118856
100.0,0.950,-0.186009
100.0,0.950,0.333000
100.0,0.950,0.307703
100.0,0.950,0.183560
100.0,0.950,0.161882
100.0,0.950,-0.113476
100.0,0.950,0.504234
100.0,0.950,0.394978
100.0,0.950,0.647382
100.0,0.950,0.382878
100.0,0.950,-0.038782
100.0,0.950,-0.309307
100.0,0.950,-0.176107
100.0,0.950,0.198542
100.0,0.950,0.227659
100.0,0.950,0.403121
100.0,0.950,0.611453
100.0,0.950,-0.139642
100.0,0.950,-0.096298
100.0,0.950,0.196796
100.0,0.950,0.302607
100.0,0.950,0.190177
100.0,0.950,0.449684
100.0,0.950,0.026153
100.0,0.950,-0.084997
100.0,0.950,-0.095666
100.0,0.950,-0.092662
100.0,0.950,0.118030
100.0,0.950,-0.347638
100.0,0.950,0.281176
100.0,0.950,-0.007989
100.0,0.950,-0.322051
100.0,0.950,0.219530
100.0,0.950,0.390108
100.0,0.950,-0.528857
1000.0,0.850,0.038243
1000.0,0.850,0.004570
1000.0,0.850,-0.074212
1000.0,0.850,-0.036013
1000.0,0.850,-0.041038
1000.0,0.850,0.008163
1000.0,0.850,0.024331
1000.0,0.850,0.038687
1000.0,0.850,0.041526
1000.0,0.850,0.039357
1000.0,0.850,0.031309
1000.0,0.850,-0.009248
1000.0,0.850,-0.010498
1000.0,0.850,0.016663
1000.0,0.850,0.053190
1000.0,0.850,0.026933
1000.0,0.850,0.077882
1000.0,0.850,0.021897
1000.0,0.850,-0.033214
1000.0,0.850,-0.006283
1000.0,0.850,0.036563
1000.0,0.850,-0.046762
1000.0,0.850,-0.060772
1000.0,0.850,0.048374
1000.0,0.850,0.049046
1000.0,0.850,-0.053135
1000.0,0.850,0.030891
1000.0,0.850,-0.058927
1000.0,0.850,0.014162
1000.0,0.850,0.024454
1000.0,0.850,0.071585
1000.0,0.850,0.007807
1000.0,0.850,0.023261
1000.0,0.850,-0.033901
1000.0,0.850,-0.005450
1000.0,0.850,0.012231
1000.0,0.850,-0.036308
1000.0,0.850,-0.017469
1000.0,0.850,0.014319
1000.0,0.850,0.062015
1000.0,0.850,-0.120161
1000.0,0.850,0.034430
1000.0,0.850,-0.046542
1000.0,0.850,0.007285
1000.0,0.850,0.063753
1000.0,0.850,-0.015653
1000.0,0.850,0.043641
1000.0,0.850,0.001101
1000.0,0.850,-0.059576
1000.0,0.850,-0.008905
1000.0,0.850,-0.022626
1000.0,0.850,0.113810
1000.0,0.850,0.018003
1000.0,0.850,-0.017220
1000.0,0.850,-0.020950
1000.0,0.850,-0.000652
1000.0,0.850,0.004918
1000.0,0.850,-0.007765
1000.0,0.850,-0.032774
1000.0,0.850,-0.013186
1000.0,0.850,-0.004119
1000.0,0.850,-0.029130
1000.0,0.850,0.023663
1000.0,0.850,0.029338
1000.0,0.850,0.011866
1000.0,0.850,0.019709
1000.0,0.850,-0.000815
1000.0,0.850,-0.006005
1000.0,0.850,-0.039075
1000.0,0.850,-0.008846
1000.0,0.850,-0.051143
1000.0,0.850,-0.028809
1000.0,0.850,0.043989
1000.0,0.850,0.061401
1000.0,0.850,-0.031672
1000.0,0.850,0.050089
1000.0,0.850,0.005515
1000.0,0.850,0.084645
1000.0,0.850,-0.049834
1000.0,0.850,0.018783
1000.0,0.850,-0.048103
1000.0,0.850,0.009232
1000.0,0.850,-0.010181
1000.0,0.850,0.042411
1000.0,0.850,-0.006856
1000.0,0.850,0.001625
1000.0,0.850,-0.009656
1000.0,0.850,0.049028
1000.0,0.850,0.033864
1000.0,0.850,-0.024525
1000.0,0.850,0.117023
1000.0,0.850,0.048031
1000.0,0.850,0.002385
1000.0,0.850,0.025881
1000.0,0.850,-0.000035
1000.0,0.850,0.012978
1000.0,0.850,-0.010560
1000.0,0.850,0.024376
1000.0,0.850,0.057648
1000.0,0.850,-0.129482
1000.0,0.903,-0.008129
1000.0,0.903,-0.015296
1000.0,0.903,-0.087963
1000.0,0.903,-0.044170
1000.0,0.903,-0.031688
1000.0,0.903,-0.037763
1000.0,0.903,0.003104
1000.0,0.903,0.027898
1000.0,0.903,0.078157
1000.0,0.903,-0.002314
1000.0,0.903,0.037353
1000.0,0.903,0.015811
1000.0,0.903,-0.043241
1000.0,0.903,-0.008342
1000.0,0.903,0.024049
1000.0,0.903,0.007514
1000.0,0.903,0.120225
1000.0,0.903,0.054537
1000.0,0.903,0.023230
1000.0,0.903,-0.054344
1000.0,0.903,0.017899
1000.0,0.903,-0.063047
1000.0,0.903,-0.080817
1000.0,0.903,0.026666
1000.0,0.903,0.051221
1000.0,0.903,-0.073613
1000.0,0.903,0.032271
1000.0,0.903,-0.101929
1000.0,0.903,0.026880
1000.0,0.903,0.077947
1000.0,0.903,0.010892
1000.0,0.903,-0.000396
1000.0,0.903,0.009196
1000.0,0.903,-0.021601
1000.0,0.903,0.024942
1000.0,0.903,-0.008354
1000.0,0.903,-0.008787
1000.0,0.903,-0.038311
1000.0,0.903,0.051890
1000.0,0.903,0.081440
1000.0,0.903,-0.128540
1000.0,0.903,0.044725
1000.0,0.903,-0.027173
1000.0,0.903,0.018689
1000.0,0.903,-0.019842
1000.0,0.903,-0.030921
1000.0,0.903,0.053345
1000.0,0.903,0.030007
1000.0,0.903,-0.070502
1000.0,0.903,0.025458
1000.0,0.903,0.000219
1000.0,0.903,0.119827
1000.0,0.903,0.029299
1000.0,0.903,-0.025889
1000.0,0.903,-0.019538
1000.0,0.903,0.042470
1000.0,0.903,0.019225
1000.0,0.903,-0.001651
1000.0,0.903,-0.012681
1000.0,0.903,0.030417
1000.0,0.903,-0.051229
1000.0,0.903,-0.038173
1000.0,0.903,-0.015035
1000.0,0.903,0.061619
1000.0,0.903,0.010204
1000.0,0.903,0.031301
1000.0,0.903,0.015371
1000.0,0.903,-0.033520
1000.0,0.903,-0.075133
1000.0,0.903,0.039372
1000.0,0.903,-0.091062
1000.0,0.903,-0.065270
1000.0,0.903,0.025444
1000.0,0.903,0.103470
1000.0,0.903,0.005565
1000.0,0.903,-0.057939
1000.0,0.903,0.005234
1000.0,0.903,0.078707
1000.0,0.903,-0.089322
1000.0,0.903,0.016313
1000.0,0.903,-0.015466
1000.0,0.903,0.048893
1000.0,0.903,-0.001406
1000.0,0.903,0.038017
1000.0,0.903,-0.014624
1000.0,0.903,0.005954
1000.0,0.903,0.043944
1000.0,0.903,0.067152
1000.0,0.903,0.069823
1000.0,0.903,0.003887
1000.0,0.903,0.064517
1000.0,0.903,0.104308
1000.0,0.903,-0.019660
1000.0,0.903,-0.011295
1000.0,0.903,-0.023970
1000.0,0.903,0.064079
1000.0,0.903,-0.033131
1000.0,0.903,0.026741
1000.0,0.903,0.054309
1000.0,0.903,-0.093273
1000.0,0.950,-0.022598
1000.0,0.950,-0.012914
1000.0,0.950,-0.096813
1000.0,0.950,-0.012235
1000.0,0.950,-0.031654
1000.0,0.950,0.003416
1000.0,0.950,0.035458
1000.0,0.950,0.039397
1000.0,0.950,0.097840
1000.0,0.950,0.052833
1000.0,0.950,0.050427
1000.0,0.950,0.000546
1000.0,0.950,-0.007983
1000.0,0.950,0.014347
1000.0,0.950,0.036589
1000.0,0.950,-0.011520
1000.0,0.950,0.124894
1000.0,0.950,0.074840
1000.0,0.950,-0.025126
1000.0,0.950,-0.052048
1000.0,0.950,0.033256
1000.0,0.950,-0.003207
1000.0,0.950,-0.062707
1000.0,0.950,-0.023845
1000.0,0.950,0.086871
1000.0,0.950,-0.041578
1000.0,0.950,0.050808
1000.0,0.950,-0.038206
1000.0,0.950,0.036645
1000.0,0.950,0.065206
1000.0,0.950,0.019796
1000.0,0.950,0.004382
1000.0,0.950,0.078923
1000.0,0.950,-0.070710
1000.0,0.950,-0.010239
1000.0,0.950,0.038529
1000.0,0.950,-0.055635
1000.0,0.950,-0.030172
1000.0,0.950,0.071783
1000.0,0.950,0.053316
1000.0,0.950,-0.058963
1000.0,0.950,0.025101
1000.0,0.950,-0.034417
1000.0,0.950,0.068049
1000.0,0.950,-0.037564
1000.0,0.950,-0.075763
1000.0,0.950,0.125201
1000.0,0.950,0.007883
1000.0,0.950,-0.046755
1000.0,0.950,0.017606
1000.0,0.950,0.057072
1000.0,0.950,0.169288
1000.0,0.950,0.119927
1000.0,0.950,-0.007052
1000.0,0.950,-0.038802
1000.0,0.950,0.038705
1000.0,0.950,0.003854
1000.0,0.950,-0.027064
1000.0,0.950,-0.048802
1000.0,0.950,0.067704
1000.0,0.950,-0.002374
1000.0,0.950,0.031302
1000.0,0.950,-0.016917
1000.0,0.950,0.073363
1000.0,0.950,0.041748
1000.0,0.950,-0.000350
1000.0,0.950,-0.014316
1000.0,0.950,-0.019178
1000.0,0.950,-0.104258
1000.0,0.950,0.055877
1000.0,0.950,-0.107527
1000.0,0.950,-0.037240
1000.0,0.950,-0.008384
1000.0,0.950,0.136042
1000.0,0.950,0.050059
1000.0,0.950,-0.060178
1000.0,0.950,-0.073581
1000.0,0.950,0.079813
1000.0,0.950,-0.086604
1000.0,0.950,0.029170
1000.0,0.950,-0.031967
1000.0,0.950,0.039397
1000.0,0.950,-0.010961
1000.0,0.950,0.057646
1000.0,0.950,-0.011646
1000.0,0.950,0.011118
1000.0,0.950,0.034794
1000.0,0.950,0.101226
1000.0,0.950,0.052296
1000.0,0.950,0.046829
1000.0,0.950,0.103570
1000.0,0.950,0.098669
1000.0,0.950,-0.053093
1000.0,0.950,-0.004839
1000.0,0.950,0.020450
1000.0,0.950,0.067741
1000.0,0.950,0.030264
1000.0,0.950,0.084442
1000.0,0.950,0.052826
1000.0,0.950,-0.085946
1000.0,0.850,0.074734
1000.0,0.850,0.035566
1000.0,0.850,0.020959
1000.0,0.850,0.029081
1000.0,0.850,-0.058701
1000.0,0.850,0.013604
1000.0,0.850,-0.015081
1000.0,0.850,-0.001501
1000.0,0.850,0.044383
1000.0,0.850,0.013572
1000.0,0.850,-0.000599
1000.0,0.850,0.024902
1000.0,0.850,-0.030642
1000.0,0.850,0.013509
1000.0,0.850,0.092763
1000.0,0.850,-0.016586
1000.0,0.850,0.007031
1000.0,0.850,0.020361
1000.0,0.850,-0.057901
1000.0,0.850,0.028430
1000.0,0.850,0.077398
1000.0,0.850,0.087228
1000.0,0.850,0.103544
1000.0,0.850,0.111312
1000.0,0.850,-0.024252
1000.0,0.850,-0.040331
1000.0,0.850,0.007296
1000.0,0.850,0.077775
1000.0,0.850,0.012150
1000.0,0.850,-0.003916
1000.0,0.850,0.012872
1000.0,0.850,0.009611
1000.0,0.850,0.066470
1000.0,0.850,-0.009321
1000.0,0.850,0.073291
1000.0,0.850,0.059550
1000.0,0.850,-0.061714
1000.0,0.850,-0.006053
1000.0,0.850,0.100178
1000.0,0.850,-0.000401
1000.0,0.850,0.016144
1000.0,0.850,0.018988
1000.0,0.850,0.076043
1000.0,0.850,0.047243
1000.0,0.850,0.023051
1000.0,0.850,-0.037224
1000.0,0.850,0.047365
1000.0,0.850,-0.008853
1000.0,0.850,0.036588
1000.0,0.850,0.002881
1000.0,0.850,0.008653
1000.0,0.850,0.120098
1000.0,0.850,-0.000587
1000.0,0.850,0.056721
1000.0,0.850,0.025608
1000.0,0.850,0.011625
1000.0,0.850,-0.014956
1000.0,0.850,0.049924
1000.0,0.850,0.138951
1000.0,0.850,0.059012
1000.0,0.850,0.024923
1000.0,0.850,-0.016432
1000.0,0.850,0.061867
1000.0,0.850,0.052541
1000.0,0.850,0.064682
1000.0,0.850,0.092627
1000.0,0.850,0.031601
1000.0,0.850,0.075392
1000.0,0.850,0.048471
1000.0,0.850,-0.017624
1000.0,0.850,0.003348
1000.0,0.850,-0.008411
1000.0,0.850,0.055439
1000.0,0.850,0.038165
1000.0,0.850,0.074184
1000.0,0.850,0.022074
1000.0,0.850,0.095563
1000.0,0.850,0.072724
1000.0,0.850,-0.051590
1000.0,0.850,0.002471
1000.0,0.850,0.032524
1000.0,0.850,0.023235
1000.0,0.850,-0.002894
1000.0,0.850,0.020427
1000.0,0.850,-0.027014
1000.0,0.850,0.023558
1000.0,0.850,0.045917
1000.0,0.850,0.015172
1000.0,0.850,0.008637
1000.0,0.850,0.148559
1000.0,0.850,0.073255
1000.0,0.850,-0.014791
1000.0,0.850,-0.018843
1000.0,0.850,0.060648
1000.0,0.850,0.031216
1000.0,0.850,-0.004727
1000.0,0.850,0.034928
1000.0,0.850,0.054619
1000.0,0.850,-0.000030
1000.0,0.850,0.021283
1000.0,0.903,0.026122
1000.0,0.903,0.045553
1000.0,0.903,0.011934
1000.0,0.903,0.065491
1000.0,0.903,-0.068001
1000.0,0.903,0.012103
1000.0,0.903,0.095770
1000.0,0.903,0.000757
1000.0,0.903,0.090265
1000.0,0.903,0.042426
1000.0,0.903,0.082519
1000.0,0.903,0.065742
1000.0,0.903,0.017002
1000.0,0.903,0.061644
1000.0,0.903,0.097560
1000.0,0.903,0.027726
1000.0,0.903,0.007556
1000.0,0.903,0.045178
1000.0,0.903,0.015458
1000.0,0.903,0.057681
1000.0,0.903,0.080556
1000.0,0.903,0.103212
1000.0,0.903,0.058748
1000.0,0.903,0.087611
1000.0,0.903,0.064626
1000.0,0.903,-0.031054
1000.0,0.903,0.049558
1000.0,0.903,0.072818
1000.0,0.903,0.007537
1000.0,0.903,-0.022820
1000.0,0.903,0.072249
1000.0,0.903,0.028277
1000.0,0.903,0.044762
1000.0,0.903,0.037075
1000.0,0.903,0.119262
1000.0,0.903,0.134057
1000.0,0.903,-0.065229
1000.0,0.903,0.026662
1000.0,0.903,0.147175
1000.0,0.903,0.043095
1000.0,0.903,0.039864
1000.0,0.903,0.056249
1000.0,0.903,0.073865
1000.0,0.903,0.039481
1000.0,0.903,0.081626
1000.0,0.903,0.011454
1000.0,0.903,-0.000332
1000.0,0.903,-0.052571
1000.0,0.903,0.061492
1000.0,0.903,-0.047930
1000.0,0.903,0.013965
1000.0,0.903,0.121096
1000.0,0.903,-0.004620
1000.0,0.903,0.078055
1000.0,0.903,0.061998
1000.0,0.903,0.020567
1000.0,0.903,0.005358
1000.0,0.903,0.102418
1000.0,0.903,0.125375
1000.0,0.903,0.043716
1000.0,0.903,0.037601
1000.0,0.903,0.018059
1000.0,0.903,0.056819
1000.0,0.903,-0.049095
1000.0,0.903,0.115422
1000.0,0.903,0.127126
1000.0,0.903,0.114108
1000.0,0.903,0.064827
1000.0,0.903,0.059654
1000.0,0.903,0.021722
1000.0,0.903,0.026860
1000.0,0.903,-0.012719
1000.0,0.903,0.085896
1000.0,0.903,0.030605
1000.0,0.903,0.127805
1000.0,0.903,0.026893
1000.0,0.903,0.073281
1000.0,0.903,0.050210
1000.0,0.903,0.013777
1000.0,0.903,0.033444
1000.0,0.903,0.057883
1000.0,0.903,0.019691
1000.0,0.903,0.023292
1000.0,0.903,0.047490
1000.0,0.903,0.043189
1000.0,0.903,0.058023
1000.0,0.903,0.065658
1000.0,0.903,-0.023181
1000.0,0.903,0.022367
1000.0,0.903,0.137541
1000.0,0.903,0.093274
1000.0,0.903,-0.084432
1000.0,0.903,-0.017423
1000.0,0.903,0.071451
1000.0,0.903,0.053565
1000.0,0.903,-0.008318
1000.0,0.903,0.031680
1000.0,0.903,0.058883
1000.0,0.903,-0.007293
1000.0,0.903,-0.010154
1000.0,0.950,0.057959
1000.0,0.950,0.115495
1000.0,0.950,0.099607
1000.0,0.950,0.079868
1000.0,0.950,-0.072538
1000.0,0.950,0.021999
1000.0,0.950,0.095994
1000.0,0.950,0.039914
1000.0,0.950,0.143082
1000.0,0.950,0.093801
1000.0,0.950,0.091321
1000.0,0.950,0.069254
1000.0,0.950,0.002867
1000.0,0.950,0.082427
1000.0,0.950,0.113951
1000.0,0.950,0.054250
1000.0,0.950,0.036525
1000.0,0.950,0.117302
1000.0,0.950,0.007235
1000.0,0.950,0.076276
1000.0,0.950,0.100161
1000.0,0.950,0.100224
1000.0,0.950,0.079203
1000.0,0.950,0.123125
1000.0,0.950,0.057795
1000.0,0.950,-0.063465
1000.0,0.950,0.109144
1000.0,0.950,0.109947
1000.0,0.950,0.007268
1000.0,0.950,0.000358
1000.0,0.950,0.152258
1000.0,0.950,0.060778
1000.0,0.950,0.069651
1000.0,0.950,0.031265
1000.0,0.950,0.112521
1000.0,0.950,0.182021
1000.0,0.950,-0.081130
1000.0,0.950,0.067936
1000.0,0.950,0.144127
1000.0,0.950,0.050409
1000.0,0.950,0.085151
1000.0,0.950,0.121970
1000.0,0.950,0.121860
1000.0,0.950,0.074814
1000.0,0.950,0.104985
1000.0,0.950,0.018760
1000.0,0.950,0.020570
1000.0,0.950,-0.018753
1000.0,0.950,0.036044
1000.0,0.950,-0.100930
1000.0,0.950,0.047936
1000.0,0.950,0.132808
1000.0,0.950,0.026915
1000.0,0.950,0.075929
1000.0,0.950,0.106287
1000.0,0.950,0.056010
1000.0,0.950,-0.001343
1000.0,0.950,0.129900
1000.0,0.950,0.221113
1000.0,0.950,0.069829
1000.0,0.950,0.051915
1000.0,0.950,0.057688
1000.0,0.950,0.128588
1000.0,0.950,-0.064071
1000.0,0.950,0.096217
1000.0,0.950,0.121645
1000.0,0.950,0.159028
1000.0,0.950,0.099248
1000.0,0.950,0.072539
1000.0,0.950,0.001759
1000.0,0.950,0.060458
1000.0,0.950,0.020053
1000.0,0.950,0.019262
1000.0,0.950,0.094979
1000.0,0.950,0.070527
1000.0,0.950,0.005121
1000.0,0.950,0.100064
1000.0,0.950,0.076393
1000.0,0.950,0.028853
1000.0,0.950,0.043291
1000.0,0.950,0.038169
1000.0,0.950,0.036888
1000.0,0.950,0.032174
1000.0,0.950,0.068872
1000.0,0.950,0.031481
1000.0,0.950,0.050628
1000.0,0.950,0.125606
1000.0,0.950,0.010016
1000.0,0.950,0.077833
1000.0,0.950,0.136512
1000.0,0.950,0.126121
1000.0,0.950,-0.078008
1000.0,0.950,0.002604
1000.0,0.950,0.070785
1000.0,0.950,0.033434
1000.0,0.950,-0.006029
1000.0,0.950,0.088726
1000.0,0.950,0.126434
1000.0,0.950,0.060703
1000.0,0.950,0.090624
1000.0,0.850,-0.022836
1000.0,0.850,-0.044473
1000.0,0.850,0.008083
1000.0,0.850,0.011388
1000.0,0.850,0.006464
1000.0,0.850,-0.036843
1000.0,0.850,-0.020826
1000.0,0.850,0.022499
1000.0,0.850,0.013070
1000.0,0.850,-0.056824
1000.0,0.850,0.010874
1000.0,0.850,-0.000478
1000.0,0.850,0.013738
1000.0,0.850,0.080636
1000.0,0.850,-0.066035
1000.0,0.850,0.014009
1000.0,0.850,-0.034500
1000.0,0.850,0.017989
1000.0,0.850,0.014731
1000.0,0.850,0.038829
1000.0,0.850,-0.059802
1000.0,0.850,-0.095956
1000.0,0.850,0.020973
1000.0,0.850,-0.001110
1000.0,0.850,0.022293
1000.0,0.850,-0.009147
1000.0,0.850,0.056057
1000.0,0.850,0.020831
1000.0,0.850,-0.010555
1000.0,0.850,0.033907
1000.0,0.850,0.039810
1000.0,0.850,-0.008033
1000.0,0.850,-0.011308
1000.0,0.850,-0.016608
1000.0,0.850,-0.079162
1000.0,0.850,-0.052326
1000.0,0.850,-0.021660
1000.0,0.850,-0.000850
1000.0,0.850,0.011329
1000.0,0.850,0.042542
1000.0,0.850,0.024027
1000.0,0.850,-0.023077
1000.0,0.850,0.029776
1000.0,0.850,0.027025
1000.0,0.850,0.001129
1000.0,0.850,-0.032081
1000.0,0.850,0.070001
1000.0,0.850,0.045505
1000.0,0.850,0.078432
1000.0,0.850,0.073431
1000.0,0.850,-0.028642
1000.0,0.850,0.059753
1000.0,0.850,0.015648
1000.0,0.850,0.050720
1000.0,0.850,-0.016752
1000.0,0.850,0.029750
1000.0,0.850,0.018004
1000.0,0.850,0.057416
1000.0,0.850,-0.029455
1000.0,0.850,0.040429
1000.0,0.850,0.046567
1000.0,0.850,-0.023894
1000.0,0.850,-0.023495
1000.0,0.850,0.019068
1000.0,0.850,-0.053283
1000.0,0.850,-0.006848
1000.0,0.850,0.082844
1000.0,0.850,0.065922
1000.0,0.850,-0.000659
1000.0,0.850,-0.009009
1000.0,0.850,-0.022209
1000.0,0.850,-0.043494
1000.0,0.850,0.050888
1000.0,0.850,0.004490
1000.0,0.850,0.015114
1000.0,0.850,0.069871
1000.0,0.850,0.066141
1000.0,0.850,0.032050
1000.0,0.850,-0.096226
1000.0,0.850,0.024247
1000.0,0.850,-0.094445
1000.0,0.850,-0.067389
1000.0,0.850,0.061441
1000.0,0.850,-0.012831
1000.0,0.850,-0.076465
1000.0,0.850,0.050535
1000.0,0.850,-0.039633
1000.0,0.850,-0.004486
1000.0,0.850,0.031532
1000.0,0.850,0.065598
1000.0,0.850,0.030985
1000.0,0.850,0.106490
1000.0,0.850,-0.001281
1000.0,0.850,0.017231
1000.0,0.850,-0.050810
1000.0,0.850,-0.059950
1000.0,0.850,-0.017351
1000.0,0.850,-0.002278
1000.0,0.850,0.045946
1000.0,0.850,0.022992
1000.0,0.903,0.014676
1000.0,0.903,0.038695
1000.0,0.903,0.067028
1000.0,0.903,0.023380
1000.0,0.903,-0.025837
1000.0,0.903,-0.058416
1000.0,0.903,0.002030
1000.0,0.903,0.024493
1000.0,0.903,-0.004039
1000.0,0.903,-0.036660
1000.0,0.903,0.012247
1000.0,0.903,0.014979
1000.0,0.903,0.006674
1000.0,0.903,0.115855
1000.0,0.903,-0.025814
1000.0,0.903,0.059174
1000.0,0.903,0.021498
1000.0,0.903,-0.018635
1000.0,0.903,0.006199
1000.0,0.903,0.028124
1000.0,0.903,0.009752
1000.0,0.903,-0.106532
1000.0,0.903,0.014128
1000.0,0.903,-0.017553
1000.0,0.903,0.010711
1000.0,0.903,-0.028060
1000.0,0.903,0.065007
1000.0,0.903,0.002396
1000.0,0.903,0.037852
1000.0,0.903,0.050084
1000.0,0.903,0.114245
1000.0,0.903,-0.019537
1000.0,0.903,0.016673
1000.0,0.903,-0.038192
1000.0,0.903,-0.119904
1000.0,0.903,-0.063397
1000.0,0.903,0.017934
1000.0,0.903,0.010850
1000.0,0.903,0.017279
1000.0,0.903,0.049800
1000.0,0.903,0.001126
1000.0,0.903,0.054957
1000.0,0.903,0.040202
1000.0,0.903,0.012681
1000.0,0.903,-0.035564
1000.0,0.903,0.013665
1000.0,0.903,0.080038
1000.0,0.903,0.006715
1000.0,0.903,0.046791
1000.0,0.903,0.045126
1000.0,0.903,0.028103
1000.0,0.903,0.050698
1000.0,0.903,0.025615
1000.0,0.903,0.069763
1000.0,0.903,-0.012628
1000.0,0.903,0.082424
1000.0,0.903,0.055396
1000.0,0.903,0.124891
1000.0,0.903,-0.024956
1000.0,0.903,0.062504
1000.0,0.903,0.099935
1000.0,0.903,-0.006997
1000.0,0.903,-0.036622
1000.0,0.903,0.007681
1000.0,0.903,-0.027077
1000.0,0.903,-0.018004
1000.0,0.903,0.106744
1000.0,0.903,0.053133
1000.0,0.903,-0.023280
1000.0,0.903,0.026807
1000.0,0.903,-0.037081
1000.0,0.903,-0.083013
1000.0,0.903,0.061115
1000.0,0.903,-0.018309
1000.0,0.903,0.060867
1000.0,0.903,0.167499
1000.0,0.903,0.094400
1000.0,0.903,0.002293
1000.0,0.903,-0.074686
1000.0,0.903,0.022217
1000.0,0.903,-0.039817
1000.0,0.903,-0.019679
1000.0,0.903,0.116922
1000.0,0.903,0.020671
1000.0,0.903,-0.010222
1000.0,0.903,0.076349
1000.0,0.903,-0.059529
1000.0,0.903,0.022679
1000.0,0.903,0.104708
1000.0,0.903,0.079534
1000.0,0.903,0.049991
1000.0,0.903,0.084749
1000.0,0.903,-0.021154
1000.0,0.903,0.049587
1000.0,0.903,-0.081254
1000.0,0.903,-0.063486
1000.0,0.903,0.022885
1000.0,0.903,0.007336
1000.0,0.903,0.072083
1000.0,0.903,0.053064
1000.0,0.950,0.034178
1000.0,0.950,0.098399
1000.0,0.950,0.066988
1000.0,0.950,0.052815
1000.0,0.950,-0.043568
1000.0,0.950,-0.055270
1000.0,0.950,-0.013293
1000.0,0.950,0.027890
1000.0,0.950,0.006911
1000.0,0.950,-0.063022
1000.0,0.950,-0.025489
1000.0,0.950,0.112946
1000.0,0.950,0.105831
1000.0,0.950,0.078288
1000.0,0.950,-0.022393
1000.0,0.950,0.052412
1000.0,0.950,0.039433
1000.0,0.950,-0.037237
1000.0,0.950,0.010574
1000.0,0.950,-0.005860
1000.0,0.950,-0.008135
1000.0,0.950,-0.061680
1000.0,0.950,0.083151
1000.0,0.950,0.051650
1000.0,0.950,0.034155
1000.0,0.950,-0.032150
1000.0,0.950,0.121325
1000.0,0.950,0.024791
1000.0,0.950,0.027647
1000.0,0.950,0.095945
1000.0,0.950,0.120647
1000.0,0.950,-0.069869
1000.0,0.950,0.080466
1000.0,0.950,0.014995
1000.0,0.950,-0.081511
1000.0,0.950,-0.029301
1000.0,0.950,-0.008186
1000.0,0.950,0.061658
1000.0,0.950,0.112600
1000.0,0.950,0.053454
1000.0,0.950,-0.013187
1000.0,0.950,0.059370
1000.0,0.950,0.042741
1000.0,0.950,-0.011056
1000.0,0.950,-0.087498
1000.0,0.950,0.008244
1000.0,0.950,0.098393
1000.0,0.950,0.036652
1000.0,0.950,0.064357
1000.0,0.950,0.043937
1000.0,0.950,0.017803
1000.0,0.950,0.068283
1000.0,0.950,0.036053
1000.0,0.950,0.057185
1000.0,0.950,-0.003831
1000.0,0.950,0.114043
1000.0,0.950,0.054336
1000.0,0.950,0.157600
1000.0,0.950,0.031535
1000.0,0.950,0.076727
1000.0,0.950,0.106325
1000.0,0.950,-0.021030
1000.0,0.950,-0.027301
1000.0,0.950,0.006188
1000.0,0.950,-0.015955
1000.0,0.950,0.039758
1000.0,0.950,0.095112
1000.0,0.950,0.083388
1000.0,0.950,0.016711
1000.0,0.950,0.058212
1000.0,0.950,-0.035705
1000.0,0.950,-0.068206
1000.0,0.950,0.116877
1000.0,0.950,0.050812
1000.0,0.950,0.084179
1000.0,0.950,0.225439
1000.0,0.950,0.095785
1000.0,0.950,0.057988
1000.0,0.950,-0.050309
1000.0,0.950,0.031275
1000.0,0.950,-0.011091
1000.0,0.950,-0.050807
1000.0,0.950,0.152991
1000.0,0.950,0.007740
1000.0,0.950,-0.011706
1000.0,0.950,0.081177
1000.0,0.950,-0.053456
1000.0,0.950,0.043033
1000.0,0.950,0.133317
1000.0,0.950,0.092271
1000.0,0.950,0.057304
1000.0,0.950,0.049638
1000.0,0.950,-0.075064
1000.0,0.950,0.058925
1000.0,0.950,-0.083944
1000.0,0.950,-0.020446
1000.0,0.950,0.090222
1000.0,0.950,0.021962
1000.0,0.950,0.003029
1000.0,0.950,0.028472
1000.0,0.850,-0.073536
1000.0,0.850,-0.047570
1000.0,0.850,0.012843
1000.0,0.850,0.020279
1000.0,0.850,-0.055021
1000.0,0.850,0.077321
1000.0,0.850,0.021468
1000.0,0.850,0.028914
1000.0,0.850,0.038622
1000.0,0.850,-0.011882
1000.0,0.850,0.060739
1000.0,0.850,0.029551
1000.0,0.850,0.010685
1000.0,0.850,-0.093331
1000.0,0.850,0.039515
1000.0,0.850,-0.005803
1000.0,0.850,0.041824
1000.0,0.850,0.152498
1000.0,0.850,0.045005
1000.0,0.850,0.004071
1000.0,0.850,0.013475
1000.0,0.850,0.017957
1000.0,0.850,0.042411
1000.0,0.850,-0.005687
1000.0,0.850,0.030339
1000.0,0.850,0.036148
1000.0,0.850,0.047390
1000.0,0.850,-0.000356
1000.0,0.850,0.043109
1000.0,0.850,0.062459
1000.0,0.850,0.032365
1000.0,0.850,0.002507
1000.0,0.850,0.036275
1000.0,0.850,-0.002727
1000.0,0.850,0.067860
1000.0,0.850,0.024026
1000.0,0.850,-0.001657
1000.0,0.850,0.026785
1000.0,0.850,0.030589
1000.0,0.850,0.087297
1000.0,0.850,0.045881
1000.0,0.850,0.031970
1000.0,0.850,-0.070519
1000.0,0.850,0.027061
1000.0,0.850,0.009545
1000.0,0.850,-0.016541
1000.0,0.850,0.036880
1000.0,0.850,0.067844
1000.0,0.850,0.086921
1000.0,0.850,0.062339
1000.0,0.850,-0.057906
1000.0,0.850,-0.001761
1000.0,0.850,-0.016293
1000.0,0.850,0.094274
1000.0,0.850,0.027644
1000.0,0.850,0.029465
1000.0,0.850,-0.008966
1000.0,0.850,0.046228
1000.0,0.850,0.096906
1000.0,0.850,0.005754
1000.0,0.850,-0.009275
1000.0,0.850,0.001503
1000.0,0.850,-0.022413
1000.0,0.850,0.062190
1000.0,0.850,0.036281
1000.0,0.850,-0.028830
1000.0,0.850,-0.009274
1000.0,0.850,0.007540
1000.0,0.850,-0.000260
1000.0,0.850,0.037721
1000.0,0.850,0.067259
1000.0,0.850,0.062981
1000.0,0.850,0.040342
1000.0,0.850,-0.007559
1000.0,0.850,0.067326
1000.0,0.850,0.039619
1000.0,0.850,0.006748
1000.0,0.850,0.010110
1000.0,0.850,0.015674
1000.0,0.850,0.030993
1000.0,0.850,-0.058651
1000.0,0.850,0.003181
1000.0,0.850,-0.023692
1000.0,0.850,-0.008896
1000.0,0.850,0.009278
1000.0,0.850,-0.032141
1000.0,0.850,0.033389
1000.0,0.850,0.059107
1000.0,0.850,0.024210
1000.0,0.850,-0.106601
1000.0,0.850,0.034689
1000.0,0.850,0.021222
1000.0,0.850,0.018688
1000.0,0.850,0.083286
1000.0,0.850,-0.016274
1000.0,0.850,-0.001375
1000.0,0.850,0.052680
1000.0,0.850,0.015212
1000.0,0.850,-0.137783
1000.0,0.850,0.013245
1000.0,0.903,-0.024198
1000.0,0.903,-0.059180
1000.0,0.903,0.007867
1000.0,0.903,0.031657
1000.0,0.903,-0.074710
1000.0,0.903,0.085294
1000.0,0.903,0.037187
1000.0,0.903,0.055629
1000.0,0.903,0.016289
1000.0,0.903,-0.075830
1000.0,0.903,0.080821
1000.0,0.903,0.047596
1000.0,0.903,0.009955
1000.0,0.903,-0.025286
1000.0,0.903,0.091110
1000.0,0.903,-0.040643
1000.0,0.903,0.119684
1000.0,0.903,0.195264
1000.0,0.903,0.068214
1000.0,0.903,0.011968
1000.0,0.903,0.078976
1000.0,0.903,0.055768
1000.0,0.903,0.091547
1000.0,0.903,-0.001858
1000.0,0.903,0.032074
1000.0,0.903,0.026757
1000.0,0.903,0.076484
1000.0,0.903,-0.015271
1000.0,0.903,0.062638
1000.0,0.903,-0.008680
1000.0,0.903,0.095049
1000.0,0.903,0.018174
1000.0,0.903,0.031808
1000.0,0.903,-0.025253
1000.0,0.903,0.084425
1000.0,0.903,0.051358
1000.0,0.903,0.044917
1000.0,0.903,0.080273
1000.0,0.903,-0.003675
1000.0,0.903,0.122274
1000.0,0.903,0.057490
1000.0,0.903,0.005557
1000.0,0.903,-0.015406
1000.0,0.903,-0.006807
1000.0,0.903,0.007100
1000.0,0.903,0.068940
1000.0,0.903,0.142960
1000.0,0.903,0.091527
1000.0,0.903,0.137474
1000.0,0.903,0.075147
1000.0,0.903,-0.047403
1000.0,0.903,-0.025288
1000.0,0.903,-0.006618
1000.0,0.903,0.109198
1000.0,0.903,0.021253
1000.0,0.903,-0.011095
1000.0,0.903,0.040663
1000.0,0.903,0.080997
1000.0,0.903,0.073009
1000.0,0.903,0.023410
1000.0,0.903,-0.024814
1000.0,0.903,-0.020020
1000.0,0.903,0.013422
1000.0,0.903,0.088859
1000.0,0.903,0.086634
1000.0,0.903,0.014555
1000.0,0.903,0.063384
1000.0,0.903,0.035595
1000.0,0.903,0.043485
1000.0,0.903,0.086359
1000.0,0.903,0.101727
1000.0,0.903,0.105458
1000.0,0.903,-0.003164
1000.0,0.903,0.035592
1000.0,0.903,0.077474
1000.0,0.903,0.041394
1000.0,0.903,0.030237
1000.0,0.903,0.000565
1000.0,0.903,0.129125
1000.0,0.903,0.008497
1000.0,0.903,-0.029302
1000.0,0.903,-0.006719
1000.0,0.903,-0.068206
1000.0,0.903,0.019333
1000.0,0.903,0.048891
1000.0,0.903,-0.043857
1000.0,0.903,0.024105
1000.0,0.903,0.110828
1000.0,0.903,0.011832
1000.0,0.903,-0.137744
1000.0,0.903,0.111660
1000.0,0.903,0.077420
1000.0,0.903,0.044690
1000.0,0.903,0.097070
1000.0,0.903,0.025667
1000.0,0.903,-0.015293
1000.0,0.903,0.062089
1000.0,0.903,0.047867
1000.0,0.903,-0.100464
1000.0,0.903,0.080015
1000.0,0.950,-0.013019
1000.0,0.950,-0.047326
1000.0,0.950,-0.004146
1000.0,0.950,0.067716
1000.0,0.950,-0.103614
1000.0,0.950,0.077238
1000.0,0.950,0.031530
1000.0,0.950,0.084330
1000.0,0.950,0.021141
1000.0,0.950,-0.084067
1000.0,0.950,0.152283
1000.0,0.950,0.060525
1000.0,0.950,0.053275
1000.0,0.950,-0.009256
1000.0,0.950,0.090607
1000.0,0.950,-0.027628
1000.0,0.950,0.145239
1000.0,0.950,0.205315
1000.0,0.950,0.094370
1000.0,0.950,0.026892
1000.0,0.950,0.113912
1000.0,0.950,0.075743
1000.0,0.950,0.084120
1000.0,0.950,-0.013115
1000.0,0.950,0.075362
1000.0,0.950,0.018288
1000.0,0.950,0.071545
1000.0,0.950,0.056062
1000.0,0.950,0.029179
1000.0,0.950,0.008702
1000.0,0.950,0.080123
1000.0,0.950,-0.046821
1000.0,0.950,0.057189
1000.0,0.950,0.020318
1000.0,0.950,0.092343
1000.0,0.950,0.007204
1000.0,0.950,0.049421
1000.0,0.950,0.068231
1000.0,0.950,0.007991
1000.0,0.950,0.157332
1000.0,0.950,0.085446
1000.0,0.950,-0.005393
1000.0,0.950,-0.011464
1000.0,0.950,0.075689
1000.0,0.950,0.002661
1000.0,0.950,0.121764
1000.0,0.950,0.123313
1000.0,0.950,0.089779
1000.0,0.950,0.142560
1000.0,0.950,0.070777
1000.0,0.950,-0.015342
1000.0,0.950,0.000600
1000.0,0.950,-0.036630
1000.0,0.950,0.107990
1000.0,0.950,-0.031487
1000.0,0.950,-0.073179
1000.0,0.950,0.131927
1000.0,0.950,0.097301
1000.0,0.950,0.080801
1000.0,0.950,-0.060763
1000.0,0.950,0.029932
1000.0,0.950,-0.045823
1000.0,0.950,-0.008226
1000.0,0.950,0.119042
1000.0,0.950,0.123794
1000.0,0.950,-0.024108
1000.0,0.950,0.074540
1000.0,0.950,-0.002241
1000.0,0.950,0.020353
1000.0,0.950,0.083949
1000.0,0.950,0.066792
1000.0,0.950,0.136312
1000.0,0.950,-0.008454
1000.0,0.950,0.070274
1000.0,0.950,0.068670
1000.0,0.950,0.021392
1000.0,0.950,0.028187
1000.0,0.950,0.034895
1000.0,0.950,0.144718
1000.0,0.950,-0.027860
1000.0,0.950,-0.064336
1000.0,0.950,0.025668
1000.0,0.950,-0.096115
1000.0,0.950,-0.020574
1000.0,0.950,0.057261
1000.0,0.950,0.002806
1000.0,0.950,-0.019126
1000.0,0.950,0.114094
1000.0,0.950,0.066873
1000.0,0.950,-0.121866
1000.0,0.950,0.078843
1000.0,0.950,0.078994
1000.0,0.950,0.064630
1000.0,0.950,0.044081
1000.0,0.950,0.044085
1000.0,0.950,0.002248
1000.0,0.950,0.092561
1000.0,0.950,-0.013234
1000.0,0.950,-0.098108
1000.0,0.950,0.101144
1000.0,0.850,-0.049306
1000.0,0.850,0.045660
1000.0,0.850,0.006597
1000.0,0.850,-0.022517
1000.0,0.850,-0.020211
1000.0,0.850,0.000609
1000.0,0.850,0.031766
1000.0,0.850,0.054706
1000.0,0.850,-0.037847
1000.0,0.850,0.066240
1000.0,0.850,-0.049175
1000.0,0.850,-0.035233
1000.0,0.850,0.034246
1000.0,0.850,0.081466
1000.0,0.850,0.066410
1000.0,0.850,-0.007746
1000.0,0.850,0.082742
1000.0,0.850,0.017010
1000.0,0.850,0.015535
1000.0,0.850,0.020635
1000.0,0.850,-0.027478
1000.0,0.850,0.053981
1000.0,0.850,-0.039651
1000.0,0.850,0.017982
1000.0,0.850,-0.002903
1000.0,0.850,0.089044
1000.0,0.850,0.008865
1000.0,0.850,-0.025614
1000.0,0.850,-0.046064
1000.0,0.850,0.016453
1000.0,0.850,0.031836
1000.0,0.850,0.016557
1000.0,0.850,0.033762
1000.0,0.850,0.014225
1000.0,0.850,-0.000456
1000.0,0.850,0.055469
1000.0,0.850,-0.006761
1000.0,0.850,-0.046100
1000.0,0.850,-0.031294
1000.0,0.850,-0.056629
1000.0,0.850,0.096545
1000.0,0.850,0.058893
1000.0,0.850,0.077773
1000.0,0.850,0.064008
1000.0,0.850,-0.004523
1000.0,0.850,-0.050052
1000.0,0.850,0.046964
1000.0,0.850,-0.037335
1000.0,0.850,-0.010424
1000.0,0.850,0.059100
1000.0,0.850,0.029528
1000.0,0.850,0.026013
1000.0,0.850,-0.047834
1000.0,0.850,-0.002849
1000.0,0.850,-0.025019
1000.0,0.850,-0.075869
1000.0,0.850,-0.006151
1000.0,0.850,0.054811
1000.0,0.850,0.012583
1000.0,0.850,-0.020078
1000.0,0.850,-0.016391
1000.0,0.850,0.027816
1000.0,0.850,-0.046246
1000.0,0.850,0.072905
1000.0,0.850,0.029591
1000.0,0.850,-0.013489
1000.0,0.850,-0.005674
1000.0,0.850,0.048112
1000.0,0.850,-0.008236
1000.0,0.850,0.056793
1000.0,0.850,-0.021111
1000.0,0.850,0.020484
1000.0,0.850,0.002358
1000.0,0.850,0.043644
1000.0,0.850,0.053271
1000.0,0.850,0.007720
1000.0,0.850,-0.037837
1000.0,0.850,-0.023216
1000.0,0.850,-0.030447
1000.0,0.850,0.092244
1000.0,0.850,0.086491
1000.0,0.850,-0.025611
1000.0,0.850,0.003476
1000.0,0.850,-0.019585
1000.0,0.850,-0.056429
1000.0,0.850,-0.041343
1000.0,0.850,-0.028176
1000.0,0.850,0.011205
1000.0,0.850,-0.033572
1000.0,0.850,0.025040
1000.0,0.850,0.017246
1000.0,0.850,0.095710
1000.0,0.850,0.033294
1000.0,0.850,0.069401
1000.0,0.850,-0.013722
1000.0,0.850,-0.048307
1000.0,0.850,-0.007131
1000.0,0.850,-0.073297
1000.0,0.850,0.046241
1000.0,0.850,0.031085
1000.0,0.903,-0.039800
1000.0,0.903,0.080475
1000.0,0.903,-0.015705
1000.0,0.903,-0.012819
1000.0,0.903,0.035149
1000.0,0.903,0.018024
1000.0,0.903,0.005417
1000.0,0.903,0.041866
1000.0,0.903,-0.009642
1000.0,0.903,0.041169
1000.0,0.903,-0.028631
1000.0,0.903,0.010178
1000.0,0.903,0.039980
1000.0,0.903,0.079106
1000.0,0.903,0.105061
1000.0,0.903,0.038832
1000.0,0.903,0.068377
1000.0,0.903,0.044708
1000.0,0.903,-0.017851
1000.0,0.903,0.141243
1000.0,0.903,-0.015226
1000.0,0.903,0.084546
1000.0,0.903,-0.055600
1000.0,0.903,0.014408
1000.0,0.903,-0.025243
1000.0,0.903,0.104348
1000.0,0.903,-0.001658
1000.0,0.903,-0.011627
1000.0,0.903,-0.061454
1000.0,0.903,-0.012193
1000.0,0.903,0.057872
1000.0,0.903,-0.001218
1000.0,0.903,0.046251
1000.0,0.903,0.017168
1000.0,0.903,0.011731
1000.0,0.903,0.047677
1000.0,0.903,0.023770
1000.0,0.903,-0.078575
1000.0,0.903,0.006763
1000.0,0.903,-0.038043
1000.0,0.903,0.067926
1000.0,0.903,0.089332
1000.0,0.903,0.088397
1000.0,0.903,0.123709
1000.0,0.903,-0.002541
1000.0,0.903,-0.057982
1000.0,0.903,0.017101
1000.0,0.903,-0.021209
1000.0,0.903,0.032320
1000.0,0.903,0.081838
1000.0,0.903,0.064980
1000.0,0.903,0.003421
1000.0,0.903,-0.034613
1000.0,0.903,0.009879
1000.0,0.903,0.007251
1000.0,0.903,-0.116552
1000.0,0.903,0.013546
1000.0,0.903,0.095384
1000.0,0.903,0.011650
1000.0,0.903,-0.007463
1000.0,0.903,-0.042168
1000.0,0.903,0.051650
1000.0,0.903,-0.011889
1000.0,0.903,0.082930
1000.0,0.903,0.054752
1000.0,0.903,-0.015990
1000.0,0.903,-0.035949
1000.0,0.903,0.063846
1000.0,0.903,-0.037677
1000.0,0.903,0.064157
1000.0,0.903,0.007258
1000.0,0.903,0.027875
1000.0,0.903,0.037000
1000.0,0.903,-0.012790
1000.0,0.903,0.008499
1000.0,0.903,0.064747
1000.0,0.903,0.010682
1000.0,0.903,0.009604
1000.0,0.903,-0.018017
1000.0,0.903,0.112614
1000.0,0.903,0.049046
1000.0,0.903,0.014787
1000.0,0.903,0.016414
1000.0,0.903,0.052347
1000.0,0.903,-0.055213
1000.0,0.903,-0.051063
1000.0,0.903,-0.018565
1000.0,0.903,-0.012923
1000.0,0.903,0.018630
1000.0,0.903,0.017772
1000.0,0.903,0.022197
1000.0,0.903,0.131106
1000.0,0.903,0.077149
1000.0,0.903,0.044169
1000.0,0.903,0.024076
1000.0,0.903,-0.016522
1000.0,0.903,0.031815
1000.0,0.903,0.004124
1000.0,0.903,0.031956
1000.0,0.903,0.022085
1000.0,0.950,0.041447
1000.0,0.950,0.048940
1000.0,0.950,-0.057818
1000.0,0.950,-0.049965
1000.0,0.950,0.067363
1000.0,0.950,0.084238
1000.0,0.950,0.001255
1000.0,0.950,0.079324
1000.0,0.950,0.075624
1000.0,0.950,0.001781
1000.0,0.950,-0.010037
1000.0,0.950,0.063803
1000.0,0.950,0.053671
1000.0,0.950,0.098309
1000.0,0.950,0.084480
1000.0,0.950,0.082396
1000.0,0.950,0.140270
1000.0,0.950,0.062851
1000.0,0.950,0.001849
1000.0,0.950,0.134674
1000.0,0.950,0.005922
1000.0,0.950,0.105114
1000.0,0.950,-0.045736
1000.0,0.950,-0.006092
1000.0,0.950,0.041805
1000.0,0.950,0.114018
1000.0,0.950,0.031952
1000.0,0.950,0.022529
1000.0,0.950,-0.099046
1000.0,0.950,0.074296
1000.0,0.950,0.083126
1000.0,0.950,-0.076024
1000.0,0.950,0.079619
1000.0,0.950,0.057279
1000.0,0.950,-0.032571
1000.0,0.950,0.016071
1000.0,0.950,0.109910
1000.0,0.950,-0.081578
1000.0,0.950,0.045568
1000.0,0.950,-0.010360
1000.0,0.950,0.116383
1000.0,0.950,0.147589
1000.0,0.950,0.039351
1000.0,0.950,0.149499
1000.0,0.950,0.004213
1000.0,0.950,-0.038301
1000.0,0.950,-0.041752
1000.0,0.950,-0.034095
1000.0,0.950,0.074448
1000.0,0.950,0.075564
1000.0,0.950,0.067621
1000.0,0.950,-0.059013
1000.0,0.950,0.038954
1000.0,0.950,-0.051114
1000.0,0.950,0.035438
1000.0,0.950,-0.115532
1000.0,0.950,0.085600
1000.0,0.950,0.064504
1000.0,0.950,0.070276
1000.0,0.950,-0.050880
1000.0,0.950,0.011315
1000.0,0.950,0.030889
1000.0,0.950,-0.024183
1000.0,0.950,0.086355
1000.0,0.950,0.129341
1000.0,0.950,0.013989
1000.0,0.950,-0.023550
1000.0,0.950,0.032054
1000.0,0.950,0.010206
1000.0,0.950,0.082590
1000.0,0.950,0.055476
1000.0,0.950,0.058717
1000.0,0.950,0.040249
1000.0,0.950,0.001693
1000.0,0.950,0.048406
1000.0,0.950,0.084848
1000.0,0.950,0.003886
1000.0,0.950,0.045297
1000.0,0.950,-0.035374
1000.0,0.950,0.117595
1000.0,0.950,0.045979
1000.0,0.950,0.034507
1000.0,0.950,0.016486
1000.0,0.950,0.033524
1000.0,0.950,-0.078575
1000.0,0.950,-0.047831
1000.0,0.950,-0.078602
1000.0,0.950,0.000458
1000.0,0.950,0.021456
1000.0,0.950,-0.047439
1000.0,0.950,0.064866
1000.0,0.950,0.127457
1000.0,0.950,0.080660
1000.0,0.950,0.051491
1000.0,0.950,0.074081
1000.0,0.950,0.051629
1000.0,0.950,0.070531
1000.0,0.950,0.046848
1000.0,0.950,0.027679
1000.0,0.950,0.033023
1000.0,0.850,0.017363
1000.0,0.850,0.056099
1000.0,0.850,0.053523
1000.0,0.850,0.019470
1000.0,0.850,0.037879
1000.0,0.850,0.055438
1000.0,0.850,0.046289
1000.0,0.850,-0.032694
1000.0,0.850,-0.039589
1000.0,0.850,0.033809
1000.0,0.850,0.056311
1000.0,0.850,-0.079913
1000.0,0.850,0.027661
1000.0,0.850,-0.062240
1000.0,0.850,-0.001842
1000.0,0.850,-0.071049
1000.0,0.850,-0.027673
1000.0,0.850,-0.046629
1000.0,0.850,0.045419
1000.0,0.850,0.015545
1000.0,0.850,-0.042767
1000.0,0.850,-0.039642
1000.0,0.850,-0.045318
1000.0,0.850,0.057189
1000.0,0.850,0.020308
1000.0,0.850,0.030870
1000.0,0.850,0.077516
1000.0,0.850,0.061978
1000.0,0.850,-0.001884
1000.0,0.850,0.031741
1000.0,0.850,-0.016788
1000.0,0.850,0.012864
1000.0,0.850,0.016779
1000.0,0.850,-0.028055
1000.0,0.850,-0.039932
1000.0,0.850,0.104828
1000.0,0.850,0.016603
1000.0,0.850,-0.027990
1000.0,0.850,0.034126
1000.0,0.850,0.025884
1000.0,0.850,-0.012204
1000.0,0.850,0.012092
1000.0,0.850,0.041740
1000.0,0.850,-0.046503
1000.0,0.850,0.028730
1000.0,0.850,0.029269
1000.0,0.850,0.016561
1000.0,0.850,-0.037315
1000.0,0.850,0.010863
1000.0,0.850,0.029816
1000.0,0.850,-0.000679
1000.0,0.850,-0.017674
1000.0,0.850,0.028765
1000.0,0.850,0.035823
1000.0,0.850,0.043880
1000.0,0.850,0.026599
1000.0,0.850,0.016296
1000.0,0.850,-0.011026
1000.0,0.850,0.022984
1000.0,0.850,0.058586
1000.0,0.850,-0.064225
1000.0,0.850,-0.008076
1000.0,0.850,-0.040108
1000.0,0.850,0.006533
1000.0,0.850,0.050293
1000.0,0.850,0.083264
1000.0,0.850,0.000336
1000.0,0.850,-0.087276
1000.0,0.850,0.025507
1000.0,0.850,-0.014179
1000.0,0.850,-0.044697
1000.0,0.850,-0.065078
1000.0,0.850,-0.048987
1000.0,0.850,-0.018423
1000.0,0.850,0.053803
1000.0,0.850,-0.051282
1000.0,0.850,-0.051968
1000.0,0.850,0.065124
1000.0,0.850,0.019024
1000.0,0.850,0.057663
1000.0,0.850,0.102325
1000.0,0.850,-0.068640
1000.0,0.850,0.032973
1000.0,0.850,0.049484
1000.0,0.850,-0.042415
1000.0,0.850,0.057868
1000.0,0.850,0.007156
1000.0,0.850,0.041090
1000.0,0.850,0.037717
1000.0,0.850,-0.048344
1000.0,0.850,0.080940
1000.0,0.850,0.022950
1000.0,0.850,0.025718
1000.0,0.850,-0.010209
1000.0,0.850,0.107369
1000.0,0.850,-0.012098
1000.0,0.850,0.035292
1000.0,0.850,0.064605
1000.0,0.850,0.009904
1000.0,0.850,-0.016379
1000.0,0.903,-0.008740
1000.0,0.903,0.045761
1000.0,0.903,0.050615
1000.0,0.903,0.014868
1000.0,0.903,-0.026333
1000.0,0.903,0.056401
1000.0,0.903,0.025323
1000.0,0.903,-0.037284
1000.0,0.903,-0.032241
1000.0,0.903,0.120019
1000.0,0.903,0.028990
1000.0,0.903,-0.032243
1000.0,0.903,0.030960
1000.0,0.903,-0.056306
1000.0,0.903,0.029487
1000.0,0.903,0.031393
1000.0,0.903,-0.063258
1000.0,0.903,-0.069136
1000.0,0.903,0.020126
1000.0,0.903,0.034619
1000.0,0.903,-0.021730
1000.0,0.903,-0.092507
1000.0,0.903,-0.050166
1000.0,0.903,0.054275
1000.0,0.903,0.011332
1000.0,0.903,0.043098
1000.0,0.903,0.112631
1000.0,0.903,0.032881
1000.0,0.903,0.004838
1000.0,0.903,0.044383
1000.0,0.903,0.036397
1000.0,0.903,0.047876
1000.0,0.903,0.053851
1000.0,0.903,0.005455
1000.0,0.903,0.007756
1000.0,0.903,0.080126
1000.0,0.903,0.012210
1000.0,0.903,-0.057829
1000.0,0.903,0.013965
1000.0,0.903,-0.023363
1000.0,0.903,0.016620
1000.0,0.903,0.055113
1000.0,0.903,0.030710
1000.0,0.903,-0.064207
1000.0,0.903,0.014971
1000.0,0.903,-0.029992
1000.0,0.903,0.004995
1000.0,0.903,0.015737
1000.0,0.903,0.008602
1000.0,0.903,0.018481
1000.0,0.903,-0.001067
1000.0,0.903,0.052104
1000.0,0.903,0.019552
1000.0,0.903,0.077756
1000.0,0.903,0.021265
1000.0,0.903,0.060866
1000.0,0.903,0.003927
1000.0,0.903,-0.048409
1000.0,0.903,0.052233
1000.0,0.903,0.125855
1000.0,0.903,-0.146673
1000.0,0.903,0.000859
1000.0,0.903,-0.029388
1000.0,0.903,0.008775
1000.0,0.903,0.011768
1000.0,0.903,0.050950
1000.0,0.903,-0.009954
1000.0,0.903,-0.033376
1000.0,0.903,0.019462
1000.0,0.903,-0.025570
1000.0,0.903,-0.013542
1000.0,0.903,-0.055334
1000.0,0.903,-0.073681
1000.0,0.903,-0.012022
1000.0,0.903,0.059116
1000.0,0.903,-0.011917
1000.0,0.903,-0.069490
1000.0,0.903,0.040915
1000.0,0.903,-0.028488
1000.0,0.903,0.059692
1000.0,0.903,0.076350
1000.0,0.903,-0.058481
1000.0,0.903,-0.017056
1000.0,0.903,0.026691
1000.0,0.903,-0.037395
1000.0,0.903,0.119375
1000.0,0.903,0.063332
1000.0,0.903,0.058862
1000.0,0.903,0.083573
1000.0,0.903,-0.038952
1000.0,0.903,0.058738
1000.0,0.903,0.008734
1000.0,0.903,-0.006311
1000.0,0.903,0.023785
1000.0,0.903,0.095817
1000.0,0.903,-0.062205
1000.0,0.903,-0.015915
1000.0,0.903,0.012097
1000.0,0.903,0.026323
1000.0,0.903,0.028035
1000.0,0.950,-0.003099
1000.0,0.950,0.033784
1000.0,0.950,0.093391
1000.0,0.950,0.024957
1000.0,0.950,-0.039671
1000.0,0.950,0.000467
1000.0,0.950,-0.038948
1000.0,0.950,-0.016690
1000.0,0.950,-0.012773
1000.0,0.950,0.083174
1000.0,0.950,-0.000726
1000.0,0.950,-0.005808
1000.0,0.950,-0.007417
1000.0,0.950,-0.035395
1000.0,0.950,0.010405
1000.0,0.950,0.028136
1000.0,0.950,-0.059295
1000.0,0.950,-0.049869
1000.0,0.950,-0.021554
1000.0,0.950,0.017477
1000.0,0.950,-0.008635
1000.0,0.950,-0.088716
1000.0,0.950,-0.039117
1000.0,0.950,0.122071
1000.0,0.950,0.033892
1000.0,0.950,0.002484
1000.0,0.950,0.102059
1000.0,0.950,0.099927
1000.0,0.950,0.068278
1000.0,0.950,0.039233
1000.0,0.950,0.004552
1000.0,0.950,0.085755
1000.0,0.950,0.034545
1000.0,0.950,0.020319
1000.0,0.950,0.029024
1000.0,0.950,0.046618
1000.0,0.950,0.032430
1000.0,0.950,-0.051838
1000.0,0.950,0.016584
1000.0,0.950,-0.068025
1000.0,0.950,0.081645
1000.0,0.950,0.069789
1000.0,0.950,0.036104
1000.0,0.950,-0.062146
1000.0,0.950,0.030015
1000.0,0.950,0.085123
1000.0,0.950,-0.005946
1000.0,0.950,-0.002635
1000.0,0.950,0.011567
1000.0,0.950,0.010441
1000.0,0.950,0.008535
1000.0,0.950,0.085331
1000.0,0.950,-0.012565
1000.0,0.950,0.053915
1000.0,0.950,0.050909
1000.0,0.950,0.053710
1000.0,0.950,0.046552
1000.0,0.950,0.035711
1000.0,0.950,-0.021578
1000.0,0.950,0.132273
1000.0,0.950,-0.120489
1000.0,0.950,0.034443
1000.0,0.950,0.007830
1000.0,0.950,-0.021647
1000.0,0.950,-0.001694
1000.0,0.950,-0.033697
1000.0,0.950,-0.039558
1000.0,0.950,0.036289
1000.0,0.950,0.081274
1000.0,0.950,-0.016493
1000.0,0.950,0.051674
1000.0,0.950,-0.048602
1000.0,0.950,-0.086372
1000.0,0.950,0.017921
1000.0,0.950,0.029332
1000.0,0.950,0.005833
1000.0,0.950,-0.053019
1000.0,0.950,0.016012
1000.0,0.950,-0.013318
1000.0,0.950,0.002452
1000.0,0.950,0.000746
1000.0,0.950,-0.061600
1000.0,0.950,-0.009547
1000.0,0.950,0.043560
1000.0,0.950,-0.002113
1000.0,0.950,0.066775
1000.0,0.950,0.062143
1000.0,0.950,0.135367
1000.0,0.950,0.058178
1000.0,0.950,0.011980
1000.0,0.950,0.017264
1000.0,0.950,-0.013117
1000.0,0.950,0.009758
1000.0,0.950,0.054766
1000.0,0.950,0.093929
1000.0,0.950,0.041874
1000.0,0.950,-0.008426
1000.0,0.950,-0.008459
1000.0,0.950,0.056694
1000.0,0.950,-0.009031
1000.0,0.850,-0.080379
1000.0,0.850,-0.042673
1000.0,0.850,-0.009119
1000.0,0.850,0.059975
1000.0,0.850,0.056575
1000.0,0.850,-0.039169
1000.0,0.850,0.039928
1000.0,0.850,0.042497
1000.0,0.850,0.053879
1000.0,0.850,0.038407
1000.0,0.850,-0.009666
1000.0,0.850,0.077299
1000.0,0.850,-0.045577
1000.0,0.850,-0.081361
1000.0,0.850,0.065628
1000.0,0.850,0.043558
1000.0,0.850,0.044362
1000.0,0.850,0.021027
1000.0,0.850,0.065738
1000.0,0.850,0.019126
1000.0,0.850,-0.044945
1000.0,0.850,-0.049704
1000.0,0.850,0.015181
1000.0,0.850,0.030010
1000.0,0.850,0.027653
1000.0,0.850,0.070511
1000.0,0.850,-0.016087
1000.0,0.850,0.041861
1000.0,0.850,0.030938
1000.0,0.850,0.045629
1000.0,0.850,0.001911
1000.0,0.850,-0.037199
1000.0,0.850,-0.070366
1000.0,0.850,-0.019351
1000.0,0.850,0.010650
1000.0,0.850,0.059880
1000.0,0.850,-0.000010
1000.0,0.850,-0.004086
1000.0,0.850,-0.002113
1000.0,0.850,0.049281
1000.0,0.850,0.081857
1000.0,0.850,0.004266
1000.0,0.850,0.046120
1000.0,0.850,0.024148
1000.0,0.850,0.016132
1000.0,0.850,0.076975
1000.0,0.850,0.011111
1000.0,0.850,0.025834
1000.0,0.850,0.033884
1000.0,0.850,0.004744
1000.0,0.850,0.053453
1000.0,0.850,-0.045288
1000.0,0.850,-0.019949
1000.0,0.850,0.024937
1000.0,0.850,0.049014
1000.0,0.850,0.027535
1000.0,0.850,0.032353
1000.0,0.850,0.035956
1000.0,0.850,0.016391
1000.0,0.850,0.001696
1000.0,0.850,-0.004735
1000.0,0.850,-0.004590
1000.0,0.850,-0.030980
1000.0,0.850,0.018844
1000.0,0.850,0.052224
1000.0,0.850,-0.033853
1000.0,0.850,0.045983
1000.0,0.850,0.018657
1000.0,0.850,-0.061324
1000.0,0.850,-0.035084
1000.0,0.850,-0.009489
1000.0,0.850,0.010823
1000.0,0.850,0.035546
1000.0,0.850,-0.046843
1000.0,0.850,0.014262
1000.0,0.850,-0.080622
1000.0,0.850,0.043372
1000.0,0.850,0.021671
1000.0,0.850,0.059026
1000.0,0.850,-0.017996
1000.0,0.850,0.000939
1000.0,0.850,0.001084
1000.0,0.850,0.035372
1000.0,0.850,0.030071
1000.0,0.850,-0.050644
1000.0,0.850,0.043105
1000.0,0.850,0.015276
1000.0,0.850,0.082611
1000.0,0.850,-0.044612
1000.0,0.850,0.011441
1000.0,0.850,0.007968
1000.0,0.850,0.026311
1000.0,0.850,0.013597
1000.0,0.850,0.027118
1000.0,0.850,0.050211
1000.0,0.850,-0.046170
1000.0,0.850,0.102686
1000.0,0.850,-0.076498
1000.0,0.850,0.035124
1000.0,0.850,-0.070943
1000.0,0.903,-0.103371
1000.0,0.903,-0.059858
1000.0,0.903,0.009474
1000.0,0.903,0.119637
1000.0,0.903,0.044324
1000.0,0.903,-0.069320
1000.0,0.903,0.029573
1000.0,0.903,0.066809
1000.0,0.903,0.084205
1000.0,0.903,0.033963
1000.0,0.903,-0.023038
1000.0,0.903,0.076907
1000.0,0.903,-0.033808
1000.0,0.903,-0.093556
1000.0,0.903,0.038790
1000.0,0.903,0.074760
1000.0,0.903,0.028250
1000.0,0.903,0.030906
1000.0,0.903,0.066122
1000.0,0.903,0.009685
1000.0,0.903,-0.023246
1000.0,0.903,-0.030794
1000.0,0.903,0.009388
1000.0,0.903,0.006885
1000.0,0.903,0.072923
1000.0,0.903,0.075857
1000.0,0.903,-0.084869
1000.0,0.903,0.033509
1000.0,0.903,-0.011969
1000.0,0.903,0.053732
1000.0,0.903,0.001929
1000.0,0.903,-0.046763
1000.0,0.903,-0.070211
1000.0,0.903,-0.047411
1000.0,0.903,0.038957
1000.0,0.903,0.019093
1000.0,0.903,-0.020324
1000.0,0.903,0.021113
1000.0,0.903,0.023642
1000.0,0.903,0.046283
1000.0,0.903,0.062736
1000.0,0.903,-0.013471
1000.0,0.903,0.054640
1000.0,0.903,-0.010620
1000.0,0.903,0.020587
1000.0,0.903,0.072663
1000.0,0.903,0.001346
1000.0,0.903,0.017911
1000.0,0.903,0.069271
1000.0,0.903,0.028688
1000.0,0.903,0.069525
1000.0,0.903,0.001526
1000.0,0.903,-0.026355
1000.0,0.903,-0.008855
1000.0,0.903,0.093107
1000.0,0.903,0.027471
1000.0,0.903,0.009273
1000.0,0.903,0.023833
1000.0,0.903,0.038678
1000.0,0.903,0.004178
1000.0,0.903,-0.032926
1000.0,0.903,0.013093
1000.0,0.903,-0.033157
1000.0,0.903,0.007032
1000.0,0.903,0.005125
1000.0,0.903,-0.003334
1000.0,0.903,0.037512
1000.0,0.903,0.024302
1000.0,0.903,-0.054544
1000.0,0.903,-0.024261
1000.0,0.903,0.015696
1000.0,0.903,-0.010259
1000.0,0.903,0.052699
1000.0,0.903,-0.050336
1000.0,0.903,0.044839
1000.0,0.903,-0.065328
1000.0,0.903,0.013802
1000.0,0.903,0.029613
1000.0,0.903,0.021990
1000.0,0.903,-0.004801
1000.0,0.903,-0.037831
1000.0,0.903,-0.018517
1000.0,0.903,0.102924
1000.0,0.903,0.008012
1000.0,0.903,-0.003026
1000.0,0.903,0.075499
1000.0,0.903,-0.016539
1000.0,0.903,0.156537
1000.0,0.903,-0.071846
1000.0,0.903,-0.013912
1000.0,0.903,0.030832
1000.0,0.903,-0.011036
1000.0,0.903,0.011174
1000.0,0.903,0.008494
1000.0,0.903,0.092717
1000.0,0.903,-0.080505
1000.0,0.903,0.065192
1000.0,0.903,-0.032488
1000.0,0.903,0.091968
1000.0,0.903,-0.048293
1000.0,0.950,-0.044806
1000.0,0.950,-0.095736
1000.0,0.950,0.046153
1000.0,0.950,0.124615
1000.0,0.950,0.050564
1000.0,0.950,-0.084371
1000.0,0.950,0.081445
1000.0,0.950,0.050079
1000.0,0.950,0.084787
1000.0,0.950,0.097628
1000.0,0.950,-0.073233
1000.0,0.950,0.073650
1000.0,0.950,-0.021670
1000.0,0.950,-0.067186
1000.0,0.950,0.077435
1000.0,0.950,0.018885
1000.0,0.950,0.002337
1000.0,0.950,0.095203
1000.0,0.950,0.071104
1000.0,0.950,0.074482
1000.0,0.950,-0.024202
1000.0,0.950,-0.090460
1000.0,0.950,0.008162
1000.0,0.950,-0.045777
1000.0,0.950,0.057600
1000.0,0.950,0.056107
1000.0,0.950,-0.054669
1000.0,0.950,0.012556
1000.0,0.950,0.026743
1000.0,0.950,0.028986
1000.0,0.950,0.000949
1000.0,0.950,-0.030272
1000.0,0.950,-0.043652
1000.0,0.950,-0.033453
1000.0,0.950,0.088989
1000.0,0.950,0.011246
1000.0,0.950,0.019612
1000.0,0.950,0.046926
1000.0,0.950,0.073790
1000.0,0.950,0.022240
1000.0,0.950,0.090587
1000.0,0.950,0.026708
1000.0,0.950,0.109746
1000.0,0.950,-0.020189
1000.0,0.950,0.007023
1000.0,0.950,0.118850
1000.0,0.950,0.082042
1000.0,0.950,-0.049459
1000.0,0.950,0.097959
1000.0,0.950,0.066529
1000.0,0.950,0.056509
1000.0,0.950,0.039650
1000.0,0.950,-0.013531
1000.0,0.950,-0.070442
1000.0,0.950,0.063984
1000.0,0.950,0.073336
1000.0,0.950,0.025987
1000.0,0.950,0.068175
1000.0,0.950,0.038674
1000.0,0.950,0.059587
1000.0,0.950,-0.049631
1000.0,0.950,-0.044066
1000.0,0.950,-0.067177
1000.0,0.950,-0.029666
1000.0,0.950,-0.026457
1000.0,0.950,-0.003597
1000.0,0.950,0.009506
1000.0,0.950,0.061738
1000.0,0.950,-0.099163
1000.0,0.950,0.011994
1000.0,0.950,-0.020043
1000.0,0.950,-0.008471
1000.0,0.950,0.060865
1000.0,0.950,-0.044983
1000.0,0.950,0.053973
1000.0,0.950,-0.097238
1000.0,0.950,0.058228
1000.0,0.950,0.028247
1000.0,0.950,0.029960
1000.0,0.950,0.030865
1000.0,0.950,0.032949
1000.0,0.950,-0.012132
1000.0,0.950,0.152833
1000.0,0.950,0.006586
1000.0,0.950,0.000107
1000.0,0.950,0.082876
1000.0,0.950,0.071798
1000.0,0.950,0.201014
1000.0,0.950,-0.006091
1000.0,0.950,-0.022015
1000.0,0.950,0.021891
1000.0,0.950,-0.026960
1000.0,0.950,0.005536
1000.0,0.950,0.023051
1000.0,0.950,0.084084
1000.0,0.950,-0.141346
1000.0,0.950,0.057784
1000.0,0.950,-0.055772
1000.0,0.950,0.177427
1000.0,0.950,-0.053528
1000.0,0.850,0.044658
1000.0,0.850,0.010401
1000.0,0.850,-0.007256
1000.0,0.850,-0.061889
1000.0,0.850,0.017220
1000.0,0.850,0.057396
1000.0,0.850,-0.017001
1000.0,0.850,-0.030486
1000.0,0.850,-0.006445
1000.0,0.850,-0.083237
1000.0,0.850,-0.018835
1000.0,0.850,0.020326
1000.0,0.850,0.028222
1000.0,0.850,-0.011862
1000.0,0.850,-0.011823
1000.0,0.850,0.042825
1000.0,0.850,-0.007195
1000.0,0.850,-0.006116
1000.0,0.850,-0.004161
1000.0,0.850,0.017493
1000.0,0.850,0.032536
1000.0,0.850,-0.002397
1000.0,0.850,0.088566
1000.0,0.850,0.099343
1000.0,0.850,-0.017445
1000.0,0.850,-0.013489
1000.0,0.850,-0.044262
1000.0,0.850,0.005659
1000.0,0.850,-0.080432
1000.0,0.850,-0.028134
1000.0,0.850,0.003521
1000.0,0.850,-0.011162
1000.0,0.850,0.078983
1000.0,0.850,0.022183
1000.0,0.850,-0.007458
1000.0,0.850,-0.002854
1000.0,0.850,0.024869
1000.0,0.850,0.047515
1000.0,0.850,-0.036113
1000.0,0.850,0.004085
1000.0,0.850,0.028353
1000.0,0.850,-0.002855
1000.0,0.850,-0.035944
1000.0,0.850,0.003909
1000.0,0.850,0.002216
1000.0,0.850,0.039767
1000.0,0.850,-0.014729
1000.0,0.850,-0.017882
1000.0,0.850,-0.044418
1000.0,0.850,-0.000834
1000.0,0.850,0.009521
1000.0,0.850,0.007026
1000.0,0.850,0.003593
1000.0,0.850,0.022563
1000.0,0.850,-0.018286
1000.0,0.850,0.016795
1000.0,0.850,-0.015452
1000.0,0.850,0.013967
1000.0,0.850,-0.001437
1000.0,0.850,0.031828
1000.0,0.850,0.099795
1000.0,0.850,0.017115
1000.0,0.850,-0.002193
1000.0,0.850,-0.035024
1000.0,0.850,0.042575
1000.0,0.850,0.079462
1000.0,0.850,-0.029924
1000.0,0.850,0.010033
1000.0,0.850,0.005850
1000.0,0.850,-0.009999
1000.0,0.850,0.075493
1000.0,0.850,0.075259
1000.0,0.850,-0.053803
1000.0,0.850,0.025454
1000.0,0.850,-0.041138
1000.0,0.850,-0.037717
1000.0,0.850,-0.010385
1000.0,0.850,-0.006251
1000.0,0.850,-0.101015
1000.0,0.850,-0.037324
1000.0,0.850,0.114522
1000.0,0.850,0.058104
1000.0,0.850,-0.002430
1000.0,0.850,-0.050213
1000.0,0.850,0.003067
1000.0,0.850,0.000957
1000.0,0.850,0.002207
1000.0,0.850,0.019527
1000.0,0.850,0.026372
1000.0,0.850,-0.022736
1000.0,0.850,-0.056420
1000.0,0.850,0.056376
1000.0,0.850,-0.028627
1000.0,0.850,0.043680
1000.0,0.850,0.017244
1000.0,0.850,-0.056643
1000.0,0.850,0.011986
1000.0,0.850,0.026031
1000.0,0.850,0.051371
1000.0,0.850,-0.041449
1000.0,0.903,0.025378
1000.0,0.903,0.085131
1000.0,0.903,0.012116
1000.0,0.903,-0.032974
1000.0,0.903,-0.000457
1000.0,0.903,0.087213
1000.0,0.903,0.003207
1000.0,0.903,0.003069
1000.0,0.903,0.004827
1000.0,0.903,-0.062698
1000.0,0.903,0.022503
1000.0,0.903,-0.002969
1000.0,0.903,0.100245
1000.0,0.903,-0.029752
1000.0,0.903,-0.095412
1000.0,0.903,0.031031
1000.0,0.903,0.004642
1000.0,0.903,-0.026350
1000.0,0.903,0.002606
1000.0,0.903,-0.022374
1000.0,0.903,0.049297
1000.0,0.903,-0.028519
1000.0,0.903,0.092840
1000.0,0.903,0.080160
1000.0,0.903,0.015593
1000.0,0.903,-0.033576
1000.0,0.903,-0.082732
1000.0,0.903,0.005380
1000.0,0.903,-0.086832
1000.0,0.903,0.019043
1000.0,0.903,0.064119
1000.0,0.903,-0.004158
1000.0,0.903,0.048680
1000.0,0.903,0.026532
1000.0,0.903,0.066509
1000.0,0.903,0.033353
1000.0,0.903,0.043289
1000.0,0.903,0.069192
1000.0,0.903,-0.045238
1000.0,0.903,0.053659
1000.0,0.903,0.055006
1000.0,0.903,0.026459
1000.0,0.903,-0.021482
1000.0,0.903,0.008607
1000.0,0.903,-0.022208
1000.0,0.903,0.041514
1000.0,0.903,-0.004852
1000.0,0.903,-0.006234
1000.0,0.903,0.023930
1000.0,0.903,0.015765
1000.0,0.903,0.040239
1000.0,0.903,0.017580
1000.0,0.903,-0.008665
1000.0,0.903,0.046648
1000.0,0.903,-0.019197
1000.0,0.903,0.076080
1000.0,0.903,-0.004554
1000.0,0.903,-0.016643
1000.0,0.903,0.048762
1000.0,0.903,0.015581
1000.0,0.903,0.109902
1000.0,0.903,0.082162
1000.0,0.903,0.053977
1000.0,0.903,-0.037068
1000.0,0.903,0.064990
1000.0,0.903,0.059794
1000.0,0.903,0.035169
1000.0,0.903,-0.023436
1000.0,0.903,-0.006621
1000.0,0.903,0.004542
1000.0,0.903,0.046050
1000.0,0.903,0.126027
1000.0,0.903,-0.067554
1000.0,0.903,0.075964
1000.0,0.903,-0.039701
1000.0,0.903,-0.002943
1000.0,0.903,0.027519
1000.0,0.903,-0.028675
1000.0,0.903,-0.051066
1000.0,0.903,-0.074004
1000.0,0.903,0.123720
1000.0,0.903,0.032846
1000.0,0.903,-0.008360
1000.0,0.903,-0.054099
1000.0,0.903,0.010859
1000.0,0.903,0.026291
1000.0,0.903,0.033788
1000.0,0.903,0.020973
1000.0,0.903,-0.012532
1000.0,0.903,-0.042917
1000.0,0.903,-0.013336
1000.0,0.903,0.010389
1000.0,0.903,-0.013488
1000.0,0.903,0.065480
1000.0,0.903,0.038657
1000.0,0.903,-0.051719
1000.0,0.903,0.030048
1000.0,0.903,0.036229
1000.0,0.903,0.096763
1000.0,0.903,0.018378
1000.0,0.950,0.046349
1000.0,0.950,0.061535
1000.0,0.950,0.051991
1000.0,0.950,-0.018666
1000.0,0.950,0.020881
1000.0,0.950,0.045226
1000.0,0.950,-0.002407
1000.0,0.950,0.016676
1000.0,0.950,0.069306
1000.0,0.950,-0.016100
1000.0,0.950,0.009923
1000.0,0.950,0.046494
1000.0,0.950,0.074163
1000.0,0.950,-0.002070
1000.0,0.950,-0.116043
1000.0,0.950,0.050598
1000.0,0.950,0.021054
1000.0,0.950,-0.051587
1000.0,0.950,0.006521
1000.0,0.950,0.021397
1000.0,0.950,0.062924
1000.0,0.950,0.012466
1000.0,0.950,0.084054
1000.0,0.950,0.031102
1000.0,0.950,0.052722
1000.0,0.950,-0.003421
1000.0,0.950,-0.083073
1000.0,0.950,0.015946
1000.0,0.950,-0.074299
1000.0,0.950,-0.023739
1000.0,0.950,0.088318
1000.0,0.950,-0.000317
1000.0,0.950,0.042464
1000.0,0.950,0.067093
1000.0,0.950,0.073828
1000.0,0.950,0.022634
1000.0,0.950,0.091586
1000.0,0.950,0.051252
1000.0,0.950,-0.063100
1000.0,0.950,0.073830
1000.0,0.950,0.043025
1000.0,0.950,-0.013796
1000.0,0.950,-0.035263
1000.0,0.950,-0.020232
1000.0,0.950,0.021170
1000.0,0.950,0.019637
1000.0,0.950,0.008408
1000.0,0.950,-0.016915
1000.0,0.950,0.016719
1000.0,0.950,0.049724
1000.0,0.950,0.108218
1000.0,0.950,0.052976
1000.0,0.950,-0.086868
1000.0,0.950,0.067385
1000.0,0.950,-0.008287
1000.0,0.950,0.105276
1000.0,0.950,0.008052
1000.0,0.950,0.011890
1000.0,0.950,0.045796
1000.0,0.950,0.075850
1000.0,0.950,0.126423
1000.0,0.950,0.075081
1000.0,0.950,0.015286
1000.0,0.950,0.016745
1000.0,0.950,0.082699
1000.0,0.950,0.026805
1000.0,0.950,0.062402
1000.0,0.950,-0.030834
1000.0,0.950,-0.003628
1000.0,0.950,0.029106
1000.0,0.950,0.087039
1000.0,0.950,0.196515
1000.0,0.950,-0.164307
1000.0,0.950,0.126753
1000.0,0.950,-0.031514
1000.0,0.950,0.009890
1000.0,0.950,0.061968
1000.0,0.950,-0.000803
1000.0,0.950,-0.066358
1000.0,0.950,-0.135811
1000.0,0.950,0.139300
1000.0,0.950,0.076963
1000.0,0.950,0.017196
1000.0,0.950,-0.093491
1000.0,0.950,0.006454
1000.0,0.950,0.033968
1000.0,0.950,0.001043
1000.0,0.950,0.021890
1000.0,0.950,0.064510
1000.0,0.950,-0.075852
1000.0,0.950,-0.036026
1000.0,0.950,0.031977
1000.0,0.950,0.039762
1000.0,0.950,0.023904
1000.0,0.950,0.054485
1000.0,0.950,-0.078251
1000.0,0.950,0.063363
1000.0,0.950,0.076306
1000.0,0.950,0.068526
1000.0,0.950,0.094213
1000.0,0.850,0.089096
1000.0,0.850,-0.029861
1000.0,0.850,-0.012340
1000.0,0.850,0.021544
1000.0,0.850,-0.052672
1000.0,0.850,0.061151
1000.0,0.850,-0.039101
1000.0,0.850,0.016322
1000.0,0.850,0.015092
1000.0,0.850,-0.058159
1000.0,0.850,-0.000715
1000.0,0.850,-0.075106
1000.0,0.850,-0.077930
1000.0,0.850,-0.024103
1000.0,0.850,-0.074683
1000.0,0.850,-0.051181
1000.0,0.850,0.042953
1000.0,0.850,0.076919
1000.0,0.850,0.024615
1000.0,0.850,0.014997
1000.0,0.850,-0.002229
1000.0,0.850,0.013805
1000.0,0.850,0.004013
1000.0,0.850,0.016350
1000.0,0.850,-0.043995
1000.0,0.850,-0.012496
1000.0,0.850,-0.028520
1000.0,0.850,-0.009177
1000.0,0.850,0.009155
1000.0,0.850,-0.024372
1000.0,0.850,-0.004002
1000.0,0.850,-0.010448
1000.0,0.850,0.036869
1000.0,0.850,-0.049851
1000.0,0.850,-0.030761
1000.0,0.850,0.038567
1000.0,0.850,0.034456
1000.0,0.850,0.003193
1000.0,0.850,0.007025
1000.0,0.850,0.057730
1000.0,0.850,0.040869
1000.0,0.850,0.032331
1000.0,0.850,0.010314
1000.0,0.850,0.035128
1000.0,0.850,-0.053954
1000.0,0.850,-0.034676
1000.0,0.850,-0.006708
1000.0,0.850,-0.039305
1000.0,0.850,0.110555
1000.0,0.850,0.069337
1000.0,0.850,-0.053681
1000.0,0.850,0.017148
1000.0,0.850,-0.031202
1000.0,0.850,-0.081830
1000.0,0.850,-0.061749
1000.0,0.850,-0.037981
1000.0,0.850,-0.036948
1000.0,0.850,0.011409
1000.0,0.850,0.019330
1000.0,0.850,-0.052369
1000.0,0.850,-0.049644
1000.0,0.850,-0.105175
1000.0,0.850,-0.015712
1000.0,0.850,0.018482
1000.0,0.850,0.027256
1000.0,0.850,-0.008183
1000.0,0.850,-0.024680
1000.0,0.850,0.048741
1000.0,0.850,-0.027795
1000.0,0.850,0.048801
1000.0,0.850,-0.038372
1000.0,0.850,0.138687
1000.0,0.850,-0.043457
1000.0,0.850,-0.007875
1000.0,0.850,0.032301
1000.0,0.850,0.008087
1000.0,0.850,0.021182
1000.0,0.850,0.035075
1000.0,0.850,-0.005789
1000.0,0.850,0.054688
1000.0,0.850,-0.034323
1000.0,0.850,-0.007863
1000.0,0.850,-0.007855
1000.0,0.850,0.019166
1000.0,0.850,-0.014374
1000.0,0.850,0.017259
1000.0,0.850,-0.013454
1000.0,0.850,0.015112
1000.0,0.850,0.053545
1000.0,0.850,-0.021590
1000.0,0.850,-0.011399
1000.0,0.850,-0.026392
1000.0,0.850,0.003634
1000.0,0.850,-0.120761
1000.0,0.850,0.009035
1000.0,0.850,-0.074575
1000.0,0.850,0.001589
1000.0,0.850,-0.031406
1000.0,0.850,0.043207
1000.0,0.850,-0.008590
1000.0,0.903,0.031204
1000.0,0.903,-0.031075
1000.0,0.903,-0.018152
1000.0,0.903,0.011992
1000.0,0.903,-0.044753
1000.0,0.903,0.098310
1000.0,0.903,-0.030241
1000.0,0.903,0.016925
1000.0,0.903,0.028267
1000.0,0.903,-0.034545
1000.0,0.903,-0.028442
1000.0,0.903,-0.044922
1000.0,0.903,-0.125711
1000.0,0.903,0.019936
1000.0,0.903,-0.111361
1000.0,0.903,-0.012725
1000.0,0.903,0.117144
1000.0,0.903,0.027593
1000.0,0.903,0.004671
1000.0,0.903,0.020851
1000.0,0.903,0.023223
1000.0,0.903,0.012011
1000.0,0.903,-0.016758
1000.0,0.903,0.001459
1000.0,0.903,-0.058483
1000.0,0.903,0.021693
1000.0,0.903,-0.018689
1000.0,0.903,0.029342
1000.0,0.903,0.097079
1000.0,0.903,-0.058054
1000.0,0.903,0.030219
1000.0,0.903,-0.040152
1000.0,0.903,-0.008462
1000.0,0.903,-0.036852
1000.0,0.903,0.022057
1000.0,0.903,0.022743
1000.0,0.903,0.040813
1000.0,0.903,-0.015729
1000.0,0.903,0.012669
1000.0,0.903,0.041853
1000.0,0.903,0.054141
1000.0,0.903,0.056198
1000.0,0.903,0.062920
1000.0,0.903,0.018798
1000.0,0.903,-0.038856
1000.0,0.903,0.009527
1000.0,0.903,-0.001423
1000.0,0.903,-0.092223
1000.0,0.903,0.068197
1000.0,0.903,0.117424
1000.0,0.903,-0.006553
1000.0,0.903,0.001738
1000.0,0.903,-0.009081
1000.0,0.903,-0.047671
1000.0,0.903,-0.012376
1000.0,0.903,-0.035936
1000.0,0.903,-0.016029
1000.0,0.903,-0.007092
1000.0,0.903,0.040273
1000.0,0.903,-0.037918
1000.0,0.903,-0.045178
1000.0,0.903,-0.127067
1000.0,0.903,-0.033874
1000.0,0.903,-0.055410
1000.0,0.903,0.070066
1000.0,0.903,-0.048584
1000.0,0.903,-0.040434
1000.0,0.903,0.064499
1000.0,0.903,-0.067467
1000.0,0.903,0.087211
1000.0,0.903,-0.042499
1000.0,0.903,0.125794
1000.0,0.903,-0.056679
1000.0,0.903,-0.040689
1000.0,0.903,-0.001421
1000.0,0.903,0.001850
1000.0,0.903,0.010259
1000.0,0.903,0.096324
1000.0,0.903,-0.045431
1000.0,0.903,0.094184
1000.0,0.903,0.019613
1000.0,0.903,-0.020003
1000.0,0.903,-0.026665
1000.0,0.903,-0.005520
1000.0,0.903,0.025755
1000.0,0.903,0.015010
1000.0,0.903,-0.008960
1000.0,0.903,0.038490
1000.0,0.903,0.031350
1000.0,0.903,0.027634
1000.0,0.903,0.005325
1000.0,0.903,0.014977
1000.0,0.903,-0.033723
1000.0,0.903,-0.138353
1000.0,0.903,0.030371
1000.0,0.903,-0.048050
1000.0,0.903,0.022044
1000.0,0.903,-0.058182
1000.0,0.903,0.051001
1000.0,0.903,-0.031074
1000.0,0.950,0.013217
1000.0,0.950,-0.020133
1000.0,0.950,0.026124
1000.0,0.950,0.089005
1000.0,0.950,-0.000594
1000.0,0.950,0.125673
1000.0,0.950,0.039132
1000.0,0.950,0.018678
1000.0,0.950,0.012242
1000.0,0.950,-0.039995
1000.0,0.950,-0.000376
1000.0,0.950,-0.076861
1000.0,0.950,-0.055439
1000.0,0.950,0.084978
1000.0,0.950,-0.084611
1000.0,0.950,-0.006784
1000.0,0.950,0.184300
1000.0,0.950,0.007749
1000.0,0.950,-0.027042
1000.0,0.950,0.095676
1000.0,0.950,-0.002322
1000.0,0.950,0.023067
1000.0,0.950,-0.023521
1000.0,0.950,0.025986
1000.0,0.950,-0.074642
1000.0,0.950,0.094626
1000.0,0.950,-0.061137
1000.0,0.950,0.054370
1000.0,0.950,0.107388
1000.0,0.950,-0.051802
1000.0,0.950,0.096924
1000.0,0.950,-0.043918
1000.0,0.950,-0.019480
1000.0,0.950,-0.013815
1000.0,0.950,0.015992
1000.0,0.950,-0.004489
1000.0,0.950,0.101558
1000.0,0.950,-0.030624
1000.0,0.950,0.082927
1000.0,0.950,0.043588
1000.0,0.950,-0.004432
1000.0,0.950,0.083981
1000.0,0.950,0.114214
1000.0,0.950,0.017595
1000.0,0.950,-0.045026
1000.0,0.950,0.032223
1000.0,0.950,0.037371
1000.0,0.950,-0.007641
1000.0,0.950,0.101956
1000.0,0.950,0.102455
1000.0,0.950,-0.051037
1000.0,0.950,-0.012608
1000.0,0.950,-0.021252
1000.0,0.950,0.016639
1000.0,0.950,0.034728
1000.0,0.950,-0.012120
1000.0,0.950,-0.004236
1000.0,0.950,-0.011446
1000.0,0.950,0.066582
1000.0,0.950,-0.075287
1000.0,0.950,-0.064813
1000.0,0.950,-0.082818
1000.0,0.950,0.013529
1000.0,0.950,-0.038384
1000.0,0.950,0.021188
1000.0,0.950,0.028662
1000.0,0.950,-0.089213
1000.0,0.950,0.045956
1000.0,0.950,-0.028025
1000.0,0.950,0.108255
1000.0,0.950,-0.007442
1000.0,0.950,0.131980
1000.0,0.950,-0.019540
1000.0,0.950,-0.017448
1000.0,0.950,0.059361
1000.0,0.950,0.025283
1000.0,0.950,0.033316
1000.0,0.950,0.104490
1000.0,0.950,-0.030597
1000.0,0.950,0.123843
1000.0,0.950,-0.032024
1000.0,0.950,-0.038212
1000.0,0.950,0.005360
1000.0,0.950,0.007672
1000.0,0.950,0.036463
1000.0,0.950,0.022105
1000.0,0.950,-0.024797
1000.0,0.950,0.031108
1000.0,0.950,0.048080
1000.0,0.950,0.022902
1000.0,0.950,0.019660
1000.0,0.950,-0.026056
1000.0,0.950,0.039766
1000.0,0.950,-0.109009
1000.0,0.950,-0.018656
1000.0,0.950,-0.058413
1000.0,0.950,0.043780
1000.0,0.950,-0.022577
1000.0,0.950,0.032845
1000.0,0.950,0.036102
1000.0,0.850,-0.010658
1000.0,0.850,-0.070262
1000.0,0.850,-0.017325
1000.0,0.850,0.014856
1000.0,0.850,0.036908
1000.0,0.850,0.059502
1000.0,0.850,0.047849
1000.0,0.850,0.047569
1000.0,0.850,0.034481
1000.0,0.850,-0.043146
1000.0,0.850,0.017587
1000.0,0.850,-0.084592
1000.0,0.850,0.026643
1000.0,0.850,-0.039740
1000.0,0.850,0.000960
1000.0,0.850,-0.014488
1000.0,0.850,0.061607
1000.0,0.850,0.077599
1000.0,0.850,-0.003866
1000.0,0.850,-0.015314
1000.0,0.850,0.031304
1000.0,0.850,-0.034822
1000.0,0.850,0.068090
1000.0,0.850,0.038870
1000.0,0.850,0.053289
1000.0,0.850,0.000083
1000.0,0.850,-0.009918
1000.0,0.850,-0.005947
1000.0,0.850,0.046284
1000.0,0.850,-0.028126
1000.0,0.850,0.005169
1000.0,0.850,-0.027454
1000.0,0.850,0.057725
1000.0,0.850,0.066776
1000.0,0.850,0.008456
1000.0,0.850,0.007053
1000.0,0.850,0.062047
1000.0,0.850,0.015468
1000.0,0.850,-0.013008
1000.0,0.850,0.023980
1000.0,0.850,0.010407
1000.0,0.850,0.071521
1000.0,0.850,-0.034001
1000.0,0.850,0.046144
1000.0,0.850,-0.011399
1000.0,0.850,-0.042610
1000.0,0.850,0.066662
1000.0,0.850,-0.012584
1000.0,0.850,-0.041350
1000.0,0.850,0.020413
1000.0,0.850,-0.023387
1000.0,0.850,-0.003520
1000.0,0.850,-0.008718
1000.0,0.850,0.018968
1000.0,0.850,0.010105
1000.0,0.850,-0.035556
1000.0,0.850,0.133292
1000.0,0.850,0.006551
1000.0,0.850,0.005165
1000.0,0.850,-0.000662
1000.0,0.850,-0.066311
1000.0,0.850,0.043420
1000.0,0.850,0.031166
1000.0,0.850,0.034804
1000.0,0.850,-0.044951
1000.0,0.850,0.067210
1000.0,0.850,0.018496
1000.0,0.850,0.019113
1000.0,0.850,-0.007858
1000.0,0.850,-0.093228
1000.0,0.850,0.025475
1000.0,0.850,0.055450
1000.0,0.850,0.006451
1000.0,0.850,0.029713
1000.0,0.850,0.014315
1000.0,0.850,0.007037
1000.0,0.850,-0.010758
1000.0,0.850,0.032711
1000.0,0.850,-0.009577
1000.0,0.850,0.009311
1000.0,0.850,-0.029874
1000.0,0.850,-0.040348
1000.0,0.850,0.006322
1000.0,0.850,-0.026352
1000.0,0.850,-0.004155
1000.0,0.850,0.074766
1000.0,0.850,0.028459
1000.0,0.850,0.015104
1000.0,0.850,-0.047757
1000.0,0.850,-0.044864
1000.0,0.850,0.019573
1000.0,0.850,0.051299
1000.0,0.850,0.055709
1000.0,0.850,-0.026147
1000.0,0.850,-0.010112
1000.0,0.850,0.040504
1000.0,0.850,0.029567
1000.0,0.850,-0.021673
1000.0,0.850,0.021482
1000.0,0.850,-0.016889
1000.0,0.903,-0.013517
1000.0,0.903,-0.065955
1000.0,0.903,0.005135
1000.0,0.903,-0.008055
1000.0,0.903,0.003680
1000.0,0.903,0.069209
1000.0,0.903,0.069685
1000.0,0.903,0.087357
1000.0,0.903,0.029936
1000.0,0.903,-0.051661
1000.0,0.903,0.033101
1000.0,0.903,-0.097581
1000.0,0.903,0.019492
1000.0,0.903,-0.031766
1000.0,0.903,-0.007890
1000.0,0.903,0.009998
1000.0,0.903,0.048146
1000.0,0.903,0.129859
1000.0,0.903,-0.010490
1000.0,0.903,-0.001961
1000.0,0.903,-0.013219
1000.0,0.903,0.025843
1000.0,0.903,0.092751
1000.0,0.903,0.057569
1000.0,0.903,0.082069
1000.0,0.903,0.006535
1000.0,0.903,-0.033441
1000.0,0.903,-0.052359
1000.0,0.903,0.006769
1000.0,0.903,-0.023491
1000.0,0.903,-0.047257
1000.0,0.903,-0.074853
1000.0,0.903,0.030818
1000.0,0.903,0.088641
1000.0,0.903,0.022016
1000.0,0.903,-0.013373
1000.0,0.903,0.029294
1000.0,0.903,-0.002529
1000.0,0.903,-0.006975
1000.0,0.903,0.033108
1000.0,0.903,-0.039509
1000.0,0.903,0.058612
1000.0,0.903,-0.039582
1000.0,0.903,0.062562
1000.0,0.903,0.018227
1000.0,0.903,-0.049776
1000.0,0.903,0.078231
1000.0,0.903,0.030561
1000.0,0.903,-0.046969
1000.0,0.903,0.027609
1000.0,0.903,-0.041001
1000.0,0.903,0.008525
1000.0,0.903,0.021734
1000.0,0.903,0.050077
1000.0,0.903,0.014081
1000.0,0.903,0.020078
1000.0,0.903,0.123802
1000.0,0.903,0.003828
1000.0,0.903,-0.027005
1000.0,0.903,0.025573
1000.0,0.903,-0.094907
1000.0,0.903,-0.000861
1000.0,0.903,0.068185
1000.0,0.903,0.016027
1000.0,0.903,-0.085516
1000.0,0.903,0.067246
1000.0,0.903,0.074163
1000.0,0.903,0.041381
1000.0,0.903,0.026580
1000.0,0.903,-0.093753
1000.0,0.903,0.039878
1000.0,0.903,0.084372
1000.0,0.903,-0.033314
1000.0,0.903,0.077059
1000.0,0.903,0.042011
1000.0,0.903,0.068942
1000.0,0.903,-0.061682
1000.0,0.903,0.009667
1000.0,0.903,-0.060569
1000.0,0.903,0.088341
1000.0,0.903,-0.029825
1000.0,0.903,-0.013719
1000.0,0.903,0.077972
1000.0,0.903,-0.032056
1000.0,0.903,0.008597
1000.0,0.903,0.022265
1000.0,0.903,0.047900
1000.0,0.903,0.041348
1000.0,0.903,-0.028516
1000.0,0.903,-0.047265
1000.0,0.903,0.099832
1000.0,0.903,0.050025
1000.0,0.903,0.053076
1000.0,0.903,0.018691
1000.0,0.903,-0.021382
1000.0,0.903,0.051242
1000.0,0.903,-0.057030
1000.0,0.903,-0.027252
1000.0,0.903,-0.008692
1000.0,0.903,-0.034289
1000.0,0.950,0.038589
1000.0,0.950,-0.045723
1000.0,0.950,-0.013023
1000.0,0.950,-0.018947
1000.0,0.950,-0.016690
1000.0,0.950,0.108703
1000.0,0.950,0.102161
1000.0,0.950,0.072993
1000.0,0.950,0.070460
1000.0,0.950,-0.016614
1000.0,0.950,0.018627
1000.0,0.950,-0.154820
1000.0,0.950,0.015532
1000.0,0.950,-0.030484
1000.0,0.950,0.031732
1000.0,0.950,0.047576
1000.0,0.950,0.000257
1000.0,0.950,0.105214
1000.0,0.950,-0.009378
1000.0,0.950,0.084625
1000.0,0.950,-0.000326
1000.0,0.950,0.079824
1000.0,0.950,0.154419
1000.0,0.950,0.096406
1000.0,0.950,0.055266
1000.0,0.950,0.020478
1000.0,0.950,-0.039708
1000.0,0.950,-0.070761
1000.0,0.950,0.044933
1000.0,0.950,-0.037199
1000.0,0.950,-0.012855
1000.0,0.950,-0.074326
1000.0,0.950,0.107433
1000.0,0.950,0.104132
1000.0,0.950,0.018246
1000.0,0.950,-0.010363
1000.0,0.950,0.021822
1000.0,0.950,-0.005482
1000.0,0.950,-0.064191
1000.0,0.950,0.048605
1000.0,0.950,-0.101122
1000.0,0.950,0.098906
1000.0,0.950,0.000305
1000.0,0.950,-0.027605
1000.0,0.950,0.004126
1000.0,0.950,-0.018363
1000.0,0.950,0.123884
1000.0,0.950,-0.002976
1000.0,0.950,-0.010060
1000.0,0.950,0.084546
1000.0,0.950,-0.014925
1000.0,0.950,0.032665
1000.0,0.950,0.002818
1000.0,0.950,0.055526
1000.0,0.950,0.052138
1000.0,0.950,0.003476
1000.0,0.950,0.155153
1000.0,0.950,0.005991
1000.0,0.950,0.053105
1000.0,0.950,-0.008232
1000.0,0.950,-0.045710
1000.0,0.950,-0.056322
1000.0,0.950,0.040054
1000.0,0.950,0.045539
1000.0,0.950,-0.056697
1000.0,0.950,0.062414
1000.0,0.950,0.122019
1000.0,0.950,0.020714
1000.0,0.950,0.015480
1000.0,0.950,-0.086807
1000.0,0.950,0.057885
1000.0,0.950,0.064967
1000.0,0.950,-0.025570
1000.0,0.950,0.087059
1000.0,0.950,0.036521
1000.0,0.950,0.082872
1000.0,0.950,-0.033195
1000.0,0.950,0.041324
1000.0,0.950,-0.022604
1000.0,0.950,0.106865
1000.0,0.950,-0.032980
1000.0,0.950,-0.014659
1000.0,0.950,0.046267
1000.0,0.950,-0.045410
1000.0,0.950,0.014643
1000.0,0.950,-0.009289
1000.0,0.950,0.114593
1000.0,0.950,0.055033
1000.0,0.950,-0.038879
1000.0,0.950,-0.090456
1000.0,0.950,0.172446
1000.0,0.950,0.038226
1000.0,0.950,0.021514
1000.0,0.950,0.037559
1000.0,0.950,0.071634
1000.0,0.950,0.039863
1000.0,0.950,-0.066866
1000.0,0.950,0.064528
1000.0,0.950,-0.002199
1000.0,0.950,-0.022560
1000.0,0.850,0.137379
1000.0,0.850,-0.017322
1000.0,0.850,-0.006356
1000.0,0.850,-0.006510
1000.0,0.850,0.055038
1000.0,0.850,0.000034
1000.0,0.850,-0.000313
1000.0,0.850,-0.032486
1000.0,0.850,0.010383
1000.0,0.850,0.077284
1000.0,0.850,0.018582
1000.0,0.850,-0.011230
1000.0,0.850,0.009992
1000.0,0.850,0.059029
1000.0,0.850,0.065888
1000.0,0.850,0.038124
1000.0,0.850,0.045880
1000.0,0.850,-0.060253
1000.0,0.850,-0.060703
1000.0,0.850,-0.032044
1000.0,0.850,0.012531
1000.0,0.850,-0.007636
1000.0,0.850,0.036646
1000.0,0.850,0.053582
1000.0,0.850,-0.055647
1000.0,0.850,0.077592
1000.0,0.850,0.019029
1000.0,0.850,0.042425
1000.0,0.850,0.066290
1000.0,0.850,0.029503
1000.0,0.850,0.047794
1000.0,0.850,0.052041
1000.0,0.850,-0.030739
1000.0,0.850,0.053576
1000.0,0.850,0.082500
1000.0,0.850,-0.014292
1000.0,0.850,0.084219
1000.0,0.850,0.066882
1000.0,0.850,-0.002179
1000.0,0.850,0.037560
1000.0,0.850,0.028592
1000.0,0.850,0.001787
1000.0,0.850,-0.055410
1000.0,0.850,0.018861
1000.0,0.850,0.039744
1000.0,0.850,-0.013378
1000.0,0.850,0.038218
1000.0,0.850,0.049281
1000.0,0.850,0.034141
1000.0,0.850,0.008520
1000.0,0.850,0.009761
1000.0,0.850,-0.027810
1000.0,0.850,0.019176
1000.0,0.850,-0.009203
1000.0,0.850,0.019335
1000.0,0.850,0.079934
1000.0,0.850,0.046795
1000.0,0.850,0.084918
1000.0,0.850,0.007657
1000.0,0.850,0.031668
1000.0,0.850,0.041911
1000.0,0.850,-0.010779
1000.0,0.850,0.030803
1000.0,0.850,0.006907
1000.0,0.850,0.024583
1000.0,0.850,0.006349
1000.0,0.850,0.000623
1000.0,0.850,-0.002988
1000.0,0.850,-0.008544
1000.0,0.850,-0.007928
1000.0,0.850,0.020722
1000.0,0.850,-0.003113
1000.0,0.850,-0.030259
1000.0,0.850,0.045866
1000.0,0.850,-0.029851
1000.0,0.850,-0.030119
1000.0,0.850,0.012443
1000.0,0.850,0.001523
1000.0,0.850,-0.029664
1000.0,0.850,0.035451
1000.0,0.850,0.052173
1000.0,0.850,-0.035415
1000.0,0.850,0.084149
1000.0,0.850,0.052194
1000.0,0.850,0.018670
1000.0,0.850,0.025398
1000.0,0.850,0.005832
1000.0,0.850,0.063676
1000.0,0.850,0.081165
1000.0,0.850,-0.005750
1000.0,0.850,0.043371
1000.0,0.850,0.002652
1000.0,0.850,-0.024367
1000.0,0.850,0.031477
1000.0,0.850,0.049474
1000.0,0.850,0.007681
1000.0,0.850,0.043527
1000.0,0.850,0.004253
1000.0,0.850,0.042579
1000.0,0.850,0.082023
1000.0,0.903,0.180069
1000.0,0.903,0.035389
1000.0,0.903,-0.009876
1000.0,0.903,-0.026475
1000.0,0.903,0.069489
1000.0,0.903,0.040802
1000.0,0.903,0.024730
1000.0,0.903,0.003768
1000.0,0.903,-0.023471
1000.0,0.903,0.061661
1000.0,0.903,-0.038157
1000.0,0.903,0.049236
1000.0,0.903,0.010637
1000.0,0.903,0.122334
1000.0,0.903,0.020359
1000.0,0.903,0.083693
1000.0,0.903,0.067527
1000.0,0.903,-0.090455
1000.0,0.903,-0.029441
1000.0,0.903,-0.007941
1000.0,0.903,0.024836
1000.0,0.903,-0.029341
1000.0,0.903,0.071003
1000.0,0.903,-0.016842
1000.0,0.903,-0.061390
1000.0,0.903,0.066907
1000.0,0.903,0.003079
1000.0,0.903,0.136479
1000.0,0.903,0.049108
1000.0,0.903,0.068344
1000.0,0.903,0.040172
1000.0,0.903,-0.003617
1000.0,0.903,-0.043748
1000.0,0.903,0.166192
1000.0,0.903,0.079989
1000.0,0.903,-0.038726
1000.0,0.903,0.074559
1000.0,0.903,0.017654
1000.0,0.903,0.028671
1000.0,0.903,0.111593
1000.0,0.903,-0.010061
1000.0,0.903,-0.003580
1000.0,0.903,-0.038457
1000.0,0.903,0.050228
1000.0,0.903,0.100603
1000.0,0.903,-0.019612
1000.0,0.903,0.014300
1000.0,0.903,0.032077
1000.0,0.903,0.149131
1000.0,0.903,0.047206
1000.0,0.903,-0.009866
1000.0,0.903,-0.049969
1000.0,0.903,-0.009006
1000.0,0.903,-0.014028
1000.0,0.903,0.060726
1000.0,0.903,0.079707
1000.0,0.903,0.091056
1000.0,0.903,0.052461
1000.0,0.903,0.062846
1000.0,0.903,0.059886
1000.0,0.903,0.054128
1000.0,0.903,-0.016793
1000.0,0.903,0.091699
1000.0,0.903,-0.018313
1000.0,0.903,-0.002989
1000.0,0.903,0.018211
1000.0,0.903,0.023382
1000.0,0.903,0.052573
1000.0,0.903,-0.014140
1000.0,0.903,0.069432
1000.0,0.903,0.004339
1000.0,0.903,0.011229
1000.0,0.903,-0.040776
1000.0,0.903,0.015620
1000.0,0.903,0.040007
1000.0,0.903,0.064459
1000.0,0.903,0.036405
1000.0,0.903,0.053845
1000.0,0.903,-0.023166
1000.0,0.903,0.088881
1000.0,0.903,0.017612
1000.0,0.903,-0.062480
1000.0,0.903,0.088248
1000.0,0.903,0.055475
1000.0,0.903,0.087089
1000.0,0.903,0.013946
1000.0,0.903,0.027047
1000.0,0.903,0.017863
1000.0,0.903,0.057708
1000.0,0.903,0.027732
1000.0,0.903,0.071136
1000.0,0.903,-0.023603
1000.0,0.903,0.002922
1000.0,0.903,0.088520
1000.0,0.903,0.109011
1000.0,0.903,-0.005250
1000.0,0.903,0.025707
1000.0,0.903,-0.020011
1000.0,0.903,0.067514
1000.0,0.903,0.147256
1000.0,0.950,0.213160
1000.0,0.950,0.034193
1000.0,0.950,0.011398
1000.0,0.950,0.046108
1000.0,0.950,0.079835
1000.0,0.950,0.036608
1000.0,0.950,-0.010506
1000.0,0.950,-0.000473
1000.0,0.950,-0.038931
1000.0,0.950,0.088119
1000.0,0.950,-0.008659
1000.0,0.950,0.049044
1000.0,0.950,0.015441
1000.0,0.950,0.123837
1000.0,0.950,0.056496
1000.0,0.950,0.118854
1000.0,0.950,0.033714
1000.0,0.950,-0.088896
1000.0,0.950,-0.007583
1000.0,0.950,-0.012115
1000.0,0.950,-0.034288
1000.0,0.950,-0.029007
1000.0,0.950,0.053740
1000.0,0.950,0.034025
1000.0,0.950,-0.024386
1000.0,0.950,0.054936
1000.0,0.950,-0.048569
1000.0,0.950,0.171110
1000.0,0.950,-0.003900
1000.0,0.950,0.047725
1000.0,0.950,0.016802
1000.0,0.950,0.003391
1000.0,0.950,-0.105993
1000.0,0.950,0.183954
1000.0,0.950,0.083520
1000.0,0.950,-0.014181
1000.0,0.950,0.110404
1000.0,0.950,0.032953
1000.0,0.950,0.014954
1000.0,0.950,0.091155
1000.0,0.950,0.039261
1000.0,0.950,0.011805
1000.0,0.950,-0.031818
1000.0,0.950,0.074914
1000.0,0.950,0.082476
1000.0,0.950,-0.052538
1000.0,0.950,0.046393
1000.0,0.950,0.015107
1000.0,0.950,0.168335
1000.0,0.950,0.062681
1000.0,0.950,-0.023159
1000.0,0.950,-0.064693
1000.0,0.950,-0.027870
1000.0,0.950,-0.023139
1000.0,0.950,0.102008
1000.0,0.950,0.076345
1000.0,0.950,0.084862
1000.0,0.950,0.038136
1000.0,0.950,0.100205
1000.0,0.950,0.050884
1000.0,0.950,0.069774
1000.0,0.950,-0.016416
1000.0,0.950,0.046563
1000.0,0.950,0.024424
1000.0,0.950,0.087074
1000.0,0.950,0.047383
1000.0,0.950,0.011359
1000.0,0.950,0.053123
1000.0,0.950,0.037878
1000.0,0.950,0.154307
1000.0,0.950,-0.049284
1000.0,0.950,0.027837
1000.0,0.950,-0.044127
1000.0,0.950,0.008705
1000.0,0.950,0.012468
1000.0,0.950,0.135813
1000.0,0.950,0.011889
1000.0,0.950,0.035428
1000.0,0.950,-0.123791
1000.0,0.950,0.059029
1000.0,0.950,0.017435
1000.0,0.950,-0.149011
1000.0,0.950,0.172259
1000.0,0.950,0.066433
1000.0,0.950,0.113180
1000.0,0.950,0.008678
1000.0,0.950,0.055442
1000.0,0.950,0.023544
1000.0,0.950,0.089708
1000.0,0.950,0.011779
1000.0,0.950,0.126494
1000.0,0.950,-0.046497
1000.0,0.950,-0.010350
1000.0,0.950,0.111892
1000.0,0.950,0.037981
1000.0,0.950,-0.014270
1000.0,0.950,0.022158
1000.0,0.950,-0.051813
1000.0,0.950,0.079468
1000.0,0.950,0.128585
1000.0,0.850,0.076413
1000.0,0.850,0.039079
1000.0,0.850,0.026811
1000.0,0.850,-0.031279
1000.0,0.850,0.076176
1000.0,0.850,0.076712
1000.0,0.850,-0.010469
1000.0,0.850,-0.085175
1000.0,0.850,0.029733
1000.0,0.850,0.008817
1000.0,0.850,0.014607
1000.0,0.850,0.065714
1000.0,0.850,-0.016239
1000.0,0.850,0.019116
1000.0,0.850,-0.045479
1000.0,0.850,0.033960
1000.0,0.850,-0.016934
1000.0,0.850,0.074849
1000.0,0.850,0.012012
1000.0,0.850,-0.024246
1000.0,0.850,0.044150
1000.0,0.850,0.025714
1000.0,0.850,-0.020191
1000.0,0.850,0.076844
1000.0,0.850,-0.007926
1000.0,0.850,0.075087
1000.0,0.850,0.030723
1000.0,0.850,0.031759
1000.0,0.850,-0.063615
1000.0,0.850,0.029318
1000.0,0.850,-0.012335
1000.0,0.850,0.008299
1000.0,0.850,0.033160
1000.0,0.850,-0.073368
1000.0,0.850,-0.004305
1000.0,0.850,-0.006799
1000.0,0.850,-0.026309
1000.0,0.850,0.012406
1000.0,0.850,0.025015
1000.0,0.850,-0.047671
1000.0,0.850,0.052955
1000.0,0.850,-0.006498
1000.0,0.850,0.058346
1000.0,0.850,0.033281
1000.0,0.850,0.030907
1000.0,0.850,-0.011142
1000.0,0.850,0.016484
1000.0,0.850,0.035799
1000.0,0.850,0.012273
1000.0,0.850,0.053463
1000.0,0.850,-0.010156
1000.0,0.850,0.029467
1000.0,0.850,-0.057436
1000.0,0.850,0.009684
1000.0,0.850,0.029468
1000.0,0.850,0.031465
1000.0,0.850,0.015782
1000.0,0.850,-0.030205
1000.0,0.850,-0.023481
1000.0,0.850,-0.008407
1000.0,0.850,0.045869
1000.0,0.850,-0.049162
1000.0,0.850,-0.031603
1000.0,0.850,-0.090470
1000.0,0.850,-0.007984
1000.0,0.850,0.040515
1000.0,0.850,-0.015432
1000.0,0.850,-0.019156
1000.0,0.850,-0.016045
1000.0,0.850,0.035589
1000.0,0.850,-0.056858
1000.0,0.850,0.046622
1000.0,0.850,-0.077451
1000.0,0.850,-0.012581
1000.0,0.850,0.057439
1000.0,0.850,0.016981
1000.0,0.850,0.017763
1000.0,0.850,0.015870
1000.0,0.850,-0.002831
1000.0,0.850,0.038699
1000.0,0.850,0.004070
1000.0,0.850,0.005429
1000.0,0.850,-0.013311
1000.0,0.850,0.057498
1000.0,0.850,-0.013031
1000.0,0.850,0.034949
1000.0,0.850,-0.043492
1000.0,0.850,-0.015075
1000.0,0.850,0.007961
1000.0,0.850,0.016276
1000.0,0.850,-0.005279
1000.0,0.850,-0.003438
1000.0,0.850,0.047067
1000.0,0.850,0.055556
1000.0,0.850,0.016764
1000.0,0.850,0.051977
1000.0,0.850,0.003455
1000.0,0.850,-0.015041
1000.0,0.850,0.069326
1000.0,0.850,0.017152
1000.0,0.903,0.035577
1000.0,0.903,-0.017530
1000.0,0.903,-0.037775
1000.0,0.903,-0.030275
1000.0,0.903,0.091452
1000.0,0.903,0.086781
1000.0,0.903,0.006807
1000.0,0.903,-0.109104
1000.0,0.903,0.001673
1000.0,0.903,0.029597
1000.0,0.903,0.010555
1000.0,0.903,-0.032627
1000.0,0.903,-0.047216
1000.0,0.903,-0.014690
1000.0,0.903,-0.108731
1000.0,0.903,0.106473
1000.0,0.903,0.006330
1000.0,0.903,0.037661
1000.0,0.903,-0.019179
1000.0,0.903,-0.002868
1000.0,0.903,-0.023204
1000.0,0.903,0.079452
1000.0,0.903,-0.008379
1000.0,0.903,0.040365
1000.0,0.903,0.005402
1000.0,0.903,0.098858
1000.0,0.903,0.037605
1000.0,0.903,0.015408
1000.0,0.903,-0.056226
1000.0,0.903,0.051144
1000.0,0.903,-0.001581
1000.0,0.903,-0.027535
1000.0,0.903,0.024001
1000.0,0.903,-0.072815
1000.0,0.903,-0.057199
1000.0,0.903,-0.020828
1000.0,0.903,-0.032903
1000.0,0.903,0.010058
1000.0,0.903,0.007531
1000.0,0.903,-0.065786
1000.0,0.903,0.023626
1000.0,0.903,-0.032855
1000.0,0.903,0.028092
1000.0,0.903,0.048710
1000.0,0.903,-0.057977
1000.0,0.903,0.070140
1000.0,0.903,0.005969
1000.0,0.903,0.035211
1000.0,0.903,-0.000415
1000.0,0.903,0.024332
1000.0,0.903,-0.041228
1000.0,0.903,0.037340
1000.0,0.903,-0.035410
1000.0,0.903,-0.023849
1000.0,0.903,0.014562
1000.0,0.903,0.022498
1000.0,0.903,-0.002122
1000.0,0.903,-0.054980
1000.0,0.903,0.014881
1000.0,0.903,0.013957
1000.0,0.903,0.001654
1000.0,0.903,-0.075467
1000.0,0.903,0.001080
1000.0,0.903,-0.091967
1000.0,0.903,-0.011905
1000.0,0.903,0.026185
1000.0,0.903,0.037845
1000.0,0.903,-0.038623
1000.0,0.903,-0.031846
1000.0,0.903,-0.020289
1000.0,0.903,-0.072459
1000.0,0.903,0.038127
1000.0,0.903,-0.103918
1000.0,0.903,-0.003691
1000.0,0.903,0.104028
1000.0,0.903,0.033281
1000.0,0.903,0.013744
1000.0,0.903,-0.011773
1000.0,0.903,0.081402
1000.0,0.903,-0.029054
1000.0,0.903,-0.017604
1000.0,0.903,-0.001386
1000.0,0.903,-0.049800
1000.0,0.903,0.071439
1000.0,0.903,-0.007407
1000.0,0.903,0.068682
1000.0,0.903,-0.058034
1000.0,0.903,-0.054060
1000.0,0.903,0.098905
1000.0,0.903,0.014568
1000.0,0.903,-0.012968
1000.0,0.903,0.020467
1000.0,0.903,-0.013631
1000.0,0.903,0.064473
1000.0,0.903,0.015069
1000.0,0.903,0.060006
1000.0,0.903,0.039933
1000.0,0.903,-0.037624
1000.0,0.903,0.047707
1000.0,0.903,0.067223
1000.0,0.950,0.051918
1000.0,0.950,-0.053494
1000.0,0.950,-0.008064
1000.0,0.950,-0.040877
1000.0,0.950,0.035749
1000.0,0.950,0.098523
1000.0,0.950,0.024679
1000.0,0.950,-0.076575
1000.0,0.950,0.057281
1000.0,0.950,-0.015029
1000.0,0.950,0.040083
1000.0,0.950,-0.091850
1000.0,0.950,-0.092764
1000.0,0.950,-0.033102
1000.0,0.950,-0.085755
1000.0,0.950,0.114343
1000.0,0.950,-0.016926
1000.0,0.950,-0.015336
1000.0,0.950,-0.031436
1000.0,0.950,-0.017878
1000.0,0.950,-0.024509
1000.0,0.950,0.082502
1000.0,0.950,0.063518
1000.0,0.950,0.048773
1000.0,0.950,-0.009915
1000.0,0.950,0.092035
1000.0,0.950,0.018643
1000.0,0.950,-0.021375
1000.0,0.950,-0.040689
1000.0,0.950,0.057506
1000.0,0.950,0.036422
1000.0,0.950,-0.026647
1000.0,0.950,0.081849
1000.0,0.950,-0.076924
1000.0,0.950,0.012264
1000.0,0.950,-0.005244
1000.0,0.950,-0.035533
1000.0,0.950,0.022229
1000.0,0.950,0.041848
1000.0,0.950,-0.040086
1000.0,0.950,-0.007110
1000.0,0.950,-0.060141
1000.0,0.950,0.056100
1000.0,0.950,0.111894
1000.0,0.950,-0.025564
1000.0,0.950,0.083349
1000.0,0.950,-0.036574
1000.0,0.950,-0.021191
1000.0,0.950,-0.005049
1000.0,0.950,0.043727
1000.0,0.950,-0.015542
1000.0,0.950,0.006331
1000.0,0.950,-0.005479
1000.0,0.950,-0.010686
1000.0,0.950,-0.052943
1000.0,0.950,0.055170
1000.0,0.950,0.024453
1000.0,0.950,-0.062367
1000.0,0.950,0.039625
1000.0,0.950,0.002112
1000.0,0.950,-0.062011
1000.0,0.950,-0.135153
1000.0,0.950,-0.059744
1000.0,0.950,-0.092793
1000.0,0.950,0.031499
1000.0,0.950,0.050151
1000.0,0.950,0.027094
1000.0,0.950,-0.051267
1000.0,0.950,-0.055446
1000.0,0.950,0.009942
1000.0,0.950,-0.125392
1000.0,0.950,0.082571
1000.0,0.950,-0.074188
1000.0,0.950,0.008526
1000.0,0.950,0.074282
1000.0,0.950,0.053525
1000.0,0.950,-0.011463
1000.0,0.950,-0.031392
1000.0,0.950,0.132110
1000.0,0.950,-0.014792
1000.0,0.950,-0.029218
1000.0,0.950,0.030992
1000.0,0.950,-0.046404
1000.0,0.950,0.018907
1000.0,0.950,-0.013018
1000.0,0.950,0.064259
1000.0,0.950,-0.085595
1000.0,0.950,-0.066930
1000.0,0.950,0.114519
1000.0,0.950,0.007049
1000.0,0.950,-0.042985
1000.0,0.950,0.016726
1000.0,0.950,0.028516
1000.0,0.950,0.109047
1000.0,0.950,0.012385
1000.0,0.950,0.095965
1000.0,0.950,0.051737
1000.0,0.950,0.003603
1000.0,0.950,0.023158
1000.0,0.950,0.054990
1000.0,0.850,-0.006477
1000.0,0.850,0.035614
1000.0,0.850,-0.067381
1000.0,0.850,0.025132
1000.0,0.850,0.053582
1000.0,0.850,0.023382
1000.0,0.850,0.050251
1000.0,0.850,0.035101
1000.0,0.850,-0.034163
1000.0,0.850,0.032359
1000.0,0.850,-0.012224
1000.0,0.850,-0.016169
1000.0,0.850,0.002516
1000.0,0.850,0.016731
1000.0,0.850,-0.012178
1000.0,0.850,-0.073496
1000.0,0.850,0.029054
1000.0,0.850,0.015779
1000.0,0.850,0.024985
1000.0,0.850,-0.034029
1000.0,0.850,0.032416
1000.0,0.850,0.060589
1000.0,0.850,0.051785
1000.0,0.850,-0.049164
1000.0,0.850,-0.030359
1000.0,0.850,-0.036244
1000.0,0.850,-0.027328
1000.0,0.850,0.008662
1000.0,0.850,-0.026775
1000.0,0.850,0.059343
1000.0,0.850,0.074132
1000.0,0.850,-0.075694
1000.0,0.850,0.070527
1000.0,0.850,0.054529
1000.0,0.850,0.009191
1000.0,0.850,0.021941
1000.0,0.850,0.013310
1000.0,0.850,0.058510
1000.0,0.850,-0.033420
1000.0,0.850,0.032216
1000.0,0.850,0.039861
1000.0,0.850,-0.061251
1000.0,0.850,-0.042817
1000.0,0.850,0.021262
1000.0,0.850,-0.021845
1000.0,0.850,0.031473
1000.0,0.850,0.010985
1000.0,0.850,-0.020278
1000.0,0.850,0.005039
1000.0,0.850,0.000056
1000.0,0.850,0.011432
1000.0,0.850,-0.036372
1000.0,0.850,0.045204
1000.0,0.850,-0.036962
1000.0,0.850,0.021257
1000.0,0.850,0.056821
1000.0,0.850,0.041265
1000.0,0.850,0.002137
1000.0,0.850,-0.023055
1000.0,0.850,0.071388
1000.0,0.850,-0.012402
1000.0,0.850,-0.039500
1000.0,0.850,0.062637
1000.0,0.850,-0.025916
1000.0,0.850,-0.028583
1000.0,0.850,0.016358
1000.0,0.850,-0.056106
1000.0,0.850,-0.052873
1000.0,0.850,0.008069
1000.0,0.850,-0.003901
1000.0,0.850,0.009328
1000.0,0.850,-0.027254
1000.0,0.850,-0.006171
1000.0,0.850,0.030158
1000.0,0.850,-0.043152
1000.0,0.850,0.010285
1000.0,0.850,0.011703
1000.0,0.850,-0.028255
1000.0,0.850,-0.050831
1000.0,0.850,0.017735
1000.0,0.850,0.041238
1000.0,0.850,-0.044011
1000.0,0.850,0.016357
1000.0,0.850,0.022942
1000.0,0.850,0.003997
1000.0,0.850,0.022081
1000.0,0.850,-0.066432
1000.0,0.850,0.091880
1000.0,0.850,-0.019992
1000.0,0.850,-0.019640
1000.0,0.850,-0.004867
1000.0,0.850,0.037313
1000.0,0.850,0.017847
1000.0,0.850,0.061461
1000.0,0.850,-0.027072
1000.0,0.850,-0.055660
1000.0,0.850,-0.072245
1000.0,0.850,0.005642
1000.0,0.850,-0.066805
1000.0,0.850,-0.012394
1000.0,0.903,-0.040639
1000.0,0.903,0.051111
1000.0,0.903,-0.058329
1000.0,0.903,0.020304
1000.0,0.903,0.078158
1000.0,0.903,0.029100
1000.0,0.903,0.035486
1000.0,0.903,-0.005338
1000.0,0.903,-0.022003
1000.0,0.903,0.007540
1000.0,0.903,0.002401
1000.0,0.903,0.008055
1000.0,0.903,0.000706
1000.0,0.903,-0.037350
1000.0,0.903,0.010818
1000.0,0.903,-0.049756
1000.0,0.903,-0.007488
1000.0,0.903,0.025345
1000.0,0.903,0.014659
1000.0,0.903,-0.029591
1000.0,0.903,0.024630
1000.0,0.903,0.041784
1000.0,0.903,0.101966
1000.0,0.903,-0.086222
1000.0,0.903,0.019040
1000.0,0.903,-0.038332
1000.0,0.903,-0.005551
1000.0,0.903,-0.027994
1000.0,0.903,-0.085195
1000.0,0.903,0.001049
1000.0,0.903,0.071419
1000.0,0.903,-0.059699
1000.0,0.903,0.084073
1000.0,0.903,0.108463
1000.0,0.903,-0.040644
1000.0,0.903,-0.002921
1000.0,0.903,0.034994
1000.0,0.903,0.065593
1000.0,0.903,-0.031978
1000.0,0.903,0.003486
1000.0,0.903,0.046084
1000.0,0.903,-0.044743
1000.0,0.903,0.062250
1000.0,0.903,0.012404
1000.0,0.903,0.010095
1000.0,0.903,0.067916
1000.0,0.903,-0.013714
1000.0,0.903,-0.029495
1000.0,0.903,0.001761
1000.0,0.903,-0.040997
1000.0,0.903,-0.006725
1000.0,0.903,-0.072593
1000.0,0.903,0.016902
1000.0,0.903,-0.025805
1000.0,0.903,0.029682
1000.0,0.903,0.067186
1000.0,0.903,0.120203
1000.0,0.903,-0.005995
1000.0,0.903,-0.028128
1000.0,0.903,0.096461
1000.0,0.903,0.032970
1000.0,0.903,-0.015311
1000.0,0.903,0.058805
1000.0,0.903,-0.058278
1000.0,0.903,0.001898
1000.0,0.903,0.035501
1000.0,0.903,0.021845
1000.0,0.903,0.017987
1000.0,0.903,0.024672
1000.0,0.903,-0.030512
1000.0,0.903,-0.007985
1000.0,0.903,0.020951
1000.0,0.903,-0.026317
1000.0,0.903,-0.046528
1000.0,0.903,-0.019082
1000.0,0.903,0.045915
1000.0,0.903,-0.002729
1000.0,0.903,0.009543
1000.0,0.903,-0.086432
1000.0,0.903,0.019213
1000.0,0.903,0.087129
1000.0,0.903,-0.056920
1000.0,0.903,0.019791
1000.0,0.903,0.014554
1000.0,0.903,0.043227
1000.0,0.903,0.059969
1000.0,0.903,-0.024313
1000.0,0.903,0.093553
1000.0,0.903,-0.002758
1000.0,0.903,0.091549
1000.0,0.903,-0.006023
1000.0,0.903,0.037993
1000.0,0.903,-0.010586
1000.0,0.903,0.071485
1000.0,0.903,-0.034595
1000.0,0.903,0.006195
1000.0,0.903,-0.023365
1000.0,0.903,0.024974
1000.0,0.903,-0.014313
1000.0,0.903,-0.028679
1000.0,0.950,-0.056517
1000.0,0.950,-0.027857
1000.0,0.950,-0.019675
1000.0,0.950,-0.045017
1000.0,0.950,0.018783
1000.0,0.950,0.033254
1000.0,0.950,0.031224
1000.0,0.950,0.029381
1000.0,0.950,-0.020327
1000.0,0.950,0.077491
1000.0,0.950,0.013822
1000.0,0.950,-0.002079
1000.0,0.950,0.047827
1000.0,0.950,-0.009966
1000.0,0.950,0.023705
1000.0,0.950,-0.050039
1000.0,0.950,-0.039004
1000.0,0.950,-0.015784
1000.0,0.950,-0.049643
1000.0,0.950,0.013343
1000.0,0.950,0.022754
1000.0,0.950,0.024016
1000.0,0.950,0.139808
1000.0,0.950,-0.060831
1000.0,0.950,0.011552
1000.0,0.950,-0.026395
1000.0,0.950,0.038591
1000.0,0.950,-0.054835
1000.0,0.950,-0.089722
1000.0,0.950,0.055928
1000.0,0.950,0.131228
1000.0,0.950,-0.036672
1000.0,0.950,0.028075
1000.0,0.950,0.107820
1000.0,0.950,-0.023727
1000.0,0.950,-0.003130
1000.0,0.950,0.031187
1000.0,0.950,0.073521
1000.0,0.950,-0.001175
1000.0,0.950,-0.043724
1000.0,0.950,0.064755
1000.0,0.950,-0.062092
1000.0,0.950,0.051768
1000.0,0.950,0.058590
1000.0,0.950,0.042543
1000.0,0.950,0.058594
1000.0,0.950,-0.030236
1000.0,0.950,-0.027512
1000.0,0.950,0.036941
1000.0,0.950,-0.117403
1000.0,0.950,-0.020800
1000.0,0.950,-0.092375
1000.0,0.950,0.042654
1000.0,0.950,-0.042116
1000.0,0.950,0.005008
1000.0,0.950,0.054787
1000.0,0.950,0.094181
1000.0,0.950,-0.013491
1000.0,0.950,-0.044634
1000.0,0.950,0.102410
1000.0,0.950,-0.004716
1000.0,0.950,-0.092502
1000.0,0.950,0.020577
1000.0,0.950,-0.088171
1000.0,0.950,-0.047241
1000.0,0.950,0.065906
1000.0,0.950,0.005171
1000.0,0.950,0.003874
1000.0,0.950,-0.017845
1000.0,0.950,-0.008224
1000.0,0.950,-0.056192
1000.0,0.950,0.028979
1000.0,0.950,-0.044978
1000.0,0.950,-0.065211
1000.0,0.950,0.045660
1000.0,0.950,0.066392
1000.0,0.950,-0.026123
1000.0,0.950,-0.012145
1000.0,0.950,-0.066786
1000.0,0.950,0.019522
1000.0,0.950,0.029990
1000.0,0.950,-0.036616
1000.0,0.950,0.022685
1000.0,0.950,0.050541
1000.0,0.950,0.063329
1000.0,0.950,0.028914
1000.0,0.950,-0.032087
1000.0,0.950,0.086000
1000.0,0.950,0.055350
1000.0,0.950,0.100085
1000.0,0.950,-0.046437
1000.0,0.950,-0.023983
1000.0,0.950,-0.049195
1000.0,0.950,0.085249
1000.0,0.950,-0.162803
1000.0,0.950,-0.072033
1000.0,0.950,-0.068124
1000.0,0.950,0.034398
1000.0,0.950,0.013250
1000.0,0.950,-0.029417
1000.0,0.850,-0.044693
1000.0,0.850,-0.014550
1000.0,0.850,-0.046832
1000.0,0.850,0.100215
1000.0,0.850,0.025024
1000.0,0.850,0.015613
1000.0,0.850,0.032360
1000.0,0.850,-0.049210
1000.0,0.850,0.086484
1000.0,0.850,-0.008415
1000.0,0.850,-0.009250
1000.0,0.850,0.044008
1000.0,0.850,-0.003606
1000.0,0.850,0.004684
1000.0,0.850,0.048288
1000.0,0.850,0.022212
1000.0,0.850,-0.001214
1000.0,0.850,-0.006130
1000.0,0.850,0.072933
1000.0,0.850,-0.034393
1000.0,0.850,-0.031727
1000.0,0.850,0.014203
1000.0,0.850,0.024331
1000.0,0.850,-0.033759
1000.0,0.850,0.015254
1000.0,0.850,0.036062
1000.0,0.850,0.021017
1000.0,0.850,0.056296
1000.0,0.850,0.042159
1000.0,0.850,0.033133
1000.0,0.850,-0.053563
1000.0,0.850,0.051656
1000.0,0.850,-0.016354
1000.0,0.850,0.010553
1000.0,0.850,-0.030629
1000.0,0.850,0.081402
1000.0,0.850,0.027548
1000.0,0.850,0.049800
1000.0,0.850,0.065313
1000.0,0.850,-0.032678
1000.0,0.850,0.002674
1000.0,0.850,0.102952
1000.0,0.850,-0.069328
1000.0,0.850,0.059605
1000.0,0.850,0.028399
1000.0,0.850,-0.045184
1000.0,0.850,0.053620
1000.0,0.850,0.021135
1000.0,0.850,-0.025372
1000.0,0.850,0.052977
1000.0,0.850,0.019079
1000.0,0.850,0.039248
1000.0,0.850,-0.022234
1000.0,0.850,-0.002545
1000.0,0.850,-0.014619
1000.0,0.850,0.037486
1000.0,0.850,-0.072892
1000.0,0.850,0.018801
1000.0,0.850,0.033093
1000.0,0.850,-0.070133
1000.0,0.850,0.074078
1000.0,0.850,0.011578
1000.0,0.850,0.034235
1000.0,0.850,0.043003
1000.0,0.850,-0.012967
1000.0,0.850,-0.000400
1000.0,0.850,-0.024387
1000.0,0.850,0.070875
1000.0,0.850,0.042010
1000.0,0.850,0.064017
1000.0,0.850,-0.022122
1000.0,0.850,0.098723
1000.0,0.850,0.038772
1000.0,0.850,-0.040302
1000.0,0.850,0.017526
1000.0,0.850,0.012685
1000.0,0.850,-0.003007
1000.0,0.850,0.004292
1000.0,0.850,0.046875
1000.0,0.850,0.026977
1000.0,0.850,-0.013674
1000.0,0.850,0.015863
1000.0,0.850,-0.031899
1000.0,0.850,-0.008029
1000.0,0.850,0.018626
1000.0,0.850,-0.050249
1000.0,0.850,-0.042433
1000.0,0.850,0.017769
1000.0,0.850,-0.026081
1000.0,0.850,0.069518
1000.0,0.850,0.029714
1000.0,0.850,0.020335
1000.0,0.850,0.008938
1000.0,0.850,0.004846
1000.0,0.850,-0.022395
1000.0,0.850,0.028554
1000.0,0.850,0.062455
1000.0,0.850,0.031738
1000.0,0.850,-0.018337
1000.0,0.850,-0.009470
1000.0,0.903,-0.081871
1000.0,0.903,-0.082298
1000.0,0.903,-0.040203
1000.0,0.903,0.159036
1000.0,0.903,-0.008757
1000.0,0.903,0.021506
1000.0,0.903,0.054629
1000.0,0.903,0.009732
1000.0,0.903,0.114530
1000.0,0.903,0.011435
1000.0,0.903,-0.011859
1000.0,0.903,0.060924
1000.0,0.903,-0.003748
1000.0,0.903,0.032500
1000.0,0.903,0.051079
1000.0,0.903,0.034344
1000.0,0.903,-0.036680
1000.0,0.903,0.024067
1000.0,0.903,0.055189
1000.0,0.903,-0.009224
1000.0,0.903,-0.008105
1000.0,0.903,-0.000201
1000.0,0.903,0.057482
1000.0,0.903,0.040356
1000.0,0.903,0.012095
1000.0,0.903,-0.024312
1000.0,0.903,0.036462
1000.0,0.903,0.090484
1000.0,0.903,0.042662
1000.0,0.903,0.006674
1000.0,0.903,-0.082525
1000.0,0.903,0.041439
1000.0,0.903,0.021759
1000.0,0.903,0.006368
1000.0,0.903,-0.025336
1000.0,0.903,0.061570
1000.0,0.903,0.026927
1000.0,0.903,0.054794
1000.0,0.903,0.059058
1000.0,0.903,-0.003445
1000.0,0.903,0.036445
1000.0,0.903,0.157422
1000.0,0.903,-0.018377
1000.0,0.903,0.086726
1000.0,0.903,0.024374
1000.0,0.903,-0.008865
1000.0,0.903,0.064925
1000.0,0.903,0.042939
1000.0,0.903,0.006930
1000.0,0.903,0.021827
1000.0,0.903,-0.003118
1000.0,0.903,0.062469
1000.0,0.903,-0.038653
1000.0,0.903,-0.003115
1000.0,0.903,-0.008266
1000.0,0.903,0.025624
1000.0,0.903,-0.098240
1000.0,0.903,0.052448
1000.0,0.903,0.000065
1000.0,0.903,0.019177
1000.0,0.903,0.075941
1000.0,0.903,0.033721
1000.0,0.903,0.105405
1000.0,0.903,0.049454
1000.0,0.903,-0.038114
1000.0,0.903,0.049587
1000.0,0.903,-0.086918
1000.0,0.903,0.066142
1000.0,0.903,0.041217
1000.0,0.903,0.124972
1000.0,0.903,0.033765
1000.0,0.903,0.080509
1000.0,0.903,0.056309
1000.0,0.903,-0.048001
1000.0,0.903,0.055428
1000.0,0.903,0.028213
1000.0,0.903,0.030132
1000.0,0.903,-0.052143
1000.0,0.903,0.072409
1000.0,0.903,0.050718
1000.0,0.903,0.028615
1000.0,0.903,0.054372
1000.0,0.903,0.033069
1000.0,0.903,-0.011685
1000.0,0.903,0.038095
1000.0,0.903,0.050544
1000.0,0.903,-0.037042
1000.0,0.903,0.090380
1000.0,0.903,-0.006906
1000.0,0.903,0.067582
1000.0,0.903,0.044142
1000.0,0.903,0.048993
1000.0,0.903,-0.002556
1000.0,0.903,-0.070272
1000.0,0.903,-0.047429
1000.0,0.903,0.040693
1000.0,0.903,0.079953
1000.0,0.903,-0.002931
1000.0,0.903,0.046295
1000.0,0.903,0.019297
1000.0,0.950,-0.103764
1000.0,0.950,-0.001047
1000.0,0.950,-0.056240
1000.0,0.950,0.144660
1000.0,0.950,-0.069930
1000.0,0.950,0.034399
1000.0,0.950,0.045336
1000.0,0.950,0.040068
1000.0,0.950,0.117564
1000.0,0.950,0.029094
1000.0,0.950,0.068138
1000.0,0.950,0.115239
1000.0,0.950,0.063532
1000.0,0.950,0.054733
1000.0,0.950,0.050017
1000.0,0.950,0.090385
1000.0,0.950,0.009432
1000.0,0.950,0.064113
1000.0,0.950,0.071824
1000.0,0.950,-0.013405
1000.0,0.950,0.035877
1000.0,0.950,0.089879
1000.0,0.950,0.089317
1000.0,0.950,0.007212
1000.0,0.950,0.046350
1000.0,0.950,0.025825
1000.0,0.950,-0.011050
1000.0,0.950,0.136483
1000.0,0.950,0.082199
1000.0,0.950,0.059374
1000.0,0.950,-0.102802
1000.0,0.950,0.145349
1000.0,0.950,0.035018
1000.0,0.950,0.055207
1000.0,0.950,-0.023420
1000.0,0.950,0.078359
1000.0,0.950,0.034497
1000.0,0.950,0.126079
1000.0,0.950,0.058073
1000.0,0.950,0.006893
1000.0,0.950,0.052708
1000.0,0.950,0.168286
1000.0,0.950,0.014537
1000.0,0.950,0.106807
1000.0,0.950,0.059880
1000.0,0.950,0.058864
1000.0,0.950,0.060052
1000.0,0.950,0.089590
1000.0,0.950,0.062504
1000.0,0.950,0.072353
1000.0,0.950,-0.066544
1000.0,0.950,0.145366
1000.0,0.950,-0.034231
1000.0,0.950,0.024178
1000.0,0.950,-0.041486
1000.0,0.950,0.075244
1000.0,0.950,-0.060312
1000.0,0.950,0.105007
1000.0,0.950,-0.025165
1000.0,0.950,0.058258
1000.0,0.950,0.117945
1000.0,0.950,0.043592
1000.0,0.950,0.141676
1000.0,0.950,0.049234
1000.0,0.950,0.028087
1000.0,0.950,0.040533
1000.0,0.950,-0.054946
1000.0,0.950,0.033828
1000.0,0.950,0.029945
1000.0,0.950,0.102228
1000.0,0.950,0.113827
1000.0,0.950,0.095723
1000.0,0.950,0.049845
1000.0,0.950,-0.050902
1000.0,0.950,0.077041
1000.0,0.950,-0.005421
1000.0,0.950,0.139296
1000.0,0.950,-0.044334
1000.0,0.950,0.058895
1000.0,0.950,0.029901
1000.0,0.950,-0.003378
1000.0,0.950,0.090531
1000.0,0.950,0.042881
1000.0,0.950,-0.020310
1000.0,0.950,0.024159
1000.0,0.950,0.051448
1000.0,0.950,0.011337
1000.0,0.950,0.082686
1000.0,0.950,-0.045948
1000.0,0.950,0.077160
1000.0,0.950,0.081186
1000.0,0.950,-0.023726
1000.0,0.950,0.007857
1000.0,0.950,-0.054032
1000.0,0.950,-0.033873
1000.0,0.950,-0.000891
1000.0,0.950,0.119285
1000.0,0.950,0.038288
1000.0,0.950,0.084043
1000.0,0.950,0.049000
1000.0,0.850,0.019509
1000.0,0.850,0.006591
1000.0,0.850,-0.002064
1000.0,0.850,0.073879
1000.0,0.850,-0.006158
1000.0,0.850,-0.029064
1000.0,0.850,-0.019220
1000.0,0.850,0.018770
1000.0,0.850,0.032298
1000.0,0.850,0.062803
1000.0,0.850,0.048506
1000.0,0.850,-0.036494
1000.0,0.850,0.082889
1000.0,0.850,-0.058252
1000.0,0.850,0.009798
1000.0,0.850,0.079740
1000.0,0.850,0.005146
1000.0,0.850,-0.043824
1000.0,0.850,0.015440
1000.0,0.850,-0.027407
1000.0,0.850,-0.010039
1000.0,0.850,0.024888
1000.0,0.850,0.015211
1000.0,0.850,-0.026689
1000.0,0.850,0.014027
1000.0,0.850,-0.007986
1000.0,0.850,-0.072904
1000.0,0.850,0.105507
1000.0,0.850,0.024687
1000.0,0.850,-0.031373
1000.0,0.850,0.015459
1000.0,0.850,0.055038
1000.0,0.850,-0.049326
1000.0,0.850,-0.010012
1000.0,0.850,0.040672
1000.0,0.850,-0.046952
1000.0,0.850,-0.026443
1000.0,0.850,-0.002830
1000.0,0.850,0.039563
1000.0,0.850,-0.021776
1000.0,0.850,-0.030816
1000.0,0.850,0.003333
1000.0,0.850,-0.043974
1000.0,0.850,-0.044305
1000.0,0.850,0.009425
1000.0,0.850,0.065261
1000.0,0.850,-0.020804
1000.0,0.850,-0.039972
1000.0,0.850,0.012341
1000.0,0.850,-0.021213
1000.0,0.850,0.006485
1000.0,0.850,-0.091779
1000.0,0.850,-0.006445
1000.0,0.850,-0.037763
1000.0,0.850,-0.033017
1000.0,0.850,0.054601
1000.0,0.850,0.047745
1000.0,0.850,0.037092
1000.0,0.850,0.034561
1000.0,0.850,-0.060938
1000.0,0.850,-0.068191
1000.0,0.850,0.056303
1000.0,0.850,-0.005424
1000.0,0.850,-0.005463
1000.0,0.850,0.047627
1000.0,0.850,-0.001603
1000.0,0.850,0.052805
1000.0,0.850,0.057073
1000.0,0.850,0.077304
1000.0,0.850,-0.022528
1000.0,0.850,0.022143
1000.0,0.850,-0.014633
1000.0,0.850,-0.015133
1000.0,0.850,0.032586
1000.0,0.850,0.086078
1000.0,0.850,-0.065023
1000.0,0.850,0.007806
1000.0,0.850,-0.070897
1000.0,0.850,0.036833
1000.0,0.850,-0.033399
1000.0,0.850,-0.009211
1000.0,0.850,-0.005752
1000.0,0.850,0.024827
1000.0,0.850,-0.008867
1000.0,0.850,0.083972
1000.0,0.850,-0.057558
1000.0,0.850,0.003354
1000.0,0.850,0.043755
1000.0,0.850,-0.011293
1000.0,0.850,-0.054047
1000.0,0.850,-0.043208
1000.0,0.850,-0.048358
1000.0,0.850,-0.006848
1000.0,0.850,-0.051924
1000.0,0.850,0.043942
1000.0,0.850,-0.002387
1000.0,0.850,0.033887
1000.0,0.850,0.019103
1000.0,0.850,-0.020324
1000.0,0.850,-0.027245
1000.0,0.903,0.002008
1000.0,0.903,-0.019408
1000.0,0.903,-0.002309
1000.0,0.903,0.057721
1000.0,0.903,-0.000873
1000.0,0.903,0.048533
1000.0,0.903,-0.041061
1000.0,0.903,0.050518
1000.0,0.903,0.049072
1000.0,0.903,0.056139
1000.0,0.903,0.067662
1000.0,0.903,-0.100402
1000.0,0.903,0.064609
1000.0,0.903,-0.011356
1000.0,0.903,0.013944
1000.0,0.903,0.040741
1000.0,0.903,0.009784
1000.0,0.903,-0.045098
1000.0,0.903,0.058920
1000.0,0.903,-0.007039
1000.0,0.903,-0.004032
1000.0,0.903,-0.000183
1000.0,0.903,-0.001773
1000.0,0.903,0.026231
1000.0,0.903,0.084856
1000.0,0.903,0.005047
1000.0,0.903,-0.091883
1000.0,0.903,0.104217
1000.0,0.903,0.019314
1000.0,0.903,-0.031971
1000.0,0.903,0.006920
1000.0,0.903,0.045247
1000.0,0.903,-0.041422
1000.0,0.903,0.018583
1000.0,0.903,-0.002926
1000.0,0.903,-0.085551
1000.0,0.903,-0.052967
1000.0,0.903,0.051909
1000.0,0.903,0.081302
1000.0,0.903,0.005102
1000.0,0.903,-0.043387
1000.0,0.903,-0.051205
1000.0,0.903,-0.076845
1000.0,0.903,-0.066657
1000.0,0.903,-0.008730
1000.0,0.903,0.078236
1000.0,0.903,0.014210
1000.0,0.903,0.022915
1000.0,0.903,-0.023631
1000.0,0.903,-0.026065
1000.0,0.903,0.043170
1000.0,0.903,-0.085139
1000.0,0.903,0.017765
1000.0,0.903,0.006861
1000.0,0.903,-0.048750
1000.0,0.903,0.096996
1000.0,0.903,0.100059
1000.0,0.903,-0.003669
1000.0,0.903,0.020186
1000.0,0.903,-0.086109
1000.0,0.903,-0.134626
1000.0,0.903,0.074890
1000.0,0.903,-0.035445
1000.0,0.903,0.013561
1000.0,0.903,-0.005931
1000.0,0.903,0.038356
1000.0,0.903,0.080948
1000.0,0.903,0.030945
1000.0,0.903,0.040108
1000.0,0.903,0.021678
1000.0,0.903,0.066867
1000.0,0.903,0.002321
1000.0,0.903,-0.035506
1000.0,0.903,0.103450
1000.0,0.903,0.100844
1000.0,0.903,-0.061433
1000.0,0.903,0.015971
1000.0,0.903,-0.101288
1000.0,0.903,0.090989
1000.0,0.903,-0.024614
1000.0,0.903,-0.004334
1000.0,0.903,0.015457
1000.0,0.903,-0.002992
1000.0,0.903,-0.016943
1000.0,0.903,0.083454
1000.0,0.903,-0.078390
1000.0,0.903,0.049574
1000.0,0.903,0.002020
1000.0,0.903,0.036138
1000.0,0.903,-0.083888
1000.0,0.903,-0.046388
1000.0,0.903,-0.048862
1000.0,0.903,-0.014706
1000.0,0.903,-0.014591
1000.0,0.903,-0.016344
1000.0,0.903,0.017535
1000.0,0.903,0.009458
1000.0,0.903,0.008469
1000.0,0.903,-0.011696
1000.0,0.903,-0.019010
1000.0,0.950,-0.015863
1000.0,0.950,-0.007125
1000.0,0.950,0.018824
1000.0,0.950,0.084683
1000.0,0.950,0.038811
1000.0,0.950,0.053935
1000.0,0.950,-0.057786
1000.0,0.950,0.051029
1000.0,0.950,-0.054039
1000.0,0.950,0.035163
1000.0,0.950,0.092695
1000.0,0.950,-0.043921
1000.0,0.950,0.036277
1000.0,0.950,0.001153
1000.0,0.950,0.017442
1000.0,0.950,0.129065
1000.0,0.950,-0.015382
1000.0,0.950,-0.004510
1000.0,0.950,0.072429
1000.0,0.950,0.054320
1000.0,0.950,-0.018846
1000.0,0.950,-0.038935
1000.0,0.950,0.051551
1000.0,0.950,0.077954
1000.0,0.950,0.060258
1000.0,0.950,0.036520
1000.0,0.950,-0.118154
1000.0,0.950,0.008509
1000.0,0.950,0.015364
1000.0,0.950,-0.062461
1000.0,0.950,0.021890
1000.0,0.950,0.054732
1000.0,0.950,-0.084223
1000.0,0.950,-0.015850
1000.0,0.950,0.047185
1000.0,0.950,-0.103680
1000.0,0.950,-0.033093
1000.0,0.950,0.063450
1000.0,0.950,0.104145
1000.0,0.950,-0.003735
1000.0,0.950,-0.025465
1000.0,0.950,-0.050533
1000.0,0.950,-0.098728
1000.0,0.950,-0.082368
1000.0,0.950,-0.020761
1000.0,0.950,0.057427
1000.0,0.950,0.044583
1000.0,0.950,0.070072
1000.0,0.950,-0.008993
1000.0,0.950,-0.010800
1000.0,0.950,0.074664
1000.0,0.950,-0.010980
1000.0,0.950,0.057556
1000.0,0.950,-0.036020
1000.0,0.950,-0.075310
1000.0,0.950,0.148832
1000.0,0.950,0.097606
1000.0,0.950,0.037581
1000.0,0.950,0.048262
1000.0,0.950,-0.065350
1000.0,0.950,-0.139834
1000.0,0.950,0.067076
1000.0,0.950,-0.043137
1000.0,0.950,0.017383
1000.0,0.950,-0.039104
1000.0,0.950,0.074973
1000.0,0.950,0.033943
1000.0,0.950,0.001562
1000.0,0.950,0.049666
1000.0,0.950,0.071590
1000.0,0.950,0.087731
1000.0,0.950,-0.008791
1000.0,0.950,-0.048806
1000.0,0.950,0.115816
1000.0,0.950,0.065836
1000.0,0.950,-0.062019
1000.0,0.950,-0.005254
1000.0,0.950,-0.111077
1000.0,0.950,0.162453
1000.0,0.950,0.021307
1000.0,0.950,0.045919
1000.0,0.950,0.085407
1000.0,0.950,-0.000474
1000.0,0.950,-0.037227
1000.0,0.950,0.082841
1000.0,0.950,-0.051012
1000.0,0.950,0.006787
1000.0,0.950,-0.041986
1000.0,0.950,0.043492
1000.0,0.950,-0.066364
1000.0,0.950,0.017831
1000.0,0.950,-0.040726
1000.0,0.950,-0.092690
1000.0,0.950,-0.017795
1000.0,0.950,-0.041365
1000.0,0.950,0.005529
1000.0,0.950,0.040343
1000.0,0.950,0.048518
1000.0,0.950,-0.006182
1000.0,0.950,-0.005333
1000.0,0.850,0.044668
1000.0,0.850,0.011534
1000.0,0.850,-0.090814
1000.0,0.850,-0.003927
1000.0,0.850,-0.086636
1000.0,0.850,-0.034847
1000.0,0.850,-0.065433
1000.0,0.850,-0.023966
1000.0,0.850,0.022595
1000.0,0.850,-0.002926
1000.0,0.850,-0.003440
1000.0,0.850,-0.001295
1000.0,0.850,-0.006938
1000.0,0.850,0.111302
1000.0,0.850,-0.022472
1000.0,0.850,0.057131
1000.0,0.850,0.026026
1000.0,0.850,0.033057
1000.0,0.850,0.031215
1000.0,0.850,0.011962
1000.0,0.850,0.003050
1000.0,0.850,0.030456
1000.0,0.850,0.016621
1000.0,0.850,0.005180
1000.0,0.850,0.007686
1000.0,0.850,-0.042142
1000.0,0.850,-0.026541
1000.0,0.850,-0.091792
1000.0,0.850,0.074217
1000.0,0.850,-0.094960
1000.0,0.850,0.088432
1000.0,0.850,-0.024160
1000.0,0.850,-0.007957
1000.0,0.850,0.050566
1000.0,0.850,0.071419
1000.0,0.850,0.002187
1000.0,0.850,0.027116
1000.0,0.850,0.002985
1000.0,0.850,0.009260
1000.0,0.850,-0.042037
1000.0,0.850,-0.022127
1000.0,0.850,-0.001801
1000.0,0.850,-0.046055
1000.0,0.850,-0.000948
1000.0,0.850,0.066230
1000.0,0.850,0.037089
1000.0,0.850,-0.026750
1000.0,0.850,0.016768
1000.0,0.850,-0.009566
1000.0,0.850,0.018203
1000.0,0.850,-0.028230
1000.0,0.850,0.023311
1000.0,0.850,0.094792
1000.0,0.850,0.052240
1000.0,0.850,-0.029402
1000.0,0.850,0.080675
1000.0,0.850,0.026049
1000.0,0.850,0.085303
1000.0,0.850,-0.033625
1000.0,0.850,-0.061785
1000.0,0.850,0.077220
1000.0,0.850,0.043227
1000.0,0.850,-0.010682
1000.0,0.850,0.048422
1000.0,0.850,-0.014350
1000.0,0.850,0.065959
1000.0,0.850,0.019009
1000.0,0.850,0.027868
1000.0,0.850,0.070155
1000.0,0.850,0.046369
1000.0,0.850,0.042408
1000.0,0.850,0.030807
1000.0,0.850,0.026803
1000.0,0.850,0.015813
1000.0,0.850,-0.017453
1000.0,0.850,0.052050
1000.0,0.850,0.043670
1000.0,0.850,-0.023146
1000.0,0.850,0.005481
1000.0,0.850,-0.001118
1000.0,0.850,-0.096720
1000.0,0.850,-0.035346
1000.0,0.850,0.015503
1000.0,0.850,-0.006677
1000.0,0.850,0.055955
1000.0,0.850,0.132420
1000.0,0.850,0.020513
1000.0,0.850,-0.015602
1000.0,0.850,-0.050524
1000.0,0.850,-0.004195
1000.0,0.850,0.060129
1000.0,0.850,0.014848
1000.0,0.850,-0.055348
1000.0,0.850,0.006400
1000.0,0.850,-0.071136
1000.0,0.850,-0.042398
1000.0,0.850,0.045628
1000.0,0.850,-0.002058
1000.0,0.850,-0.035927
1000.0,0.850,0.049703
1000.0,0.903,0.096953
1000.0,0.903,-0.007884
1000.0,0.903,-0.100173
1000.0,0.903,-0.061266
1000.0,0.903,-0.043751
1000.0,0.903,-0.029587
1000.0,0.903,-0.002559
1000.0,0.903,-0.004191
1000.0,0.903,-0.000959
1000.0,0.903,-0.072392
1000.0,0.903,0.007429
1000.0,0.903,0.005995
1000.0,0.903,-0.038808
1000.0,0.903,0.137355
1000.0,0.903,0.042335
1000.0,0.903,0.058346
1000.0,0.903,-0.010138
1000.0,0.903,0.030375
1000.0,0.903,0.004888
1000.0,0.903,0.057585
1000.0,0.903,0.031140
1000.0,0.903,-0.022333
1000.0,0.903,-0.022842
1000.0,0.903,0.030587
1000.0,0.903,-0.007622
1000.0,0.903,-0.050256
1000.0,0.903,0.001497
1000.0,0.903,-0.076921
1000.0,0.903,0.135745
1000.0,0.903,-0.089594
1000.0,0.903,0.089176
1000.0,0.903,0.001199
1000.0,0.903,0.000862
1000.0,0.903,0.067708
1000.0,0.903,0.081623
1000.0,0.903,-0.002471
1000.0,0.903,0.032530
1000.0,0.903,0.008949
1000.0,0.903,-0.053456
1000.0,0.903,-0.027101
1000.0,0.903,0.022682
1000.0,0.903,-0.000852
1000.0,0.903,-0.071699
1000.0,0.903,0.081362
1000.0,0.903,0.095301
1000.0,0.903,0.085377
1000.0,0.903,0.001523
1000.0,0.903,0.028693
1000.0,0.903,0.038690
1000.0,0.903,0.007321
1000.0,0.903,-0.030391
1000.0,0.903,0.025175
1000.0,0.903,0.089598
1000.0,0.903,0.048202
1000.0,0.903,0.016503
1000.0,0.903,0.093247
1000.0,0.903,0.080148
1000.0,0.903,0.066464
1000.0,0.903,-0.009917
1000.0,0.903,-0.028697
1000.0,0.903,0.024328
1000.0,0.903,0.052105
1000.0,0.903,0.014906
1000.0,0.903,0.068665
1000.0,0.903,-0.044697
1000.0,0.903,0.066795
1000.0,0.903,0.070486
1000.0,0.903,0.036846
1000.0,0.903,0.075147
1000.0,0.903,-0.006605
1000.0,0.903,0.079901
1000.0,0.903,0.030746
1000.0,0.903,0.081204
1000.0,0.903,0.061294
1000.0,0.903,0.000892
1000.0,0.903,0.045283
1000.0,0.903,0.038435
1000.0,0.903,-0.022665
1000.0,0.903,0.031617
1000.0,0.903,0.098787
1000.0,0.903,-0.090113
1000.0,0.903,0.012815
1000.0,0.903,0.032465
1000.0,0.903,-0.011619
1000.0,0.903,0.056332
1000.0,0.903,0.067803
1000.0,0.903,0.019871
1000.0,0.903,0.017375
1000.0,0.903,0.017048
1000.0,0.903,-0.002881
1000.0,0.903,-0.021948
1000.0,0.903,0.024988
1000.0,0.903,-0.021623
1000.0,0.903,0.024344
1000.0,0.903,-0.008155
1000.0,0.903,-0.089444
1000.0,0.903,0.069972
1000.0,0.903,0.028368
1000.0,0.903,0.000221
1000.0,0.903,0.052784
1000.0,0.950,0.134140
1000.0,0.950,-0.019309
1000.0,0.950,-0.122773
1000.0,0.950,-0.116353
1000.0,0.950,0.001956
1000.0,0.950,-0.019669
1000.0,0.950,-0.016381
1000.0,0.950,0.052563
1000.0,0.950,0.016861
1000.0,0.950,-0.093072
1000.0,0.950,-0.003564
1000.0,0.950,-0.000828
1000.0,0.950,-0.047175
1000.0,0.950,0.060002
1000.0,0.950,0.019498
1000.0,0.950,0.062448
1000.0,0.950,0.039750
1000.0,0.950,0.049517
1000.0,0.950,0.017205
1000.0,0.950,0.072770
1000.0,0.950,0.094820
1000.0,0.950,-0.068919
1000.0,0.950,-0.013223
1000.0,0.950,0.069836
1000.0,0.950,-0.037971
1000.0,0.950,-0.056858
1000.0,0.950,0.051212
1000.0,0.950,-0.092759
1000.0,0.950,0.159950
1000.0,0.950,-0.099716
1000.0,0.950,0.049870
1000.0,0.950,-0.020653
1000.0,0.950,0.064289
1000.0,0.950,0.108316
1000.0,0.950,0.040339
1000.0,0.950,-0.045145
1000.0,0.950,0.089766
1000.0,0.950,-0.004877
1000.0,0.950,-0.061743
1000.0,0.950,-0.086835
1000.0,0.950,0.025652
1000.0,0.950,0.016947
1000.0,0.950,-0.047816
1000.0,0.950,0.089722
1000.0,0.950,0.039397
1000.0,0.950,0.106366
1000.0,0.950,-0.013179
1000.0,0.950,0.051473
1000.0,0.950,0.018858
1000.0,0.950,-0.017580
1000.0,0.950,-0.016722
1000.0,0.950,-0.022580
1000.0,0.950,0.097989
1000.0,0.950,0.077394
1000.0,0.950,0.034632
1000.0,0.950,0.043736
1000.0,0.950,0.035891
1000.0,0.950,0.065680
1000.0,0.950,0.016177
1000.0,0.950,-0.032945
1000.0,0.950,0.018214
1000.0,0.950,0.048323
1000.0,0.950,0.019920
1000.0,0.950,0.037199
1000.0,0.950,0.007611
1000.0,0.950,0.089137
1000.0,0.950,0.114573
1000.0,0.950,0.053462
1000.0,0.950,0.068905
1000.0,0.950,-0.014176
1000.0,0.950,0.094553
1000.0,0.950,0.053949
1000.0,0.950,0.120965
1000.0,0.950,0.109074
1000.0,0.950,0.007725
1000.0,0.950,0.046688
1000.0,0.950,0.023885
1000.0,0.950,-0.015786
1000.0,0.950,-0.007664
1000.0,0.950,0.105535
1000.0,0.950,-0.109359
1000.0,0.950,0.036250
1000.0,0.950,-0.002738
1000.0,0.950,0.005005
1000.0,0.950,0.075220
1000.0,0.950,0.012376
1000.0,0.950,0.008389
1000.0,0.950,0.004443
1000.0,0.950,0.009893
1000.0,0.950,0.043740
1000.0,0.950,0.018852
1000.0,0.950,0.048684
1000.0,0.950,-0.020713
1000.0,0.950,-0.005100
1000.0,0.950,-0.009942
1000.0,0.950,-0.061229
1000.0,0.950,0.048256
1000.0,0.950,0.081001
1000.0,0.950,-0.015848
1000.0,0.950,0.062740
1000.0,0.850,-0.021457
1000.0,0.850,-0.019185
1000.0,0.850,0.056677
1000.0,0.850,0.014438
1000.0,0.850,-0.008498
1000.0,0.850,-0.001392
1000.0,0.850,0.011685
1000.0,0.850,0.011891
1000.0,0.850,0.066297
1000.0,0.850,-0.020545
1000.0,0.850,0.020611
1000.0,0.850,0.046698
1000.0,0.850,0.006576
1000.0,0.850,0.018333
1000.0,0.850,-0.025034
1000.0,0.850,0.009859
1000.0,0.850,-0.075737
1000.0,0.850,0.008369
1000.0,0.850,-0.028066
1000.0,0.850,0.035208
1000.0,0.850,-0.077286
1000.0,0.850,0.019159
1000.0,0.850,-0.017428
1000.0,0.850,-0.028022
1000.0,0.850,-0.050683
1000.0,0.850,-0.016016
1000.0,0.850,-0.022179
1000.0,0.850,0.001036
1000.0,0.850,0.033076
1000.0,0.850,0.014551
1000.0,0.850,-0.006571
1000.0,0.850,0.037297
1000.0,0.850,-0.054647
1000.0,0.850,0.040751
1000.0,0.850,0.034190
1000.0,0.850,0.053393
1000.0,0.850,-0.006434
1000.0,0.850,0.006245
1000.0,0.850,0.029538
1000.0,0.850,0.005970
1000.0,0.850,0.055992
1000.0,0.850,-0.045848
1000.0,0.850,0.005002
1000.0,0.850,-0.023252
1000.0,0.850,0.074626
1000.0,0.850,0.051421
1000.0,0.850,0.005363
1000.0,0.850,-0.108566
1000.0,0.850,-0.043889
1000.0,0.850,-0.001200
1000.0,0.850,-0.004444
1000.0,0.850,0.001861
1000.0,0.850,0.031643
1000.0,0.850,-0.087407
1000.0,0.850,-0.027399
1000.0,0.850,0.034991
1000.0,0.850,0.053912
1000.0,0.850,0.005214
1000.0,0.850,0.022914
1000.0,0.850,-0.008919
1000.0,0.850,-0.004099
1000.0,0.850,0.026429
1000.0,0.850,-0.016234
1000.0,0.850,-0.021944
1000.0,0.850,-0.022948
1000.0,0.850,-0.000311
1000.0,0.850,-0.025659
1000.0,0.850,-0.048989
1000.0,0.850,-0.031499
1000.0,0.850,-0.065944
1000.0,0.850,0.053512
1000.0,0.850,-0.115349
1000.0,0.850,0.070116
1000.0,0.850,0.048729
1000.0,0.850,-0.005746
1000.0,0.850,0.018860
1000.0,0.850,-0.034257
1000.0,0.850,-0.002864
1000.0,0.850,0.042298
1000.0,0.850,-0.014750
1000.0,0.850,-0.078379
1000.0,0.850,0.006799
1000.0,0.850,0.055085
1000.0,0.850,-0.037964
1000.0,0.850,-0.016882
1000.0,0.850,0.003061
1000.0,0.850,-0.016524
1000.0,0.850,-0.020051
1000.0,0.850,0.024370
1000.0,0.850,0.050058
1000.0,0.850,0.006930
1000.0,0.850,-0.038010
1000.0,0.850,0.054221
1000.0,0.850,0.001306
1000.0,0.850,0.007002
1000.0,0.850,-0.132543
1000.0,0.850,-0.037096
1000.0,0.850,-0.046208
1000.0,0.850,0.084444
1000.0,0.850,-0.073365
1000.0,0.903,-0.109410
1000.0,0.903,0.004070
1000.0,0.903,0.007699
1000.0,0.903,0.052152
1000.0,0.903,-0.072040
1000.0,0.903,-0.009443
1000.0,0.903,0.057961
1000.0,0.903,-0.013976
1000.0,0.903,0.044737
1000.0,0.903,-0.019039
1000.0,0.903,-0.018861
1000.0,0.903,0.035925
1000.0,0.903,0.002867
1000.0,0.903,0.024542
1000.0,0.903,0.009581
1000.0,0.903,0.037509
1000.0,0.903,-0.089158
1000.0,0.903,-0.074413
1000.0,0.903,-0.022689
1000.0,0.903,0.018167
1000.0,0.903,-0.020041
1000.0,0.903,0.021421
1000.0,0.903,-0.008797
1000.0,0.903,-0.012077
1000.0,0.903,-0.074544
1000.0,0.903,0.034870
1000.0,0.903,-0.040296
1000.0,0.903,0.018840
1000.0,0.903,0.097823
1000.0,0.903,0.030295
1000.0,0.903,-0.002286
1000.0,0.903,0.045985
1000.0,0.903,-0.041659
1000.0,0.903,0.038733
1000.0,0.903,-0.016160
1000.0,0.903,0.042500
1000.0,0.903,0.012877
1000.0,0.903,-0.081953
1000.0,0.903,-0.013513
1000.0,0.903,0.033149
1000.0,0.903,0.069972
1000.0,0.903,-0.085799
1000.0,0.903,-0.033945
1000.0,0.903,0.005153
1000.0,0.903,0.075124
1000.0,0.903,0.056780
1000.0,0.903,-0.049260
1000.0,0.903,-0.113307
1000.0,0.903,-0.084584
1000.0,0.903,-0.014139
1000.0,0.903,0.056967
1000.0,0.903,-0.039536
1000.0,0.903,0.090200
1000.0,0.903,-0.049415
1000.0,0.903,0.065757
1000.0,0.903,0.078195
1000.0,0.903,0.049114
1000.0,0.903,-0.045487
1000.0,0.903,0.012590
1000.0,0.903,-0.020516
1000.0,0.903,-0.037424
1000.0,0.903,0.020526
1000.0,0.903,-0.012586
1000.0,0.903,-0.078254
1000.0,0.903,-0.027017
1000.0,0.903,0.002703
1000.0,0.903,0.008220
1000.0,0.903,-0.026444
1000.0,0.903,-0.043148
1000.0,0.903,-0.033084
1000.0,0.903,0.032381
1000.0,0.903,-0.193524
1000.0,0.903,0.086969
1000.0,0.903,0.105285
1000.0,0.903,0.002039
1000.0,0.903,-0.011248
1000.0,0.903,-0.079517
1000.0,0.903,-0.018784
1000.0,0.903,0.077236
1000.0,0.903,-0.042992
1000.0,0.903,-0.106353
1000.0,0.903,0.031837
1000.0,0.903,0.045912
1000.0,0.903,-0.050510
1000.0,0.903,0.006998
1000.0,0.903,0.064592
1000.0,0.903,-0.064938
1000.0,0.903,-0.063711
1000.0,0.903,-0.010361
1000.0,0.903,0.092527
1000.0,0.903,0.028786
1000.0,0.903,-0.029901
1000.0,0.903,0.030877
1000.0,0.903,-0.011579
1000.0,0.903,-0.025882
1000.0,0.903,-0.150401
1000.0,0.903,-0.062131
1000.0,0.903,0.012869
1000.0,0.903,0.092374
1000.0,0.903,-0.139619
1000.0,0.950,-0.098503
1000.0,0.950,-0.028806
1000.0,0.950,0.048542
1000.0,0.950,0.041599
1000.0,0.950,-0.091329
1000.0,0.950,0.088381
1000.0,0.950,0.076309
1000.0,0.950,-0.077968
1000.0,0.950,0.016248
1000.0,0.950,-0.027783
1000.0,0.950,-0.009329
1000.0,0.950,0.065439
1000.0,0.950,-0.063188
1000.0,0.950,0.006445
1000.0,0.950,0.032459
1000.0,0.950,-0.010030
1000.0,0.950,-0.087333
1000.0,0.950,-0.037400
1000.0,0.950,0.041737
1000.0,0.950,0.024112
1000.0,0.950,-0.007629
1000.0,0.950,0.006785
1000.0,0.950,0.006231
1000.0,0.950,0.041068
1000.0,0.950,-0.136822
1000.0,0.950,0.039844
1000.0,0.950,-0.053721
1000.0,0.950,0.104592
1000.0,0.950,0.107958
1000.0,0.950,-0.049416
1000.0,0.950,-0.014220
1000.0,0.950,0.012417
1000.0,0.950,0.015727
1000.0,0.950,0.008958
1000.0,0.950,-0.068661
1000.0,0.950,-0.005222
1000.0,0.950,-0.018439
1000.0,0.950,-0.082819
1000.0,0.950,-0.046781
1000.0,0.950,0.066944
1000.0,0.950,0.037819
1000.0,0.950,-0.111751
1000.0,0.950,-0.113622
1000.0,0.950,0.016358
1000.0,0.950,0.037453
1000.0,0.950,0.101803
1000.0,0.950,-0.000208
1000.0,0.950,-0.096020
1000.0,0.950,-0.023048
1000.0,0.950,-0.013563
1000.0,0.950,0.037039
1000.0,0.950,-0.123884
1000.0,0.950,0.138933
1000.0,0.950,-0.038762
1000.0,0.950,0.168771
1000.0,0.950,0.088387
1000.0,0.950,0.105693
1000.0,0.950,-0.025005
1000.0,0.950,-0.012616
1000.0,0.950,-0.033013
1000.0,0.950,-0.020437
1000.0,0.950,0.049665
1000.0,0.950,0.068565
1000.0,0.950,-0.048379
1000.0,0.950,-0.006087
1000.0,0.950,-0.018072
1000.0,0.950,0.065826
1000.0,0.950,-0.027656
1000.0,0.950,-0.000646
1000.0,0.950,-0.050059
1000.0,0.950,0.032229
1000.0,0.950,-0.164975
1000.0,0.950,0.066159
1000.0,0.950,0.107968
1000.0,0.950,0.032050
1000.0,0.950,-0.059342
1000.0,0.950,-0.109086
1000.0,0.950,-0.008380
1000.0,0.950,0.037823
1000.0,0.950,-0.007755
1000.0,0.950,-0.126778
1000.0,0.950,0.009964
1000.0,0.950,0.047789
1000.0,0.950,-0.060629
1000.0,0.950,-0.008084
1000.0,0.950,0.045864
1000.0,0.950,-0.034043
1000.0,0.950,-0.065439
1000.0,0.950,0.024882
1000.0,0.950,0.064756
1000.0,0.950,0.095102
1000.0,0.950,-0.011816
1000.0,0.950,0.022687
1000.0,0.950,0.024553
1000.0,0.950,-0.029035
1000.0,0.950,-0.096049
1000.0,0.950,-0.106153
1000.0,0.950,0.019306
1000.0,0.950,0.114059
1000.0,0.950,-0.101110
1000.0,0.850,0.011105
1000.0,0.850,0.004942
1000.0,0.850,0.028608
1000.0,0.850,-0.044371
1000.0,0.850,0.072316
1000.0,0.850,-0.038370
1000.0,0.850,0.051534
1000.0,0.850,0.018881
1000.0,0.850,-0.007874
1000.0,0.850,0.101808
1000.0,0.850,0.056067
1000.0,0.850,0.106452
1000.0,0.850,-0.008720
1000.0,0.850,-0.070683
1000.0,0.850,0.077086
1000.0,0.850,0.018490
1000.0,0.850,-0.067378
1000.0,0.850,-0.051800
1000.0,0.850,0.025505
1000.0,0.850,-0.081427
1000.0,0.850,-0.046065
1000.0,0.850,0.018573
1000.0,0.850,-0.040514
1000.0,0.850,0.057214
1000.0,0.850,-0.041502
1000.0,0.850,0.007767
1000.0,0.850,-0.010945
1000.0,0.850,-0.021664
1000.0,0.850,-0.002033
1000.0,0.850,0.016123
1000.0,0.850,0.011121
1000.0,0.850,0.021050
1000.0,0.850,0.025932
1000.0,0.850,0.033279
1000.0,0.850,-0.003562
1000.0,0.850,0.037831
1000.0,0.850,0.041029
1000.0,0.850,0.017175
1000.0,0.850,-0.005911
1000.0,0.850,-0.019682
1000.0,0.850,-0.062406
1000.0,0.850,-0.079558
1000.0,0.850,-0.021765
1000.0,0.850,-0.029779
1000.0,0.850,0.025709
1000.0,0.850,0.007443
1000.0,0.850,-0.032764
1000.0,0.850,-0.017065
1000.0,0.850,-0.035439
1000.0,0.850,-0.044254
1000.0,0.850,-0.042920
1000.0,0.850,-0.054951
1000.0,0.850,-0.036749
1000.0,0.850,0.011802
1000.0,0.850,-0.017751
1000.0,0.850,-0.004249
1000.0,0.850,-0.052695
1000.0,0.850,-0.008924
1000.0,0.850,-0.018613
1000.0,0.850,-0.077142
1000.0,0.850,0.009315
1000.0,0.850,0.028087
1000.0,0.850,-0.089964
1000.0,0.850,-0.002896
1000.0,0.850,-0.107653
1000.0,0.850,-0.070680
1000.0,0.850,-0.063707
1000.0,0.850,0.044098
1000.0,0.850,-0.017857
1000.0,0.850,-0.028078
1000.0,0.850,0.001688
1000.0,0.850,0.026729
1000.0,0.850,-0.013481
1000.0,0.850,-0.012535
1000.0,0.850,0.028074
1000.0,0.850,-0.001547
1000.0,0.850,-0.040790
1000.0,0.850,-0.046133
1000.0,0.850,0.108364
1000.0,0.850,-0.003734
1000.0,0.850,-0.005193
1000.0,0.850,0.024168
1000.0,0.850,0.010086
1000.0,0.850,0.058027
1000.0,0.850,-0.062724
1000.0,0.850,-0.007327
1000.0,0.850,-0.011478
1000.0,0.850,-0.042667
1000.0,0.850,-0.051566
1000.0,0.850,0.010617
1000.0,0.850,-0.011165
1000.0,0.850,-0.024460
1000.0,0.850,-0.008873
1000.0,0.850,0.021357
1000.0,0.850,0.022816
1000.0,0.850,-0.002445
1000.0,0.850,0.084395
1000.0,0.850,-0.015737
1000.0,0.850,-0.005308
1000.0,0.850,0.019392
1000.0,0.903,-0.028236
1000.0,0.903,0.020175
1000.0,0.903,0.032751
1000.0,0.903,-0.008937
1000.0,0.903,0.102840
1000.0,0.903,0.000089
1000.0,0.903,0.009091
1000.0,0.903,0.045381
1000.0,0.903,0.021672
1000.0,0.903,0.084524
1000.0,0.903,0.080534
1000.0,0.903,0.080175
1000.0,0.903,0.028424
1000.0,0.903,-0.098821
1000.0,0.903,-0.025889
1000.0,0.903,0.024336
1000.0,0.903,-0.033921
1000.0,0.903,-0.044819
1000.0,0.903,0.026344
1000.0,0.903,-0.090927
1000.0,0.903,-0.005013
1000.0,0.903,0.001521
1000.0,0.903,-0.025215
1000.0,0.903,0.064403
1000.0,0.903,-0.016650
1000.0,0.903,0.002050
1000.0,0.903,-0.008286
1000.0,0.903,0.020830
1000.0,0.903,-0.005131
1000.0,0.903,0.041413
1000.0,0.903,0.056646
1000.0,0.903,0.052421
1000.0,0.903,-0.019700
1000.0,0.903,0.030422
1000.0,0.903,-0.083581
1000.0,0.903,0.102646
1000.0,0.903,0.070871
1000.0,0.903,0.006252
1000.0,0.903,0.002685
1000.0,0.903,0.026195
1000.0,0.903,-0.027400
1000.0,0.903,-0.073966
1000.0,0.903,-0.040336
1000.0,0.903,-0.043458
1000.0,0.903,-0.000354
1000.0,0.903,0.019249
1000.0,0.903,0.005335
1000.0,0.903,-0.050702
1000.0,0.903,-0.116285
1000.0,0.903,-0.079956
1000.0,0.903,-0.059476
1000.0,0.903,-0.081663
1000.0,0.903,-0.016345
1000.0,0.903,-0.025476
1000.0,0.903,0.005565
1000.0,0.903,0.037781
1000.0,0.903,-0.040212
1000.0,0.903,0.040121
1000.0,0.903,0.021210
1000.0,0.903,-0.073610
1000.0,0.903,0.004818
1000.0,0.903,0.014281
1000.0,0.903,-0.057519
1000.0,0.903,-0.015266
1000.0,0.903,-0.090891
1000.0,0.903,-0.102455
1000.0,0.903,-0.041056
1000.0,0.903,0.078244
1000.0,0.903,-0.005485
1000.0,0.903,-0.058930
1000.0,0.903,-0.002648
1000.0,0.903,0.054628
1000.0,0.903,-0.026047
1000.0,0.903,-0.012975
1000.0,0.903,0.021267
1000.0,0.903,0.033457
1000.0,0.903,0.017705
1000.0,0.903,-0.069700
1000.0,0.903,0.062828
1000.0,0.903,-0.006864
1000.0,0.903,-0.044258
1000.0,0.903,0.011730
1000.0,0.903,0.038042
1000.0,0.903,0.033362
1000.0,0.903,-0.073467
1000.0,0.903,0.008424
1000.0,0.903,0.036340
1000.0,0.903,-0.045497
1000.0,0.903,-0.076590
1000.0,0.903,0.016050
1000.0,0.903,-0.007688
1000.0,0.903,-0.019879
1000.0,0.903,-0.028857
1000.0,0.903,0.017027
1000.0,0.903,0.023218
1000.0,0.903,-0.043560
1000.0,0.903,0.050811
1000.0,0.903,-0.026208
1000.0,0.903,0.030892
1000.0,0.903,0.005346
1000.0,0.950,0.005214
1000.0,0.950,0.008700
1000.0,0.950,0.076564
1000.0,0.950,-0.076616
1000.0,0.950,0.108515
1000.0,0.950,-0.028906
1000.0,0.950,0.055597
1000.0,0.950,0.091850
1000.0,0.950,0.029557
1000.0,0.950,0.080479
1000.0,0.950,0.051010
1000.0,0.950,0.071603
1000.0,0.950,0.078121
1000.0,0.950,-0.095790
1000.0,0.950,0.014419
1000.0,0.950,-0.005621
1000.0,0.950,-0.030103
1000.0,0.950,-0.033062
1000.0,0.950,0.001670
1000.0,0.950,-0.044994
1000.0,0.950,0.024799
1000.0,0.950,0.034366
1000.0,0.950,-0.048977
1000.0,0.950,0.040814
1000.0,0.950,-0.018756
1000.0,0.950,-0.005883
1000.0,0.950,0.015050
1000.0,0.950,0.038647
1000.0,0.950,0.004330
1000.0,0.950,-0.050168
1000.0,0.950,0.106103
1000.0,0.950,0.072551
1000.0,0.950,-0.053267
1000.0,0.950,-0.032726
1000.0,0.950,-0.053459
1000.0,0.950,0.106537
1000.0,0.950,0.035950
1000.0,0.950,0.020529
1000.0,0.950,-0.034409
1000.0,0.950,0.021900
1000.0,0.950,-0.003892
1000.0,0.950,-0.071300
1000.0,0.950,-0.048268
1000.0,0.950,-0.013983
1000.0,0.950,-0.052464
1000.0,0.950,0.018971
1000.0,0.950,0.048876
1000.0,0.950,-0.076225
1000.0,0.950,-0.114817
1000.0,0.950,-0.076433
1000.0,0.950,-0.082145
1000.0,0.950,-0.110230
1000.0,0.950,-0.036948
1000.0,0.950,-0.017470
1000.0,0.950,-0.032603
1000.0,0.950,0.027543
1000.0,0.950,-0.040340
1000.0,0.950,0.001165
1000.0,0.950,0.007321
1000.0,0.950,-0.107875
1000.0,0.950,-0.011084
1000.0,0.950,0.031601
1000.0,0.950,-0.073337
1000.0,0.950,-0.015426
1000.0,0.950,-0.105377
1000.0,0.950,-0.143533
1000.0,0.950,-0.043056
1000.0,0.950,0.090821
1000.0,0.950,0.040918
1000.0,0.950,-0.051341
1000.0,0.950,0.008317
1000.0,0.950,0.062572
1000.0,0.950,-0.072424
1000.0,0.950,-0.015176
1000.0,0.950,0.010326
1000.0,0.950,0.110915
1000.0,0.950,0.005203
1000.0,0.950,-0.050199
1000.0,0.950,0.003278
1000.0,0.950,-0.072566
1000.0,0.950,0.032844
1000.0,0.950,-0.009916
1000.0,0.950,0.006165
1000.0,0.950,-0.033522
1000.0,0.950,-0.087642
1000.0,0.950,0.001319
1000.0,0.950,0.107697
1000.0,0.950,-0.096197
1000.0,0.950,-0.020300
1000.0,0.950,-0.027615
1000.0,0.950,0.029915
1000.0,0.950,-0.023467
1000.0,0.950,-0.005754
1000.0,0.950,0.052723
1000.0,0.950,0.013147
1000.0,0.950,-0.036485
1000.0,0.950,0.078359
1000.0,0.950,-0.011645
1000.0,0.950,0.024894
1000.0,0.950,-0.077447
1000.0,0.850,0.081187
1000.0,0.850,0.031308
1000.0,0.850,0.025234
1000.0,0.850,0.034576
1000.0,0.850,-0.041429
1000.0,0.850,-0.012323
1000.0,0.850,-0.025716
1000.0,0.850,0.016098
1000.0,0.850,0.067426
1000.0,0.850,-0.021758
1000.0,0.850,0.066671
1000.0,0.850,0.010659
1000.0,0.850,-0.045068
1000.0,0.850,0.030399
1000.0,0.850,0.065541
1000.0,0.850,0.037935
1000.0,0.850,0.051470
1000.0,0.850,0.007562
1000.0,0.850,0.005521
1000.0,0.850,0.044493
1000.0,0.850,0.018536
1000.0,0.850,0.014413
1000.0,0.850,0.000844
1000.0,0.850,-0.063775
1000.0,0.850,-0.029293
1000.0,0.850,0.034299
1000.0,0.850,-0.025057
1000.0,0.850,0.022111
1000.0,0.850,0.008942
1000.0,0.850,0.077094
1000.0,0.850,0.080103
1000.0,0.850,-0.007132
1000.0,0.850,0.127058
1000.0,0.850,0.053766
1000.0,0.850,0.013331
1000.0,0.850,0.039260
1000.0,0.850,0.003827
1000.0,0.850,-0.004350
1000.0,0.850,0.037722
1000.0,0.850,0.029874
1000.0,0.850,-0.085442
1000.0,0.850,-0.011842
1000.0,0.850,0.065812
1000.0,0.850,0.016609
1000.0,0.850,0.047916
1000.0,0.850,-0.023051
1000.0,0.850,-0.081930
1000.0,0.850,-0.014225
1000.0,0.850,-0.076670
1000.0,0.850,0.044638
1000.0,0.850,-0.030113
1000.0,0.850,0.036207
1000.0,0.850,-0.008740
1000.0,0.850,0.007644
1000.0,0.850,-0.022446
1000.0,0.850,0.064446
1000.0,0.850,0.029060
1000.0,0.850,0.060103
1000.0,0.850,0.024608
1000.0,0.850,-0.033040
1000.0,0.850,0.039743
1000.0,0.850,0.074969
1000.0,0.850,-0.024010
1000.0,0.850,0.037464
1000.0,0.850,0.075842
1000.0,0.850,0.021443
1000.0,0.850,-0.032430
1000.0,0.850,0.032810
1000.0,0.850,0.024215
1000.0,0.850,0.015959
1000.0,0.850,-0.035359
1000.0,0.850,0.023612
1000.0,0.850,0.021943
1000.0,0.850,0.028642
1000.0,0.850,0.083042
1000.0,0.850,-0.012420
1000.0,0.850,0.048526
1000.0,0.850,0.050120
1000.0,0.850,-0.043208
1000.0,0.850,-0.010422
1000.0,0.850,0.022472
1000.0,0.850,0.053909
1000.0,0.850,0.063191
1000.0,0.850,0.021173
1000.0,0.850,0.049127
1000.0,0.850,0.010941
1000.0,0.850,0.035118
1000.0,0.850,-0.041587
1000.0,0.850,0.002820
1000.0,0.850,0.050485
1000.0,0.850,-0.001304
1000.0,0.850,0.001248
1000.0,0.850,0.052608
1000.0,0.850,-0.022848
1000.0,0.850,0.018350
1000.0,0.850,0.056172
1000.0,0.850,0.061733
1000.0,0.850,0.113158
1000.0,0.850,0.024788
1000.0,0.850,0.069824
1000.0,0.903,0.069696
1000.0,0.903,0.005340
1000.0,0.903,0.024294
1000.0,0.903,0.048206
1000.0,0.903,-0.036214
1000.0,0.903,-0.007676
1000.0,0.903,-0.034964
1000.0,0.903,0.018167
1000.0,0.903,0.048835
1000.0,0.903,0.017100
1000.0,0.903,0.073141
1000.0,0.903,-0.044149
1000.0,0.903,-0.049814
1000.0,0.903,-0.001593
1000.0,0.903,0.045405
1000.0,0.903,0.017025
1000.0,0.903,0.058344
1000.0,0.903,-0.021277
1000.0,0.903,0.081096
1000.0,0.903,0.047482
1000.0,0.903,0.012522
1000.0,0.903,-0.035583
1000.0,0.903,0.008685
1000.0,0.903,-0.095357
1000.0,0.903,-0.003309
1000.0,0.903,0.059510
1000.0,0.903,-0.002514
1000.0,0.903,0.044246
1000.0,0.903,0.012780
1000.0,0.903,0.150239
1000.0,0.903,0.120074
1000.0,0.903,-0.015109
1000.0,0.903,0.175713
1000.0,0.903,0.045729
1000.0,0.903,0.015708
1000.0,0.903,0.008546
1000.0,0.903,0.034161
1000.0,0.903,0.014132
1000.0,0.903,0.096458
1000.0,0.903,0.011393
1000.0,0.903,-0.043263
1000.0,0.903,0.032302
1000.0,0.903,0.050581
1000.0,0.903,0.055890
1000.0,0.903,0.019604
1000.0,0.903,-0.028216
1000.0,0.903,-0.073221
1000.0,0.903,-0.011542
1000.0,0.903,-0.044559
1000.0,0.903,0.030974
1000.0,0.903,-0.014156
1000.0,0.903,0.028300
1000.0,0.903,0.014639
1000.0,0.903,0.014830
1000.0,0.903,-0.028548
1000.0,0.903,0.070697
1000.0,0.903,-0.020040
1000.0,0.903,0.060146
1000.0,0.903,0.032190
1000.0,0.903,0.021080
1000.0,0.903,0.038148
1000.0,0.903,0.106193
1000.0,0.903,-0.015517
1000.0,0.903,0.049658
1000.0,0.903,0.092895
1000.0,0.903,0.004210
1000.0,0.903,0.014838
1000.0,0.903,0.019849
1000.0,0.903,0.008442
1000.0,0.903,0.052104
1000.0,0.903,-0.035788
1000.0,0.903,0.000057
1000.0,0.903,0.024514
1000.0,0.903,0.014598
1000.0,0.903,0.042938
1000.0,0.903,-0.049256
1000.0,0.903,0.134485
1000.0,0.903,0.014951
1000.0,0.903,-0.099991
1000.0,0.903,-0.023550
1000.0,0.903,0.032907
1000.0,0.903,0.031450
1000.0,0.903,0.017547
1000.0,0.903,0.035645
1000.0,0.903,0.056283
1000.0,0.903,0.013164
1000.0,0.903,0.053461
1000.0,0.903,-0.019438
1000.0,0.903,0.012379
1000.0,0.903,0.008615
1000.0,0.903,0.010020
1000.0,0.903,-0.002181
1000.0,0.903,0.001517
1000.0,0.903,-0.039311
1000.0,0.903,0.053701
1000.0,0.903,0.013339
1000.0,0.903,0.049674
1000.0,0.903,0.156665
1000.0,0.903,0.012278
1000.0,0.903,0.078499
1000.0,0.950,0.045792
1000.0,0.950,0.013605
1000.0,0.950,-0.049225
1000.0,0.950,0.040853
1000.0,0.950,-0.027476
1000.0,0.950,-0.057786
1000.0,0.950,-0.022719
1000.0,0.950,0.071358
1000.0,0.950,0.061739
1000.0,0.950,0.078392
1000.0,0.950,0.031620
1000.0,0.950,-0.031410
1000.0,0.950,0.021452
1000.0,0.950,-0.003030
1000.0,0.950,0.065261
1000.0,0.950,-0.004871
1000.0,0.950,0.041718
1000.0,0.950,-0.015429
1000.0,0.950,0.077391
1000.0,0.950,0.042067
1000.0,0.950,0.066115
1000.0,0.950,0.010679
1000.0,0.950,0.051927
1000.0,0.950,-0.061336
1000.0,0.950,-0.001512
1000.0,0.950,0.087235
1000.0,0.950,0.020989
1000.0,0.950,0.144896
1000.0,0.950,0.046295
1000.0,0.950,0.185468
1000.0,0.950,0.054965
1000.0,0.950,-0.043460
1000.0,0.950,0.133278
1000.0,0.950,0.112903
1000.0,0.950,0.010233
1000.0,0.950,0.037424
1000.0,0.950,-0.019482
1000.0,0.950,-0.044043
1000.0,0.950,0.144529
1000.0,0.950,0.061479
1000.0,0.950,-0.028400
1000.0,0.950,0.016361
1000.0,0.950,0.084551
1000.0,0.950,0.017908
1000.0,0.950,0.026015
1000.0,0.950,0.012912
1000.0,0.950,-0.004536
1000.0,0.950,0.004566
1000.0,0.950,-0.007909
1000.0,0.950,0.130556
1000.0,0.950,-0.050935
1000.0,0.950,-0.001289
1000.0,0.950,0.053071
1000.0,0.950,-0.038789
1000.0,0.950,-0.019580
1000.0,0.950,0.041555
1000.0,0.950,0.009208
1000.0,0.950,0.114453
1000.0,0.950,0.065803
1000.0,0.950,-0.022517
1000.0,0.950,0.050237
1000.0,0.950,0.083537
1000.0,0.950,0.010670
1000.0,0.950,0.035323
1000.0,0.950,0.137342
1000.0,0.950,0.033300
1000.0,0.950,0.011167
1000.0,0.950,0.026596
1000.0,0.950,0.029471
1000.0,0.950,0.040279
1000.0,0.950,-0.077253
1000.0,0.950,0.022583
1000.0,0.950,0.096956
1000.0,0.950,0.022528
1000.0,0.950,0.054914
1000.0,0.950,-0.086890
1000.0,0.950,0.181281
1000.0,0.950,0.061581
1000.0,0.950,-0.064481
1000.0,0.950,-0.070068
1000.0,0.950,0.014400
1000.0,0.950,0.058696
1000.0,0.950,0.028815
1000.0,0.950,0.023209
1000.0,0.950,0.102258
1000.0,0.950,0.053670
1000.0,0.950,0.079657
1000.0,0.950,-0.050011
1000.0,0.950,0.013074
1000.0,0.950,0.021189
1000.0,0.950,0.022634
1000.0,0.950,-0.024461
1000.0,0.950,0.019676
1000.0,0.950,-0.089022
1000.0,0.950,0.143748
1000.0,0.950,0.041789
1000.0,0.950,0.040212
1000.0,0.950,0.161796
1000.0,0.950,0.001101
1000.0,0.950,0.157349
1000.0,0.850,-0.015742
1000.0,0.850,-0.044644
1000.0,0.850,0.072789
1000.0,0.850,0.038818
1000.0,0.850,0.012268
1000.0,0.850,0.033609
1000.0,0.850,-0.010273
1000.0,0.850,-0.056844
1000.0,0.850,-0.036454
1000.0,0.850,-0.012895
1000.0,0.850,0.012197
1000.0,0.850,0.021017
1000.0,0.850,0.042193
1000.0,0.850,0.059028
1000.0,0.850,0.038384
1000.0,0.850,-0.014346
1000.0,0.850,0.022992
1000.0,0.850,-0.014753
1000.0,0.850,-0.037539
1000.0,0.850,0.015000
1000.0,0.850,-0.009426
1000.0,0.850,0.032248
1000.0,0.850,-0.047607
1000.0,0.850,0.049263
1000.0,0.850,0.078142
1000.0,0.850,-0.042728
1000.0,0.850,0.100494
1000.0,0.850,0.040630
1000.0,0.850,0.069643
1000.0,0.850,0.034674
1000.0,0.850,0.050722
1000.0,0.850,-0.017009
1000.0,0.850,0.047055
1000.0,0.850,-0.038125
1000.0,0.850,0.000393
1000.0,0.850,0.006726
1000.0,0.850,0.012181
1000.0,0.850,0.017229
1000.0,0.850,0.104871
1000.0,0.850,0.007284
1000.0,0.850,0.026370
1000.0,0.850,-0.047827
1000.0,0.850,0.017042
1000.0,0.850,-0.025098
1000.0,0.850,-0.010957
1000.0,0.850,-0.012107
1000.0,0.850,0.072973
1000.0,0.850,0.020198
1000.0,0.850,0.045951
1000.0,0.850,-0.033040
1000.0,0.850,-0.088945
1000.0,0.850,0.026071
1000.0,0.850,-0.029577
1000.0,0.850,-0.041559
1000.0,0.850,0.002713
1000.0,0.850,-0.000279
1000.0,0.850,0.035930
1000.0,0.850,-0.063439
1000.0,0.850,-0.035797
1000.0,0.850,-0.011403
1000.0,0.850,0.018908
1000.0,0.850,0.040986
1000.0,0.850,-0.007206
1000.0,0.850,0.044388
1000.0,0.850,0.064665
1000.0,0.850,0.055757
1000.0,0.850,0.042733
1000.0,0.850,0.006820
1000.0,0.850,0.016586
1000.0,0.850,0.057456
1000.0,0.850,0.050945
1000.0,0.850,-0.030360
1000.0,0.850,0.014291
1000.0,0.850,0.066286
1000.0,0.850,0.039150
1000.0,0.850,-0.003844
1000.0,0.850,0.043983
1000.0,0.850,0.069050
1000.0,0.850,-0.011245
1000.0,0.850,0.024201
1000.0,0.850,-0.033581
1000.0,0.850,-0.009374
1000.0,0.850,0.036626
1000.0,0.850,0.035110
1000.0,0.850,-0.020009
1000.0,0.850,0.013072
1000.0,0.850,-0.075464
1000.0,0.850,-0.038494
1000.0,0.850,0.072363
1000.0,0.850,0.069445
1000.0,0.850,0.054491
1000.0,0.850,0.017870
1000.0,0.850,-0.010435
1000.0,0.850,0.008563
1000.0,0.850,-0.001946
1000.0,0.850,0.041343
1000.0,0.850,0.009862
1000.0,0.850,-0.008980
1000.0,0.850,0.014067
1000.0,0.850,0.104924
1000.0,0.903,-0.000085
1000.0,0.903,-0.036333
1000.0,0.903,0.035132
1000.0,0.903,0.045570
1000.0,0.903,0.032786
1000.0,0.903,0.042677
1000.0,0.903,-0.002570
1000.0,0.903,-0.040831
1000.0,0.903,0.063694
1000.0,0.903,0.011997
1000.0,0.903,0.010652
1000.0,0.903,0.022578
1000.0,0.903,0.015072
1000.0,0.903,0.088025
1000.0,0.903,0.029498
1000.0,0.903,-0.055276
1000.0,0.903,0.035658
1000.0,0.903,-0.011533
1000.0,0.903,-0.046718
1000.0,0.903,0.007022
1000.0,0.903,0.036989
1000.0,0.903,0.025861
1000.0,0.903,-0.021607
1000.0,0.903,-0.027066
1000.0,0.903,0.095484
1000.0,0.903,-0.026464
1000.0,0.903,0.058030
1000.0,0.903,0.028326
1000.0,0.903,0.087489
1000.0,0.903,-0.006923
1000.0,0.903,0.012493
1000.0,0.903,-0.044691
1000.0,0.903,0.018311
1000.0,0.903,-0.017420
1000.0,0.903,-0.011873
1000.0,0.903,-0.016048
1000.0,0.903,0.042848
1000.0,0.903,0.035601
1000.0,0.903,0.119882
1000.0,0.903,0.026038
1000.0,0.903,0.061369
1000.0,0.903,-0.035506
1000.0,0.903,0.044830
1000.0,0.903,-0.039717
1000.0,0.903,-0.023452
1000.0,0.903,0.011824
1000.0,0.903,0.065675
1000.0,0.903,0.011749
1000.0,0.903,0.033672
1000.0,0.903,-0.034616
1000.0,0.903,-0.067996
1000.0,0.903,0.034241
1000.0,0.903,-0.029587
1000.0,0.903,0.020623
1000.0,0.903,-0.063989
1000.0,0.903,-0.001687
1000.0,0.903,0.052985
1000.0,0.903,-0.083853
1000.0,0.903,-0.041435
1000.0,0.903,0.040566
1000.0,0.903,0.074399
1000.0,0.903,0.024178
1000.0,0.903,-0.010010
1000.0,0.903,0.012510
1000.0,0.903,0.088998
1000.0,0.903,-0.000713
1000.0,0.903,0.008361
1000.0,0.903,-0.004470
1000.0,0.903,0.002419
1000.0,0.903,0.069437
1000.0,0.903,0.043077
1000.0,0.903,-0.057893
1000.0,0.903,-0.011083
1000.0,0.903,0.108227
1000.0,0.903,0.046334
1000.0,0.903,0.028992
1000.0,0.903,0.020286
1000.0,0.903,0.114385
1000.0,0.903,-0.005557
1000.0,0.903,0.011819
1000.0,0.903,-0.036224
1000.0,0.903,-0.012147
1000.0,0.903,0.013492
1000.0,0.903,0.038280
1000.0,0.903,0.024743
1000.0,0.903,-0.023462
1000.0,0.903,-0.071941
1000.0,0.903,-0.008825
1000.0,0.903,0.051971
1000.0,0.903,0.061988
1000.0,0.903,0.039694
1000.0,0.903,0.041911
1000.0,0.903,0.005254
1000.0,0.903,-0.027070
1000.0,0.903,-0.003240
1000.0,0.903,0.045790
1000.0,0.903,-0.050127
1000.0,0.903,0.043839
1000.0,0.903,0.008958
1000.0,0.903,0.125471
1000.0,0.950,-0.031742
1000.0,0.950,-0.058501
1000.0,0.950,0.077373
1000.0,0.950,0.027879
1000.0,0.950,0.024668
1000.0,0.950,0.090337
1000.0,0.950,-0.011625
1000.0,0.950,-0.051842
1000.0,0.950,0.063836
1000.0,0.950,0.007947
1000.0,0.950,0.006287
1000.0,0.950,0.048453
1000.0,0.950,0.046357
1000.0,0.950,0.113162
1000.0,0.950,0.050406
1000.0,0.950,-0.026030
1000.0,0.950,0.014557
1000.0,0.950,0.013201
1000.0,0.950,-0.054856
1000.0,0.950,0.037957
1000.0,0.950,0.051475
1000.0,0.950,-0.028302
1000.0,0.950,-0.074100
1000.0,0.950,-0.061794
1000.0,0.950,0.074877
1000.0,0.950,0.001677
1000.0,0.950,0.077420
1000.0,0.950,0.022189
1000.0,0.950,0.027795
1000.0,0.950,0.010596
1000.0,0.950,0.070606
1000.0,0.950,-0.051861
1000.0,0.950,0.035284
1000.0,0.950,-0.006500
1000.0,0.950,-0.003596
1000.0,0.950,0.003905
1000.0,0.950,0.018994
1000.0,0.950,0.065467
1000.0,0.950,0.140548
1000.0,0.950,0.047491
1000.0,0.950,0.091347
1000.0,0.950,-0.055005
1000.0,0.950,0.080714
1000.0,0.950,-0.029700
1000.0,0.950,0.002772
1000.0,0.950,0.007021
1000.0,0.950,0.046272
1000.0,0.950,0.013846
1000.0,0.950,0.013106
1000.0,0.950,-0.048100
1000.0,0.950,-0.056445
1000.0,0.950,0.068777
1000.0,0.950,-0.047226
1000.0,0.950,0.035094
1000.0,0.950,-0.063064
1000.0,0.950,0.019241
1000.0,0.950,0.064702
1000.0,0.950,-0.002323
1000.0,0.950,-0.010757
1000.0,0.950,0.022338
1000.0,0.950,0.053638
1000.0,0.950,0.060513
1000.0,0.950,-0.023041
1000.0,0.950,0.051092
1000.0,0.950,0.089752
1000.0,0.950,-0.037528
1000.0,0.950,0.015262
1000.0,0.950,-0.012432
1000.0,0.950,-0.079075
1000.0,0.950,0.124176
1000.0,0.950,0.082189
1000.0,0.950,0.022954
1000.0,0.950,-0.022780
1000.0,0.950,0.110243
1000.0,0.950,0.065975
1000.0,0.950,0.049256
1000.0,0.950,0.042500
1000.0,0.950,0.086577
1000.0,0.950,0.067923
1000.0,0.950,0.003074
1000.0,0.950,-0.010825
1000.0,0.950,-0.042512
1000.0,0.950,0.025268
1000.0,0.950,0.072390
1000.0,0.950,0.071661
1000.0,0.950,-0.059967
1000.0,0.950,-0.075603
1000.0,0.950,0.071765
1000.0,0.950,0.049669
1000.0,0.950,0.101906
1000.0,0.950,-0.038118
1000.0,0.950,0.052274
1000.0,0.950,-0.022195
1000.0,0.950,-0.079577
1000.0,0.950,-0.021710
1000.0,0.950,0.038876
1000.0,0.950,-0.015267
1000.0,0.950,0.028017
1000.0,0.950,0.030867
1000.0,0.950,0.136882
1000.0,0.850,0.021491
1000.0,0.850,0.001271
1000.0,0.850,-0.040581
1000.0,0.850,0.018793
1000.0,0.850,0.088368
1000.0,0.850,0.004493
1000.0,0.850,0.003346
1000.0,0.850,0.015383
1000.0,0.850,-0.020013
1000.0,0.850,0.019796
1000.0,0.850,-0.012835
1000.0,0.850,0.051236
1000.0,0.850,0.057024
1000.0,0.850,-0.061205
1000.0,0.850,0.035706
1000.0,0.850,0.047900
1000.0,0.850,0.037887
1000.0,0.850,0.025489
1000.0,0.850,0.045687
1000.0,0.850,0.072876
1000.0,0.850,0.061424
1000.0,0.850,0.024588
1000.0,0.850,0.052536
1000.0,0.850,0.068210
1000.0,0.850,0.105242
1000.0,0.850,0.086126
1000.0,0.850,0.022084
1000.0,0.850,0.004745
1000.0,0.850,0.052080
1000.0,0.850,0.078949
1000.0,0.850,-0.037630
1000.0,0.850,-0.011957
1000.0,0.850,0.087002
1000.0,0.850,-0.018452
1000.0,0.850,0.081041
1000.0,0.850,0.086496
1000.0,0.850,-0.015192
1000.0,0.850,0.034856
1000.0,0.850,0.050949
1000.0,0.850,0.070732
1000.0,0.850,-0.016447
1000.0,0.850,0.005134
1000.0,0.850,0.029160
1000.0,0.850,0.028134
1000.0,0.850,0.025367
1000.0,0.850,-0.007098
1000.0,0.850,-0.040136
1000.0,0.850,0.010012
1000.0,0.850,-0.058741
1000.0,0.850,0.079871
1000.0,0.850,0.008127
1000.0,0.850,0.063542
1000.0,0.850,-0.066926
1000.0,0.850,-0.052898
1000.0,0.850,0.030606
1000.0,0.850,0.073298
1000.0,0.850,-0.048520
1000.0,0.850,0.020443
1000.0,0.850,0.001099
1000.0,0.850,0.049658
1000.0,0.850,0.059257
1000.0,0.850,-0.048607
1000.0,0.850,0.018240
1000.0,0.850,-0.026814
1000.0,0.850,0.051514
1000.0,0.850,0.015585
1000.0,0.850,0.003604
1000.0,0.850,0.054214
1000.0,0.850,0.003103
1000.0,0.850,0.030316
1000.0,0.850,0.083045
1000.0,0.850,-0.001257
1000.0,0.850,-0.010578
1000.0,0.850,0.046906
1000.0,0.850,0.053706
1000.0,0.850,0.068216
1000.0,0.850,-0.001479
1000.0,0.850,0.087086
1000.0,0.850,0.067882
1000.0,0.850,0.112633
1000.0,0.850,-0.020841
1000.0,0.850,-0.038519
1000.0,0.850,0.018782
1000.0,0.850,0.028870
1000.0,0.850,0.046607
1000.0,0.850,0.073647
1000.0,0.850,0.039352
1000.0,0.850,-0.014670
1000.0,0.850,-0.053651
1000.0,0.850,-0.005969
1000.0,0.850,0.050917
1000.0,0.850,0.094255
1000.0,0.850,0.051919
1000.0,0.850,0.112006
1000.0,0.850,0.041097
1000.0,0.850,0.025097
1000.0,0.850,0.018030
1000.0,0.850,0.024701
1000.0,0.850,0.122330
1000.0,0.850,-0.036364
1000.0,0.903,0.030433
1000.0,0.903,0.077366
1000.0,0.903,0.004160
1000.0,0.903,0.040714
1000.0,0.903,0.063194
1000.0,0.903,0.044440
1000.0,0.903,0.037073
1000.0,0.903,0.100333
1000.0,0.903,0.040530
1000.0,0.903,0.026661
1000.0,0.903,0.007406
1000.0,0.903,0.019499
1000.0,0.903,0.073738
1000.0,0.903,-0.058401
1000.0,0.903,0.059317
1000.0,0.903,0.025016
1000.0,0.903,0.072485
1000.0,0.903,0.037053
1000.0,0.903,0.035818
1000.0,0.903,0.082971
1000.0,0.903,0.030236
1000.0,0.903,-0.033532
1000.0,0.903,0.011592
1000.0,0.903,0.033195
1000.0,0.903,0.103066
1000.0,0.903,0.130599
1000.0,0.903,0.005738
1000.0,0.903,-0.017903
1000.0,0.903,0.037006
1000.0,0.903,0.036660
1000.0,0.903,-0.023332
1000.0,0.903,0.026672
1000.0,0.903,0.100240
1000.0,0.903,0.004119
1000.0,0.903,0.053199
1000.0,0.903,0.074213
1000.0,0.903,-0.051304
1000.0,0.903,-0.009070
1000.0,0.903,0.044921
1000.0,0.903,-0.011684
1000.0,0.903,-0.041270
1000.0,0.903,0.013593
1000.0,0.903,0.075524
1000.0,0.903,0.022509
1000.0,0.903,0.009595
1000.0,0.903,-0.014031
1000.0,0.903,-0.004979
1000.0,0.903,0.011894
1000.0,0.903,-0.040214
1000.0,0.903,0.158741
1000.0,0.903,0.005125
1000.0,0.903,0.045221
1000.0,0.903,-0.086046
1000.0,0.903,-0.038574
1000.0,0.903,0.046367
1000.0,0.903,0.094531
1000.0,0.903,-0.005440
1000.0,0.903,0.033386
1000.0,0.903,-0.015139
1000.0,0.903,0.031912
1000.0,0.903,0.033208
1000.0,0.903,-0.058567
1000.0,0.903,0.011306
1000.0,0.903,-0.036646
1000.0,0.903,0.054968
1000.0,0.903,0.042809
1000.0,0.903,-0.019574
1000.0,0.903,0.127718
1000.0,0.903,0.038413
1000.0,0.903,0.079044
1000.0,0.903,0.145488
1000.0,0.903,0.006824
1000.0,0.903,-0.013095
1000.0,0.903,0.084453
1000.0,0.903,0.041834
1000.0,0.903,0.025322
1000.0,0.903,0.007748
1000.0,0.903,0.046512
1000.0,0.903,0.045881
1000.0,0.903,0.055489
1000.0,0.903,-0.015581
1000.0,0.903,0.000011
1000.0,0.903,-0.001444
1000.0,0.903,0.088132
1000.0,0.903,-0.008650
1000.0,0.903,0.057480
1000.0,0.903,0.011686
1000.0,0.903,0.015367
1000.0,0.903,0.027121
1000.0,0.903,0.005359
1000.0,0.903,0.069560
1000.0,0.903,0.065729
1000.0,0.903,-0.009178
1000.0,0.903,0.054822
1000.0,0.903,0.065841
1000.0,0.903,-0.004960
1000.0,0.903,-0.010553
1000.0,0.903,0.001615
1000.0,0.903,0.087872
1000.0,0.903,0.013416
1000.0,0.950,0.012040
1000.0,0.950,0.070139
1000.0,0.950,-0.006100
1000.0,0.950,0.060438
1000.0,0.950,0.080704
1000.0,0.950,0.046451
1000.0,0.950,0.030806
1000.0,0.950,0.083199
1000.0,0.950,0.000613
1000.0,0.950,0.034311
1000.0,0.950,-0.009170
1000.0,0.950,0.066847
1000.0,0.950,0.093016
1000.0,0.950,-0.015596
1000.0,0.950,0.104900
1000.0,0.950,0.038148
1000.0,0.950,0.113548
1000.0,0.950,0.024569
1000.0,0.950,-0.029152
1000.0,0.950,0.055922
1000.0,0.950,0.013454
1000.0,0.950,-0.042747
1000.0,0.950,-0.015496
1000.0,0.950,0.046740
1000.0,0.950,0.116673
1000.0,0.950,0.238201
1000.0,0.950,0.007879
1000.0,0.950,0.006310
1000.0,0.950,0.088584
1000.0,0.950,0.079532
1000.0,0.950,-0.026004
1000.0,0.950,0.043723
1000.0,0.950,0.069968
1000.0,0.950,0.052358
1000.0,0.950,0.040945
1000.0,0.950,0.071769
1000.0,0.950,-0.036792
1000.0,0.950,0.015214
1000.0,0.950,0.035276
1000.0,0.950,-0.015101
1000.0,0.950,-0.042403
1000.0,0.950,0.035986
1000.0,0.950,0.080276
1000.0,0.950,0.032164
1000.0,0.950,0.057306
1000.0,0.950,-0.090143
1000.0,0.950,0.036292
1000.0,0.950,-0.032861
1000.0,0.950,-0.059163
1000.0,0.950,0.227630
1000.0,0.950,0.035848
1000.0,0.950,0.060510
1000.0,0.950,-0.055695
1000.0,0.950,-0.081178
1000.0,0.950,0.040075
1000.0,0.950,0.130866
1000.0,0.950,0.018256
1000.0,0.950,0.063625
1000.0,0.950,-0.026875
1000.0,0.950,0.013117
1000.0,0.950,0.089618
1000.0,0.950,-0.106567
1000.0,0.950,0.027350
1000.0,0.950,-0.012893
1000.0,0.950,0.033957
1000.0,0.950,0.032002
1000.0,0.950,-0.019832
1000.0,0.950,0.133471
1000.0,0.950,0.026202
1000.0,0.950,0.106025
1000.0,0.950,0.131251
1000.0,0.950,0.050683
1000.0,0.950,0.071988
1000.0,0.950,0.102960
1000.0,0.950,0.053771
1000.0,0.950,0.085235
1000.0,0.950,0.027408
1000.0,0.950,0.041000
1000.0,0.950,0.072436
1000.0,0.950,0.061045
1000.0,0.950,-0.075902
1000.0,0.950,-0.029046
1000.0,0.950,0.079323
1000.0,0.950,0.135515
1000.0,0.950,0.018525
1000.0,0.950,0.013116
1000.0,0.950,0.030218
1000.0,0.950,0.032750
1000.0,0.950,0.045197
1000.0,0.950,-0.040464
1000.0,0.950,0.070209
1000.0,0.950,0.074364
1000.0,0.950,0.019012
1000.0,0.950,0.053156
1000.0,0.950,0.026355
1000.0,0.950,-0.024935
1000.0,0.950,0.005151
1000.0,0.950,0.019846
1000.0,0.950,0.112775
1000.0,0.950,0.017755
1000.0,0.850,-0.014427
1000.0,0.850,0.029540
1000.0,0.850,-0.048058
1000.0,0.850,0.110259
1000.0,0.850,0.014711
1000.0,0.850,0.028111
1000.0,0.850,-0.028130
1000.0,0.850,0.012922
1000.0,0.850,-0.023991
1000.0,0.850,0.009731
1000.0,0.850,0.049360
1000.0,0.850,0.054398
1000.0,0.850,-0.012126
1000.0,0.850,-0.069765
1000.0,0.850,-0.033188
1000.0,0.850,0.053005
1000.0,0.850,0.050360
1000.0,0.850,0.004904
1000.0,0.850,0.080157
1000.0,0.850,0.019409
1000.0,0.850,-0.006696
1000.0,0.850,0.001641
1000.0,0.850,0.022559
1000.0,0.850,0.012842
1000.0,0.850,0.073712
1000.0,0.850,-0.011925
1000.0,0.850,0.057646
1000.0,0.850,0.013392
1000.0,0.850,0.089663
1000.0,0.850,-0.003528
1000.0,0.850,-0.020077
1000.0,0.850,0.048305
1000.0,0.850,-0.017072
1000.0,0.850,-0.011601
1000.0,0.850,0.022503
1000.0,0.850,0.048984
1000.0,0.850,-0.038486
1000.0,0.850,0.013569
1000.0,0.850,0.013545
1000.0,0.850,-0.077892
1000.0,0.850,0.025015
1000.0,0.850,0.053756
1000.0,0.850,-0.030410
1000.0,0.850,0.019440
1000.0,0.850,0.042476
1000.0,0.850,0.024529
1000.0,0.850,-0.089818
1000.0,0.850,-0.013515
1000.0,0.850,0.007938
1000.0,0.850,0.081241
1000.0,0.850,-0.001969
1000.0,0.850,-0.015636
1000.0,0.850,0.009309
1000.0,0.850,0.016170
1000.0,0.850,0.045946
1000.0,0.850,0.050116
1000.0,0.850,0.044684
1000.0,0.850,-0.077332
1000.0,0.850,0.023737
1000.0,0.850,0.001813
1000.0,0.850,0.020805
1000.0,0.850,0.038150
1000.0,0.850,-0.026459
1000.0,0.850,-0.080476
1000.0,0.850,0.056945
1000.0,0.850,0.029527
1000.0,0.850,0.032086
1000.0,0.850,0.015597
1000.0,0.850,0.008789
1000.0,0.850,0.070094
1000.0,0.850,0.105418
1000.0,0.850,0.045076
1000.0,0.850,0.019193
1000.0,0.850,0.124913
1000.0,0.850,0.084680
1000.0,0.850,-0.047880
1000.0,0.850,-0.030705
1000.0,0.850,0.019723
1000.0,0.850,0.075486
1000.0,0.850,0.011148
1000.0,0.850,-0.047622
1000.0,0.850,-0.015501
1000.0,0.850,0.055945
1000.0,0.850,-0.050304
1000.0,0.850,-0.000166
1000.0,0.850,-0.042484
1000.0,0.850,-0.004407
1000.0,0.850,0.054183
1000.0,0.850,0.026500
1000.0,0.850,0.070347
1000.0,0.850,0.034388
1000.0,0.850,0.015377
1000.0,0.850,-0.021358
1000.0,0.850,-0.033753
1000.0,0.850,0.031006
1000.0,0.850,0.068663
1000.0,0.850,0.021598
1000.0,0.850,-0.059494
1000.0,0.850,0.081991
1000.0,0.850,0.027771
1000.0,0.903,-0.023686
1000.0,0.903,-0.007024
1000.0,0.903,-0.013161
1000.0,0.903,0.091734
1000.0,0.903,0.068044
1000.0,0.903,-0.012495
1000.0,0.903,0.031025
1000.0,0.903,-0.026625
1000.0,0.903,0.038165
1000.0,0.903,-0.026526
1000.0,0.903,0.084907
1000.0,0.903,0.091710
1000.0,0.903,-0.035414
1000.0,0.903,-0.049813
1000.0,0.903,0.073573
1000.0,0.903,0.052936
1000.0,0.903,0.024544
1000.0,0.903,0.051490
1000.0,0.903,0.106068
1000.0,0.903,0.028760
1000.0,0.903,0.005399
1000.0,0.903,0.040924
1000.0,0.903,-0.032596
1000.0,0.903,0.002263
1000.0,0.903,0.105210
1000.0,0.903,0.029898
1000.0,0.903,0.105465
1000.0,0.903,0.071193
1000.0,0.903,0.080916
1000.0,0.903,0.074651
1000.0,0.903,0.001897
1000.0,0.903,0.051713
1000.0,0.903,0.043877
1000.0,0.903,-0.046543
1000.0,0.903,0.034120
1000.0,0.903,0.091213
1000.0,0.903,-0.118798
1000.0,0.903,0.013173
1000.0,0.903,0.036847
1000.0,0.903,-0.079360
1000.0,0.903,0.080396
1000.0,0.903,-0.018792
1000.0,0.903,-0.003242
1000.0,0.903,0.066404
1000.0,0.903,0.066666
1000.0,0.903,0.059561
1000.0,0.903,-0.042184
1000.0,0.903,-0.032392
1000.0,0.903,0.021355
1000.0,0.903,0.079479
1000.0,0.903,-0.003517
1000.0,0.903,-0.040737
1000.0,0.903,0.032662
1000.0,0.903,-0.009943
1000.0,0.903,0.082783
1000.0,0.903,0.062419
1000.0,0.903,0.044910
1000.0,0.903,-0.039276
1000.0,0.903,0.073581
1000.0,0.903,0.049536
1000.0,0.903,0.013162
1000.0,0.903,0.010281
1000.0,0.903,0.018418
1000.0,0.903,-0.068775
1000.0,0.903,0.096693
1000.0,0.903,0.017956
1000.0,0.903,0.030389
1000.0,0.903,-0.028777
1000.0,0.903,0.085986
1000.0,0.903,0.086255
1000.0,0.903,0.123523
1000.0,0.903,0.089435
1000.0,0.903,0.088422
1000.0,0.903,0.144780
1000.0,0.903,0.081649
1000.0,0.903,0.034716
1000.0,0.903,0.030546
1000.0,0.903,-0.005447
1000.0,0.903,0.102527
1000.0,0.903,0.013888
1000.0,0.903,0.021380
1000.0,0.903,-0.033588
1000.0,0.903,0.096634
1000.0,0.903,-0.030040
1000.0,0.903,0.025885
1000.0,0.903,-0.052559
1000.0,0.903,0.056383
1000.0,0.903,0.052971
1000.0,0.903,0.043712
1000.0,0.903,0.040107
1000.0,0.903,0.059556
1000.0,0.903,0.118222
1000.0,0.903,-0.005060
1000.0,0.903,0.012023
1000.0,0.903,0.067819
1000.0,0.903,0.084747
1000.0,0.903,-0.018075
1000.0,0.903,-0.096773
1000.0,0.903,0.050630
1000.0,0.903,0.002262
1000.0,0.950,-0.004881
1000.0,0.950,-0.018779
1000.0,0.950,-0.028005
1000.0,0.950,0.035742
1000.0,0.950,0.092844
1000.0,0.950,-0.027364
1000.0,0.950,0.073891
1000.0,0.950,0.018049
1000.0,0.950,-0.023278
1000.0,0.950,-0.059089
1000.0,0.950,0.028008
1000.0,0.950,0.111714
1000.0,0.950,-0.043403
1000.0,0.950,0.024947
1000.0,0.950,0.111531
1000.0,0.950,0.103684
1000.0,0.950,0.002157
1000.0,0.950,0.032594
1000.0,0.950,0.034486
1000.0,0.950,0.001673
1000.0,0.950,0.012398
1000.0,0.950,0.013182
1000.0,0.950,-0.008486
1000.0,0.950,0.086798
1000.0,0.950,0.113664
1000.0,0.950,0.065235
1000.0,0.950,0.100976
1000.0,0.950,0.090563
1000.0,0.950,0.055247
1000.0,0.950,0.128148
1000.0,0.950,0.069312
1000.0,0.950,0.032529
1000.0,0.950,0.039987
1000.0,0.950,-0.057689
1000.0,0.950,0.074732
1000.0,0.950,0.169984
1000.0,0.950,-0.099818
1000.0,0.950,0.043450
1000.0,0.950,-0.029205
1000.0,0.950,-0.118418
1000.0,0.950,0.053660
1000.0,0.950,-0.028612
1000.0,0.950,0.068404
1000.0,0.950,0.072749
1000.0,0.950,0.058570
1000.0,0.950,0.070480
1000.0,0.950,-0.036613
1000.0,0.950,0.007149
1000.0,0.950,0.064478
1000.0,0.950,0.157350
1000.0,0.950,0.038397
1000.0,0.950,0.004925
1000.0,0.950,0.025508
1000.0,0.950,0.048023
1000.0,0.950,0.093723
1000.0,0.950,0.055747
1000.0,0.950,0.073705
1000.0,0.950,-0.063047
1000.0,0.950,0.112706
1000.0,0.950,-0.008843
1000.0,0.950,-0.020390
1000.0,0.950,-0.005845
1000.0,0.950,-0.008143
1000.0,0.950,-0.068908
1000.0,0.950,0.103887
1000.0,0.950,-0.017508
1000.0,0.950,-0.007123
1000.0,0.950,-0.066371
1000.0,0.950,0.077612
1000.0,0.950,0.062693
1000.0,0.950,0.171726
1000.0,0.950,0.121545
1000.0,0.950,0.025656
1000.0,0.950,0.190757
1000.0,0.950,0.053975
1000.0,0.950,0.011547
1000.0,0.950,0.028542
1000.0,0.950,0.025498
1000.0,0.950,0.105841
1000.0,0.950,0.023025
1000.0,0.950,0.015300
1000.0,0.950,-0.039350
1000.0,0.950,0.079457
1000.0,0.950,-0.049646
1000.0,0.950,0.050477
1000.0,0.950,0.025756
1000.0,0.950,0.057285
1000.0,0.950,0.017311
1000.0,0.950,-0.010112
1000.0,0.950,0.059420
1000.0,0.950,0.095577
1000.0,0.950,0.172495
1000.0,0.950,-0.026186
1000.0,0.950,0.002563
1000.0,0.950,0.118623
1000.0,0.950,0.153822
1000.0,0.950,0.115019
1000.0,0.950,-0.119601
1000.0,0.950,-0.018025
1000.0,0.950,0.026912
1000.0,0.850,-0.008971
1000.0,0.850,0.094573
1000.0,0.850,0.021045
1000.0,0.850,0.025522
1000.0,0.850,0.028478
1000.0,0.850,0.032139
1000.0,0.850,0.045317
1000.0,0.850,0.040220
1000.0,0.850,0.027599
1000.0,0.850,0.040533
1000.0,0.850,-0.060985
1000.0,0.850,-0.011288
1000.0,0.850,0.037311
1000.0,0.850,0.049769
1000.0,0.850,0.108752
1000.0,0.850,0.023247
1000.0,0.850,0.050271
1000.0,0.850,0.030322
1000.0,0.850,-0.031555
1000.0,0.850,0.051934
1000.0,0.850,0.028757
1000.0,0.850,-0.018336
1000.0,0.850,0.021575
1000.0,0.850,0.026979
1000.0,0.850,-0.065139
1000.0,0.850,0.028591
1000.0,0.850,0.047511
1000.0,0.850,0.014678
1000.0,0.850,-0.034128
1000.0,0.850,0.043464
1000.0,0.850,0.078386
1000.0,0.850,0.069007
1000.0,0.850,0.099798
1000.0,0.850,0.049603
1000.0,0.850,0.020897
1000.0,0.850,-0.003822
1000.0,0.850,0.058853
1000.0,0.850,0.057867
1000.0,0.850,0.045245
1000.0,0.850,0.002897
1000.0,0.850,-0.008746
1000.0,0.850,0.041901
1000.0,0.850,0.031672
1000.0,0.850,0.008545
1000.0,0.850,0.023193
1000.0,0.850,0.006042
1000.0,0.850,0.072975
1000.0,0.850,0.033352
1000.0,0.850,0.044034
1000.0,0.850,0.079663
1000.0,0.850,-0.015261
1000.0,0.850,0.091779
1000.0,0.850,0.105005
1000.0,0.850,0.081821
1000.0,0.850,0.026300
1000.0,0.850,-0.020050
1000.0,0.850,-0.032177
1000.0,0.850,0.088954
1000.0,0.850,0.135307
1000.0,0.850,0.070333
1000.0,0.850,0.064531
1000.0,0.850,0.087057
1000.0,0.850,-0.006832
1000.0,0.850,0.031257
1000.0,0.850,0.047502
1000.0,0.850,-0.093296
1000.0,0.850,0.068328
1000.0,0.850,0.028601
1000.0,0.850,0.004391
1000.0,0.850,0.048647
1000.0,0.850,0.087841
1000.0,0.850,-0.035153
1000.0,0.850,-0.016295
1000.0,0.850,0.008540
1000.0,0.850,-0.022649
1000.0,0.850,-0.010715
1000.0,0.850,0.026300
1000.0,0.850,0.016277
1000.0,0.850,0.005614
1000.0,0.850,0.014545
1000.0,0.850,0.042646
1000.0,0.850,0.044206
1000.0,0.850,0.016792
1000.0,0.850,0.019690
1000.0,0.850,0.001531
1000.0,0.850,0.084313
1000.0,0.850,-0.014239
1000.0,0.850,0.033087
1000.0,0.850,0.053863
1000.0,0.850,0.073503
1000.0,0.850,0.069351
1000.0,0.850,0.069616
1000.0,0.850,-0.038337
1000.0,0.850,0.074734
1000.0,0.850,0.014006
1000.0,0.850,0.023271
1000.0,0.850,0.067345
1000.0,0.850,0.074381
1000.0,0.850,0.029578
1000.0,0.850,-0.012324
1000.0,0.903,0.016257
1000.0,0.903,0.103169
1000.0,0.903,0.007655
1000.0,0.903,0.009758
1000.0,0.903,0.019095
1000.0,0.903,0.011128
1000.0,0.903,0.102892
1000.0,0.903,0.045570
1000.0,0.903,0.034187
1000.0,0.903,-0.021719
1000.0,0.903,-0.038579
1000.0,0.903,-0.046398
1000.0,0.903,0.074759
1000.0,0.903,0.022248
1000.0,0.903,0.100336
1000.0,0.903,0.027708
1000.0,0.903,0.067338
1000.0,0.903,0.012881
1000.0,0.903,-0.050569
1000.0,0.903,0.089181
1000.0,0.903,0.002831
1000.0,0.903,0.013427
1000.0,0.903,0.008410
1000.0,0.903,0.023393
1000.0,0.903,-0.049754
1000.0,0.903,0.074072
1000.0,0.903,0.078639
1000.0,0.903,-0.043653
1000.0,0.903,-0.064512
1000.0,0.903,0.079423
1000.0,0.903,0.071339
1000.0,0.903,0.076184
1000.0,0.903,0.091997
1000.0,0.903,0.092458
1000.0,0.903,-0.019836
1000.0,0.903,0.068137
1000.0,0.903,0.072335
1000.0,0.903,0.055296
1000.0,0.903,0.028953
1000.0,0.903,0.037975
1000.0,0.903,-0.027688
1000.0,0.903,-0.000594
1000.0,0.903,-0.002724
1000.0,0.903,-0.002798
1000.0,0.903,-0.015379
1000.0,0.903,-0.029453
1000.0,0.903,0.077538
1000.0,0.903,0.047869
1000.0,0.903,0.039718
1000.0,0.903,0.082355
1000.0,0.903,0.020603
1000.0,0.903,0.052944
1000.0,0.903,0.061340
1000.0,0.903,0.044876
1000.0,0.903,0.057732
1000.0,0.903,0.003953
1000.0,0.903,0.026726
1000.0,0.903,0.126622
1000.0,0.903,0.150308
1000.0,0.903,0.130873
1000.0,0.903,0.072200
1000.0,0.903,0.148951
1000.0,0.903,0.076527
1000.0,0.903,-0.001331
1000.0,0.903,0.049349
1000.0,0.903,-0.030945
1000.0,0.903,0.082946
1000.0,0.903,0.102307
1000.0,0.903,0.045386
1000.0,0.903,-0.009377
1000.0,0.903,0.074576
1000.0,0.903,0.005403
1000.0,0.903,0.073762
1000.0,0.903,-0.017032
1000.0,0.903,-0.010921
1000.0,0.903,0.007713
1000.0,0.903,0.028336
1000.0,0.903,-0.017918
1000.0,0.903,0.018470
1000.0,0.903,0.029879
1000.0,0.903,0.008142
1000.0,0.903,0.059471
1000.0,0.903,0.099429
1000.0,0.903,0.024874
1000.0,0.903,-0.021741
1000.0,0.903,0.086214
1000.0,0.903,-0.017853
1000.0,0.903,0.080464
1000.0,0.903,0.056163
1000.0,0.903,0.134680
1000.0,0.903,0.062586
1000.0,0.903,0.021865
1000.0,0.903,-0.034286
1000.0,0.903,0.011262
1000.0,0.903,0.025972
1000.0,0.903,0.018778
1000.0,0.903,0.047769
1000.0,0.903,0.052398
1000.0,0.903,0.007417
1000.0,0.903,-0.007464
1000.0,0.950,0.035823
1000.0,0.950,0.129950
1000.0,0.950,0.041219
1000.0,0.950,-0.000711
1000.0,0.950,0.040844
1000.0,0.950,0.007942
1000.0,0.950,0.141716
1000.0,0.950,0.155995
1000.0,0.950,0.021663
1000.0,0.950,-0.016056
1000.0,0.950,0.031069
1000.0,0.950,-0.029466
1000.0,0.950,0.117395
1000.0,0.950,0.029099
1000.0,0.950,0.131606
1000.0,0.950,0.030613
1000.0,0.950,0.094976
1000.0,0.950,0.035985
1000.0,0.950,-0.023781
1000.0,0.950,0.171753
1000.0,0.950,0.046886
1000.0,0.950,-0.011172
1000.0,0.950,-0.023351
1000.0,0.950,0.037752
1000.0,0.950,0.009401
1000.0,0.950,0.101153
1000.0,0.950,0.068544
1000.0,0.950,0.049995
1000.0,0.950,0.020068
1000.0,0.950,0.102747
1000.0,0.950,0.076278
1000.0,0.950,0.085692
1000.0,0.950,0.103360
1000.0,0.950,0.100682
1000.0,0.950,-0.016556
1000.0,0.950,0.025220
1000.0,0.950,0.013237
1000.0,0.950,0.045396
1000.0,0.950,0.012153
1000.0,0.950,0.062037
1000.0,0.950,0.044790
1000.0,0.950,-0.009757
1000.0,0.950,0.010738
1000.0,0.950,0.038836
1000.0,0.950,0.001820
1000.0,0.950,-0.009490
1000.0,0.950,0.107049
1000.0,0.950,0.034455
1000.0,0.950,0.051010
1000.0,0.950,0.096300
1000.0,0.950,0.023707
1000.0,0.950,0.083797
1000.0,0.950,0.075759
1000.0,0.950,0.072968
1000.0,0.950,0.088760
1000.0,0.950,0.041384
1000.0,0.950,0.079377
1000.0,0.950,0.143203
1000.0,0.950,0.169100
1000.0,0.950,0.079921
1000.0,0.950,0.081102
1000.0,0.950,0.142649
1000.0,0.950,0.067909
1000.0,0.950,0.044840
1000.0,0.950,0.034171
1000.0,0.950,-0.032378
1000.0,0.950,0.158440
1000.0,0.950,0.074990
1000.0,0.950,0.046947
1000.0,0.950,-0.040235
1000.0,0.950,0.057542
1000.0,0.950,-0.015764
1000.0,0.950,0.088231
1000.0,0.950,-0.000164
1000.0,0.950,0.018771
1000.0,0.950,0.009210
1000.0,0.950,0.037387
1000.0,0.950,0.067405
1000.0,0.950,0.034939
1000.0,0.950,0.051455
1000.0,0.950,0.022956
1000.0,0.950,0.093218
1000.0,0.950,0.127601
1000.0,0.950,0.036861
1000.0,0.950,0.007853
1000.0,0.950,0.157316
1000.0,0.950,0.039188
1000.0,0.950,0.124489
1000.0,0.950,0.002733
1000.0,0.950,0.191193
1000.0,0.950,0.082409
1000.0,0.950,0.018243
1000.0,0.950,0.011922
1000.0,0.950,0.016624
1000.0,0.950,0.069544
1000.0,0.950,0.018823
1000.0,0.950,-0.003410
1000.0,0.950,0.044922
1000.0,0.950,-0.012036
1000.0,0.950,0.056808
1000.0,0.850,-0.034772
1000.0,0.850,-0.065590
1000.0,0.850,0.047765
1000.0,0.850,-0.043968
1000.0,0.850,-0.049388
1000.0,0.850,0.021123
1000.0,0.850,0.036126
1000.0,0.850,0.031316
1000.0,0.850,-0.008995
1000.0,0.850,0.016645
1000.0,0.850,-0.028824
1000.0,0.850,0.038152
1000.0,0.850,-0.076647
1000.0,0.850,0.027386
1000.0,0.850,-0.022260
1000.0,0.850,-0.065974
1000.0,0.850,0.022941
1000.0,0.850,0.000302
1000.0,0.850,0.040705
1000.0,0.850,0.009045
1000.0,0.850,-0.038670
1000.0,0.850,-0.057591
1000.0,0.850,0.022042
1000.0,0.850,0.029081
1000.0,0.850,0.019578
1000.0,0.850,-0.002758
1000.0,0.850,0.017065
1000.0,0.850,0.045898
1000.0,0.850,-0.066847
1000.0,0.850,0.011931
1000.0,0.850,0.058385
1000.0,0.850,0.027947
1000.0,0.850,0.000515
1000.0,0.850,-0.032547
1000.0,0.850,0.073599
1000.0,0.850,-0.036856
1000.0,0.850,0.004573
1000.0,0.850,0.029083
1000.0,0.850,-0.029771
1000.0,0.850,0.066317
1000.0,0.850,0.024787
1000.0,0.850,0.005288
1000.0,0.850,0.002259
1000.0,0.850,-0.014816
1000.0,0.850,0.034468
1000.0,0.850,0.002848
1000.0,0.850,-0.050636
1000.0,0.850,0.047247
1000.0,0.850,-0.050185
1000.0,0.850,-0.030484
1000.0,0.850,-0.036041
1000.0,0.850,-0.002346
1000.0,0.850,0.053836
1000.0,0.850,0.033763
1000.0,0.850,-0.064465
1000.0,0.850,-0.018099
1000.0,0.850,0.074769
1000.0,0.850,0.004107
1000.0,0.850,-0.066192
1000.0,0.850,-0.025340
1000.0,0.850,0.036598
1000.0,0.850,0.061598
1000.0,0.850,-0.040030
1000.0,0.850,-0.012663
1000.0,0.850,0.021994
1000.0,0.850,-0.064689
1000.0,0.850,-0.048188
1000.0,0.850,0.053276
1000.0,0.850,-0.088822
1000.0,0.850,0.007295
1000.0,0.850,0.052723
1000.0,0.850,-0.030438
1000.0,0.850,0.043820
1000.0,0.850,0.004395
1000.0,0.850,-0.099236
1000.0,0.850,-0.025864
1000.0,0.850,0.004307
1000.0,0.850,0.001468
1000.0,0.850,0.033744
1000.0,0.850,0.033281
1000.0,0.850,-0.058094
1000.0,0.850,-0.005157
1000.0,0.850,0.005235
1000.0,0.850,-0.022229
1000.0,0.850,-0.000407
1000.0,0.850,-0.011381
1000.0,0.850,0.015627
1000.0,0.850,-0.041341
1000.0,0.850,0.047009
1000.0,0.850,0.014977
1000.0,0.850,0.024992
1000.0,0.850,-0.004908
1000.0,0.850,-0.007187
1000.0,0.850,0.004655
1000.0,0.850,0.019129
1000.0,0.850,-0.105163
1000.0,0.850,0.071119
1000.0,0.850,-0.036343
1000.0,0.850,0.095584
1000.0,0.850,0.027746
1000.0,0.903,-0.077092
1000.0,0.903,-0.053475
1000.0,0.903,0.038768
1000.0,0.903,-0.074508
1000.0,0.903,-0.084461
1000.0,0.903,0.023548
1000.0,0.903,0.006607
1000.0,0.903,0.058656
1000.0,0.903,-0.013894
1000.0,0.903,0.036739
1000.0,0.903,-0.016521
1000.0,0.903,0.067618
1000.0,0.903,-0.098185
1000.0,0.903,0.021649
1000.0,0.903,-0.055013
1000.0,0.903,-0.033837
1000.0,0.903,0.039217
1000.0,0.903,0.028942
1000.0,0.903,0.014718
1000.0,0.903,0.015055
1000.0,0.903,-0.033416
1000.0,0.903,-0.004413
1000.0,0.903,0.020583
1000.0,0.903,0.027472
1000.0,0.903,0.032309
1000.0,0.903,0.031640
1000.0,0.903,0.024489
1000.0,0.903,0.021544
1000.0,0.903,0.039034
1000.0,0.903,0.022617
1000.0,0.903,0.098131
1000.0,0.903,-0.007092
1000.0,0.903,-0.015190
1000.0,0.903,-0.019780
1000.0,0.903,0.061488
1000.0,0.903,-0.048440
1000.0,0.903,-0.002085
1000.0,0.903,0.024389
1000.0,0.903,-0.041783
1000.0,0.903,0.010796
1000.0,0.903,0.010172
1000.0,0.903,0.008603
1000.0,0.903,0.066680
1000.0,0.903,-0.019603
1000.0,0.903,0.092094
1000.0,0.903,0.061234
1000.0,0.903,-0.040303
1000.0,0.903,0.075653
1000.0,0.903,-0.026871
1000.0,0.903,-0.038477
1000.0,0.903,-0.045865
1000.0,0.903,-0.023696
1000.0,0.903,0.056275
1000.0,0.903,0.055890
1000.0,0.903,-0.070577
1000.0,0.903,0.022999
1000.0,0.903,0.124847
1000.0,0.903,-0.090779
1000.0,0.903,-0.055488
1000.0,0.903,0.048804
1000.0,0.903,0.016080
1000.0,0.903,0.077526
1000.0,0.903,-0.031925
1000.0,0.903,0.011456
1000.0,0.903,0.004682
1000.0,0.903,-0.082086
1000.0,0.903,-0.054392
1000.0,0.903,0.087266
1000.0,0.903,-0.097927
1000.0,0.903,0.047336
1000.0,0.903,0.058335
1000.0,0.903,-0.055839
1000.0,0.903,0.038487
1000.0,0.903,-0.024651
1000.0,0.903,-0.089074
1000.0,0.903,0.015969
1000.0,0.903,0.004396
1000.0,0.903,-0.014279
1000.0,0.903,0.044906
1000.0,0.903,0.032785
1000.0,0.903,-0.019571
1000.0,0.903,-0.009396
1000.0,0.903,0.007604
1000.0,0.903,0.029541
1000.0,0.903,-0.009376
1000.0,0.903,-0.020144
1000.0,0.903,0.026784
1000.0,0.903,-0.033192
1000.0,0.903,0.070447
1000.0,0.903,0.120791
1000.0,0.903,0.039244
1000.0,0.903,-0.000260
1000.0,0.903,0.021548
1000.0,0.903,0.005792
1000.0,0.903,0.057134
1000.0,0.903,-0.129359
1000.0,0.903,0.089900
1000.0,0.903,-0.011731
1000.0,0.903,0.074067
1000.0,0.903,-0.000319
1000.0,0.950,-0.075982
1000.0,0.950,-0.039287
1000.0,0.950,0.100256
1000.0,0.950,-0.075055
1000.0,0.950,-0.095687
1000.0,0.950,0.054004
1000.0,0.950,0.009921
1000.0,0.950,0.047920
1000.0,0.950,-0.003828
1000.0,0.950,0.097772
1000.0,0.950,0.023325
1000.0,0.950,0.086016
1000.0,0.950,-0.055725
1000.0,0.950,0.089892
1000.0,0.950,-0.058182
1000.0,0.950,-0.023657
1000.0,0.950,0.084257
1000.0,0.950,0.070154
1000.0,0.950,0.096637
1000.0,0.950,-0.028596
1000.0,0.950,0.010626
1000.0,0.950,0.023555
1000.0,0.950,0.106389
1000.0,0.950,0.047668
1000.0,0.950,-0.080316
1000.0,0.950,0.079299
1000.0,0.950,0.028617
1000.0,0.950,0.009384
1000.0,0.950,0.060631
1000.0,0.950,0.104509
1000.0,0.950,0.087862
1000.0,0.950,0.020902
1000.0,0.950,-0.000673
1000.0,0.950,-0.011100
1000.0,0.950,0.093983
1000.0,0.950,0.018871
1000.0,0.950,0.010164
1000.0,0.950,0.094052
1000.0,0.950,-0.049920
1000.0,0.950,0.018776
1000.0,0.950,-0.006792
1000.0,0.950,0.045490
1000.0,0.950,0.064423
1000.0,0.950,-0.002854
1000.0,0.950,0.110361
1000.0,0.950,0.050764
1000.0,0.950,-0.015434
1000.0,0.950,0.062949
1000.0,0.950,0.038329
1000.0,0.950,-0.041218
1000.0,0.950,0.003360
1000.0,0.950,-0.068569
1000.0,0.950,0.049763
1000.0,0.950,0.039075
1000.0,0.950,-0.034879
1000.0,0.950,0.102456
1000.0,0.950,0.162533
1000.0,0.950,-0.080637
1000.0,0.950,-0.020400
1000.0,0.950,0.023634
1000.0,0.950,-0.032340
1000.0,0.950,0.087800
1000.0,0.950,-0.047136
1000.0,0.950,0.017499
1000.0,0.950,0.070492
1000.0,0.950,-0.031495
1000.0,0.950,-0.068286
1000.0,0.950,0.033761
1000.0,0.950,-0.098259
1000.0,0.950,0.073121
1000.0,0.950,0.022372
1000.0,0.950,-0.063510
1000.0,0.950,0.051281
1000.0,0.950,0.007338
1000.0,0.950,-0.043116
1000.0,0.950,0.026986
1000.0,0.950,-0.004702
1000.0,0.950,-0.015832
1000.0,0.950,0.052943
1000.0,0.950,0.035781
1000.0,0.950,-0.073989
1000.0,0.950,-0.015412
1000.0,0.950,0.024145
1000.0,0.950,0.066698
1000.0,0.950,-0.004981
1000.0,0.950,-0.041170
1000.0,0.950,0.040129
1000.0,0.950,0.007825
1000.0,0.950,0.040856
1000.0,0.950,0.113148
1000.0,0.950,0.051188
1000.0,0.950,-0.024275
1000.0,0.950,0.014185
1000.0,0.950,0.012703
1000.0,0.950,0.071280
1000.0,0.950,-0.102316
1000.0,0.950,0.104375
1000.0,0.950,-0.048797
1000.0,0.950,0.202570
1000.0,0.950,0.039334
1000.0,0.850,0.018337
1000.0,0.850,-0.008839
1000.0,0.850,0.012931
1000.0,0.850,0.080985
1000.0,0.850,-0.010306
1000.0,0.850,-0.050890
1000.0,0.850,-0.060861
1000.0,0.850,-0.073295
1000.0,0.850,-0.021906
1000.0,0.850,0.025375
1000.0,0.850,-0.094726
1000.0,0.850,0.041220
1000.0,0.850,0.025055
1000.0,0.850,0.054502
1000.0,0.850,-0.024695
1000.0,0.850,-0.011998
1000.0,0.850,-0.015102
1000.0,0.850,0.008560
1000.0,0.850,0.028044
1000.0,0.850,0.005199
1000.0,0.850,0.018444
1000.0,0.850,0.031584
1000.0,0.850,0.031423
1000.0,0.850,0.004861
1000.0,0.850,-0.125402
1000.0,0.850,-0.031371
1000.0,0.850,0.017534
1000.0,0.850,0.015776
1000.0,0.850,-0.032387
1000.0,0.850,-0.105742
1000.0,0.850,-0.041271
1000.0,0.850,0.014184
1000.0,0.850,0.001854
1000.0,0.850,-0.023290
1000.0,0.850,0.000756
1000.0,0.850,-0.050530
1000.0,0.850,-0.109149
1000.0,0.850,-0.038446
1000.0,0.850,-0.061910
1000.0,0.850,-0.007695
1000.0,0.850,-0.038435
1000.0,0.850,-0.011226
1000.0,0.850,-0.108133
1000.0,0.850,-0.101495
1000.0,0.850,-0.087066
1000.0,0.850,0.006972
1000.0,0.850,-0.075094
1000.0,0.850,-0.052484
1000.0,0.850,-0.001347
1000.0,0.850,0.010670
1000.0,0.850,0.015928
1000.0,0.850,-0.022967
1000.0,0.850,-0.042053
1000.0,0.850,0.003944
1000.0,0.850,-0.007584
1000.0,0.850,0.033683
1000.0,0.850,-0.054914
1000.0,0.850,-0.027260
1000.0,0.850,-0.006811
1000.0,0.850,0.026897
1000.0,0.850,0.043507
1000.0,0.850,-0.022197
1000.0,0.850,-0.021431
1000.0,0.850,0.032943
1000.0,0.850,-0.061655
1000.0,0.850,0.036726
1000.0,0.850,0.001935
1000.0,0.850,0.040530
1000.0,0.850,-0.031744
1000.0,0.850,-0.006457
1000.0,0.850,-0.011524
1000.0,0.850,0.059972
1000.0,0.850,0.034792
1000.0,0.850,-0.065084
1000.0,0.850,-0.051463
1000.0,0.850,0.057889
1000.0,0.850,0.043395
1000.0,0.850,0.013905
1000.0,0.850,-0.070936
1000.0,0.850,-0.024077
1000.0,0.850,0.038229
1000.0,0.850,-0.036683
1000.0,0.850,0.010582
1000.0,0.850,0.040677
1000.0,0.850,0.040398
1000.0,0.850,0.076470
1000.0,0.850,0.047309
1000.0,0.850,-0.015366
1000.0,0.850,0.033850
1000.0,0.850,-0.035114
1000.0,0.850,0.035301
1000.0,0.850,-0.000250
1000.0,0.850,-0.005620
1000.0,0.850,0.034328
1000.0,0.850,-0.013984
1000.0,0.850,-0.041476
1000.0,0.850,-0.034080
1000.0,0.850,0.054595
1000.0,0.850,0.035564
1000.0,0.850,0.008404
1000.0,0.903,-0.026099
1000.0,0.903,-0.040068
1000.0,0.903,0.041841
1000.0,0.903,0.031270
1000.0,0.903,-0.048963
1000.0,0.903,-0.070032
1000.0,0.903,-0.065480
1000.0,0.903,-0.100985
1000.0,0.903,-0.065422
1000.0,0.903,0.055560
1000.0,0.903,-0.062569
1000.0,0.903,0.056575
1000.0,0.903,-0.011238
1000.0,0.903,0.051815
1000.0,0.903,0.002917
1000.0,0.903,0.025884
1000.0,0.903,-0.026061
1000.0,0.903,0.051728
1000.0,0.903,0.031880
1000.0,0.903,-0.018492
1000.0,0.903,-0.052896
1000.0,0.903,0.037671
1000.0,0.903,0.012923
1000.0,0.903,0.021292
1000.0,0.903,-0.086527
1000.0,0.903,0.023749
1000.0,0.903,-0.016707
1000.0,0.903,0.039076
1000.0,0.903,-0.008043
1000.0,0.903,-0.083469
1000.0,0.903,-0.100096
1000.0,0.903,0.009352
1000.0,0.903,-0.006257
1000.0,0.903,-0.055103
1000.0,0.903,-0.000591
1000.0,0.903,-0.080403
1000.0,0.903,-0.138946
1000.0,0.903,-0.054848
1000.0,0.903,-0.083409
1000.0,0.903,-0.065976
1000.0,0.903,-0.062381
1000.0,0.903,-0.040176
1000.0,0.903,-0.080486
1000.0,0.903,-0.053112
1000.0,0.903,-0.111307
1000.0,0.903,-0.004460
1000.0,0.903,-0.121314
1000.0,0.903,-0.140239
1000.0,0.903,-0.056737
1000.0,0.903,-0.022430
1000.0,0.903,0.074234
1000.0,0.903,-0.055171
1000.0,0.903,0.004229
1000.0,0.903,-0.011552
1000.0,0.903,0.008873
1000.0,0.903,0.009560
1000.0,0.903,-0.076745
1000.0,0.903,-0.036643
1000.0,0.903,0.042100
1000.0,0.903,0.012532
1000.0,0.903,0.006113
1000.0,0.903,-0.043297
1000.0,0.903,-0.044131
1000.0,0.903,-0.022613
1000.0,0.903,-0.031990
1000.0,0.903,0.029593
1000.0,0.903,-0.018373
1000.0,0.903,0.041710
1000.0,0.903,0.005714
1000.0,0.903,-0.038284
1000.0,0.903,-0.054653
1000.0,0.903,-0.026213
1000.0,0.903,0.083333
1000.0,0.903,-0.078644
1000.0,0.903,-0.124470
1000.0,0.903,0.023374
1000.0,0.903,0.046403
1000.0,0.903,0.083305
1000.0,0.903,-0.075208
1000.0,0.903,-0.048318
1000.0,0.903,0.031287
1000.0,0.903,0.003157
1000.0,0.903,0.042113
1000.0,0.903,-0.018992
1000.0,0.903,0.127942
1000.0,0.903,0.095135
1000.0,0.903,0.041276
1000.0,0.903,0.023488
1000.0,0.903,-0.018482
1000.0,0.903,-0.070848
1000.0,0.903,0.058149
1000.0,0.903,0.046447
1000.0,0.903,0.022130
1000.0,0.903,0.046077
1000.0,0.903,-0.047089
1000.0,0.903,-0.033392
1000.0,0.903,-0.067414
1000.0,0.903,0.030858
1000.0,0.903,-0.009846
1000.0,0.903,0.011638
1000.0,0.950,-0.005658
1000.0,0.950,-0.021826
1000.0,0.950,-0.024454
1000.0,0.950,0.030335
1000.0,0.950,-0.024219
1000.0,0.950,-0.055998
1000.0,0.950,-0.043572
1000.0,0.950,-0.119801
1000.0,0.950,-0.001973
1000.0,0.950,0.049753
1000.0,0.950,-0.065905
1000.0,0.950,0.049757
1000.0,0.950,-0.000514
1000.0,0.950,0.030073
1000.0,0.950,0.016726
1000.0,0.950,0.013112
1000.0,0.950,-0.024976
1000.0,0.950,0.060194
1000.0,0.950,0.108182
1000.0,0.950,-0.044096
1000.0,0.950,0.001034
1000.0,0.950,0.045850
1000.0,0.950,-0.004997
1000.0,0.950,0.057128
1000.0,0.950,-0.052754
1000.0,0.950,0.035393
1000.0,0.950,-0.003297
1000.0,0.950,-0.020117
1000.0,0.950,-0.037184
1000.0,0.950,-0.092513
1000.0,0.950,-0.106479
1000.0,0.950,0.039034
1000.0,0.950,-0.006787
1000.0,0.950,-0.048714
1000.0,0.950,-0.020216
1000.0,0.950,-0.070050
1000.0,0.950,-0.105548
1000.0,0.950,-0.071934
1000.0,0.950,-0.089359
1000.0,0.950,-0.081747
1000.0,0.950,0.008947
1000.0,0.950,-0.048307
1000.0,0.950,-0.054876
1000.0,0.950,-0.088874
1000.0,0.950,-0.073799
1000.0,0.950,-0.079186
1000.0,0.950,-0.092817
1000.0,0.950,-0.163395
1000.0,0.950,-0.033279
1000.0,0.950,-0.056023
1000.0,0.950,0.056149
1000.0,0.950,-0.050215
1000.0,0.950,0.013941
1000.0,0.950,0.024069
1000.0,0.950,-0.000690
1000.0,0.950,-0.039547
1000.0,0.950,-0.060246
1000.0,0.950,-0.042627
1000.0,0.950,0.042111
1000.0,0.950,0.059171
1000.0,0.950,-0.011923
1000.0,0.950,0.041441
1000.0,0.950,-0.059503
1000.0,0.950,-0.044010
1000.0,0.950,-0.073023
1000.0,0.950,0.045562
1000.0,0.950,-0.008908
1000.0,0.950,0.069809
1000.0,0.950,0.004948
1000.0,0.950,-0.008588
1000.0,0.950,-0.064102
1000.0,0.950,-0.034557
1000.0,0.950,0.050986
1000.0,0.950,-0.011103
1000.0,0.950,-0.132289
1000.0,0.950,0.047631
1000.0,0.950,-0.059880
1000.0,0.950,0.058678
1000.0,0.950,-0.032790
1000.0,0.950,-0.048421
1000.0,0.950,0.004819
1000.0,0.950,0.008269
1000.0,0.950,0.007075
1000.0,0.950,0.014008
1000.0,0.950,0.117768
1000.0,0.950,0.119988
1000.0,0.950,0.112897
1000.0,0.950,0.028447
1000.0,0.950,-0.057559
1000.0,0.950,-0.087101
1000.0,0.950,0.066765
1000.0,0.950,0.009818
1000.0,0.950,0.044651
1000.0,0.950,0.019346
1000.0,0.950,-0.068464
1000.0,0.950,-0.069641
1000.0,0.950,-0.041458
1000.0,0.950,0.017868
1000.0,0.950,-0.044036
1000.0,0.950,0.082330
1000.0,0.850,-0.009945
1000.0,0.850,-0.027297
1000.0,0.850,-0.019823
1000.0,0.850,-0.060981
1000.0,0.850,0.041575
1000.0,0.850,0.049014
1000.0,0.850,0.040495
1000.0,0.850,0.005377
1000.0,0.850,-0.015952
1000.0,0.850,-0.021330
1000.0,0.850,0.028350
1000.0,0.850,0.034670
1000.0,0.850,0.064392
1000.0,0.850,-0.007815
1000.0,0.850,0.010539
1000.0,0.850,0.001397
1000.0,0.850,-0.025175
1000.0,0.850,-0.030254
1000.0,0.850,0.044307
1000.0,0.850,-0.086059
1000.0,0.850,-0.002077
1000.0,0.850,0.043980
1000.0,0.850,0.008797
1000.0,0.850,0.003668
1000.0,0.850,-0.043242
1000.0,0.850,0.024955
1000.0,0.850,-0.021489
1000.0,0.850,0.032625
1000.0,0.850,0.040284
1000.0,0.850,0.068003
1000.0,0.850,-0.008598
1000.0,0.850,-0.036119
1000.0,0.850,-0.030107
1000.0,0.850,-0.008902
1000.0,0.850,-0.040753
1000.0,0.850,0.036679
1000.0,0.850,0.047434
1000.0,0.850,0.007439
1000.0,0.850,0.020042
1000.0,0.850,0.133351
1000.0,0.850,-0.003201
1000.0,0.850,0.089734
1000.0,0.850,-0.010065
1000.0,0.850,0.075701
1000.0,0.850,-0.054642
1000.0,0.850,0.025546
1000.0,0.850,0.076246
1000.0,0.850,-0.044629
1000.0,0.850,0.052701
1000.0,0.850,-0.030737
1000.0,0.850,0.005898
1000.0,0.850,-0.001353
1000.0,0.850,0.039899
1000.0,0.850,-0.024383
1000.0,0.850,0.036994
1000.0,0.850,0.088156
1000.0,0.850,0.129144
1000.0,0.850,-0.013440
1000.0,0.850,-0.016947
1000.0,0.850,0.037291
1000.0,0.850,0.026834
1000.0,0.850,-0.100592
1000.0,0.850,-0.019163
1000.0,0.850,-0.065419
1000.0,0.850,0.050796
1000.0,0.850,-0.053485
1000.0,0.850,0.010685
1000.0,0.850,0.021394
1000.0,0.850,0.019736
1000.0,0.850,0.006473
1000.0,0.850,0.063605
1000.0,0.850,-0.000831
1000.0,0.850,-0.001593
1000.0,0.850,-0.004918
1000.0,0.850,-0.074048
1000.0,0.850,0.020834
1000.0,0.850,-0.094979
1000.0,0.850,0.010605
1000.0,0.850,-0.018790
1000.0,0.850,0.034213
1000.0,0.850,-0.061419
1000.0,0.850,-0.000818
1000.0,0.850,0.108002
1000.0,0.850,0.045587
1000.0,0.850,0.079585
1000.0,0.850,-0.015527
1000.0,0.850,0.021639
1000.0,0.850,-0.032656
1000.0,0.850,0.063956
1000.0,0.850,-0.069673
1000.0,0.850,0.033518
1000.0,0.850,0.078605
1000.0,0.850,-0.008101
1000.0,0.850,0.024904
1000.0,0.850,0.064301
1000.0,0.850,0.041981
1000.0,0.850,-0.010197
1000.0,0.850,-0.039283
1000.0,0.850,0.070207
1000.0,0.850,-0.029534
1000.0,0.903,0.069679
1000.0,0.903,0.002141
1000.0,0.903,-0.030393
1000.0,0.903,-0.088324
1000.0,0.903,0.087630
1000.0,0.903,0.041638
1000.0,0.903,0.145900
1000.0,0.903,-0.028364
1000.0,0.903,-0.076459
1000.0,0.903,0.004811
1000.0,0.903,-0.025743
1000.0,0.903,0.023496
1000.0,0.903,-0.008859
1000.0,0.903,0.047404
1000.0,0.903,0.025589
1000.0,0.903,-0.006872
1000.0,0.903,-0.054616
1000.0,0.903,-0.042579
1000.0,0.903,0.120846
1000.0,0.903,-0.033542
1000.0,0.903,-0.039789
1000.0,0.903,0.059010
1000.0,0.903,0.030645
1000.0,0.903,-0.002606
1000.0,0.903,-0.050004
1000.0,0.903,0.022625
1000.0,0.903,0.015079
1000.0,0.903,0.095596
1000.0,0.903,0.045387
1000.0,0.903,0.068918
1000.0,0.903,0.014829
1000.0,0.903,-0.007109
1000.0,0.903,-0.004635
1000.0,0.903,0.014188
1000.0,0.903,-0.016917
1000.0,0.903,0.012827
1000.0,0.903,0.100165
1000.0,0.903,0.009090
1000.0,0.903,0.022469
1000.0,0.903,0.107617
1000.0,0.903,-0.008790
1000.0,0.903,0.089797
1000.0,0.903,-0.040681
1000.0,0.903,0.111055
1000.0,0.903,-0.033783
1000.0,0.903,0.054025
1000.0,0.903,0.087174
1000.0,0.903,-0.061326
1000.0,0.903,0.080755
1000.0,0.903,-0.039932
1000.0,0.903,0.025985
1000.0,0.903,-0.040974
1000.0,0.903,0.002675
1000.0,0.903,0.040264
1000.0,0.903,-0.017459
1000.0,0.903,0.077446
1000.0,0.903,0.112576
1000.0,0.903,-0.015939
1000.0,0.903,-0.079311
1000.0,0.903,0.021381
1000.0,0.903,0.033114
1000.0,0.903,-0.108633
1000.0,0.903,-0.045062
1000.0,0.903,-0.043048
1000.0,0.903,0.035910
1000.0,0.903,-0.094944
1000.0,0.903,0.014458
1000.0,0.903,0.041261
1000.0,0.903,0.058525
1000.0,0.903,0.048076
1000.0,0.903,0.101466
1000.0,0.903,0.037834
1000.0,0.903,-0.008132
1000.0,0.903,0.023326
1000.0,0.903,-0.067399
1000.0,0.903,0.020846
1000.0,0.903,-0.096013
1000.0,0.903,0.004083
1000.0,0.903,-0.084459
1000.0,0.903,0.066724
1000.0,0.903,-0.038353
1000.0,0.903,-0.023794
1000.0,0.903,0.120892
1000.0,0.903,0.054357
1000.0,0.903,0.058497
1000.0,0.903,0.037346
1000.0,0.903,-0.006094
1000.0,0.903,0.045311
1000.0,0.903,0.088484
1000.0,0.903,-0.065449
1000.0,0.903,0.011991
1000.0,0.903,0.043758
1000.0,0.903,-0.012544
1000.0,0.903,0.045186
1000.0,0.903,0.091997
1000.0,0.903,0.031019
1000.0,0.903,-0.057515
1000.0,0.903,-0.015438
1000.0,0.903,-0.006957
1000.0,0.903,-0.001046
1000.0,0.950,0.099747
1000.0,0.950,0.016475
1000.0,0.950,-0.014336
1000.0,0.950,-0.036723
1000.0,0.950,0.120524
1000.0,0.950,0.017267
1000.0,0.950,0.126648
1000.0,0.950,-0.027731
1000.0,0.950,-0.023170
1000.0,0.950,-0.012170
1000.0,0.950,-0.030650
1000.0,0.950,-0.022849
1000.0,0.950,0.022713
1000.0,0.950,0.037139
1000.0,0.950,-0.011324
1000.0,0.950,0.005917
1000.0,0.950,-0.058721
1000.0,0.950,-0.041018
1000.0,0.950,0.147976
1000.0,0.950,-0.044115
1000.0,0.950,0.014953
1000.0,0.950,0.024253
1000.0,0.950,0.065366
1000.0,0.950,-0.028668
1000.0,0.950,0.003088
1000.0,0.950,-0.001209
1000.0,0.950,0.012811
1000.0,0.950,0.104128
1000.0,0.950,0.029291
1000.0,0.950,0.048891
1000.0,0.950,-0.043108
1000.0,0.950,-0.002316
1000.0,0.950,0.011713
1000.0,0.950,-0.033270
1000.0,0.950,-0.003754
1000.0,0.950,0.002774
1000.0,0.950,0.053286
1000.0,0.950,0.041369
1000.0,0.950,0.011930
1000.0,0.950,0.073560
1000.0,0.950,-0.011332
1000.0,0.950,0.084632
1000.0,0.950,0.026089
1000.0,0.950,0.122584
1000.0,0.950,-0.032236
1000.0,0.950,0.019664
1000.0,0.950,0.107359
1000.0,0.950,-0.038061
1000.0,0.950,-0.016760
1000.0,0.950,-0.078985
1000.0,0.950,0.050763
1000.0,0.950,-0.050991
1000.0,0.950,-0.000824
1000.0,0.950,0.038750
1000.0,0.950,-0.044919
1000.0,0.950,0.094437
1000.0,0.950,0.089047
1000.0,0.950,-0.074885
1000.0,0.950,-0.062425
1000.0,0.950,0.038443
1000.0,0.950,0.044232
1000.0,0.950,-0.074220
1000.0,0.950,-0.000530
1000.0,0.950,-0.050463
1000.0,0.950,0.031401
1000.0,0.950,-0.043501
1000.0,0.950,0.026546
1000.0,0.950,0.010545
1000.0,0.950,0.100659
1000.0,0.950,0.059121
1000.0,0.950,0.144637
1000.0,0.950,-0.001465
1000.0,0.950,-0.030100
1000.0,0.950,-0.013869
1000.0,0.950,-0.099023
1000.0,0.950,0.060996
1000.0,0.950,-0.082800
1000.0,0.950,-0.050262
1000.0,0.950,-0.049522
1000.0,0.950,0.065448
1000.0,0.950,-0.036976
1000.0,0.950,-0.016479
1000.0,0.950,0.084259
1000.0,0.950,0.013894
1000.0,0.950,0.078065
1000.0,0.950,0.061958
1000.0,0.950,0.006956
1000.0,0.950,0.034303
1000.0,0.950,0.123529
1000.0,0.950,-0.040744
1000.0,0.950,0.127285
1000.0,0.950,0.006624
1000.0,0.950,0.055844
1000.0,0.950,-0.031396
1000.0,0.950,0.057676
1000.0,0.950,0.037640
1000.0,0.950,-0.097774
1000.0,0.950,-0.060864
1000.0,0.950,0.001731
1000.0,0.950,0.026219
1000.0,0.850,0.055157
1000.0,0.850,0.007674
1000.0,0.850,0.010577
1000.0,0.850,-0.060451
1000.0,0.850,-0.006672
1000.0,0.850,0.031278
1000.0,0.850,-0.012552
1000.0,0.850,-0.059117
1000.0,0.850,0.008365
1000.0,0.850,0.082675
1000.0,0.850,0.025053
1000.0,0.850,0.039096
1000.0,0.850,0.039308
1000.0,0.850,0.067940
1000.0,0.850,0.128780
1000.0,0.850,0.073917
1000.0,0.850,-0.011922
1000.0,0.850,0.027428
1000.0,0.850,-0.037239
1000.0,0.850,0.036325
1000.0,0.850,-0.047493
1000.0,0.850,0.021793
1000.0,0.850,-0.062920
1000.0,0.850,0.063987
1000.0,0.850,-0.028235
1000.0,0.850,0.022108
1000.0,0.850,0.010428
1000.0,0.850,0.007891
1000.0,0.850,-0.009114
1000.0,0.850,0.039837
1000.0,0.850,0.054749
1000.0,0.850,0.022271
1000.0,0.850,-0.008125
1000.0,0.850,0.036310
1000.0,0.850,-0.037217
1000.0,0.850,-0.076820
1000.0,0.850,-0.010894
1000.0,0.850,0.031571
1000.0,0.850,-0.001577
1000.0,0.850,0.004413
1000.0,0.850,0.022111
1000.0,0.850,0.054554
1000.0,0.850,-0.022832
1000.0,0.850,-0.033449
1000.0,0.850,-0.073303
1000.0,0.850,0.076555
1000.0,0.850,0.025329
1000.0,0.850,0.002354
1000.0,0.850,0.035825
1000.0,0.850,0.021043
1000.0,0.850,0.074184
1000.0,0.850,0.008302
1000.0,0.850,0.042168
1000.0,0.850,-0.030420
1000.0,0.850,0.031339
1000.0,0.850,0.063853
1000.0,0.850,0.007706
1000.0,0.850,-0.004071
1000.0,0.850,-0.020093
1000.0,0.850,0.067662
1000.0,0.850,-0.052721
1000.0,0.850,0.020579
1000.0,0.850,-0.017781
1000.0,0.850,-0.008424
1000.0,0.850,0.031315
1000.0,0.850,0.049803
1000.0,0.850,0.010201
1000.0,0.850,-0.033113
1000.0,0.850,0.023089
1000.0,0.850,-0.088338
1000.0,0.850,-0.041216
1000.0,0.850,-0.003603
1000.0,0.850,0.052308
1000.0,0.850,-0.002227
1000.0,0.850,0.019991
1000.0,0.850,-0.007701
1000.0,0.850,0.081012
1000.0,0.850,0.018853
1000.0,0.850,0.010402
1000.0,0.850,0.019611
1000.0,0.850,-0.010638
1000.0,0.850,0.039807
1000.0,0.850,0.030071
1000.0,0.850,0.028479
1000.0,0.850,-0.085023
1000.0,0.850,0.023129
1000.0,0.850,0.027001
1000.0,0.850,-0.026185
1000.0,0.850,-0.041712
1000.0,0.850,0.017812
1000.0,0.850,0.004455
1000.0,0.850,-0.001845
1000.0,0.850,0.000610
1000.0,0.850,-0.021191
1000.0,0.850,-0.003908
1000.0,0.850,-0.025300
1000.0,0.850,0.038826
1000.0,0.850,0.020336
1000.0,0.850,0.080528
1000.0,0.850,0.034865
1000.0,0.903,0.078448
1000.0,0.903,-0.008213
1000.0,0.903,0.024414
1000.0,0.903,-0.075471
1000.0,0.903,0.002264
1000.0,0.903,0.020556
1000.0,0.903,-0.011028
1000.0,0.903,-0.127429
1000.0,0.903,-0.020331
1000.0,0.903,0.074218
1000.0,0.903,0.054273
1000.0,0.903,0.071814
1000.0,0.903,0.028383
1000.0,0.903,0.082642
1000.0,0.903,0.133702
1000.0,0.903,0.086524
1000.0,0.903,-0.016669
1000.0,0.903,0.034581
1000.0,0.903,-0.080566
1000.0,0.903,0.003858
1000.0,0.903,-0.003473
1000.0,0.903,0.021929
1000.0,0.903,-0.034129
1000.0,0.903,0.005709
1000.0,0.903,0.000006
1000.0,0.903,0.019242
1000.0,0.903,-0.041100
1000.0,0.903,0.059224
1000.0,0.903,-0.004128
1000.0,0.903,0.089895
1000.0,0.903,0.089047
1000.0,0.903,-0.010535
1000.0,0.903,-0.052325
1000.0,0.903,0.020948
1000.0,0.903,-0.005544
1000.0,0.903,-0.043969
1000.0,0.903,-0.020794
1000.0,0.903,0.037228
1000.0,0.903,0.004096
1000.0,0.903,-0.010853
1000.0,0.903,-0.055502
1000.0,0.903,0.058753
1000.0,0.903,-0.005563
1000.0,0.903,-0.039769
1000.0,0.903,-0.088993
1000.0,0.903,0.056371
1000.0,0.903,-0.000480
1000.0,0.903,0.038265
1000.0,0.903,0.038508
1000.0,0.903,0.018408
1000.0,0.903,0.100396
1000.0,0.903,0.021673
1000.0,0.903,0.000111
1000.0,0.903,0.010205
1000.0,0.903,0.004955
1000.0,0.903,0.052995
1000.0,0.903,0.009667
1000.0,0.903,0.013564
1000.0,0.903,0.007822
1000.0,0.903,0.048516
1000.0,0.903,-0.050098
1000.0,0.903,0.051835
1000.0,0.903,-0.045384
1000.0,0.903,0.019106
1000.0,0.903,0.034318
1000.0,0.903,0.068475
1000.0,0.903,0.008138
1000.0,0.903,0.016077
1000.0,0.903,0.017147
1000.0,0.903,-0.074484
1000.0,0.903,-0.083052
1000.0,0.903,-0.030553
1000.0,0.903,0.036398
1000.0,0.903,-0.026525
1000.0,0.903,-0.017836
1000.0,0.903,-0.027930
1000.0,0.903,0.064349
1000.0,0.903,-0.018670
1000.0,0.903,0.019211
1000.0,0.903,0.013437
1000.0,0.903,-0.037858
1000.0,0.903,0.065970
1000.0,0.903,0.070943
1000.0,0.903,0.014797
1000.0,0.903,-0.015175
1000.0,0.903,0.096284
1000.0,0.903,0.023016
1000.0,0.903,-0.059930
1000.0,0.903,-0.034348
1000.0,0.903,0.052474
1000.0,0.903,0.038974
1000.0,0.903,-0.016012
1000.0,0.903,0.034250
1000.0,0.903,0.010201
1000.0,0.903,0.078827
1000.0,0.903,-0.089464
1000.0,0.903,0.049890
1000.0,0.903,0.052134
1000.0,0.903,0.109153
1000.0,0.903,-0.003003
1000.0,0.950,0.064586
1000.0,0.950,-0.032826
1000.0,0.950,-0.084883
1000.0,0.950,-0.035229
1000.0,0.950,-0.011307
1000.0,0.950,-0.029649
1000.0,0.950,-0.009317
1000.0,0.950,-0.107788
1000.0,0.950,-0.068904
1000.0,0.950,0.120464
1000.0,0.950,0.077393
1000.0,0.950,0.076077
1000.0,0.950,0.010287
1000.0,0.950,0.106224
1000.0,0.950,0.148690
1000.0,0.950,0.069357
1000.0,0.950,-0.027070
1000.0,0.950,0.055038
1000.0,0.950,-0.079165
1000.0,0.950,0.032520
1000.0,0.950,-0.034053
1000.0,0.950,0.032595
1000.0,0.950,0.052710
1000.0,0.950,-0.064379
1000.0,0.950,-0.029260
1000.0,0.950,0.026085
1000.0,0.950,-0.051704
1000.0,0.950,0.116659
1000.0,0.950,-0.003549
1000.0,0.950,0.041873
1000.0,0.950,0.167351
1000.0,0.950,0.054929
1000.0,0.950,-0.001191
1000.0,0.950,0.020655
1000.0,0.950,0.003912
1000.0,0.950,-0.026413
1000.0,0.950,-0.005957
1000.0,0.950,-0.023967
1000.0,0.950,0.012963
1000.0,0.950,0.037103
1000.0,0.950,-0.006674
1000.0,0.950,0.071093
1000.0,0.950,0.014684
1000.0,0.950,-0.054753
1000.0,0.950,-0.026129
1000.0,0.950,0.065581
1000.0,0.950,-0.041988
1000.0,0.950,0.034587
1000.0,0.950,-0.053389
1000.0,0.950,-0.014981
1000.0,0.950,0.098838
1000.0,0.950,0.008284
1000.0,0.950,0.010843
1000.0,0.950,-0.036714
1000.0,0.950,-0.014623
1000.0,0.950,0.047091
1000.0,0.950,0.027055
1000.0,0.950,0.037856
1000.0,0.950,0.000433
1000.0,0.950,0.080974
1000.0,0.950,-0.051660
1000.0,0.950,0.026411
1000.0,0.950,-0.029701
1000.0,0.950,-0.040498
1000.0,0.950,0.002475
1000.0,0.950,0.053857
1000.0,0.950,-0.008701
1000.0,0.950,0.053986
1000.0,0.950,0.004367
1000.0,0.950,-0.094483
1000.0,0.950,-0.122143
1000.0,0.950,-0.078862
1000.0,0.950,0.020483
1000.0,0.950,-0.003382
1000.0,0.950,-0.004193
1000.0,0.950,-0.059870
1000.0,0.950,0.025379
1000.0,0.950,-0.073081
1000.0,0.950,0.051983
1000.0,0.950,-0.013327
1000.0,0.950,-0.018655
1000.0,0.950,0.091923
1000.0,0.950,0.043868
1000.0,0.950,0.022283
1000.0,0.950,-0.066075
1000.0,0.950,0.067751
1000.0,0.950,0.059818
1000.0,0.950,-0.021179
1000.0,0.950,-0.025092
1000.0,0.950,0.094581
1000.0,0.950,0.050410
1000.0,0.950,-0.024553
1000.0,0.950,0.043468
1000.0,0.950,0.010572
1000.0,0.950,0.092863
1000.0,0.950,-0.108332
1000.0,0.950,0.001186
1000.0,0.950,0.005217
1000.0,0.950,0.124796
1000.0,0.950,0.041885
1000.0,0.850,-0.002446
1000.0,0.850,-0.061552
1000.0,0.850,0.045957
1000.0,0.850,-0.029639
1000.0,0.850,-0.057015
1000.0,0.850,-0.007332
1000.0,0.850,0.012736
1000.0,0.850,0.011674
1000.0,0.850,0.043544
1000.0,0.850,-0.020576
1000.0,0.850,0.032576
1000.0,0.850,0.055752
1000.0,0.850,0.035090
1000.0,0.850,-0.038472
1000.0,0.850,-0.031287
1000.0,0.850,0.014655
1000.0,0.850,-0.001507
1000.0,0.850,-0.032358
1000.0,0.850,-0.072956
1000.0,0.850,0.034996
1000.0,0.850,0.019647
1000.0,0.850,0.043070
1000.0,0.850,-0.000473
1000.0,0.850,0.018310
1000.0,0.850,0.019803
1000.0,0.850,-0.043495
1000.0,0.850,0.035566
1000.0,0.850,-0.005143
1000.0,0.850,0.063523
1000.0,0.850,-0.059552
1000.0,0.850,0.044219
1000.0,0.850,-0.049111
1000.0,0.850,-0.047765
1000.0,0.850,0.000504
1000.0,0.850,-0.022792
1000.0,0.850,-0.031802
1000.0,0.850,0.021849
1000.0,0.850,0.038576
1000.0,0.850,0.028426
1000.0,0.850,-0.012925
1000.0,0.850,0.018044
1000.0,0.850,-0.008913
1000.0,0.850,0.023434
1000.0,0.850,0.030239
1000.0,0.850,-0.035485
1000.0,0.850,-0.020605
1000.0,0.850,-0.008858
1000.0,0.850,0.014500
1000.0,0.850,-0.036105
1000.0,0.850,-0.056918
1000.0,0.850,0.018328
1000.0,0.850,0.027576
1000.0,0.850,-0.036156
1000.0,0.850,0.011104
1000.0,0.850,0.088547
1000.0,0.850,-0.048402
1000.0,0.850,0.052103
1000.0,0.850,0.012812
1000.0,0.850,0.008305
1000.0,0.850,-0.006092
1000.0,0.850,-0.001655
1000.0,0.850,-0.029751
1000.0,0.850,0.069767
1000.0,0.850,-0.054124
1000.0,0.850,0.090605
1000.0,0.850,-0.007739
1000.0,0.850,0.031854
1000.0,0.850,0.018005
1000.0,0.850,0.030078
1000.0,0.850,-0.053743
1000.0,0.850,-0.081214
1000.0,0.850,-0.010015
1000.0,0.850,-0.004331
1000.0,0.850,0.040424
1000.0,0.850,0.024977
1000.0,0.850,-0.047107
1000.0,0.850,-0.028264
1000.0,0.850,0.052714
1000.0,0.850,-0.006023
1000.0,0.850,-0.037606
1000.0,0.850,0.002138
1000.0,0.850,-0.043211
1000.0,0.850,-0.005543
1000.0,0.850,-0.021614
1000.0,0.850,-0.027548
1000.0,0.850,-0.017711
1000.0,0.850,-0.047291
1000.0,0.850,-0.034167
1000.0,0.850,-0.009753
1000.0,0.850,-0.070213
1000.0,0.850,0.022572
1000.0,0.850,0.018637
1000.0,0.850,0.036737
1000.0,0.850,-0.073843
1000.0,0.850,-0.056702
1000.0,0.850,0.054120
1000.0,0.850,0.013737
1000.0,0.850,0.000232
1000.0,0.850,0.090169
1000.0,0.850,-0.055619
1000.0,0.903,0.053675
1000.0,0.903,-0.136186
1000.0,0.903,-0.014243
1000.0,0.903,0.011326
1000.0,0.903,-0.057278
1000.0,0.903,0.009957
1000.0,0.903,0.078136
1000.0,0.903,-0.038255
1000.0,0.903,0.011308
1000.0,0.903,-0.051366
1000.0,0.903,0.014205
1000.0,0.903,0.006500
1000.0,0.903,0.035414
1000.0,0.903,-0.022862
1000.0,0.903,-0.012299
1000.0,0.903,-0.015487
1000.0,0.903,-0.012396
1000.0,0.903,-0.044462
1000.0,0.903,-0.103055
1000.0,0.903,0.005572
1000.0,0.903,-0.002114
1000.0,0.903,0.056365
1000.0,0.903,0.024280
1000.0,0.903,0.057983
1000.0,0.903,0.001966
1000.0,0.903,-0.033031
1000.0,0.903,0.071598
1000.0,0.903,0.011881
1000.0,0.903,0.087482
1000.0,0.903,-0.084760
1000.0,0.903,0.075842
1000.0,0.903,-0.009712
1000.0,0.903,-0.056598
1000.0,0.903,-0.014114
1000.0,0.903,-0.032551
1000.0,0.903,-0.065491
1000.0,0.903,0.027629
1000.0,0.903,0.016258
1000.0,0.903,-0.010378
1000.0,0.903,0.012457
1000.0,0.903,0.012525
1000.0,0.903,-0.081311
1000.0,0.903,0.000294
1000.0,0.903,0.048642
1000.0,0.903,-0.080345
1000.0,0.903,0.018364
1000.0,0.903,0.009493
1000.0,0.903,-0.018013
1000.0,0.903,0.005463
1000.0,0.903,-0.009839
1000.0,0.903,0.078586
1000.0,0.903,0.015645
1000.0,0.903,-0.019684
1000.0,0.903,0.061733
1000.0,0.903,0.086048
1000.0,0.903,-0.041958
1000.0,0.903,-0.016688
1000.0,0.903,0.040846
1000.0,0.903,-0.018574
1000.0,0.903,-0.005943
1000.0,0.903,-0.060582
1000.0,0.903,-0.018840
1000.0,0.903,0.041433
1000.0,0.903,-0.059760
1000.0,0.903,0.085089
1000.0,0.903,0.028531
1000.0,0.903,-0.031601
1000.0,0.903,-0.022825
1000.0,0.903,0.056472
1000.0,0.903,0.003177
1000.0,0.903,-0.082742
1000.0,0.903,0.006356
1000.0,0.903,-0.020309
1000.0,0.903,-0.000916
1000.0,0.903,0.048331
1000.0,0.903,-0.013960
1000.0,0.903,-0.050678
1000.0,0.903,0.114005
1000.0,0.903,-0.064314
1000.0,0.903,-0.007908
1000.0,0.903,-0.005195
1000.0,0.903,-0.009632
1000.0,0.903,0.026604
1000.0,0.903,-0.020951
1000.0,0.903,0.000199
1000.0,0.903,-0.055894
1000.0,0.903,-0.042060
1000.0,0.903,-0.006282
1000.0,0.903,-0.003415
1000.0,0.903,-0.098287
1000.0,0.903,-0.003593
1000.0,0.903,0.029921
1000.0,0.903,0.026055
1000.0,0.903,-0.106193
1000.0,0.903,-0.026077
1000.0,0.903,0.104582
1000.0,0.903,-0.002906
1000.0,0.903,-0.029227
1000.0,0.903,0.101702
1000.0,0.903,-0.119816
1000.0,0.950,0.058114
1000.0,0.950,-0.135257
1000.0,0.950,-0.015326
1000.0,0.950,-0.000945
1000.0,0.950,-0.099987
1000.0,0.950,-0.021152
1000.0,0.950,0.069323
1000.0,0.950,-0.013824
1000.0,0.950,-0.007863
1000.0,0.950,-0.070362
1000.0,0.950,0.061914
1000.0,0.950,0.006135
1000.0,0.950,0.035504
1000.0,0.950,0.018813
1000.0,0.950,0.009190
1000.0,0.950,0.041581
1000.0,0.950,0.034662
1000.0,0.950,-0.019922
1000.0,0.950,-0.090540
1000.0,0.950,0.013816
1000.0,0.950,-0.035656
1000.0,0.950,0.036941
1000.0,0.950,-0.011719
1000.0,0.950,0.026834
1000.0,0.950,-0.060936
1000.0,0.950,-0.014049
1000.0,0.950,0.085863
1000.0,0.950,0.009197
1000.0,0.950,0.082974
1000.0,0.950,-0.146077
1000.0,0.950,0.100991
1000.0,0.950,-0.037377
1000.0,0.950,-0.033267
1000.0,0.950,0.031632
1000.0,0.950,-0.020094
1000.0,0.950,-0.090359
1000.0,0.950,0.000714
1000.0,0.950,0.041707
1000.0,0.950,0.014729
1000.0,0.950,0.078292
1000.0,0.950,0.008654
1000.0,0.950,-0.113965
1000.0,0.950,0.067589
1000.0,0.950,0.002908
1000.0,0.950,-0.058660
1000.0,0.950,-0.014517
1000.0,0.950,0.014652
1000.0,0.950,-0.048582
1000.0,0.950,-0.006032
1000.0,0.950,-0.063861
1000.0,0.950,0.113654
1000.0,0.950,0.124675
1000.0,0.950,-0.014528
1000.0,0.950,0.037643
1000.0,0.950,0.068324
1000.0,0.950,-0.038106
1000.0,0.950,-0.017880
1000.0,0.950,0.036179
1000.0,0.950,0.006334
1000.0,0.950,-0.081731
1000.0,0.950,-0.079747
1000.0,0.950,-0.033637
1000.0,0.950,0.042164
1000.0,0.950,-0.054245
1000.0,0.950,0.072702
1000.0,0.950,0.030984
1000.0,0.950,-0.081796
1000.0,0.950,-0.048157
1000.0,0.950,0.083114
1000.0,0.950,-0.013023
1000.0,0.950,-0.072149
1000.0,0.950,0.013560
1000.0,0.950,-0.025934
1000.0,0.950,-0.011494
1000.0,0.950,0.081716
1000.0,0.950,-0.001078
1000.0,0.950,-0.030471
1000.0,0.950,0.132960
1000.0,0.950,-0.037625
1000.0,0.950,0.033603
1000.0,0.950,0.009907
1000.0,0.950,0.031315
1000.0,0.950,0.068229
1000.0,0.950,0.032709
1000.0,0.950,0.003758
1000.0,0.950,-0.108724
1000.0,0.950,-0.062134
1000.0,0.950,-0.003916
1000.0,0.950,0.059320
1000.0,0.950,-0.100713
1000.0,0.950,-0.016004
1000.0,0.950,0.035436
1000.0,0.950,0.035302
1000.0,0.950,-0.139767
1000.0,0.950,0.017422
1000.0,0.950,0.051354
1000.0,0.950,0.004933
1000.0,0.950,-0.053626
1000.0,0.950,0.143742
1000.0,0.950,-0.168983
1000.0,0.850,0.054124
1000.0,0.850,0.037229
1000.0,0.850,-0.032119
1000.0,0.850,0.083589
1000.0,0.850,-0.033904
1000.0,0.850,-0.043768
1000.0,0.850,0.018172
1000.0,0.850,0.025516
1000.0,0.850,0.040221
1000.0,0.850,0.037120
1000.0,0.850,0.014130
1000.0,0.850,0.030173
1000.0,0.850,0.065796
1000.0,0.850,0.052019
1000.0,0.850,0.018193
1000.0,0.850,0.066968
1000.0,0.850,0.040512
1000.0,0.850,0.025799
1000.0,0.850,0.044284
1000.0,0.850,0.051788
1000.0,0.850,0.018482
1000.0,0.850,0.061290
1000.0,0.850,0.046765
1000.0,0.850,-0.006002
1000.0,0.850,-0.008918
1000.0,0.850,0.009951
1000.0,0.850,-0.004341
1000.0,0.850,0.034469
1000.0,0.850,-0.004972
1000.0,0.850,-0.005980
1000.0,0.850,0.100735
1000.0,0.850,0.032205
1000.0,0.850,-0.020939
1000.0,0.850,0.072477
1000.0,0.850,0.049342
1000.0,0.850,0.019628
1000.0,0.850,-0.012457
1000.0,0.850,0.097703
1000.0,0.850,0.057915
1000.0,0.850,-0.019151
1000.0,0.850,-0.041604
1000.0,0.850,0.033961
1000.0,0.850,-0.030227
1000.0,0.850,0.007580
1000.0,0.850,0.012863
1000.0,0.850,-0.031000
1000.0,0.850,0.040596
1000.0,0.850,-0.025332
1000.0,0.850,0.026732
1000.0,0.850,0.142235
1000.0,0.850,0.045444
1000.0,0.850,0.024067
1000.0,0.850,0.010082
1000.0,0.850,0.060193
1000.0,0.850,0.082795
1000.0,0.850,0.071190
1000.0,0.850,-0.007678
1000.0,0.850,0.043691
1000.0,0.850,-0.056533
1000.0,0.850,-0.026378
1000.0,0.850,0.075279
1000.0,0.850,0.043404
1000.0,0.850,0.024644
1000.0,0.850,0.054571
1000.0,0.850,0.001489
1000.0,0.850,0.067031
1000.0,0.850,0.004646
1000.0,0.850,0.035173
1000.0,0.850,-0.020719
1000.0,0.850,0.010930
1000.0,0.850,0.014010
1000.0,0.850,0.032315
1000.0,0.850,-0.032550
1000.0,0.850,0.063281
1000.0,0.850,-0.045541
1000.0,0.850,0.018464
1000.0,0.850,0.002818
1000.0,0.850,0.026230
1000.0,0.850,-0.000457
1000.0,0.850,0.034382
1000.0,0.850,-0.007400
1000.0,0.850,0.063819
1000.0,0.850,0.070073
1000.0,0.850,0.015083
1000.0,0.850,-0.032874
1000.0,0.850,0.031316
1000.0,0.850,-0.004297
1000.0,0.850,0.061421
1000.0,0.850,0.045911
1000.0,0.850,0.026748
1000.0,0.850,0.039564
1000.0,0.850,0.132465
1000.0,0.850,-0.014655
1000.0,0.850,0.056875
1000.0,0.850,0.037273
1000.0,0.850,0.006403
1000.0,0.850,0.052040
1000.0,0.850,0.027948
1000.0,0.850,-0.008566
1000.0,0.850,-0.012174
1000.0,0.903,0.076194
1000.0,0.903,-0.009407
1000.0,0.903,-0.011062
1000.0,0.903,0.069278
1000.0,0.903,-0.103495
1000.0,0.903,-0.095915
1000.0,0.903,0.010052
1000.0,0.903,0.051679
1000.0,0.903,0.017178
1000.0,0.903,0.088134
1000.0,0.903,-0.066281
1000.0,0.903,-0.004520
1000.0,0.903,0.030754
1000.0,0.903,0.055984
1000.0,0.903,0.054608
1000.0,0.903,0.059292
1000.0,0.903,0.071322
1000.0,0.903,0.003727
1000.0,0.903,-0.026076
1000.0,0.903,0.041180
1000.0,0.903,-0.055389
1000.0,0.903,0.063308
1000.0,0.903,0.055877
1000.0,0.903,-0.043572
1000.0,0.903,-0.026666
1000.0,0.903,0.034052
1000.0,0.903,0.000939
1000.0,0.903,0.021334
1000.0,0.903,0.009929
1000.0,0.903,0.055172
1000.0,0.903,0.035884
1000.0,0.903,0.044836
1000.0,0.903,-0.022621
1000.0,0.903,0.097039
1000.0,0.903,0.038355
1000.0,0.903,0.001649
1000.0,0.903,-0.003020
1000.0,0.903,0.116359
1000.0,0.903,0.079887
1000.0,0.903,-0.016511
1000.0,0.903,-0.018945
1000.0,0.903,0.029621
1000.0,0.903,-0.023083
1000.0,0.903,-0.006120
1000.0,0.903,0.049399
1000.0,0.903,-0.020465
1000.0,0.903,0.043691
1000.0,0.903,0.018100
1000.0,0.903,0.012161
1000.0,0.903,0.121037
1000.0,0.903,0.041964
1000.0,0.903,0.029888
1000.0,0.903,0.049270
1000.0,0.903,0.031403
1000.0,0.903,0.014646
1000.0,0.903,0.047439
1000.0,0.903,-0.035091
1000.0,0.903,0.059240
1000.0,0.903,-0.011241
1000.0,0.903,-0.034519
1000.0,0.903,0.017324
1000.0,0.903,0.071813
1000.0,0.903,0.036721
1000.0,0.903,-0.017287
1000.0,0.903,0.013873
1000.0,0.903,0.108159
1000.0,0.903,-0.059657
1000.0,0.903,0.056466
1000.0,0.903,-0.064753
1000.0,0.903,0.003076
1000.0,0.903,0.047880
1000.0,0.903,0.002125
1000.0,0.903,0.028265
1000.0,0.903,0.018677
1000.0,0.903,-0.049502
1000.0,0.903,0.050812
1000.0,0.903,-0.018118
1000.0,0.903,0.013985
1000.0,0.903,-0.023286
1000.0,0.903,-0.008184
1000.0,0.903,0.012284
1000.0,0.903,0.035573
1000.0,0.903,0.085970
1000.0,0.903,0.103998
1000.0,0.903,-0.094690
1000.0,0.903,0.064563
1000.0,0.903,-0.008975
1000.0,0.903,0.017961
1000.0,0.903,0.000704
1000.0,0.903,-0.005246
1000.0,0.903,0.031794
1000.0,0.903,0.078718
1000.0,0.903,0.000447
1000.0,0.903,0.002510
1000.0,0.903,0.093387
1000.0,0.903,-0.005968
1000.0,0.903,0.031034
1000.0,0.903,0.030341
1000.0,0.903,0.031998
1000.0,0.903,-0.014773
1000.0,0.950,0.081677
1000.0,0.950,0.002220
1000.0,0.950,0.007166
1000.0,0.950,0.113948
1000.0,0.950,-0.100807
1000.0,0.950,-0.065792
1000.0,0.950,0.011811
1000.0,0.950,0.079230
1000.0,0.950,0.013702
1000.0,0.950,0.096048
1000.0,0.950,-0.071963
1000.0,0.950,0.022189
1000.0,0.950,0.027277
1000.0,0.950,0.087036
1000.0,0.950,0.088087
1000.0,0.950,0.048321
1000.0,0.950,0.032058
1000.0,0.950,-0.001044
1000.0,0.950,-0.087230
1000.0,0.950,-0.009048
1000.0,0.950,0.009513
1000.0,0.950,0.072685
1000.0,0.950,0.147314
1000.0,0.950,-0.036073
1000.0,0.950,-0.004966
1000.0,0.950,0.038470
1000.0,0.950,-0.011730
1000.0,0.950,0.002320
1000.0,0.950,-0.010777
1000.0,0.950,0.059459
1000.0,0.950,0.081881
1000.0,0.950,0.053637
1000.0,0.950,-0.050458
1000.0,0.950,0.114002
1000.0,0.950,0.025751
1000.0,0.950,-0.012708
1000.0,0.950,-0.037571
1000.0,0.950,0.146866
1000.0,0.950,0.077715
1000.0,0.950,0.033387
1000.0,0.950,0.023573
1000.0,0.950,0.088503
1000.0,0.950,-0.016507
1000.0,0.950,0.013332
1000.0,0.950,0.124270
1000.0,0.950,0.003962
1000.0,0.950,0.024729
1000.0,0.950,0.017466
1000.0,0.950,-0.037698
1000.0,0.950,0.095528
1000.0,0.950,0.098018
1000.0,0.950,0.037010
1000.0,0.950,0.030848
1000.0,0.950,0.072509
1000.0,0.950,0.028978
1000.0,0.950,-0.004095
1000.0,0.950,0.075497
1000.0,0.950,0.050609
1000.0,0.950,0.004915
1000.0,0.950,-0.029759
1000.0,0.950,-0.016606
1000.0,0.950,0.077519
1000.0,0.950,0.004164
1000.0,0.950,-0.002640
1000.0,0.950,-0.053257
1000.0,0.950,0.100271
1000.0,0.950,-0.003892
1000.0,0.950,0.055383
1000.0,0.950,-0.092045
1000.0,0.950,0.049797
1000.0,0.950,0.072487
1000.0,0.950,0.029415
1000.0,0.950,0.027910
1000.0,0.950,0.004215
1000.0,0.950,-0.071331
1000.0,0.950,0.071224
1000.0,0.950,0.015787
1000.0,0.950,-0.000895
1000.0,0.950,0.026818
1000.0,0.950,0.070068
1000.0,0.950,0.071747
1000.0,0.950,-0.013025
1000.0,0.950,0.074537
1000.0,0.950,0.115468
1000.0,0.950,-0.073252
1000.0,0.950,0.075608
1000.0,0.950,-0.007846
1000.0,0.950,0.007211
1000.0,0.950,0.003492
1000.0,0.950,0.053661
1000.0,0.950,0.015930
1000.0,0.950,-0.005060
1000.0,0.950,0.025574
1000.0,0.950,0.011387
1000.0,0.950,0.062706
1000.0,0.950,0.039380
1000.0,0.950,0.057780
1000.0,0.950,0.025707
1000.0,0.950,0.085862
1000.0,0.950,-0.081954
1000.0,0.850,-0.021108
1000.0,0.850,-0.035378
1000.0,0.850,0.001091
1000.0,0.850,0.077694
1000.0,0.850,0.041418
1000.0,0.850,-0.025678
1000.0,0.850,-0.012495
1000.0,0.850,-0.004499
1000.0,0.850,-0.107820
1000.0,0.850,-0.026994
1000.0,0.850,0.053230
1000.0,0.850,-0.002384
1000.0,0.850,-0.010658
1000.0,0.850,0.024044
1000.0,0.850,-0.012050
1000.0,0.850,0.031160
1000.0,0.850,0.035751
1000.0,0.850,0.050660
1000.0,0.850,0.028978
1000.0,0.850,-0.026746
1000.0,0.850,-0.010081
1000.0,0.850,0.009905
1000.0,0.850,0.017367
1000.0,0.850,-0.012421
1000.0,0.850,0.011679
1000.0,0.850,0.029830
1000.0,0.850,-0.048816
1000.0,0.850,-0.030289
1000.0,0.850,0.088718
1000.0,0.850,0.023540
1000.0,0.850,0.019716
1000.0,0.850,-0.055027
1000.0,0.850,-0.000055
1000.0,0.850,-0.032514
1000.0,0.850,0.035119
1000.0,0.850,0.039971
1000.0,0.850,-0.043030
1000.0,0.850,-0.044006
1000.0,0.850,-0.024013
1000.0,0.850,-0.062586
1000.0,0.850,-0.026187
1000.0,0.850,0.068692
1000.0,0.850,-0.008497
1000.0,0.850,-0.019309
1000.0,0.850,0.008140
1000.0,0.850,-0.060386
1000.0,0.850,0.015722
1000.0,0.850,-0.087228
1000.0,0.850,0.012574
1000.0,0.850,0.070838
1000.0,0.850,-0.064536
1000.0,0.850,0.062378
1000.0,0.850,-0.004749
1000.0,0.850,-0.008909
1000.0,0.850,-0.062535
1000.0,0.850,0.012808
1000.0,0.850,-0.064696
1000.0,0.850,0.034321
1000.0,0.850,0.012394
1000.0,0.850,0.031576
1000.0,0.850,-0.020867
1000.0,0.850,0.011383
1000.0,0.850,-0.023055
1000.0,0.850,-0.029546
1000.0,0.850,0.079540
1000.0,0.850,0.031397
1000.0,0.850,-0.011506
1000.0,0.850,-0.046740
1000.0,0.850,0.015757
1000.0,0.850,0.013417
1000.0,0.850,0.000745
1000.0,0.850,-0.006878
1000.0,0.850,0.021127
1000.0,0.850,0.004827
1000.0,0.850,0.056338
1000.0,0.850,0.003130
1000.0,0.850,-0.014762
1000.0,0.850,0.025028
1000.0,0.850,-0.002870
1000.0,0.850,0.012547
1000.0,0.850,0.018003
1000.0,0.850,-0.023108
1000.0,0.850,0.007159
1000.0,0.850,0.028363
1000.0,0.850,0.078478
1000.0,0.850,0.010197
1000.0,0.850,-0.037601
1000.0,0.850,-0.016872
1000.0,0.850,0.075534
1000.0,0.850,-0.029456
1000.0,0.850,-0.050059
1000.0,0.850,-0.043232
1000.0,0.850,0.036011
1000.0,0.850,-0.013679
1000.0,0.850,-0.012898
1000.0,0.850,0.041253
1000.0,0.850,-0.044716
1000.0,0.850,-0.045256
1000.0,0.850,-0.055120
1000.0,0.850,0.030215
1000.0,0.903,-0.045877
1000.0,0.903,0.013831
1000.0,0.903,-0.010203
1000.0,0.903,0.056200
1000.0,0.903,0.075469
1000.0,0.903,-0.000276
1000.0,0.903,-0.039782
1000.0,0.903,-0.035171
1000.0,0.903,-0.094843
1000.0,0.903,-0.046673
1000.0,0.903,0.007617
1000.0,0.903,0.006501
1000.0,0.903,0.047316
1000.0,0.903,0.043180
1000.0,0.903,0.009379
1000.0,0.903,0.018305
1000.0,0.903,0.035111
1000.0,0.903,0.050792
1000.0,0.903,0.028593
1000.0,0.903,-0.062000
1000.0,0.903,-0.013041
1000.0,0.903,0.006380
1000.0,0.903,0.032420
1000.0,0.903,0.057010
1000.0,0.903,0.008769
1000.0,0.903,0.057630
1000.0,0.903,-0.036782
1000.0,0.903,0.025612
1000.0,0.903,0.041620
1000.0,0.903,0.030723
1000.0,0.903,-0.018935
1000.0,0.903,-0.065944
1000.0,0.903,-0.067232
1000.0,0.903,-0.089979
1000.0,0.903,-0.029089
1000.0,0.903,0.134012
1000.0,0.903,0.002151
1000.0,0.903,-0.058263
1000.0,0.903,-0.067940
1000.0,0.903,-0.067999
1000.0,0.903,-0.057802
1000.0,0.903,0.075875
1000.0,0.903,-0.007747
1000.0,0.903,0.007000
1000.0,0.903,0.046745
1000.0,0.903,-0.049064
1000.0,0.903,-0.008542
1000.0,0.903,-0.099586
1000.0,0.903,-0.000645
1000.0,0.903,0.063988
1000.0,0.903,-0.048769
1000.0,0.903,0.042510
1000.0,0.903,-0.031171
1000.0,0.903,0.008181
1000.0,0.903,-0.000765
1000.0,0.903,0.016758
1000.0,0.903,-0.000787
1000.0,0.903,0.049292
1000.0,0.903,-0.039685
1000.0,0.903,0.010579
1000.0,0.903,-0.025662
1000.0,0.903,0.025433
1000.0,0.903,-0.031720
1000.0,0.903,-0.061783
1000.0,0.903,0.040677
1000.0,0.903,0.031615
1000.0,0.903,-0.027222
1000.0,0.903,0.020832
1000.0,0.903,0.031175
1000.0,0.903,0.062004
1000.0,0.903,0.032862
1000.0,0.903,-0.004165
1000.0,0.903,-0.009793
1000.0,0.903,-0.027428
1000.0,0.903,0.109849
1000.0,0.903,0.015188
1000.0,0.903,-0.012545
1000.0,0.903,0.024928
1000.0,0.903,-0.012524
1000.0,0.903,0.055360
1000.0,0.903,0.041300
1000.0,0.903,-0.006479
1000.0,0.903,0.034446
1000.0,0.903,-0.006589
1000.0,0.903,0.085693
1000.0,0.903,0.024994
1000.0,0.903,-0.046068
1000.0,0.903,0.028822
1000.0,0.903,0.030524
1000.0,0.903,-0.061645
1000.0,0.903,-0.033955
1000.0,0.903,-0.000237
1000.0,0.903,0.019927
1000.0,0.903,-0.018894
1000.0,0.903,-0.014921
1000.0,0.903,0.018277
1000.0,0.903,-0.016765
1000.0,0.903,-0.052260
1000.0,0.903,-0.043052
1000.0,0.903,0.110363
1000.0,0.950,-0.029979
1000.0,0.950,0.014808
1000.0,0.950,0.081401
1000.0,0.950,0.085850
1000.0,0.950,0.131740
1000.0,0.950,0.077641
1000.0,0.950,0.000742
1000.0,0.950,-0.023322
1000.0,0.950,-0.022524
1000.0,0.950,-0.006261
1000.0,0.950,-0.016295
1000.0,0.950,0.021561
1000.0,0.950,0.003876
1000.0,0.950,0.011929
1000.0,0.950,0.042522
1000.0,0.950,0.016528
1000.0,0.950,0.013013
1000.0,0.950,0.044687
1000.0,0.950,-0.022184
1000.0,0.950,-0.106197
1000.0,0.950,0.021409
1000.0,0.950,0.034672
1000.0,0.950,0.086375
1000.0,0.950,0.062101
1000.0,0.950,0.089059
1000.0,0.950,0.070568
1000.0,0.950,-0.021322
1000.0,0.950,0.019202
1000.0,0.950,0.051684
1000.0,0.950,-0.018950
1000.0,0.950,-0.039688
1000.0,0.950,-0.070321
1000.0,0.950,-0.074105
1000.0,0.950,-0.049469
1000.0,0.950,0.027966
1000.0,0.950,0.061071
1000.0,0.950,-0.019401
1000.0,0.950,-0.065156
1000.0,0.950,-0.060683
1000.0,0.950,-0.010626
1000.0,0.950,-0.084969
1000.0,0.950,0.102104
1000.0,0.950,0.014248
1000.0,0.950,0.036755
1000.0,0.950,0.021651
1000.0,0.950,-0.040587
1000.0,0.950,0.002086
1000.0,0.950,-0.141953
1000.0,0.950,0.047186
1000.0,0.950,0.135920
1000.0,0.950,-0.002931
1000.0,0.950,-0.006970
1000.0,0.950,-0.036699
1000.0,0.950,-0.015328
1000.0,0.950,0.027199
1000.0,0.950,0.072310
1000.0,0.950,0.037498
1000.0,0.950,-0.051597
1000.0,0.950,0.000603
1000.0,0.950,0.026765
1000.0,0.950,-0.001104
1000.0,0.950,0.032249
1000.0,0.950,-0.057681
1000.0,0.950,-0.050188
1000.0,0.950,0.000873
1000.0,0.950,-0.057315
1000.0,0.950,-0.014257
1000.0,0.950,0.002304
1000.0,0.950,0.000142
1000.0,0.950,0.059097
1000.0,0.950,0.001593
1000.0,0.950,-0.065676
1000.0,0.950,-0.080231
1000.0,0.950,-0.043068
1000.0,0.950,0.052156
1000.0,0.950,0.010351
1000.0,0.950,-0.041248
1000.0,0.950,0.041107
1000.0,0.950,0.046705
1000.0,0.950,0.002606
1000.0,0.950,-0.024985
1000.0,0.950,-0.010184
1000.0,0.950,0.063583
1000.0,0.950,0.003378
1000.0,0.950,0.010187
1000.0,0.950,0.046114
1000.0,0.950,-0.030201
1000.0,0.950,0.000061
1000.0,0.950,0.045619
1000.0,0.950,-0.083978
1000.0,0.950,0.003254
1000.0,0.950,-0.036040
1000.0,0.950,-0.004642
1000.0,0.950,-0.016606
1000.0,0.950,-0.028321
1000.0,0.950,0.007730
1000.0,0.950,-0.039664
1000.0,0.950,-0.100182
1000.0,0.950,-0.022328
1000.0,0.950,0.075761
1000.0,0.850,-0.044969
1000.0,0.850,-0.007508
1000.0,0.850,0.017017
1000.0,0.850,0.072113
1000.0,0.850,-0.013192
1000.0,0.850,0.011537
1000.0,0.850,0.030138
1000.0,0.850,0.051707
1000.0,0.850,0.037264
1000.0,0.850,0.000247
1000.0,0.850,-0.032127
1000.0,0.850,-0.029165
1000.0,0.850,-0.028453
1000.0,0.850,0.027512
1000.0,0.850,-0.045418
1000.0,0.850,0.041008
1000.0,0.850,0.066190
1000.0,0.850,-0.004583
1000.0,0.850,0.050246
1000.0,0.850,0.049044
1000.0,0.850,-0.065644
1000.0,0.850,-0.005464
1000.0,0.850,0.077145
1000.0,0.850,0.006523
1000.0,0.850,-0.045490
1000.0,0.850,0.025901
1000.0,0.850,0.105363
1000.0,0.850,-0.042722
1000.0,0.850,0.045420
1000.0,0.850,0.083300
1000.0,0.850,0.102305
1000.0,0.850,0.013180
1000.0,0.850,0.056544
1000.0,0.850,0.018436
1000.0,0.850,-0.133709
1000.0,0.850,0.062286
1000.0,0.850,-0.005932
1000.0,0.850,0.014340
1000.0,0.850,-0.001176
1000.0,0.850,-0.024709
1000.0,0.850,-0.010740
1000.0,0.850,-0.026177
1000.0,0.850,0.036557
1000.0,0.850,0.016651
1000.0,0.850,-0.002581
1000.0,0.850,-0.006854
1000.0,0.850,-0.024707
1000.0,0.850,-0.032072
1000.0,0.850,0.020193
1000.0,0.850,-0.005485
1000.0,0.850,0.020542
1000.0,0.850,-0.049444
1000.0,0.850,-0.054412
1000.0,0.850,-0.020828
1000.0,0.850,0.080599
1000.0,0.850,-0.011575
1000.0,0.850,-0.025748
1000.0,0.850,-0.001655
1000.0,0.850,-0.041055
1000.0,0.850,-0.005046
1000.0,0.850,0.022340
1000.0,0.850,-0.002590
1000.0,0.850,-0.027225
1000.0,0.850,0.076561
1000.0,0.850,-0.018639
1000.0,0.850,-0.027785
1000.0,0.850,-0.022151
1000.0,0.850,0.037691
1000.0,0.850,0.051101
1000.0,0.850,-0.043420
1000.0,0.850,0.034281
1000.0,0.850,-0.011546
1000.0,0.850,0.012289
1000.0,0.850,-0.060411
1000.0,0.850,0.018380
1000.0,0.850,-0.030518
1000.0,0.850,0.068086
1000.0,0.850,-0.080839
1000.0,0.850,-0.055080
1000.0,0.850,-0.041308
1000.0,0.850,-0.043838
1000.0,0.850,-0.031885
1000.0,0.850,-0.072470
1000.0,0.850,0.077335
1000.0,0.850,-0.013336
1000.0,0.850,-0.037398
1000.0,0.850,-0.052513
1000.0,0.850,-0.047276
1000.0,0.850,-0.056215
1000.0,0.850,-0.042619
1000.0,0.850,0.027946
1000.0,0.850,-0.073004
1000.0,0.850,-0.007317
1000.0,0.850,0.036097
1000.0,0.850,0.000029
1000.0,0.850,-0.059045
1000.0,0.850,0.051524
1000.0,0.850,-0.054317
1000.0,0.850,0.031680
1000.0,0.850,-0.034020
1000.0,0.903,-0.045088
1000.0,0.903,-0.034421
1000.0,0.903,-0.004161
1000.0,0.903,0.093638
1000.0,0.903,0.002526
1000.0,0.903,0.052538
1000.0,0.903,0.040361
1000.0,0.903,0.098717
1000.0,0.903,0.052753
1000.0,0.903,-0.049479
1000.0,0.903,-0.033012
1000.0,0.903,-0.013290
1000.0,0.903,-0.002970
1000.0,0.903,0.012912
1000.0,0.903,-0.023372
1000.0,0.903,0.029636
1000.0,0.903,0.004557
1000.0,0.903,0.001563
1000.0,0.903,0.067061
1000.0,0.903,-0.020659
1000.0,0.903,-0.096656
1000.0,0.903,-0.034655
1000.0,0.903,0.049235
1000.0,0.903,-0.018064
1000.0,0.903,-0.010208
1000.0,0.903,0.007024
1000.0,0.903,0.137231
1000.0,0.903,-0.014510
1000.0,0.903,0.015968
1000.0,0.903,0.100227
1000.0,0.903,0.085048
1000.0,0.903,-0.015610
1000.0,0.903,0.049084
1000.0,0.903,-0.021097
1000.0,0.903,-0.109412
1000.0,0.903,0.037755
1000.0,0.903,-0.011953
1000.0,0.903,-0.059011
1000.0,0.903,-0.088529
1000.0,0.903,-0.070623
1000.0,0.903,0.014180
1000.0,0.903,-0.040133
1000.0,0.903,0.030635
1000.0,0.903,0.043817
1000.0,0.903,-0.016802
1000.0,0.903,-0.035433
1000.0,0.903,0.013928
1000.0,0.903,-0.069226
1000.0,0.903,0.042302
1000.0,0.903,-0.013589
1000.0,0.903,0.022065
1000.0,0.903,-0.001785
1000.0,0.903,-0.101082
1000.0,0.903,-0.091263
1000.0,0.903,0.081953
1000.0,0.903,0.038964
1000.0,0.903,-0.030227
1000.0,0.903,0.042732
1000.0,0.903,0.009800
1000.0,0.903,0.014260
1000.0,0.903,0.039086
1000.0,0.903,0.057977
1000.0,0.903,-0.019615
1000.0,0.903,0.013865
1000.0,0.903,-0.021379
1000.0,0.903,-0.027097
1000.0,0.903,-0.032163
1000.0,0.903,0.048891
1000.0,0.903,0.055705
1000.0,0.903,-0.049814
1000.0,0.903,0.049008
1000.0,0.903,-0.013443
1000.0,0.903,-0.005856
1000.0,0.903,0.021547
1000.0,0.903,-0.023022
1000.0,0.903,0.023131
1000.0,0.903,0.087221
1000.0,0.903,-0.040887
1000.0,0.903,-0.032537
1000.0,0.903,-0.065745
1000.0,0.903,-0.067332
1000.0,0.903,0.062256
1000.0,0.903,-0.024365
1000.0,0.903,0.053864
1000.0,0.903,-0.013632
1000.0,0.903,-0.037129
1000.0,0.903,-0.113053
1000.0,0.903,-0.070086
1000.0,0.903,-0.086208
1000.0,0.903,-0.094143
1000.0,0.903,0.053950
1000.0,0.903,-0.092632
1000.0,0.903,-0.057942
1000.0,0.903,0.029407
1000.0,0.903,-0.008177
1000.0,0.903,-0.085763
1000.0,0.903,0.078347
1000.0,0.903,-0.056585
1000.0,0.903,0.000932
1000.0,0.903,-0.046799
1000.0,0.950,-0.043312
1000.0,0.950,-0.060200
1000.0,0.950,-0.005646
1000.0,0.950,0.110487
1000.0,0.950,0.009650
1000.0,0.950,0.026393
1000.0,0.950,0.069285
1000.0,0.950,0.112435
1000.0,0.950,0.007866
1000.0,0.950,-0.075538
1000.0,0.950,-0.007565
1000.0,0.950,-0.022896
1000.0,0.950,-0.014933
1000.0,0.950,0.002866
1000.0,0.950,-0.034501
1000.0,0.950,0.048863
1000.0,0.950,0.011503
1000.0,0.950,-0.013687
1000.0,0.950,0.062317
1000.0,0.950,-0.082013
1000.0,0.950,-0.124049
1000.0,0.950,-0.049903
1000.0,0.950,0.026711
1000.0,0.950,-0.062504
1000.0,0.950,-0.029020
1000.0,0.950,-0.006066
1000.0,0.950,0.237932
1000.0,0.950,-0.034581
1000.0,0.950,0.041045
1000.0,0.950,0.105334
1000.0,0.950,0.062627
1000.0,0.950,-0.046024
1000.0,0.950,0.067910
1000.0,0.950,-0.027330
1000.0,0.950,-0.124389
1000.0,0.950,0.090102
1000.0,0.950,-0.037178
1000.0,0.950,-0.048155
1000.0,0.950,-0.125847
1000.0,0.950,-0.103945
1000.0,0.950,-0.016169
1000.0,0.950,-0.006809
1000.0,0.950,0.073502
1000.0,0.950,0.061041
1000.0,0.950,-0.056030
1000.0,0.950,-0.008174
1000.0,0.950,-0.042499
1000.0,0.950,-0.001221
1000.0,0.950,0.022167
1000.0,0.950,0.006763
1000.0,0.950,0.002396
1000.0,0.950,-0.020360
1000.0,0.950,-0.155081
1000.0,0.950,-0.047044
1000.0,0.950,0.090551
1000.0,0.950,0.026324
1000.0,0.950,-0.035235
1000.0,0.950,0.012723
1000.0,0.950,0.073717
1000.0,0.950,0.051080
1000.0,0.950,0.026759
1000.0,0.950,0.013935
1000.0,0.950,-0.018737
1000.0,0.950,0.042991
1000.0,0.950,-0.018783
1000.0,0.950,-0.046758
1000.0,0.950,-0.023752
1000.0,0.950,0.055237
1000.0,0.950,0.069749
1000.0,0.950,-0.039337
1000.0,0.950,0.033816
1000.0,0.950,-0.075237
1000.0,0.950,-0.026604
1000.0,0.950,-0.005535
1000.0,0.950,-0.020750
1000.0,0.950,0.024054
1000.0,0.950,0.162091
1000.0,0.950,-0.040274
1000.0,0.950,-0.011529
1000.0,0.950,-0.004916
1000.0,0.950,-0.089304
1000.0,0.950,0.013536
1000.0,0.950,-0.021899
1000.0,0.950,0.084847
1000.0,0.950,0.026748
1000.0,0.950,-0.079494
1000.0,0.950,-0.110291
1000.0,0.950,-0.110416
1000.0,0.950,-0.090284
1000.0,0.950,-0.023238
1000.0,0.950,0.006926
1000.0,0.950,-0.051243
1000.0,0.950,-0.044786
1000.0,0.950,-0.002996
1000.0,0.950,0.003182
1000.0,0.950,-0.112177
1000.0,0.950,0.055357
1000.0,0.950,-0.048516
1000.0,0.950,-0.046870
1000.0,0.950,-0.030656
1000.0,0.850,0.123020
1000.0,0.850,0.028797
1000.0,0.850,0.040873
1000.0,0.850,0.054299
1000.0,0.850,-0.042332
1000.0,0.850,-0.019267
1000.0,0.850,0.030288
1000.0,0.850,-0.001025
1000.0,0.850,0.003050
1000.0,0.850,-0.016718
1000.0,0.850,0.018116
1000.0,0.850,0.015136
1000.0,0.850,0.020667
1000.0,0.850,0.003372
1000.0,0.850,-0.038566
1000.0,0.850,0.002488
1000.0,0.850,-0.000478
1000.0,0.850,0.042277
1000.0,0.850,0.051840
1000.0,0.850,-0.016712
1000.0,0.850,0.032923
1000.0,0.850,0.018947
1000.0,0.850,0.016554
1000.0,0.850,0.053409
1000.0,0.850,0.043538
1000.0,0.850,0.037866
1000.0,0.850,0.000321
1000.0,0.850,0.092133
1000.0,0.850,0.023242
1000.0,0.850,0.080236
1000.0,0.850,0.096499
1000.0,0.850,0.069525
1000.0,0.850,0.024099
1000.0,0.850,0.067038
1000.0,0.850,-0.001894
1000.0,0.850,0.040124
1000.0,0.850,0.067998
1000.0,0.850,0.056310
1000.0,0.850,0.084257
1000.0,0.850,-0.009514
1000.0,0.850,0.033021
1000.0,0.850,-0.007177
1000.0,0.850,0.069508
1000.0,0.850,0.083214
1000.0,0.850,0.094684
1000.0,0.850,0.014978
1000.0,0.850,-0.000346
1000.0,0.850,0.046186
1000.0,0.850,0.057459
1000.0,0.850,-0.083928
1000.0,0.850,0.106486
1000.0,0.850,0.019454
1000.0,0.850,0.009295
1000.0,0.850,-0.044043
1000.0,0.850,0.037855
1000.0,0.850,0.077151
1000.0,0.850,0.037410
1000.0,0.850,-0.019868
1000.0,0.850,-0.013594
1000.0,0.850,0.067232
1000.0,0.850,0.066054
1000.0,0.850,0.013012
1000.0,0.850,-0.013658
1000.0,0.850,-0.036380
1000.0,0.850,0.013848
1000.0,0.850,0.006107
1000.0,0.850,0.089204
1000.0,0.850,0.001808
1000.0,0.850,0.064249
1000.0,0.850,0.003489
1000.0,0.850,0.001158
1000.0,0.850,0.072934
1000.0,0.850,0.063377
1000.0,0.850,0.030323
1000.0,0.850,-0.022093
1000.0,0.850,0.056038
1000.0,0.850,0.051864
1000.0,0.850,0.024456
1000.0,0.850,0.031777
1000.0,0.850,0.054570
1000.0,0.850,-0.044468
1000.0,0.850,-0.016082
1000.0,0.850,0.026875
1000.0,0.850,0.072368
1000.0,0.850,0.046353
1000.0,0.850,0.105168
1000.0,0.850,0.014149
1000.0,0.850,0.039427
1000.0,0.850,0.021401
1000.0,0.850,0.021717
1000.0,0.850,0.077148
1000.0,0.850,-0.058851
1000.0,0.850,0.040091
1000.0,0.850,0.063541
1000.0,0.850,-0.025003
1000.0,0.850,0.018368
1000.0,0.850,0.119939
1000.0,0.850,0.066887
1000.0,0.850,0.000075
1000.0,0.850,0.049351
1000.0,0.903,0.132049
1000.0,0.903,0.031553
1000.0,0.903,0.062714
1000.0,0.903,0.082006
1000.0,0.903,-0.045893
1000.0,0.903,-0.028061
1000.0,0.903,0.072584
1000.0,0.903,-0.010299
1000.0,0.903,-0.041714
1000.0,0.903,-0.029097
1000.0,0.903,0.006603
1000.0,0.903,0.016946
1000.0,0.903,0.041444
1000.0,0.903,-0.007116
1000.0,0.903,-0.015511
1000.0,0.903,0.031145
1000.0,0.903,0.096165
1000.0,0.903,0.046687
1000.0,0.903,0.053506
1000.0,0.903,0.012692
1000.0,0.903,0.063777
1000.0,0.903,0.052815
1000.0,0.903,0.087119
1000.0,0.903,0.012803
1000.0,0.903,0.051128
1000.0,0.903,0.071355
1000.0,0.903,0.021945
1000.0,0.903,0.061577
1000.0,0.903,0.005468
1000.0,0.903,0.083977
1000.0,0.903,0.058418
1000.0,0.903,0.095019
1000.0,0.903,0.024954
1000.0,0.903,0.122825
1000.0,0.903,0.046112
1000.0,0.903,0.049960
1000.0,0.903,0.058084
1000.0,0.903,0.078340
1000.0,0.903,0.142720
1000.0,0.903,-0.017714
1000.0,0.903,0.007379
1000.0,0.903,0.014814
1000.0,0.903,0.135460
1000.0,0.903,0.070978
1000.0,0.903,0.079416
1000.0,0.903,0.037031
1000.0,0.903,0.085366
1000.0,0.903,0.012651
1000.0,0.903,0.093807
1000.0,0.903,-0.111714
1000.0,0.903,0.062288
1000.0,0.903,0.048687
1000.0,0.903,0.010550
1000.0,0.903,-0.050135
1000.0,0.903,0.057190
1000.0,0.903,0.066371
1000.0,0.903,0.066579
1000.0,0.903,-0.030269
1000.0,0.903,-0.017019
1000.0,0.903,0.050541
1000.0,0.903,0.056024
1000.0,0.903,0.071135
1000.0,0.903,-0.009920
1000.0,0.903,0.009556
1000.0,0.903,0.050998
1000.0,0.903,0.039077
1000.0,0.903,0.066179
1000.0,0.903,0.002225
1000.0,0.903,0.076211
1000.0,0.903,0.020691
1000.0,0.903,0.042827
1000.0,0.903,0.070997
1000.0,0.903,0.018715
1000.0,0.903,0.090051
1000.0,0.903,-0.004119
1000.0,0.903,0.103099
1000.0,0.903,-0.046103
1000.0,0.903,0.010930
1000.0,0.903,0.039642
1000.0,0.903,0.077358
1000.0,0.903,-0.037107
1000.0,0.903,0.021292
1000.0,0.903,0.072757
1000.0,0.903,0.041178
1000.0,0.903,0.084925
1000.0,0.903,0.119486
1000.0,0.903,0.075601
1000.0,0.903,0.023174
1000.0,0.903,0.020258
1000.0,0.903,0.054726
1000.0,0.903,0.125055
1000.0,0.903,-0.049537
1000.0,0.903,0.025430
1000.0,0.903,0.039983
1000.0,0.903,-0.011291
1000.0,0.903,0.060271
1000.0,0.903,0.145214
1000.0,0.903,0.022521
1000.0,0.903,-0.019955
1000.0,0.903,0.080610
1000.0,0.950,0.132561
1000.0,0.950,0.063152
1000.0,0.950,0.107571
1000.0,0.950,0.149303
1000.0,0.950,-0.049230
1000.0,0.950,-0.064402
1000.0,0.950,0.160705
1000.0,0.950,-0.067751
1000.0,0.950,-0.051404
1000.0,0.950,0.015735
1000.0,0.950,0.008323
1000.0,0.950,0.035095
1000.0,0.950,0.038757
1000.0,0.950,0.008869
1000.0,0.950,0.041781
1000.0,0.950,0.056225
1000.0,0.950,0.051787
1000.0,0.950,0.080893
1000.0,0.950,0.063028
1000.0,0.950,0.042522
1000.0,0.950,-0.014434
1000.0,0.950,0.080184
1000.0,0.950,0.071185
1000.0,0.950,0.032870
1000.0,0.950,0.111247
1000.0,0.950,0.020853
1000.0,0.950,0.065995
1000.0,0.950,0.047201
1000.0,0.950,0.031531
1000.0,0.950,0.105386
1000.0,0.950,0.053920
1000.0,0.950,0.107238
1000.0,0.950,0.043989
1000.0,0.950,0.152758
1000.0,0.950,0.025444
1000.0,0.950,0.049274
1000.0,0.950,0.093136
1000.0,0.950,0.092404
1000.0,0.950,0.140226
1000.0,0.950,-0.039326
1000.0,0.950,0.018679
1000.0,0.950,0.023013
1000.0,0.950,0.109953
1000.0,0.950,0.081429
1000.0,0.950,0.136946
1000.0,0.950,0.027518
1000.0,0.950,0.081487
1000.0,0.950,0.032947
1000.0,0.950,0.097062
1000.0,0.950,-0.136764
1000.0,0.950,0.040716
1000.0,0.950,0.050272
1000.0,0.950,-0.006976
1000.0,0.950,-0.083442
1000.0,0.950,0.070663
1000.0,0.950,0.064845
1000.0,0.950,0.114797
1000.0,0.950,-0.052837
1000.0,0.950,-0.011352
1000.0,0.950,0.043166
1000.0,0.950,0.080404
1000.0,0.950,0.088251
1000.0,0.950,0.066612
1000.0,0.950,-0.023887
1000.0,0.950,0.039812
1000.0,0.950,0.059637
1000.0,0.950,0.023289
1000.0,0.950,-0.080119
1000.0,0.950,0.024532
1000.0,0.950,-0.008855
1000.0,0.950,0.047902
1000.0,0.950,0.064694
1000.0,0.950,0.052400
1000.0,0.950,0.139026
1000.0,0.950,-0.038803
1000.0,0.950,0.101696
1000.0,0.950,-0.011440
1000.0,0.950,-0.000656
1000.0,0.950,0.105465
1000.0,0.950,0.113174
1000.0,0.950,-0.031356
1000.0,0.950,0.023800
1000.0,0.950,0.039907
1000.0,0.950,0.032847
1000.0,0.950,0.131217
1000.0,0.950,0.129382
1000.0,0.950,0.068691
1000.0,0.950,0.090784
1000.0,0.950,0.007806
1000.0,0.950,0.066178
1000.0,0.950,0.145893
1000.0,0.950,-0.045868
1000.0,0.950,-0.011967
1000.0,0.950,0.070290
1000.0,0.950,0.048756
1000.0,0.950,0.058576
1000.0,0.950,0.129352
1000.0,0.950,0.030984
1000.0,0.950,0.015374
1000.0,0.950,0.096432
1000.0,0.850,0.024368
1000.0,0.850,-0.000486
1000.0,0.850,0.098133
1000.0,0.850,0.081446
1000.0,0.850,0.035569
1000.0,0.850,0.062365
1000.0,0.850,-0.032045
1000.0,0.850,-0.011114
1000.0,0.850,0.070461
1000.0,0.850,0.072873
1000.0,0.850,-0.026239
1000.0,0.850,-0.000079
1000.0,0.850,0.084988
1000.0,0.850,-0.053315
1000.0,0.850,-0.001268
1000.0,0.850,0.040466
1000.0,0.850,-0.046372
1000.0,0.850,-0.002140
1000.0,0.850,-0.015200
1000.0,0.850,-0.030117
1000.0,0.850,-0.009911
1000.0,0.850,0.003149
1000.0,0.850,0.026027
1000.0,0.850,-0.052228
1000.0,0.850,0.042253
1000.0,0.850,-0.053989
1000.0,0.850,0.018621
1000.0,0.850,0.024014
1000.0,0.850,-0.062245
1000.0,0.850,0.005534
1000.0,0.850,-0.006980
1000.0,0.850,0.018137
1000.0,0.850,-0.010935
1000.0,0.850,-0.049043
1000.0,0.850,-0.035394
1000.0,0.850,-0.030109
1000.0,0.850,0.072574
1000.0,0.850,-0.035185
1000.0,0.850,-0.030498
1000.0,0.850,0.013107
1000.0,0.850,-0.019941
1000.0,0.850,0.003758
1000.0,0.850,-0.026613
1000.0,0.850,0.033964
1000.0,0.850,-0.023114
1000.0,0.850,-0.028585
1000.0,0.850,-0.034309
1000.0,0.850,0.066875
1000.0,0.850,0.049693
1000.0,0.850,-0.002183
1000.0,0.850,-0.044946
1000.0,0.850,-0.056408
1000.0,0.850,-0.024467
1000.0,0.850,-0.034240
1000.0,0.850,0.049892
1000.0,0.850,0.048291
1000.0,0.850,-0.036796
1000.0,0.850,0.036361
1000.0,0.850,-0.000902
1000.0,0.850,-0.020202
1000.0,0.850,0.064916
1000.0,0.850,-0.013458
1000.0,0.850,0.006656
1000.0,0.850,-0.002368
1000.0,0.850,-0.021970
1000.0,0.850,-0.012852
1000.0,0.850,-0.038811
1000.0,0.850,0.123958
1000.0,0.850,0.058233
1000.0,0.850,0.047037
1000.0,0.850,0.040288
1000.0,0.850,0.049070
1000.0,0.850,0.106256
1000.0,0.850,-0.026299
1000.0,0.850,-0.062331
1000.0,0.850,0.012296
1000.0,0.850,-0.006879
1000.0,0.850,0.033555
1000.0,0.850,-0.009220
1000.0,0.850,0.009707
1000.0,0.850,0.019026
1000.0,0.850,-0.005031
1000.0,0.850,0.031871
1000.0,0.850,-0.066442
1000.0,0.850,-0.044831
1000.0,0.850,-0.032630
1000.0,0.850,-0.067186
1000.0,0.850,-0.017166
1000.0,0.850,0.042864
1000.0,0.850,0.043949
1000.0,0.850,0.068718
1000.0,0.850,-0.019779
1000.0,0.850,0.003804
1000.0,0.850,-0.035264
1000.0,0.850,0.062113
1000.0,0.850,0.021717
1000.0,0.850,-0.036224
1000.0,0.850,0.004397
1000.0,0.850,-0.014056
1000.0,0.850,-0.006390
1000.0,0.903,0.025057
1000.0,0.903,0.003476
1000.0,0.903,0.081973
1000.0,0.903,0.035083
1000.0,0.903,0.040889
1000.0,0.903,0.027415
1000.0,0.903,-0.008559
1000.0,0.903,-0.018224
1000.0,0.903,0.014818
1000.0,0.903,0.098025
1000.0,0.903,-0.040677
1000.0,0.903,-0.022052
1000.0,0.903,0.110263
1000.0,0.903,-0.031950
1000.0,0.903,0.025455
1000.0,0.903,0.011351
1000.0,0.903,-0.095291
1000.0,0.903,0.070367
1000.0,0.903,0.006661
1000.0,0.903,-0.019604
1000.0,0.903,0.011512
1000.0,0.903,0.084772
1000.0,0.903,-0.041772
1000.0,0.903,-0.052058
1000.0,0.903,0.110270
1000.0,0.903,-0.047693
1000.0,0.903,-0.013479
1000.0,0.903,0.026524
1000.0,0.903,-0.023401
1000.0,0.903,0.013336
1000.0,0.903,-0.001488
1000.0,0.903,0.011183
1000.0,0.903,-0.022307
1000.0,0.903,-0.098869
1000.0,0.903,-0.007955
1000.0,0.903,-0.033647
1000.0,0.903,0.063115
1000.0,0.903,-0.081069
1000.0,0.903,-0.037859
1000.0,0.903,0.031484
1000.0,0.903,-0.000507
1000.0,0.903,0.006783
1000.0,0.903,-0.041220
1000.0,0.903,0.034263
1000.0,0.903,-0.010709
1000.0,0.903,-0.051098
1000.0,0.903,-0.028213
1000.0,0.903,0.070443
1000.0,0.903,0.075038
1000.0,0.903,0.040186
1000.0,0.903,-0.054654
1000.0,0.903,-0.001383
1000.0,0.903,-0.012948
1000.0,0.903,-0.058111
1000.0,0.903,0.034872
1000.0,0.903,0.051209
1000.0,0.903,-0.025631
1000.0,0.903,0.030965
1000.0,0.903,0.065885
1000.0,0.903,0.035595
1000.0,0.903,0.054501
1000.0,0.903,0.018113
1000.0,0.903,0.020717
1000.0,0.903,-0.013722
1000.0,0.903,-0.039777
1000.0,0.903,0.009532
1000.0,0.903,-0.072755
1000.0,0.903,0.134181
1000.0,0.903,0.045616
1000.0,0.903,0.063593
1000.0,0.903,0.007719
1000.0,0.903,0.074389
1000.0,0.903,0.058059
1000.0,0.903,-0.007467
1000.0,0.903,-0.014017
1000.0,0.903,-0.044725
1000.0,0.903,-0.047234
1000.0,0.903,0.071942
1000.0,0.903,-0.009652
1000.0,0.903,0.045497
1000.0,0.903,-0.008727
1000.0,0.903,-0.014550
1000.0,0.903,0.055365
1000.0,0.903,-0.021953
1000.0,0.903,-0.017233
1000.0,0.903,-0.031501
1000.0,0.903,-0.038687
1000.0,0.903,-0.026953
1000.0,0.903,0.055794
1000.0,0.903,-0.011170
1000.0,0.903,0.078801
1000.0,0.903,-0.017954
1000.0,0.903,-0.020678
1000.0,0.903,-0.029466
1000.0,0.903,0.089379
1000.0,0.903,-0.013937
1000.0,0.903,-0.047988
1000.0,0.903,0.035148
1000.0,0.903,-0.039146
1000.0,0.903,-0.009049
1000.0,0.950,0.005108
1000.0,0.950,0.002967
1000.0,0.950,0.096555
1000.0,0.950,0.065328
1000.0,0.950,0.069526
1000.0,0.950,0.035949
1000.0,0.950,0.001794
1000.0,0.950,-0.027513
1000.0,0.950,0.048949
1000.0,0.950,0.130886
1000.0,0.950,-0.015693
1000.0,0.950,-0.031433
1000.0,0.950,0.136324
1000.0,0.950,0.001416
1000.0,0.950,0.011597
1000.0,0.950,0.028319
1000.0,0.950,-0.046061
1000.0,0.950,0.044643
1000.0,0.950,0.077975
1000.0,0.950,0.006033
1000.0,0.950,0.044437
1000.0,0.950,0.102710
1000.0,0.950,-0.067043
1000.0,0.950,-0.050161
1000.0,0.950,0.100792
1000.0,0.950,-0.100082
1000.0,0.950,-0.024937
1000.0,0.950,0.098994
1000.0,0.950,-0.034533
1000.0,0.950,0.027322
1000.0,0.950,0.007280
1000.0,0.950,-0.012860
1000.0,0.950,0.029330
1000.0,0.950,-0.054365
1000.0,0.950,-0.003535
1000.0,0.950,-0.010366
1000.0,0.950,0.058814
1000.0,0.950,-0.127932
1000.0,0.950,-0.040921
1000.0,0.950,0.020435
1000.0,0.950,-0.001296
1000.0,0.950,0.021495
1000.0,0.950,0.011204
1000.0,0.950,-0.014563
1000.0,0.950,-0.071811
1000.0,0.950,0.006677
1000.0,0.950,0.014418
1000.0,0.950,0.018780
1000.0,0.950,0.085780
1000.0,0.950,0.079638
1000.0,0.950,-0.082365
1000.0,0.950,-0.068240
1000.0,0.950,0.027790
1000.0,0.950,-0.011017
1000.0,0.950,0.018006
1000.0,0.950,-0.019220
1000.0,0.950,-0.052465
1000.0,0.950,0.013172
1000.0,0.950,0.041346
1000.0,0.950,0.091278
1000.0,0.950,0.078608
1000.0,0.950,-0.022756
1000.0,0.950,0.025631
1000.0,0.950,-0.032463
1000.0,0.950,-0.016388
1000.0,0.950,0.026077
1000.0,0.950,-0.059863
1000.0,0.950,0.161611
1000.0,0.950,0.068471
1000.0,0.950,0.023721
1000.0,0.950,-0.009445
1000.0,0.950,0.119485
1000.0,0.950,0.066580
1000.0,0.950,0.068180
1000.0,0.950,0.025068
1000.0,0.950,-0.028994
1000.0,0.950,-0.095190
1000.0,0.950,0.102788
1000.0,0.950,-0.016263
1000.0,0.950,0.089941
1000.0,0.950,-0.032370
1000.0,0.950,0.053938
1000.0,0.950,0.002081
1000.0,0.950,-0.054306
1000.0,0.950,-0.056034
1000.0,0.950,0.048366
1000.0,0.950,-0.068316
1000.0,0.950,0.012184
1000.0,0.950,0.081707
1000.0,0.950,0.019327
1000.0,0.950,0.028535
1000.0,0.950,-0.045845
1000.0,0.950,-0.040219
1000.0,0.950,-0.062241
1000.0,0.950,0.030325
1000.0,0.950,0.023542
1000.0,0.950,-0.032634
1000.0,0.950,0.079511
1000.0,0.950,-0.052077
1000.0,0.950,0.069200
1000.0,0.850,0.003160
1000.0,0.850,0.047062
1000.0,0.850,-0.016601
1000.0,0.850,-0.033280
1000.0,0.850,0.046875
1000.0,0.850,-0.070011
1000.0,0.850,0.031365
1000.0,0.850,0.013875
1000.0,0.850,0.013600
1000.0,0.850,0.098773
1000.0,0.850,0.053373
1000.0,0.850,0.009821
1000.0,0.850,-0.057611
1000.0,0.850,-0.036857
1000.0,0.850,-0.034537
1000.0,0.850,-0.035367
1000.0,0.850,-0.036835
1000.0,0.850,0.018305
1000.0,0.850,0.027733
1000.0,0.850,0.025538
1000.0,0.850,0.091869
1000.0,0.850,-0.031967
1000.0,0.850,0.034450
1000.0,0.850,0.053089
1000.0,0.850,-0.009844
1000.0,0.850,0.047114
1000.0,0.850,-0.018165
1000.0,0.850,0.005603
1000.0,0.850,0.043831
1000.0,0.850,0.024957
1000.0,0.850,0.020125
1000.0,0.850,-0.005618
1000.0,0.850,-0.027632
1000.0,0.850,0.009483
1000.0,0.850,0.028070
1000.0,0.850,-0.032084
1000.0,0.850,-0.013420
1000.0,0.850,0.020587
1000.0,0.850,0.018881
1000.0,0.850,-0.040976
1000.0,0.850,0.084283
1000.0,0.850,0.062386
1000.0,0.850,0.019167
1000.0,0.850,-0.047436
1000.0,0.850,-0.011135
1000.0,0.850,-0.086511
1000.0,0.850,0.019992
1000.0,0.850,0.014957
1000.0,0.850,0.053815
1000.0,0.850,-0.002102
1000.0,0.850,0.030626
1000.0,0.850,0.030942
1000.0,0.850,-0.004074
1000.0,0.850,0.054227
1000.0,0.850,-0.046589
1000.0,0.850,-0.007357
1000.0,0.850,0.029347
1000.0,0.850,0.041967
1000.0,0.850,-0.057842
1000.0,0.850,-0.080268
1000.0,0.850,-0.013254
1000.0,0.850,0.029659
1000.0,0.850,0.049993
1000.0,0.850,0.027572
1000.0,0.850,0.008929
1000.0,0.850,-0.021617
1000.0,0.850,-0.000409
1000.0,0.850,0.046152
1000.0,0.850,0.018323
1000.0,0.850,-0.084729
1000.0,0.850,-0.029445
1000.0,0.850,0.035935
1000.0,0.850,0.043821
1000.0,0.850,-0.013856
1000.0,0.850,0.018733
1000.0,0.850,0.035268
1000.0,0.850,0.035577
1000.0,0.850,-0.000890
1000.0,0.850,-0.012026
1000.0,0.850,-0.045330
1000.0,0.850,0.037201
1000.0,0.850,-0.016572
1000.0,0.850,0.045949
1000.0,0.850,0.093007
1000.0,0.850,0.034941
1000.0,0.850,0.044235
1000.0,0.850,0.089425
1000.0,0.850,-0.032289
1000.0,0.850,0.018224
1000.0,0.850,0.054220
1000.0,0.850,-0.012935
1000.0,0.850,0.035258
1000.0,0.850,-0.000011
1000.0,0.850,-0.031175
1000.0,0.850,0.026504
1000.0,0.850,0.078084
1000.0,0.850,0.063491
1000.0,0.850,-0.079179
1000.0,0.850,0.018266
1000.0,0.850,0.035504
1000.0,0.903,-0.021461
1000.0,0.903,0.049165
1000.0,0.903,0.031099
1000.0,0.903,-0.040347
1000.0,0.903,-0.013025
1000.0,0.903,-0.033829
1000.0,0.903,0.066584
1000.0,0.903,-0.008571
1000.0,0.903,0.008161
1000.0,0.903,0.028470
1000.0,0.903,0.006308
1000.0,0.903,0.006127
1000.0,0.903,-0.067019
1000.0,0.903,-0.016046
1000.0,0.903,-0.045495
1000.0,0.903,-0.041516
1000.0,0.903,-0.023866
1000.0,0.903,0.044990
1000.0,0.903,0.017934
1000.0,0.903,0.031877
1000.0,0.903,0.076757
1000.0,0.903,-0.051958
1000.0,0.903,0.070958
1000.0,0.903,0.042810
1000.0,0.903,-0.060672
1000.0,0.903,0.063344
1000.0,0.903,-0.058816
1000.0,0.903,0.056967
1000.0,0.903,0.076355
1000.0,0.903,0.088536
1000.0,0.903,0.010538
1000.0,0.903,-0.030456
1000.0,0.903,-0.060086
1000.0,0.903,-0.017468
1000.0,0.903,0.023404
1000.0,0.903,-0.082027
1000.0,0.903,0.023562
1000.0,0.903,0.012260
1000.0,0.903,0.033264
1000.0,0.903,-0.047756
1000.0,0.903,0.109173
1000.0,0.903,0.005637
1000.0,0.903,-0.009820
1000.0,0.903,-0.013354
1000.0,0.903,-0.034766
1000.0,0.903,-0.072128
1000.0,0.903,-0.015673
1000.0,0.903,0.026766
1000.0,0.903,0.000007
1000.0,0.903,0.001645
1000.0,0.903,0.074071
1000.0,0.903,0.050508
1000.0,0.903,-0.000779
1000.0,0.903,0.082289
1000.0,0.903,-0.025615
1000.0,0.903,0.037141
1000.0,0.903,0.033206
1000.0,0.903,0.055469
1000.0,0.903,-0.065687
1000.0,0.903,-0.069341
1000.0,0.903,-0.012217
1000.0,0.903,0.017656
1000.0,0.903,0.084225
1000.0,0.903,0.095043
1000.0,0.903,0.026841
1000.0,0.903,-0.062248
1000.0,0.903,0.005313
1000.0,0.903,-0.001990
1000.0,0.903,0.079555
1000.0,0.903,-0.058988
1000.0,0.903,-0.004796
1000.0,0.903,0.052240
1000.0,0.903,0.009045
1000.0,0.903,0.020660
1000.0,0.903,0.052647
1000.0,0.903,0.053321
1000.0,0.903,0.037910
1000.0,0.903,0.010454
1000.0,0.903,-0.042369
1000.0,0.903,-0.037009
1000.0,0.903,-0.029032
1000.0,0.903,0.013692
1000.0,0.903,0.049380
1000.0,0.903,0.068750
1000.0,0.903,0.099479
1000.0,0.903,0.038274
1000.0,0.903,0.028952
1000.0,0.903,0.004562
1000.0,0.903,0.042515
1000.0,0.903,0.075848
1000.0,0.903,-0.057705
1000.0,0.903,-0.009617
1000.0,0.903,-0.009763
1000.0,0.903,-0.000353
1000.0,0.903,0.061877
1000.0,0.903,0.101134
1000.0,0.903,0.051983
1000.0,0.903,-0.063114
1000.0,0.903,0.109208
1000.0,0.903,0.094392
1000.0,0.950,0.009070
1000.0,0.950,0.146882
1000.0,0.950,-0.006027
1000.0,0.950,-0.097975
1000.0,0.950,-0.015130
1000.0,0.950,-0.001282
1000.0,0.950,0.063236
1000.0,0.950,0.033566
1000.0,0.950,-0.034435
1000.0,0.950,0.012220
1000.0,0.950,0.034345
1000.0,0.950,0.037453
1000.0,0.950,-0.097029
1000.0,0.950,-0.017333
1000.0,0.950,-0.024052
1000.0,0.950,-0.092279
1000.0,0.950,0.009642
1000.0,0.950,0.060351
1000.0,0.950,0.006603
1000.0,0.950,0.092271
1000.0,0.950,0.065367
1000.0,0.950,-0.098872
1000.0,0.950,0.100244
1000.0,0.950,0.026872
1000.0,0.950,0.020466
1000.0,0.950,0.051198
1000.0,0.950,-0.031917
1000.0,0.950,0.048114
1000.0,0.950,0.151783
1000.0,0.950,0.110033
1000.0,0.950,0.064974
1000.0,0.950,-0.054881
1000.0,0.950,-0.033411
1000.0,0.950,-0.009552
1000.0,0.950,0.057511
1000.0,0.950,-0.066993
1000.0,0.950,0.072336
1000.0,0.950,0.028280
1000.0,0.950,-0.027830
1000.0,0.950,-0.028034
1000.0,0.950,0.129978
1000.0,0.950,0.010125
1000.0,0.950,-0.017505
1000.0,0.950,0.020741
1000.0,0.950,-0.006043
1000.0,0.950,-0.045662
1000.0,0.950,-0.021402
1000.0,0.950,0.058774
1000.0,0.950,0.048116
1000.0,0.950,0.023280
1000.0,0.950,0.067265
1000.0,0.950,0.063951
1000.0,0.950,0.030288
1000.0,0.950,0.137525
1000.0,0.950,-0.003163
1000.0,0.950,0.085347
1000.0,0.950,0.019424
1000.0,0.950,-0.000427
1000.0,0.950,-0.017900
1000.0,0.950,-0.125867
1000.0,0.950,-0.016694
1000.0,0.950,-0.056347
1000.0,0.950,0.092120
1000.0,0.950,0.142252
1000.0,0.950,-0.041980
1000.0,0.950,0.013864
1000.0,0.950,-0.031470
1000.0,0.950,0.064049
1000.0,0.950,0.091121
1000.0,0.950,-0.011913
1000.0,0.950,-0.006961
1000.0,0.950,0.080180
1000.0,0.950,0.005806
1000.0,0.950,0.001153
1000.0,0.950,0.112909
1000.0,0.950,0.048527
1000.0,0.950,0.043004
1000.0,0.950,0.025857
1000.0,0.950,0.019601
1000.0,0.950,-0.013383
1000.0,0.950,-0.018198
1000.0,0.950,0.017222
1000.0,0.950,0.042530
1000.0,0.950,0.076469
1000.0,0.950,0.045050
1000.0,0.950,0.013949
1000.0,0.950,0.023843
1000.0,0.950,0.066036
1000.0,0.950,0.084839
1000.0,0.950,0.048348
1000.0,0.950,-0.016798
1000.0,0.950,-0.019640
1000.0,0.950,0.002415
1000.0,0.950,0.035566
1000.0,0.950,0.095204
1000.0,0.950,0.143458
1000.0,0.950,0.084353
1000.0,0.950,-0.068904
1000.0,0.950,0.162406
1000.0,0.950,0.125127
1000.0,0.850,-0.027016
1000.0,0.850,0.025937
1000.0,0.850,0.022189
1000.0,0.850,0.003916
1000.0,0.850,-0.004477
1000.0,0.850,-0.014069
1000.0,0.850,-0.007798
1000.0,0.850,-0.000945
1000.0,0.850,-0.012471
1000.0,0.850,-0.014220
1000.0,0.850,-0.016944
1000.0,0.850,0.011382
1000.0,0.850,0.029811
1000.0,0.850,-0.019073
1000.0,0.850,-0.006360
1000.0,0.850,0.013555
1000.0,0.850,-0.011067
1000.0,0.850,-0.029974
1000.0,0.850,-0.012522
1000.0,0.850,-0.018028
1000.0,0.850,-0.034068
1000.0,0.850,0.051729
1000.0,0.850,0.017051
1000.0,0.850,0.027507
1000.0,0.850,-0.000340
1000.0,0.850,-0.024277
1000.0,0.850,0.016187
1000.0,0.850,-0.049297
1000.0,0.850,0.006134
1000.0,0.850,0.049445
1000.0,0.850,0.067121
1000.0,0.850,-0.070746
1000.0,0.850,0.058519
1000.0,0.850,-0.041273
1000.0,0.850,-0.024144
1000.0,0.850,0.028064
1000.0,0.850,0.052260
1000.0,0.850,-0.033303
1000.0,0.850,0.098774
1000.0,0.850,-0.012385
1000.0,0.850,-0.009453
1000.0,0.850,0.051582
1000.0,0.850,0.005805
1000.0,0.850,0.020875
1000.0,0.850,0.007652
1000.0,0.850,-0.004756
1000.0,0.850,-0.049411
1000.0,0.850,0.013357
1000.0,0.850,0.041461
1000.0,0.850,-0.006413
1000.0,0.850,0.018659
1000.0,0.850,-0.038986
1000.0,0.850,0.058545
1000.0,0.850,-0.015012
1000.0,0.850,0.009783
1000.0,0.850,0.075926
1000.0,0.850,-0.008733
1000.0,0.850,-0.018257
1000.0,0.850,-0.066286
1000.0,0.850,0.069869
1000.0,0.850,0.036943
1000.0,0.850,-0.033048
1000.0,0.850,-0.026289
1000.0,0.850,-0.014434
1000.0,0.850,-0.038889
1000.0,0.850,-0.006793
1000.0,0.850,-0.001091
1000.0,0.850,0.004442
1000.0,0.850,0.044980
1000.0,0.850,-0.003324
1000.0,0.850,-0.017911
1000.0,0.850,-0.039949
1000.0,0.850,0.005324
1000.0,0.850,0.060198
1000.0,0.850,0.001449
1000.0,0.850,0.092738
1000.0,0.850,0.036727
1000.0,0.850,-0.016086
1000.0,0.850,0.012856
1000.0,0.850,-0.039137
1000.0,0.850,0.046030
1000.0,0.850,-0.089485
1000.0,0.850,0.046968
1000.0,0.850,-0.041185
1000.0,0.850,0.045614
1000.0,0.850,0.005739
1000.0,0.850,-0.040019
1000.0,0.850,-0.053689
1000.0,0.850,-0.034116
1000.0,0.850,0.008426
1000.0,0.850,0.014642
1000.0,0.850,0.032659
1000.0,0.850,-0.014672
1000.0,0.850,-0.017306
1000.0,0.850,-0.010164
1000.0,0.850,-0.029130
1000.0,0.850,-0.000269
1000.0,0.850,-0.001561
1000.0,0.850,-0.045886
1000.0,0.850,0.009851
1000.0,0.903,0.041394
1000.0,0.903,-0.003277
1000.0,0.903,0.025654
1000.0,0.903,0.007961
1000.0,0.903,-0.001086
1000.0,0.903,-0.064769
1000.0,0.903,0.020130
1000.0,0.903,0.061208
1000.0,0.903,-0.018946
1000.0,0.903,0.006030
1000.0,0.903,-0.038203
1000.0,0.903,0.021434
1000.0,0.903,0.059764
1000.0,0.903,0.012398
1000.0,0.903,-0.031959
1000.0,0.903,0.034359
1000.0,0.903,-0.014371
1000.0,0.903,-0.059061
1000.0,0.903,-0.021340
1000.0,0.903,-0.115189
1000.0,0.903,-0.056809
1000.0,0.903,0.041120
1000.0,0.903,0.030994
1000.0,0.903,0.022168
1000.0,0.903,0.065975
1000.0,0.903,-0.002688
1000.0,0.903,0.019576
1000.0,0.903,-0.046177
1000.0,0.903,0.013055
1000.0,0.903,0.059117
1000.0,0.903,0.041747
1000.0,0.903,-0.086694
1000.0,0.903,0.057636
1000.0,0.903,-0.033804
1000.0,0.903,-0.082066
1000.0,0.903,0.015276
1000.0,0.903,0.030935
1000.0,0.903,0.015236
1000.0,0.903,0.129781
1000.0,0.903,-0.063243
1000.0,0.903,0.050453
1000.0,0.903,-0.017705
1000.0,0.903,-0.034203
1000.0,0.903,0.079922
1000.0,0.903,0.053953
1000.0,0.903,0.006313
1000.0,0.903,-0.056763
1000.0,0.903,-0.025743
1000.0,0.903,0.080360
1000.0,0.903,0.035333
1000.0,0.903,0.021034
1000.0,0.903,-0.001077
1000.0,0.903,0.032446
1000.0,0.903,0.042125
1000.0,0.903,0.024867
1000.0,0.903,0.091121
1000.0,0.903,-0.080791
1000.0,0.903,-0.009109
1000.0,0.903,-0.040920
1000.0,0.903,0.068881
1000.0,0.903,0.030414
1000.0,0.903,-0.022241
1000.0,0.903,-0.043268
1000.0,0.903,-0.061875
1000.0,0.903,-0.016466
1000.0,0.903,-0.025799
1000.0,0.903,0.004389
1000.0,0.903,0.048092
1000.0,0.903,0.063460
1000.0,0.903,0.030685
1000.0,0.903,-0.010227
1000.0,0.903,0.034112
1000.0,0.903,-0.023150
1000.0,0.903,0.014650
1000.0,0.903,-0.030464
1000.0,0.903,0.052300
1000.0,0.903,0.076256
1000.0,0.903,0.024786
1000.0,0.903,-0.007977
1000.0,0.903,-0.066423
1000.0,0.903,-0.002345
1000.0,0.903,-0.007173
1000.0,0.903,-0.026295
1000.0,0.903,-0.015961
1000.0,0.903,0.067605
1000.0,0.903,0.003851
1000.0,0.903,-0.031403
1000.0,0.903,-0.108149
1000.0,0.903,0.015723
1000.0,0.903,-0.064311
1000.0,0.903,0.051205
1000.0,0.903,-0.022813
1000.0,0.903,0.038252
1000.0,0.903,-0.009983
1000.0,0.903,-0.018448
1000.0,0.903,-0.067604
1000.0,0.903,-0.018689
1000.0,0.903,0.003148
1000.0,0.903,-0.057891
1000.0,0.903,0.027212
1000.0,0.950,0.043297
1000.0,0.950,0.016949
1000.0,0.950,0.040928
1000.0,0.950,0.031611
1000.0,0.950,-0.015867
1000.0,0.950,-0.097043
1000.0,0.950,0.013635
1000.0,0.950,0.076265
1000.0,0.950,0.007545
1000.0,0.950,-0.039342
1000.0,0.950,-0.008342
1000.0,0.950,0.059153
1000.0,0.950,0.082625
1000.0,0.950,0.004191
1000.0,0.950,-0.038108
1000.0,0.950,0.041719
1000.0,0.950,0.008128
1000.0,0.950,-0.030264
1000.0,0.950,-0.026484
1000.0,0.950,-0.095063
1000.0,0.950,0.006362
1000.0,0.950,0.096503
1000.0,0.950,-0.031768
1000.0,0.950,0.010569
1000.0,0.950,0.126132
1000.0,0.950,0.004626
1000.0,0.950,0.022224
1000.0,0.950,-0.017361
1000.0,0.950,0.009472
1000.0,0.950,0.026248
1000.0,0.950,-0.035353
1000.0,0.950,-0.030626
1000.0,0.950,0.108680
1000.0,0.950,-0.005989
1000.0,0.950,-0.079083
1000.0,0.950,0.037037
1000.0,0.950,-0.007400
1000.0,0.950,0.035655
1000.0,0.950,0.107067
1000.0,0.950,-0.076033
1000.0,0.950,0.076907
1000.0,0.950,-0.033978
1000.0,0.950,-0.002202
1000.0,0.950,0.060656
1000.0,0.950,-0.007304
1000.0,0.950,0.057474
1000.0,0.950,-0.115193
1000.0,0.950,0.012077
1000.0,0.950,0.085218
1000.0,0.950,0.040661
1000.0,0.950,0.031830
1000.0,0.950,0.005734
1000.0,0.950,0.107757
1000.0,0.950,0.001416
1000.0,0.950,0.040017
1000.0,0.950,0.126550
1000.0,0.950,-0.116788
1000.0,0.950,-0.032311
1000.0,0.950,-0.046441
1000.0,0.950,0.078273
1000.0,0.950,0.001533
1000.0,0.950,-0.078494
1000.0,0.950,-0.012983
1000.0,0.950,-0.095452
1000.0,0.950,-0.012830
1000.0,0.950,-0.023496
1000.0,0.950,0.005581
1000.0,0.950,0.069041
1000.0,0.950,0.046330
1000.0,0.950,0.081005
1000.0,0.950,-0.045508
1000.0,0.950,0.022186
1000.0,0.950,0.000315
1000.0,0.950,0.052197
1000.0,0.950,-0.036201
1000.0,0.950,0.113772
1000.0,0.950,0.115406
1000.0,0.950,0.067832
1000.0,0.950,0.064196
1000.0,0.950,-0.088436
1000.0,0.950,0.000287
1000.0,0.950,0.042817
1000.0,0.950,-0.008438
1000.0,0.950,0.042430
1000.0,0.950,0.095176
1000.0,0.950,0.002379
1000.0,0.950,0.017432
1000.0,0.950,-0.101739
1000.0,0.950,0.039860
1000.0,0.950,-0.088735
1000.0,0.950,0.082906
1000.0,0.950,-0.022300
1000.0,0.950,0.047412
1000.0,0.950,-0.004699
1000.0,0.950,0.029917
1000.0,0.950,-0.064163
1000.0,0.950,-0.003532
1000.0,0.950,0.000851
1000.0,0.950,-0.029935
1000.0,0.950,-0.019972
1000.0,0.850,0.041533
1000.0,0.850,-0.027795
1000.0,0.850,0.046550
1000.0,0.850,0.039986
1000.0,0.850,0.017920
1000.0,0.850,0.029491
1000.0,0.850,0.069759
1000.0,0.850,0.023677
1000.0,0.850,0.019248
1000.0,0.850,0.045737
1000.0,0.850,-0.040011
1000.0,0.850,0.052692
1000.0,0.850,0.004583
1000.0,0.850,-0.017422
1000.0,0.850,0.020491
1000.0,0.850,0.036314
1000.0,0.850,-0.014661
1000.0,0.850,0.078816
1000.0,0.850,-0.030589
1000.0,0.850,0.068817
1000.0,0.850,-0.008677
1000.0,0.850,0.019127
1000.0,0.850,-0.025162
1000.0,0.850,-0.000158
1000.0,0.850,0.069848
1000.0,0.850,0.020991
1000.0,0.850,-0.012124
1000.0,0.850,-0.014399
1000.0,0.850,0.040792
1000.0,0.850,-0.025074
1000.0,0.850,0.030750
1000.0,0.850,-0.005341
1000.0,0.850,-0.061083
1000.0,0.850,0.028155
1000.0,0.850,0.080795
1000.0,0.850,0.030741
1000.0,0.850,0.102607
1000.0,0.850,0.010504
1000.0,0.850,0.047512
1000.0,0.850,-0.033744
1000.0,0.850,0.018160
1000.0,0.850,0.023005
1000.0,0.850,-0.010715
1000.0,0.850,-0.046562
1000.0,0.850,0.041356
1000.0,0.850,-0.027399
1000.0,0.850,0.016471
1000.0,0.850,-0.036814
1000.0,0.850,-0.014995
1000.0,0.850,0.042626
1000.0,0.850,-0.012318
1000.0,0.850,0.082422
1000.0,0.850,0.082366
1000.0,0.850,0.009000
1000.0,0.850,0.042236
1000.0,0.850,-0.037392
1000.0,0.850,-0.021829
1000.0,0.850,0.061735
1000.0,0.850,-0.001128
1000.0,0.850,0.041370
1000.0,0.850,0.014716
1000.0,0.850,-0.006423
1000.0,0.850,0.062872
1000.0,0.850,0.047086
1000.0,0.850,0.049438
1000.0,0.850,0.007613
1000.0,0.850,0.040843
1000.0,0.850,-0.000714
1000.0,0.850,0.051648
1000.0,0.850,-0.001197
1000.0,0.850,0.023451
1000.0,0.850,0.061489
1000.0,0.850,-0.035842
1000.0,0.850,0.115489
1000.0,0.850,0.037966
1000.0,0.850,0.045599
1000.0,0.850,0.021680
1000.0,0.850,-0.026662
1000.0,0.850,-0.006496
1000.0,0.850,-0.053967
1000.0,0.850,0.047104
1000.0,0.850,0.014756
1000.0,0.850,0.064554
1000.0,0.850,0.069920
1000.0,0.850,0.084079
1000.0,0.850,0.033361
1000.0,0.850,-0.010346
1000.0,0.850,0.029147
1000.0,0.850,-0.027071
1000.0,0.850,0.088742
1000.0,0.850,-0.022405
1000.0,0.850,0.039079
1000.0,0.850,-0.009398
1000.0,0.850,-0.013341
1000.0,0.850,0.049402
1000.0,0.850,0.083586
1000.0,0.850,-0.018844
1000.0,0.850,0.022365
1000.0,0.850,0.011298
1000.0,0.850,-0.011488
1000.0,0.903,0.064770
1000.0,0.903,0.033171
1000.0,0.903,0.040269
1000.0,0.903,0.060163
1000.0,0.903,0.032431
1000.0,0.903,0.046840
1000.0,0.903,0.104442
1000.0,0.903,0.038026
1000.0,0.903,0.016610
1000.0,0.903,0.076571
1000.0,0.903,0.047449
1000.0,0.903,0.037801
1000.0,0.903,0.003416
1000.0,0.903,-0.051557
1000.0,0.903,0.004707
1000.0,0.903,0.115914
1000.0,0.903,0.014125
1000.0,0.903,-0.000702
1000.0,0.903,-0.026234
1000.0,0.903,0.105796
1000.0,0.903,-0.040262
1000.0,0.903,0.029323
1000.0,0.903,-0.027418
1000.0,0.903,0.103467
1000.0,0.903,0.038113
1000.0,0.903,0.053579
1000.0,0.903,-0.048990
1000.0,0.903,0.073150
1000.0,0.903,0.059541
1000.0,0.903,0.025173
1000.0,0.903,-0.042948
1000.0,0.903,-0.008876
1000.0,0.903,-0.032287
1000.0,0.903,-0.037435
1000.0,0.903,0.093607
1000.0,0.903,0.036269
1000.0,0.903,0.061993
1000.0,0.903,0.044390
1000.0,0.903,0.096379
1000.0,0.903,-0.029278
1000.0,0.903,0.019905
1000.0,0.903,0.027695
1000.0,0.903,-0.024241
1000.0,0.903,-0.007966
1000.0,0.903,0.054336
1000.0,0.903,-0.075464
1000.0,0.903,0.013509
1000.0,0.903,0.002010
1000.0,0.903,0.007147
1000.0,0.903,0.044233
1000.0,0.903,-0.010197
1000.0,0.903,0.119996
1000.0,0.903,0.066711
1000.0,0.903,-0.031499
1000.0,0.903,0.064714
1000.0,0.903,-0.052353
1000.0,0.903,-0.021354
1000.0,0.903,0.038807
1000.0,0.903,0.051036
1000.0,0.903,0.036085
1000.0,0.903,0.038762
1000.0,0.903,-0.057627
1000.0,0.903,0.029291
1000.0,0.903,-0.015378
1000.0,0.903,0.085857
1000.0,0.903,-0.010094
1000.0,0.903,0.075543
1000.0,0.903,-0.035097
1000.0,0.903,0.087523
1000.0,0.903,-0.038441
1000.0,0.903,0.056920
1000.0,0.903,0.091796
1000.0,0.903,-0.028664
1000.0,0.903,0.122369
1000.0,0.903,-0.002347
1000.0,0.903,0.043184
1000.0,0.903,-0.001913
1000.0,0.903,-0.029624
1000.0,0.903,-0.026376
1000.0,0.903,-0.019938
1000.0,0.903,0.079727
1000.0,0.903,0.051042
1000.0,0.903,0.035961
1000.0,0.903,0.072624
1000.0,0.903,0.053841
1000.0,0.903,-0.021516
1000.0,0.903,-0.000204
1000.0,0.903,0.031068
1000.0,0.903,-0.002683
1000.0,0.903,0.003436
1000.0,0.903,0.019180
1000.0,0.903,0.061178
1000.0,0.903,-0.002691
1000.0,0.903,-0.070391
1000.0,0.903,0.078910
1000.0,0.903,0.075883
1000.0,0.903,-0.020314
1000.0,0.903,0.036879
1000.0,0.903,0.021932
1000.0,0.903,-0.027647
1000.0,0.950,0.020821
1000.0,0.950,0.001331
1000.0,0.950,0.015095
1000.0,0.950,0.002510
1000.0,0.950,0.055828
1000.0,0.950,0.008486
1000.0,0.950,0.057871
1000.0,0.950,0.062050
1000.0,0.950,0.056182
1000.0,0.950,0.093441
1000.0,0.950,0.033573
1000.0,0.950,0.020861
1000.0,0.950,-0.068399
1000.0,0.950,-0.090909
1000.0,0.950,0.044220
1000.0,0.950,0.121674
1000.0,0.950,-0.051822
1000.0,0.950,-0.022739
1000.0,0.950,-0.035611
1000.0,0.950,0.129208
1000.0,0.950,-0.101823
1000.0,0.950,0.031862
1000.0,0.950,-0.027215
1000.0,0.950,0.106424
1000.0,0.950,0.066159
1000.0,0.950,0.043945
1000.0,0.950,-0.033418
1000.0,0.950,0.083268
1000.0,0.950,0.028884
1000.0,0.950,0.059437
1000.0,0.950,-0.054813
1000.0,0.950,0.022976
1000.0,0.950,-0.018089
1000.0,0.950,-0.076470
1000.0,0.950,0.076106
1000.0,0.950,0.029771
1000.0,0.950,0.077723
1000.0,0.950,0.133107
1000.0,0.950,0.104094
1000.0,0.950,-0.009328
1000.0,0.950,0.056437
1000.0,0.950,-0.010040
1000.0,0.950,0.028489
1000.0,0.950,0.032652
1000.0,0.950,0.107610
1000.0,0.950,-0.046209
1000.0,0.950,0.060485
1000.0,0.950,-0.072837
1000.0,0.950,-0.037791
1000.0,0.950,-0.006408
1000.0,0.950,0.047269
1000.0,0.950,0.104854
1000.0,0.950,0.050295
1000.0,0.950,-0.060447
1000.0,0.950,0.050615
1000.0,0.950,0.030307
1000.0,0.950,0.012911
1000.0,0.950,0.044370
1000.0,0.950,0.084281
1000.0,0.950,-0.023419
1000.0,0.950,0.055098
1000.0,0.950,-0.002807
1000.0,0.950,0.041415
1000.0,0.950,-0.051716
1000.0,0.950,0.073828
1000.0,0.950,0.079423
1000.0,0.950,0.086168
1000.0,0.950,0.005712
1000.0,0.950,-0.030133
1000.0,0.950,-0.089015
1000.0,0.950,0.079453
1000.0,0.950,0.097298
1000.0,0.950,0.022474
1000.0,0.950,0.117527
1000.0,0.950,-0.037870
1000.0,0.950,0.022291
1000.0,0.950,0.007649
1000.0,0.950,0.039106
1000.0,0.950,0.004736
1000.0,0.950,-0.020769
1000.0,0.950,0.106993
1000.0,0.950,0.013797
1000.0,0.950,0.051488
1000.0,0.950,0.036591
1000.0,0.950,0.047968
1000.0,0.950,-0.094446
1000.0,0.950,0.039236
1000.0,0.950,0.024486
1000.0,0.950,0.018439
1000.0,0.950,0.071461
1000.0,0.950,0.019940
1000.0,0.950,0.098112
1000.0,0.950,0.037174
1000.0,0.950,-0.064791
1000.0,0.950,0.069338
1000.0,0.950,0.107605
1000.0,0.950,0.007812
1000.0,0.950,0.010157
1000.0,0.950,0.060771
1000.0,0.950,0.003848
1000.0,0.850,0.020286
1000.0,0.850,0.052508
1000.0,0.850,0.009006
1000.0,0.850,0.065342
1000.0,0.850,0.033152
1000.0,0.850,-0.117114
1000.0,0.850,0.035683
1000.0,0.850,-0.040111
1000.0,0.850,0.046362
1000.0,0.850,-0.011900
1000.0,0.850,-0.011583
1000.0,0.850,0.126729
1000.0,0.850,0.020507
1000.0,0.850,-0.070334
1000.0,0.850,0.040312
1000.0,0.850,0.069715
1000.0,0.850,-0.000902
1000.0,0.850,0.004045
1000.0,0.850,-0.050440
1000.0,0.850,0.008588
1000.0,0.850,0.001005
1000.0,0.850,-0.023279
1000.0,0.850,0.083661
1000.0,0.850,0.013639
1000.0,0.850,-0.004658
1000.0,0.850,0.054035
1000.0,0.850,-0.058080
1000.0,0.850,-0.017917
1000.0,0.850,-0.016391
1000.0,0.850,0.043531
1000.0,0.850,0.039212
1000.0,0.850,0.055996
1000.0,0.850,-0.024561
1000.0,0.850,-0.049359
1000.0,0.850,0.084636
1000.0,0.850,-0.000115
1000.0,0.850,0.031238
1000.0,0.850,0.091883
1000.0,0.850,0.029113
1000.0,0.850,0.011534
1000.0,0.850,0.006554
1000.0,0.850,-0.050217
1000.0,0.850,0.013273
1000.0,0.850,-0.052225
1000.0,0.850,0.051447
1000.0,0.850,-0.006407
1000.0,0.850,-0.002335
1000.0,0.850,-0.005945
1000.0,0.850,0.016288
1000.0,0.850,-0.000910
1000.0,0.850,-0.001177
1000.0,0.850,0.162674
1000.0,0.850,-0.022787
1000.0,0.850,-0.011295
1000.0,0.850,-0.008438
1000.0,0.850,-0.019407
1000.0,0.850,0.075604
1000.0,0.850,-0.013594
1000.0,0.850,0.018991
1000.0,0.850,0.039414
1000.0,0.850,0.081272
1000.0,0.850,-0.027510
1000.0,0.850,0.021366
1000.0,0.850,0.004374
1000.0,0.850,-0.024931
1000.0,0.850,0.039530
1000.0,0.850,0.004423
1000.0,0.850,0.091883
1000.0,0.850,-0.007309
1000.0,0.850,0.006310
1000.0,0.850,0.049978
1000.0,0.850,0.041921
1000.0,0.850,0.013924
1000.0,0.850,0.029359
1000.0,0.850,0.083723
1000.0,0.850,0.020820
1000.0,0.850,-0.002094
1000.0,0.850,0.016223
1000.0,0.850,0.057096
1000.0,0.850,-0.104968
1000.0,0.850,-0.044607
1000.0,0.850,0.012052
1000.0,0.850,-0.071789
1000.0,0.850,-0.033925
1000.0,0.850,-0.065907
1000.0,0.850,0.074076
1000.0,0.850,-0.047084
1000.0,0.850,0.073927
1000.0,0.850,0.029011
1000.0,0.850,-0.022722
1000.0,0.850,0.033713
1000.0,0.850,0.070711
1000.0,0.850,0.014369
1000.0,0.850,-0.040187
1000.0,0.850,0.010146
1000.0,0.850,-0.009964
1000.0,0.850,0.021174
1000.0,0.850,0.055797
1000.0,0.850,0.052527
1000.0,0.850,-0.051169
1000.0,0.903,0.042428
1000.0,0.903,0.058389
1000.0,0.903,-0.019776
1000.0,0.903,0.010306
1000.0,0.903,0.039109
1000.0,0.903,-0.032813
1000.0,0.903,0.069479
1000.0,0.903,0.007286
1000.0,0.903,0.073611
1000.0,0.903,-0.026856
1000.0,0.903,0.023477
1000.0,0.903,0.105668
1000.0,0.903,0.046627
1000.0,0.903,-0.034876
1000.0,0.903,0.116250
1000.0,0.903,0.105342
1000.0,0.903,0.009555
1000.0,0.903,0.019113
1000.0,0.903,-0.016562
1000.0,0.903,0.011225
1000.0,0.903,-0.052650
1000.0,0.903,0.029739
1000.0,0.903,0.106911
1000.0,0.903,-0.081538
1000.0,0.903,0.043051
1000.0,0.903,0.068102
1000.0,0.903,-0.032281
1000.0,0.903,-0.001303
1000.0,0.903,-0.001304
1000.0,0.903,0.080884
1000.0,0.903,0.043541
1000.0,0.903,0.045410
1000.0,0.903,-0.016925
1000.0,0.903,-0.009537
1000.0,0.903,0.085352
1000.0,0.903,-0.025741
1000.0,0.903,0.052915
1000.0,0.903,0.074212
1000.0,0.903,-0.041230
1000.0,0.903,0.078620
1000.0,0.903,0.030344
1000.0,0.903,-0.021923
1000.0,0.903,-0.013174
1000.0,0.903,-0.084738
1000.0,0.903,0.005818
1000.0,0.903,0.053451
1000.0,0.903,0.000945
1000.0,0.903,0.092165
1000.0,0.903,-0.024925
1000.0,0.903,0.022033
1000.0,0.903,0.007011
1000.0,0.903,0.181365
1000.0,0.903,-0.008717
1000.0,0.903,-0.000786
1000.0,0.903,-0.040570
1000.0,0.903,0.025261
1000.0,0.903,0.097117
1000.0,0.903,-0.000498
1000.0,0.903,0.055387
1000.0,0.903,-0.015768
1000.0,0.903,0.063853
1000.0,0.903,-0.049885
1000.0,0.903,-0.009975
1000.0,0.903,0.056936
1000.0,0.903,0.062578
1000.0,0.903,0.065430
1000.0,0.903,0.006338
1000.0,0.903,0.077746
1000.0,0.903,-0.074036
1000.0,0.903,0.039108
1000.0,0.903,0.070254
1000.0,0.903,0.075803
1000.0,0.903,0.019653
1000.0,0.903,0.025842
1000.0,0.903,0.068258
1000.0,0.903,-0.016428
1000.0,0.903,-0.024122
1000.0,0.903,-0.014507
1000.0,0.903,0.070275
1000.0,0.903,-0.111641
1000.0,0.903,-0.042050
1000.0,0.903,0.059843
1000.0,0.903,-0.037595
1000.0,0.903,-0.003680
1000.0,0.903,-0.083434
1000.0,0.903,0.036089
1000.0,0.903,-0.053344
1000.0,0.903,0.080706
1000.0,0.903,0.033591
1000.0,0.903,0.017147
1000.0,0.903,-0.004417
1000.0,0.903,0.149330
1000.0,0.903,0.058091
1000.0,0.903,-0.026443
1000.0,0.903,0.052571
1000.0,0.903,0.052780
1000.0,0.903,0.016553
1000.0,0.903,0.074938
1000.0,0.903,0.054358
1000.0,0.903,-0.048171
1000.0,0.950,0.035210
1000.0,0.950,0.012077
1000.0,0.950,-0.055954
1000.0,0.950,0.010930
1000.0,0.950,0.063785
1000.0,0.950,-0.015975
1000.0,0.950,0.098041
1000.0,0.950,0.010253
1000.0,0.950,0.008585
1000.0,0.950,-0.050939
1000.0,0.950,-0.003975
1000.0,0.950,0.146969
1000.0,0.950,0.029401
1000.0,0.950,-0.069869
1000.0,0.950,0.077116
1000.0,0.950,0.091908
1000.0,0.950,0.011223
1000.0,0.950,0.046578
1000.0,0.950,0.015279
1000.0,0.950,0.042383
1000.0,0.950,-0.057541
1000.0,0.950,0.024718
1000.0,0.950,0.115337
1000.0,0.950,-0.140234
1000.0,0.950,0.031582
1000.0,0.950,0.128261
1000.0,0.950,0.001249
1000.0,0.950,0.064913
1000.0,0.950,-0.022588
1000.0,0.950,0.101978
1000.0,0.950,0.082628
1000.0,0.950,0.099004
1000.0,0.950,-0.028295
1000.0,0.950,-0.023573
1000.0,0.950,0.138919
1000.0,0.950,-0.011459
1000.0,0.950,0.125472
1000.0,0.950,0.106844
1000.0,0.950,0.009055
1000.0,0.950,0.086925
1000.0,0.950,0.018815
1000.0,0.950,-0.101658
1000.0,0.950,-0.001487
1000.0,0.950,-0.099056
1000.0,0.950,-0.001678
1000.0,0.950,0.053859
1000.0,0.950,-0.029334
1000.0,0.950,0.077713
1000.0,0.950,-0.063652
1000.0,0.950,-0.003246
1000.0,0.950,0.006670
1000.0,0.950,0.186350
1000.0,0.950,-0.010887
1000.0,0.950,-0.025545
1000.0,0.950,-0.093806
1000.0,0.950,0.013581
1000.0,0.950,0.165580
1000.0,0.950,-0.028208
1000.0,0.950,0.054083
1000.0,0.950,-0.053501
1000.0,0.950,0.074140
1000.0,0.950,-0.054608
1000.0,0.950,-0.044677
1000.0,0.950,0.128767
1000.0,0.950,0.073429
1000.0,0.950,0.020330
1000.0,0.950,-0.016121
1000.0,0.950,0.119769
1000.0,0.950,-0.135140
1000.0,0.950,0.055155
1000.0,0.950,0.102387
1000.0,0.950,0.113748
1000.0,0.950,0.008511
1000.0,0.950,-0.007497
1000.0,0.950,0.066082
1000.0,0.950,-0.034781
1000.0,0.950,-0.043983
1000.0,0.950,0.009126
1000.0,0.950,0.089227
1000.0,0.950,-0.100839
1000.0,0.950,0.016455
1000.0,0.950,0.133614
1000.0,0.950,-0.046189
1000.0,0.950,0.006879
1000.0,0.950,-0.151013
1000.0,0.950,0.035197
1000.0,0.950,-0.087058
1000.0,0.950,0.138748
1000.0,0.950,0.025815
1000.0,0.950,-0.016555
1000.0,0.950,0.046723
1000.0,0.950,0.145994
1000.0,0.950,0.065956
1000.0,0.950,0.010392
1000.0,0.950,0.032458
1000.0,0.950,0.084040
1000.0,0.950,0.012149
1000.0,0.950,0.115178
1000.0,0.950,0.102001
1000.0,0.950,-0.034935
1000.0,0.850,0.011083
1000.0,0.850,-0.043051
1000.0,0.850,0.029885
1000.0,0.850,0.005517
1000.0,0.850,0.077104
1000.0,0.850,-0.068614
1000.0,0.850,-0.010260
1000.0,0.850,-0.019094
1000.0,0.850,0.006317
1000.0,0.850,-0.009610
1000.0,0.850,0.033915
1000.0,0.850,-0.013851
1000.0,0.850,0.060959
1000.0,0.850,-0.068202
1000.0,0.850,0.024153
1000.0,0.850,0.052600
1000.0,0.850,-0.014413
1000.0,0.850,-0.003889
1000.0,0.850,0.007417
1000.0,0.850,0.017024
1000.0,0.850,0.007140
1000.0,0.850,0.062220
1000.0,0.850,-0.032693
1000.0,0.850,-0.015498
1000.0,0.850,0.096576
1000.0,0.850,0.032951
1000.0,0.850,0.042616
1000.0,0.850,-0.071535
1000.0,0.850,0.034354
1000.0,0.850,0.028235
1000.0,0.850,0.048305
1000.0,0.850,0.027186
1000.0,0.850,0.027739
1000.0,0.850,0.035335
1000.0,0.850,-0.003632
1000.0,0.850,0.025346
1000.0,0.850,0.008908
1000.0,0.850,0.069942
1000.0,0.850,-0.029755
1000.0,0.850,0.027755
1000.0,0.850,-0.000391
1000.0,0.850,-0.042911
1000.0,0.850,0.057592
1000.0,0.850,0.008559
1000.0,0.850,0.009989
1000.0,0.850,0.009237
1000.0,0.850,-0.001579
1000.0,0.850,0.012365
1000.0,0.850,-0.041937
1000.0,0.850,0.039648
1000.0,0.850,-0.020600
1000.0,0.850,-0.010060
1000.0,0.850,0.006161
1000.0,0.850,-0.009894
1000.0,0.850,0.008313
1000.0,0.850,0.035556
1000.0,0.850,-0.037492
1000.0,0.850,0.017994
1000.0,0.850,0.025777
1000.0,0.850,0.093748
1000.0,0.850,0.061323
1000.0,0.850,0.070083
1000.0,0.850,-0.047540
1000.0,0.850,0.019751
1000.0,0.850,0.048376
1000.0,0.850,0.023803
1000.0,0.850,-0.032730
1000.0,0.850,-0.013005
1000.0,0.850,0.029449
1000.0,0.850,-0.047918
1000.0,0.850,0.038670
1000.0,0.850,-0.046544
1000.0,0.850,0.102505
1000.0,0.850,0.029720
1000.0,0.850,0.022319
1000.0,0.850,-0.019889
1000.0,0.850,-0.016062
1000.0,0.850,0.009231
1000.0,0.850,0.048739
1000.0,0.850,0.036394
1000.0,0.850,-0.044648
1000.0,0.850,0.011113
1000.0,0.850,0.064393
1000.0,0.850,0.076216
1000.0,0.850,0.071785
1000.0,0.850,0.023048
1000.0,0.850,0.026985
1000.0,0.850,0.028903
1000.0,0.850,0.097712
1000.0,0.850,0.042296
1000.0,0.850,-0.030080
1000.0,0.850,0.007978
1000.0,0.850,-0.064565
1000.0,0.850,0.077340
1000.0,0.850,-0.085108
1000.0,0.850,0.011887
1000.0,0.850,-0.028321
1000.0,0.850,0.111498
1000.0,0.850,0.011715
1000.0,0.850,0.059229
1000.0,0.903,0.043163
1000.0,0.903,-0.079241
1000.0,0.903,0.037951
1000.0,0.903,0.025738
1000.0,0.903,0.070142
1000.0,0.903,-0.101298
1000.0,0.903,-0.010460
1000.0,0.903,0.002549
1000.0,0.903,-0.052054
1000.0,0.903,-0.024388
1000.0,0.903,-0.004248
1000.0,0.903,-0.019352
1000.0,0.903,0.068513
1000.0,0.903,-0.021956
1000.0,0.903,0.069082
1000.0,0.903,0.098041
1000.0,0.903,0.109043
1000.0,0.903,-0.044159
1000.0,0.903,-0.012812
1000.0,0.903,0.037864
1000.0,0.903,-0.002275
1000.0,0.903,0.035473
1000.0,0.903,0.045166
1000.0,0.903,0.000256
1000.0,0.903,0.060739
1000.0,0.903,0.051252
1000.0,0.903,0.053980
1000.0,0.903,-0.074146
1000.0,0.903,0.054584
1000.0,0.903,0.050017
1000.0,0.903,0.042067
1000.0,0.903,0.029128
1000.0,0.903,0.059624
1000.0,0.903,0.058529
1000.0,0.903,-0.051611
1000.0,0.903,-0.003946
1000.0,0.903,0.032054
1000.0,0.903,0.040292
1000.0,0.903,-0.012076
1000.0,0.903,0.068994
1000.0,0.903,0.024883
1000.0,0.903,0.009906
1000.0,0.903,0.096609
1000.0,0.903,-0.019739
1000.0,0.903,-0.014406
1000.0,0.903,0.026358
1000.0,0.903,-0.009744
1000.0,0.903,0.021853
1000.0,0.903,0.024487
1000.0,0.903,0.005321
1000.0,0.903,0.031010
1000.0,0.903,0.011445
1000.0,0.903,-0.048415
1000.0,0.903,-0.013399
1000.0,0.903,0.007883
1000.0,0.903,0.041954
1000.0,0.903,-0.034886
1000.0,0.903,0.011220
1000.0,0.903,0.010740
1000.0,0.903,0.085291
1000.0,0.903,0.092484
1000.0,0.903,0.069904
1000.0,0.903,-0.009913
1000.0,0.903,0.099248
1000.0,0.903,0.082770
1000.0,0.903,0.041502
1000.0,0.903,-0.010402
1000.0,0.903,0.049992
1000.0,0.903,0.003398
1000.0,0.903,-0.069466
1000.0,0.903,0.017054
1000.0,0.903,-0.006933
1000.0,0.903,0.041617
1000.0,0.903,-0.004660
1000.0,0.903,0.036280
1000.0,0.903,-0.044000
1000.0,0.903,0.060432
1000.0,0.903,0.017094
1000.0,0.903,0.046332
1000.0,0.903,0.078031
1000.0,0.903,-0.025903
1000.0,0.903,0.015128
1000.0,0.903,0.077565
1000.0,0.903,0.108780
1000.0,0.903,0.100222
1000.0,0.903,0.012077
1000.0,0.903,0.057333
1000.0,0.903,0.042070
1000.0,0.903,0.146765
1000.0,0.903,0.097395
1000.0,0.903,0.034872
1000.0,0.903,0.027028
1000.0,0.903,0.044855
1000.0,0.903,0.031755
1000.0,0.903,-0.029622
1000.0,0.903,0.029352
1000.0,0.903,0.002832
1000.0,0.903,0.100955
1000.0,0.903,0.006142
1000.0,0.903,0.060304
1000.0,0.950,0.022224
1000.0,0.950,-0.091831
1000.0,0.950,0.066663
1000.0,0.950,0.008506
1000.0,0.950,0.103060
1000.0,0.950,-0.090521
1000.0,0.950,-0.013253
1000.0,0.950,0.033102
1000.0,0.950,-0.027489
1000.0,0.950,0.048186
1000.0,0.950,0.051437
1000.0,0.950,-0.013923
1000.0,0.950,0.027966
1000.0,0.950,0.005805
1000.0,0.950,0.114791
1000.0,0.950,0.121672
1000.0,0.950,0.143378
1000.0,0.950,0.001832
1000.0,0.950,0.008912
1000.0,0.950,0.087273
1000.0,0.950,0.009997
1000.0,0.950,0.059756
1000.0,0.950,0.099126
1000.0,0.950,-0.000309
1000.0,0.950,0.126378
1000.0,0.950,0.124248
1000.0,0.950,0.063317
1000.0,0.950,-0.040506
1000.0,0.950,0.058812
1000.0,0.950,0.054565
1000.0,0.950,0.108747
1000.0,0.950,-0.000321
1000.0,0.950,0.121149
1000.0,0.950,0.079003
1000.0,0.950,-0.100765
1000.0,0.950,0.038497
1000.0,0.950,0.074886
1000.0,0.950,0.028781
1000.0,0.950,0.018196
1000.0,0.950,0.090807
1000.0,0.950,0.078780
1000.0,0.950,-0.020530
1000.0,0.950,0.112919
1000.0,0.950,-0.054893
1000.0,0.950,0.005343
1000.0,0.950,0.036303
1000.0,0.950,-0.015287
1000.0,0.950,0.088792
1000.0,0.950,0.082202
1000.0,0.950,0.080512
1000.0,0.950,0.047512
1000.0,0.950,0.022640
1000.0,0.950,-0.026749
1000.0,0.950,-0.006332
1000.0,0.950,0.048605
1000.0,0.950,0.103216
1000.0,0.950,-0.017106
1000.0,0.950,-0.056105
1000.0,0.950,0.016068
1000.0,0.950,0.119972
1000.0,0.950,0.073886
1000.0,0.950,0.100610
1000.0,0.950,-0.057370
1000.0,0.950,0.136955
1000.0,0.950,0.136218
1000.0,0.950,0.073967
1000.0,0.950,0.002850
1000.0,0.950,0.058430
1000.0,0.950,-0.005755
1000.0,0.950,-0.096153
1000.0,0.950,0.002593
1000.0,0.950,-0.015996
1000.0,0.950,0.074798
1000.0,0.950,-0.029940
1000.0,0.950,0.068366
1000.0,0.950,-0.002835
1000.0,0.950,0.094861
1000.0,0.950,0.048313
1000.0,0.950,0.042899
1000.0,0.950,0.038347
1000.0,0.950,-0.040947
1000.0,0.950,0.077817
1000.0,0.950,0.124097
1000.0,0.950,0.140674
1000.0,0.950,0.123224
1000.0,0.950,0.022487
1000.0,0.950,0.032662
1000.0,0.950,0.033107
1000.0,0.950,0.126675
1000.0,0.950,0.135633
1000.0,0.950,0.016723
1000.0,0.950,0.094097
1000.0,0.950,0.100823
1000.0,0.950,0.057966
1000.0,0.950,-0.019776
1000.0,0.950,0.053241
1000.0,0.950,0.068817
1000.0,0.950,0.040016
1000.0,0.950,0.057554
1000.0,0.950,0.139330
1000.0,0.850,-0.020164
1000.0,0.850,-0.027000
1000.0,0.850,-0.058416
1000.0,0.850,0.006584
1000.0,0.850,-0.066339
1000.0,0.850,0.032028
1000.0,0.850,-0.012268
1000.0,0.850,0.037645
1000.0,0.850,-0.042661
1000.0,0.850,0.047875
1000.0,0.850,-0.023867
1000.0,0.850,-0.010073
1000.0,0.850,0.037131
1000.0,0.850,-0.047151
1000.0,0.850,-0.022936
1000.0,0.850,0.000962
1000.0,0.850,0.002276
1000.0,0.850,-0.036566
1000.0,0.850,0.041272
1000.0,0.850,0.000163
1000.0,0.850,-0.028615
1000.0,0.850,0.001056
1000.0,0.850,-0.028922
1000.0,0.850,0.003568
1000.0,0.850,-0.040221
1000.0,0.850,-0.020780
1000.0,0.850,0.006357
1000.0,0.850,-0.085956
1000.0,0.850,-0.017891
1000.0,0.850,0.053118
1000.0,0.850,-0.065990
1000.0,0.850,-0.023034
1000.0,0.850,0.017435
1000.0,0.850,-0.049080
1000.0,0.850,0.032280
1000.0,0.850,-0.027459
1000.0,0.850,0.011388
1000.0,0.850,0.000776
1000.0,0.850,0.022633
1000.0,0.850,0.019268
1000.0,0.850,0.052717
1000.0,0.850,0.048280
1000.0,0.850,0.039246
1000.0,0.850,-0.091034
1000.0,0.850,-0.093506
1000.0,0.850,0.002703
1000.0,0.850,-0.023751
1000.0,0.850,-0.017977
1000.0,0.850,0.032658
1000.0,0.850,-0.061714
1000.0,0.850,0.048100
1000.0,0.850,-0.007721
1000.0,0.850,0.070129
1000.0,0.850,-0.003914
1000.0,0.850,-0.003584
1000.0,0.850,-0.021316
1000.0,0.850,-0.037409
1000.0,0.850,-0.007642
1000.0,0.850,0.032099
1000.0,0.850,-0.098244
1000.0,0.850,-0.007184
1000.0,0.850,-0.077526
1000.0,0.850,-0.001211
1000.0,0.850,0.032884
1000.0,0.850,0.106154
1000.0,0.850,-0.034183
1000.0,0.850,-0.028581
1000.0,0.850,-0.060688
1000.0,0.850,-0.054720
1000.0,0.850,-0.064244
1000.0,0.850,-0.020551
1000.0,0.850,0.040201
1000.0,0.850,-0.058160
1000.0,0.850,-0.029777
1000.0,0.850,0.030722
1000.0,0.850,-0.031497
1000.0,0.850,-0.033215
1000.0,0.850,-0.042977
1000.0,0.850,-0.021567
1000.0,0.850,0.052084
1000.0,0.850,-0.016529
1000.0,0.850,-0.041475
1000.0,0.850,0.038206
1000.0,0.850,-0.007422
1000.0,0.850,-0.022853
1000.0,0.850,-0.030909
1000.0,0.850,-0.003734
1000.0,0.850,-0.081822
1000.0,0.850,0.029435
1000.0,0.850,0.029157
1000.0,0.850,0.045990
1000.0,0.850,-0.045347
1000.0,0.850,-0.008465
1000.0,0.850,-0.003657
1000.0,0.850,0.020292
1000.0,0.850,-0.092140
1000.0,0.850,-0.096439
1000.0,0.850,0.018507
1000.0,0.850,-0.047131
1000.0,0.850,0.009432
1000.0,0.903,-0.026646
1000.0,0.903,0.003119
1000.0,0.903,-0.115168
1000.0,0.903,-0.050618
1000.0,0.903,-0.076942
1000.0,0.903,0.024885
1000.0,0.903,0.013483
1000.0,0.903,-0.035984
1000.0,0.903,-0.045517
1000.0,0.903,0.074126
1000.0,0.903,-0.068600
1000.0,0.903,-0.025864
1000.0,0.903,0.096514
1000.0,0.903,-0.035420
1000.0,0.903,-0.007101
1000.0,0.903,0.024362
1000.0,0.903,-0.008429
1000.0,0.903,-0.023494
1000.0,0.903,-0.003409
1000.0,0.903,-0.012043
1000.0,0.903,-0.010867
1000.0,0.903,0.014405
1000.0,0.903,-0.040502
1000.0,0.903,0.069658
1000.0,0.903,-0.097763
1000.0,0.903,0.003270
1000.0,0.903,-0.002620
1000.0,0.903,-0.022461
1000.0,0.903,-0.019947
1000.0,0.903,0.019558
1000.0,0.903,-0.028825
1000.0,0.903,-0.024451
1000.0,0.903,-0.061337
1000.0,0.903,-0.076985
1000.0,0.903,0.029020
1000.0,0.903,-0.021281
1000.0,0.903,-0.057717
1000.0,0.903,0.001601
1000.0,0.903,-0.013253
1000.0,0.903,-0.006472
1000.0,0.903,0.034444
1000.0,0.903,-0.026109
1000.0,0.903,-0.028385
1000.0,0.903,-0.076722
1000.0,0.903,-0.066085
1000.0,0.903,0.002422
1000.0,0.903,-0.051484
1000.0,0.903,-0.038583
1000.0,0.903,-0.058461
1000.0,0.903,-0.087621
1000.0,0.903,0.094792
1000.0,0.903,0.019463
1000.0,0.903,0.030797
1000.0,0.903,0.059104
1000.0,0.903,-0.034307
1000.0,0.903,0.006527
1000.0,0.903,-0.032597
1000.0,0.903,0.030635
1000.0,0.903,0.001576
1000.0,0.903,-0.104337
1000.0,0.903,0.008449
1000.0,0.903,-0.037548
1000.0,0.903,0.040127
1000.0,0.903,0.026847
1000.0,0.903,0.092920
1000.0,0.903,-0.075519
1000.0,0.903,-0.056903
1000.0,0.903,-0.080020
1000.0,0.903,-0.078655
1000.0,0.903,-0.074862
1000.0,0.903,-0.056052
1000.0,0.903,0.006830
1000.0,0.903,-0.026079
1000.0,0.903,-0.052899
1000.0,0.903,0.027421
1000.0,0.903,-0.050315
1000.0,0.903,-0.059557
1000.0,0.903,-0.039028
1000.0,0.903,-0.018617
1000.0,0.903,0.008564
1000.0,0.903,-0.029551
1000.0,0.903,-0.018005
1000.0,0.903,0.006930
1000.0,0.903,-0.016876
1000.0,0.903,0.028335
1000.0,0.903,-0.004182
1000.0,0.903,-0.002130
1000.0,0.903,-0.135813
1000.0,0.903,-0.018517
1000.0,0.903,0.007304
1000.0,0.903,-0.008222
1000.0,0.903,0.007403
1000.0,0.903,-0.010621
1000.0,0.903,0.006057
1000.0,0.903,0.042975
1000.0,0.903,-0.081928
1000.0,0.903,-0.081776
1000.0,0.903,-0.012277
1000.0,0.903,-0.037061
1000.0,0.903,0.119319
1000.0,0.950,-0.054633
1000.0,0.950,0.011506
1000.0,0.950,-0.143170
1000.0,0.950,-0.042428
1000.0,0.950,-0.080662
1000.0,0.950,-0.031066
1000.0,0.950,0.077888
1000.0,0.950,-0.040523
1000.0,0.950,-0.041216
1000.0,0.950,0.058662
1000.0,0.950,-0.058206
1000.0,0.950,-0.026783
1000.0,0.950,0.045299
1000.0,0.950,-0.046744
1000.0,0.950,-0.039986
1000.0,0.950,-0.008220
1000.0,0.950,0.021322
1000.0,0.950,-0.023728
1000.0,0.950,-0.020658
1000.0,0.950,-0.005491
1000.0,0.950,-0.059512
1000.0,0.950,-0.027918
1000.0,0.950,-0.054435
1000.0,0.950,0.104798
1000.0,0.950,-0.041956
1000.0,0.950,0.000522
1000.0,0.950,0.012464
1000.0,0.950,-0.052641
1000.0,0.950,-0.023843
1000.0,0.950,0.053135
1000.0,0.950,-0.034906
1000.0,0.950,0.001747
1000.0,0.950,-0.070728
1000.0,0.950,-0.077045
1000.0,0.950,-0.006304
1000.0,0.950,-0.096671
1000.0,0.950,-0.029636
1000.0,0.950,-0.024160
1000.0,0.950,-0.075024
1000.0,0.950,-0.027733
1000.0,0.950,0.089495
1000.0,0.950,0.005255
1000.0,0.950,-0.007438
1000.0,0.950,-0.147169
1000.0,0.950,-0.057243
1000.0,0.950,-0.019635
1000.0,0.950,-0.074244
1000.0,0.950,0.007539
1000.0,0.950,-0.072392
1000.0,0.950,-0.088663
1000.0,0.950,0.089069
1000.0,0.950,-0.005064
1000.0,0.950,0.015129
1000.0,0.950,0.129268
1000.0,0.950,-0.037313
1000.0,0.950,-0.047979
1000.0,0.950,-0.056034
1000.0,0.950,0.023628
1000.0,0.950,-0.023380
1000.0,0.950,-0.162717
1000.0,0.950,-0.023843
1000.0,0.950,-0.010954
1000.0,0.950,0.051442
1000.0,0.950,0.013794
1000.0,0.950,0.080555
1000.0,0.950,-0.092252
1000.0,0.950,-0.038352
1000.0,0.950,-0.107873
1000.0,0.950,-0.080847
1000.0,0.950,-0.124414
1000.0,0.950,-0.000085
1000.0,0.950,0.010864
1000.0,0.950,-0.089868
1000.0,0.950,-0.017324
1000.0,0.950,-0.001974
1000.0,0.950,-0.099204
1000.0,0.950,-0.029401
1000.0,0.950,-0.024685
1000.0,0.950,-0.015134
1000.0,0.950,-0.069853
1000.0,0.950,-0.014400
1000.0,0.950,-0.021751
1000.0,0.950,0.040168
1000.0,0.950,-0.005396
1000.0,0.950,0.041430
1000.0,0.950,0.014555
1000.0,0.950,0.025611
1000.0,0.950,-0.140986
1000.0,0.950,-0.051363
1000.0,0.950,0.034709
1000.0,0.950,-0.001567
1000.0,0.950,0.026664
1000.0,0.950,0.024377
1000.0,0.950,-0.016463
1000.0,0.950,-0.000816
1000.0,0.950,-0.068154
1000.0,0.950,-0.053465
1000.0,0.950,0.049709
1000.0,0.950,-0.060136
1000.0,0.950,0.161828
1000.0,0.850,0.003344
1000.0,0.850,0.024799
1000.0,0.850,-0.022722
1000.0,0.850,0.029119
1000.0,0.850,0.093378
1000.0,0.850,-0.059039
1000.0,0.850,-0.048952
1000.0,0.850,0.018734
1000.0,0.850,0.026966
1000.0,0.850,-0.033525
1000.0,0.850,-0.082277
1000.0,0.850,0.021159
1000.0,0.850,0.018571
1000.0,0.850,0.024473
1000.0,0.850,0.021666
1000.0,0.850,-0.041118
1000.0,0.850,0.018535
1000.0,0.850,-0.025554
1000.0,0.850,0.020216
1000.0,0.850,-0.030969
1000.0,0.850,0.001571
1000.0,0.850,-0.018823
1000.0,0.850,0.063232
1000.0,0.850,0.020051
1000.0,0.850,0.053306
1000.0,0.850,-0.038370
1000.0,0.850,0.029497
1000.0,0.850,0.015544
1000.0,0.850,0.030346
1000.0,0.850,0.034265
1000.0,0.850,0.005462
1000.0,0.850,0.002906
1000.0,0.850,-0.009328
1000.0,0.850,0.097916
1000.0,0.850,0.087962
1000.0,0.850,0.014199
1000.0,0.850,0.040279
1000.0,0.850,0.029268
1000.0,0.850,0.053981
1000.0,0.850,-0.039303
1000.0,0.850,0.080504
1000.0,0.850,-0.003349
1000.0,0.850,0.111556
1000.0,0.850,-0.019270
1000.0,0.850,0.025014
1000.0,0.850,0.015686
1000.0,0.850,-0.022291
1000.0,0.850,-0.005687
1000.0,0.850,-0.016610
1000.0,0.850,-0.067006
1000.0,0.850,0.019962
1000.0,0.850,-0.013394
1000.0,0.850,-0.007556
1000.0,0.850,0.025869
1000.0,0.850,0.047732
1000.0,0.850,0.029370
1000.0,0.850,-0.004657
1000.0,0.850,0.024821
1000.0,0.850,-0.034209
1000.0,0.850,-0.023089
1000.0,0.850,0.001175
1000.0,0.850,0.004708
1000.0,0.850,-0.006695
1000.0,0.850,0.014083
1000.0,0.850,0.050040
1000.0,0.850,0.039870
1000.0,0.850,0.000742
1000.0,0.850,0.065991
1000.0,0.850,0.019631
1000.0,0.850,0.010474
1000.0,0.850,-0.014406
1000.0,0.850,-0.058017
1000.0,0.850,0.007787
1000.0,0.850,0.003337
1000.0,0.850,0.066456
1000.0,0.850,0.044609
1000.0,0.850,-0.096289
1000.0,0.850,0.018888
1000.0,0.850,0.001880
1000.0,0.850,0.036434
1000.0,0.850,0.052573
1000.0,0.850,0.020496
1000.0,0.850,0.071774
1000.0,0.850,-0.023364
1000.0,0.850,0.089759
1000.0,0.850,-0.049526
1000.0,0.850,0.015894
1000.0,0.850,0.022033
1000.0,0.850,-0.031463
1000.0,0.850,0.070886
1000.0,0.850,-0.002228
1000.0,0.850,0.023409
1000.0,0.850,-0.039630
1000.0,0.850,0.025058
1000.0,0.850,-0.039983
1000.0,0.850,0.075626
1000.0,0.850,-0.028493
1000.0,0.850,0.002319
1000.0,0.850,-0.046151
1000.0,0.850,0.024370
1000.0,0.903,-0.009254
1000.0,0.903,0.095844
1000.0,0.903,0.005026
1000.0,0.903,-0.033658
1000.0,0.903,0.139691
1000.0,0.903,-0.010599
1000.0,0.903,-0.106385
1000.0,0.903,0.023164
1000.0,0.903,0.048204
1000.0,0.903,-0.012934
1000.0,0.903,-0.098024
1000.0,0.903,-0.002717
1000.0,0.903,-0.010643
1000.0,0.903,0.062650
1000.0,0.903,0.016706
1000.0,0.903,-0.030346
1000.0,0.903,0.030220
1000.0,0.903,-0.013398
1000.0,0.903,0.051125
1000.0,0.903,0.010753
1000.0,0.903,-0.082701
1000.0,0.903,-0.019903
1000.0,0.903,0.107842
1000.0,0.903,0.038282
1000.0,0.903,0.071650
1000.0,0.903,-0.045173
1000.0,0.903,0.052728
1000.0,0.903,0.060385
1000.0,0.903,0.042901
1000.0,0.903,0.019132
1000.0,0.903,0.012514
1000.0,0.903,-0.060708
1000.0,0.903,0.013747
1000.0,0.903,0.077430
1000.0,0.903,0.040113
1000.0,0.903,0.079209
1000.0,0.903,0.065404
1000.0,0.903,0.012476
1000.0,0.903,0.049326
1000.0,0.903,-0.053034
1000.0,0.903,0.042322
1000.0,0.903,-0.035879
1000.0,0.903,0.070059
1000.0,0.903,-0.061579
1000.0,0.903,0.097978
1000.0,0.903,0.005522
1000.0,0.903,-0.033522
1000.0,0.903,-0.058076
1000.0,0.903,0.001013
1000.0,0.903,-0.072591
1000.0,0.903,0.057221
1000.0,0.903,-0.025523
1000.0,0.903,-0.025191
1000.0,0.903,0.036985
1000.0,0.903,0.057860
1000.0,0.903,-0.059513
1000.0,0.903,0.003774
1000.0,0.903,0.014895
1000.0,0.903,0.019248
1000.0,0.903,-0.053019
1000.0,0.903,0.023558
1000.0,0.903,0.017383
1000.0,0.903,0.013209
1000.0,0.903,0.103752
1000.0,0.903,0.072521
1000.0,0.903,0.075281
1000.0,0.903,0.023767
1000.0,0.903,0.074641
1000.0,0.903,0.040137
1000.0,0.903,0.053166
1000.0,0.903,0.048395
1000.0,0.903,-0.103926
1000.0,0.903,0.042710
1000.0,0.903,-0.033123
1000.0,0.903,0.041463
1000.0,0.903,0.006135
1000.0,0.903,-0.098772
1000.0,0.903,0.021744
1000.0,0.903,0.015652
1000.0,0.903,0.020430
1000.0,0.903,0.015471
1000.0,0.903,0.011139
1000.0,0.903,0.058043
1000.0,0.903,-0.022226
1000.0,0.903,0.081797
1000.0,0.903,-0.003578
1000.0,0.903,-0.013903
1000.0,0.903,-0.024102
1000.0,0.903,-0.084474
1000.0,0.903,0.036563
1000.0,0.903,-0.053188
1000.0,0.903,0.105503
1000.0,0.903,0.020474
1000.0,0.903,0.000999
1000.0,0.903,-0.039316
1000.0,0.903,0.065342
1000.0,0.903,-0.021107
1000.0,0.903,0.038833
1000.0,0.903,-0.065324
1000.0,0.903,0.012888
1000.0,0.950,0.035438
1000.0,0.950,0.087901
1000.0,0.950,0.039484
1000.0,0.950,0.011075
1000.0,0.950,0.167174
1000.0,0.950,-0.020950
1000.0,0.950,-0.150832
1000.0,0.950,0.006012
1000.0,0.950,0.063366
1000.0,0.950,0.000846
1000.0,0.950,-0.124211
1000.0,0.950,0.047371
1000.0,0.950,-0.003341
1000.0,0.950,0.065610
1000.0,0.950,0.010981
1000.0,0.950,0.053681
1000.0,0.950,0.081652
1000.0,0.950,0.006714
1000.0,0.950,0.095592
1000.0,0.950,0.021938
1000.0,0.950,-0.121773
1000.0,0.950,-0.014407
1000.0,0.950,0.114797
1000.0,0.950,0.055629
1000.0,0.950,0.066458
1000.0,0.950,-0.030703
1000.0,0.950,0.070397
1000.0,0.950,0.045681
1000.0,0.950,0.057937
1000.0,0.950,0.114199
1000.0,0.950,0.002890
1000.0,0.950,-0.039885
1000.0,0.950,0.055407
1000.0,0.950,0.020514
1000.0,0.950,0.088993
1000.0,0.950,0.074491
1000.0,0.950,0.015830
1000.0,0.950,0.093340
1000.0,0.950,0.004628
1000.0,0.950,0.006364
1000.0,0.950,0.016628
1000.0,0.950,-0.011914
1000.0,0.950,0.060029
1000.0,0.950,-0.057439
1000.0,0.950,0.101955
1000.0,0.950,-0.020270
1000.0,0.950,-0.046338
1000.0,0.950,-0.015845
1000.0,0.950,-0.026674
1000.0,0.950,-0.020758
1000.0,0.950,0.117575
1000.0,0.950,0.022165
1000.0,0.950,-0.045791
1000.0,0.950,0.029552
1000.0,0.950,0.073079
1000.0,0.950,-0.075473
1000.0,0.950,0.033142
1000.0,0.950,0.006110
1000.0,0.950,0.024636
1000.0,0.950,-0.056886
1000.0,0.950,0.039295
1000.0,0.950,-0.007091
1000.0,0.950,0.021339
1000.0,0.950,0.070867
1000.0,0.950,0.099733
1000.0,0.950,0.134768
1000.0,0.950,-0.022682
1000.0,0.950,0.111402
1000.0,0.950,-0.003009
1000.0,0.950,0.040798
1000.0,0.950,0.057534
1000.0,0.950,-0.016917
1000.0,0.950,0.053404
1000.0,0.950,-0.066611
1000.0,0.950,0.026032
1000.0,0.950,0.032971
1000.0,0.950,-0.079519
1000.0,0.950,0.025669
1000.0,0.950,0.019090
1000.0,0.950,-0.003965
1000.0,0.950,0.100412
1000.0,0.950,-0.025023
1000.0,0.950,0.069358
1000.0,0.950,-0.007027
1000.0,0.950,0.116675
1000.0,0.950,-0.062983
1000.0,0.950,-0.006466
1000.0,0.950,-0.028467
1000.0,0.950,-0.083647
1000.0,0.950,0.058998
1000.0,0.950,-0.030953
1000.0,0.950,0.098103
1000.0,0.950,0.024169
1000.0,0.950,0.008306
1000.0,0.950,0.046177
1000.0,0.950,0.105436
1000.0,0.950,0.032712
1000.0,0.950,-0.007229
1000.0,0.950,-0.052722
1000.0,0.950,-0.048653
1000.0,0.850,0.030837
1000.0,0.850,-0.009031
1000.0,0.850,0.024617
1000.0,0.850,-0.016109
1000.0,0.850,-0.006846
1000.0,0.850,-0.034402
1000.0,0.850,0.009815
1000.0,0.850,0.016485
1000.0,0.850,0.045836
1000.0,0.850,-0.030529
1000.0,0.850,0.042902
1000.0,0.850,0.018600
1000.0,0.850,0.043549
1000.0,0.850,0.018898
1000.0,0.850,0.012828
1000.0,0.850,0.025804
1000.0,0.850,0.051802
1000.0,0.850,-0.045290
1000.0,0.850,0.015589
1000.0,0.850,0.013430
1000.0,0.850,-0.058891
1000.0,0.850,0.075062
1000.0,0.850,0.034899
1000.0,0.850,-0.053926
1000.0,0.850,0.045906
1000.0,0.850,0.002251
1000.0,0.850,0.074436
1000.0,0.850,0.021420
1000.0,0.850,-0.035100
1000.0,0.850,-0.037576
1000.0,0.850,0.034344
1000.0,0.850,0.014843
1000.0,0.850,0.068832
1000.0,0.850,0.073164
1000.0,0.850,0.044180
1000.0,0.850,0.015646
1000.0,0.850,0.061577
1000.0,0.850,0.018008
1000.0,0.850,-0.062192
1000.0,0.850,0.026641
1000.0,0.850,-0.013843
1000.0,0.850,0.048458
1000.0,0.850,-0.043977
1000.0,0.850,0.012481
1000.0,0.850,0.027036
1000.0,0.850,-0.051099
1000.0,0.850,0.063512
1000.0,0.850,0.010865
1000.0,0.850,-0.000518
1000.0,0.850,0.012690
1000.0,0.850,0.029499
1000.0,0.850,0.045846
1000.0,0.850,-0.079002
1000.0,0.850,0.037023
1000.0,0.850,0.116773
1000.0,0.850,-0.025065
1000.0,0.850,-0.014309
1000.0,0.850,-0.013958
1000.0,0.850,0.048662
1000.0,0.850,0.070025
1000.0,0.850,-0.000536
1000.0,0.850,0.023428
1000.0,0.850,-0.007334
1000.0,0.850,0.103824
1000.0,0.850,0.007158
1000.0,0.850,-0.028261
1000.0,0.850,0.074049
1000.0,0.850,-0.019184
1000.0,0.850,-0.038408
1000.0,0.850,0.008016
1000.0,0.850,-0.022826
1000.0,0.850,0.014773
1000.0,0.850,0.057778
1000.0,0.850,-0.056699
1000.0,0.850,0.052748
1000.0,0.850,0.011294
1000.0,0.850,0.042418
1000.0,0.850,-0.010641
1000.0,0.850,0.078722
1000.0,0.850,0.047453
1000.0,0.850,0.071690
1000.0,0.850,0.045080
1000.0,0.850,0.012834
1000.0,0.850,-0.016619
1000.0,0.850,-0.008861
1000.0,0.850,0.033362
1000.0,0.850,0.018397
1000.0,0.850,0.017813
1000.0,0.850,-0.063208
1000.0,0.850,0.029381
1000.0,0.850,0.009849
1000.0,0.850,0.016300
1000.0,0.850,-0.029580
1000.0,0.850,-0.018769
1000.0,0.850,0.002717
1000.0,0.850,0.049287
1000.0,0.850,0.030535
1000.0,0.850,-0.041243
1000.0,0.850,-0.049784
1000.0,0.850,0.000927
1000.0,0.903,0.019590
1000.0,0.903,0.008251
1000.0,0.903,0.049950
1000.0,0.903,-0.037414
1000.0,0.903,0.013285
1000.0,0.903,0.022708
1000.0,0.903,0.009327
1000.0,0.903,-0.029563
1000.0,0.903,0.073036
1000.0,0.903,-0.012354
1000.0,0.903,0.026295
1000.0,0.903,0.042668
1000.0,0.903,0.020068
1000.0,0.903,-0.028825
1000.0,0.903,-0.018277
1000.0,0.903,0.035080
1000.0,0.903,0.035296
1000.0,0.903,-0.050001
1000.0,0.903,0.058284
1000.0,0.903,0.021960
1000.0,0.903,-0.027510
1000.0,0.903,0.117719
1000.0,0.903,0.102399
1000.0,0.903,-0.107867
1000.0,0.903,0.007975
1000.0,0.903,0.016153
1000.0,0.903,0.086679
1000.0,0.903,0.059482
1000.0,0.903,-0.051187
1000.0,0.903,-0.039310
1000.0,0.903,0.046588
1000.0,0.903,-0.026459
1000.0,0.903,0.035076
1000.0,0.903,0.056440
1000.0,0.903,0.058859
1000.0,0.903,0.031939
1000.0,0.903,0.093506
1000.0,0.903,0.004521
1000.0,0.903,-0.044919
1000.0,0.903,-0.021944
1000.0,0.903,0.033649
1000.0,0.903,0.138123
1000.0,0.903,-0.087745
1000.0,0.903,-0.012927
1000.0,0.903,-0.008929
1000.0,0.903,-0.044277
1000.0,0.903,0.111284
1000.0,0.903,0.048150
1000.0,0.903,-0.051265
1000.0,0.903,-0.023472
1000.0,0.903,0.016271
1000.0,0.903,0.064665
1000.0,0.903,-0.037646
1000.0,0.903,-0.026351
1000.0,0.903,0.148610
1000.0,0.903,-0.001112
1000.0,0.903,0.001216
1000.0,0.903,-0.022743
1000.0,0.903,0.023971
1000.0,0.903,0.056340
1000.0,0.903,0.019126
1000.0,0.903,0.004934
1000.0,0.903,-0.031984
1000.0,0.903,0.072621
1000.0,0.903,0.006206
1000.0,0.903,-0.014123
1000.0,0.903,0.062713
1000.0,0.903,-0.069299
1000.0,0.903,0.048909
1000.0,0.903,0.013017
1000.0,0.903,0.023727
1000.0,0.903,-0.013016
1000.0,0.903,0.102114
1000.0,0.903,-0.013203
1000.0,0.903,0.014052
1000.0,0.903,-0.002261
1000.0,0.903,0.090704
1000.0,0.903,0.007411
1000.0,0.903,0.063928
1000.0,0.903,-0.051013
1000.0,0.903,0.067110
1000.0,0.903,-0.024441
1000.0,0.903,0.007101
1000.0,0.903,0.029896
1000.0,0.903,0.025693
1000.0,0.903,-0.007803
1000.0,0.903,0.018446
1000.0,0.903,0.028246
1000.0,0.903,-0.062192
1000.0,0.903,0.043423
1000.0,0.903,-0.047440
1000.0,0.903,0.012329
1000.0,0.903,-0.036965
1000.0,0.903,-0.038882
1000.0,0.903,0.021155
1000.0,0.903,0.028269
1000.0,0.903,0.102647
1000.0,0.903,-0.010603
1000.0,0.903,-0.082084
1000.0,0.903,-0.075253
1000.0,0.950,0.055241
1000.0,0.950,0.096190
1000.0,0.950,0.027806
1000.0,0.950,-0.071780
1000.0,0.950,0.009810
1000.0,0.950,-0.053367
1000.0,0.950,-0.017154
1000.0,0.950,-0.007491
1000.0,0.950,0.095374
1000.0,0.950,0.003354
1000.0,0.950,0.091431
1000.0,0.950,0.052673
1000.0,0.950,-0.001347
1000.0,0.950,0.006674
1000.0,0.950,0.058728
1000.0,0.950,0.008618
1000.0,0.950,0.071103
1000.0,0.950,0.007073
1000.0,0.950,-0.001112
1000.0,0.950,0.036597
1000.0,0.950,-0.020903
1000.0,0.950,0.151817
1000.0,0.950,0.098982
1000.0,0.950,-0.111506
1000.0,0.950,-0.017441
1000.0,0.950,-0.005537
1000.0,0.950,0.082164
1000.0,0.950,0.097827
1000.0,0.950,-0.054630
1000.0,0.950,-0.034055
1000.0,0.950,0.027468
1000.0,0.950,0.028550
1000.0,0.950,-0.008715
1000.0,0.950,0.112144
1000.0,0.950,0.010268
1000.0,0.950,0.018467
1000.0,0.950,0.099845
1000.0,0.950,-0.009402
1000.0,0.950,-0.051962
1000.0,0.950,-0.036199
1000.0,0.950,0.002782
1000.0,0.950,0.161062
1000.0,0.950,-0.087213
1000.0,0.950,0.016999
1000.0,0.950,-0.033631
1000.0,0.950,-0.031912
1000.0,0.950,0.166830
1000.0,0.950,0.020564
1000.0,0.950,-0.079333
1000.0,0.950,0.006239
1000.0,0.950,0.025875
1000.0,0.950,0.081250
1000.0,0.950,-0.001353
1000.0,0.950,-0.019982
1000.0,0.950,0.178989
1000.0,0.950,-0.009549
1000.0,0.950,0.016748
1000.0,0.950,-0.007017
1000.0,0.950,0.035327
1000.0,0.950,0.090793
1000.0,0.950,0.058944
1000.0,0.950,0.051489
1000.0,0.950,0.033151
1000.0,0.950,0.011132
1000.0,0.950,0.015120
1000.0,0.950,-0.005527
1000.0,0.950,0.090965
1000.0,0.950,0.003201
1000.0,0.950,0.058915
1000.0,0.950,0.023994
1000.0,0.950,0.068388
1000.0,0.950,-0.043990
1000.0,0.950,0.136808
1000.0,0.950,-0.038111
1000.0,0.950,0.053767
1000.0,0.950,-0.012317
1000.0,0.950,0.091906
1000.0,0.950,0.010809
1000.0,0.950,0.078789
1000.0,0.950,-0.036248
1000.0,0.950,0.095292
1000.0,0.950,-0.043401
1000.0,0.950,0.020949
1000.0,0.950,0.062578
1000.0,0.950,0.093483
1000.0,0.950,-0.012967
1000.0,0.950,0.095587
1000.0,0.950,0.000101
1000.0,0.950,-0.037500
1000.0,0.950,0.034433
1000.0,0.950,-0.073770
1000.0,0.950,0.005325
1000.0,0.950,-0.028258
1000.0,0.950,-0.037740
1000.0,0.950,0.039419
1000.0,0.950,0.064369
1000.0,0.950,0.095387
1000.0,0.950,-0.036218
1000.0,0.950,-0.037591
1000.0,0.950,-0.032300
1000.0,0.850,-0.042398
1000.0,0.850,0.064600
1000.0,0.850,0.037241
1000.0,0.850,0.051905
1000.0,0.850,-0.049010
1000.0,0.850,-0.022138
1000.0,0.850,-0.026403
1000.0,0.850,-0.045616
1000.0,0.850,-0.007832
1000.0,0.850,-0.103739
1000.0,0.850,0.023065
1000.0,0.850,0.003521
1000.0,0.850,-0.076231
1000.0,0.850,-0.062370
1000.0,0.850,0.004153
1000.0,0.850,-0.012940
1000.0,0.850,-0.005515
1000.0,0.850,-0.004792
1000.0,0.850,-0.051436
1000.0,0.850,0.082551
1000.0,0.850,-0.001222
1000.0,0.850,0.006453
1000.0,0.850,-0.064743
1000.0,0.850,-0.007603
1000.0,0.850,0.052238
1000.0,0.850,0.053569
1000.0,0.850,0.021998
1000.0,0.850,0.013921
1000.0,0.850,-0.050131
1000.0,0.850,-0.035097
1000.0,0.850,0.012825
1000.0,0.850,-0.008713
1000.0,0.850,-0.002935
1000.0,0.850,-0.034781
1000.0,0.850,-0.073581
1000.0,0.850,-0.020220
1000.0,0.850,0.008175
1000.0,0.850,-0.041404
1000.0,0.850,0.055162
1000.0,0.850,0.070727
1000.0,0.850,0.078041
1000.0,0.850,0.020651
1000.0,0.850,-0.025133
1000.0,0.850,-0.080070
1000.0,0.850,-0.102028
1000.0,0.850,-0.062668
1000.0,0.850,-0.001595
1000.0,0.850,0.014820
1000.0,0.850,-0.031114
1000.0,0.850,0.101166
1000.0,0.850,-0.002384
1000.0,0.850,-0.009356
1000.0,0.850,-0.062063
1000.0,0.850,0.039952
1000.0,0.850,0.005334
1000.0,0.850,0.063291
1000.0,0.850,0.029950
1000.0,0.850,-0.023277
1000.0,0.850,0.053735
1000.0,0.850,-0.035045
1000.0,0.850,0.039889
1000.0,0.850,0.079300
1000.0,0.850,-0.025864
1000.0,0.850,-0.022637
1000.0,0.850,0.009129
1000.0,0.850,0.013266
1000.0,0.850,0.039860
1000.0,0.850,-0.016922
1000.0,0.850,-0.002500
1000.0,0.850,-0.002742
1000.0,0.850,-0.005603
1000.0,0.850,0.050417
1000.0,0.850,-0.057535
1000.0,0.850,0.009261
1000.0,0.850,0.034381
1000.0,0.850,0.001631
1000.0,0.850,0.027967
1000.0,0.850,0.023815
1000.0,0.850,-0.033478
1000.0,0.850,-0.055844
1000.0,0.850,-0.039864
1000.0,0.850,0.026484
1000.0,0.850,-0.034705
1000.0,0.850,0.007256
1000.0,0.850,0.026090
1000.0,0.850,0.014598
1000.0,0.850,-0.016365
1000.0,0.850,0.008645
1000.0,0.850,0.051548
1000.0,0.850,-0.005173
1000.0,0.850,0.008666
1000.0,0.850,0.016720
1000.0,0.850,0.038747
1000.0,0.850,-0.095556
1000.0,0.850,-0.047642
1000.0,0.850,0.018659
1000.0,0.850,0.082852
1000.0,0.850,-0.000464
1000.0,0.850,-0.005783
1000.0,0.850,-0.034708
1000.0,0.903,-0.009872
1000.0,0.903,0.013289
1000.0,0.903,0.032179
1000.0,0.903,0.057781
1000.0,0.903,-0.067440
1000.0,0.903,0.008283
1000.0,0.903,-0.007469
1000.0,0.903,-0.012728
1000.0,0.903,0.009861
1000.0,0.903,-0.068667
1000.0,0.903,-0.007790
1000.0,0.903,0.044110
1000.0,0.903,-0.054061
1000.0,0.903,-0.092094
1000.0,0.903,0.016348
1000.0,0.903,0.023880
1000.0,0.903,-0.078320
1000.0,0.903,0.039743
1000.0,0.903,0.020381
1000.0,0.903,0.105782
1000.0,0.903,-0.041573
1000.0,0.903,-0.044250
1000.0,0.903,-0.104908
1000.0,0.903,-0.020158
1000.0,0.903,0.085969
1000.0,0.903,0.036195
1000.0,0.903,0.017907
1000.0,0.903,-0.000807
1000.0,0.903,-0.127653
1000.0,0.903,-0.000075
1000.0,0.903,0.055021
1000.0,0.903,-0.000959
1000.0,0.903,0.050942
1000.0,0.903,-0.019944
1000.0,0.903,-0.113766
1000.0,0.903,-0.020265
1000.0,0.903,0.010971
1000.0,0.903,-0.018710
1000.0,0.903,0.105757
1000.0,0.903,0.061458
1000.0,0.903,0.067204
1000.0,0.903,0.013995
1000.0,0.903,0.046306
1000.0,0.903,-0.094208
1000.0,0.903,-0.083837
1000.0,0.903,-0.020816
1000.0,0.903,-0.015454
1000.0,0.903,0.005496
1000.0,0.903,-0.011699
1000.0,0.903,0.078023
1000.0,0.903,-0.026360
1000.0,0.903,0.062525
1000.0,0.903,-0.066876
1000.0,0.903,-0.015487
1000.0,0.903,0.048219
1000.0,0.903,0.037401
1000.0,0.903,0.044876
1000.0,0.903,0.027671
1000.0,0.903,0.036998
1000.0,0.903,-0.043217
1000.0,0.903,0.088573
1000.0,0.903,0.038550
1000.0,0.903,0.033316
1000.0,0.903,-0.059065
1000.0,0.903,0.009009
1000.0,0.903,0.043023
1000.0,0.903,0.051360
1000.0,0.903,-0.010352
1000.0,0.903,-0.003788
1000.0,0.903,0.044615
1000.0,0.903,0.052017
1000.0,0.903,0.044946
1000.0,0.903,-0.048400
1000.0,0.903,0.023312
1000.0,0.903,-0.002573
1000.0,0.903,0.013763
1000.0,0.903,0.058429
1000.0,0.903,0.056047
1000.0,0.903,-0.039874
1000.0,0.903,-0.055223
1000.0,0.903,-0.001412
1000.0,0.903,0.001321
1000.0,0.903,0.046259
1000.0,0.903,0.013634
1000.0,0.903,0.009686
1000.0,0.903,0.037130
1000.0,0.903,0.023116
1000.0,0.903,0.001283
1000.0,0.903,0.011531
1000.0,0.903,-0.012388
1000.0,0.903,-0.009170
1000.0,0.903,0.052307
1000.0,0.903,0.024219
1000.0,0.903,-0.104270
1000.0,0.903,-0.015595
1000.0,0.903,-0.030609
1000.0,0.903,0.079486
1000.0,0.903,0.039246
1000.0,0.903,-0.050779
1000.0,0.903,0.019685
1000.0,0.950,-0.012177
1000.0,0.950,-0.007851
1000.0,0.950,0.052931
1000.0,0.950,0.049894
1000.0,0.950,-0.045526
1000.0,0.950,0.026327
1000.0,0.950,-0.013421
1000.0,0.950,0.012335
1000.0,0.950,-0.008727
1000.0,0.950,-0.084062
1000.0,0.950,-0.001485
1000.0,0.950,0.101867
1000.0,0.950,-0.071265
1000.0,0.950,-0.159723
1000.0,0.950,0.038658
1000.0,0.950,0.018946
1000.0,0.950,-0.096267
1000.0,0.950,0.000980
1000.0,0.950,0.024239
1000.0,0.950,0.068462
1000.0,0.950,0.006472
1000.0,0.950,-0.087901
1000.0,0.950,-0.143981
1000.0,0.950,-0.032758
1000.0,0.950,0.040593
1000.0,0.950,0.035494
1000.0,0.950,0.009771
1000.0,0.950,0.011098
1000.0,0.950,-0.166110
1000.0,0.950,-0.035957
1000.0,0.950,0.042094
1000.0,0.950,-0.027603
1000.0,0.950,0.089779
1000.0,0.950,0.031679
1000.0,0.950,-0.097107
1000.0,0.950,-0.026517
1000.0,0.950,0.010991
1000.0,0.950,-0.034887
1000.0,0.950,0.152781
1000.0,0.950,0.053925
1000.0,0.950,0.115068
1000.0,0.950,0.042221
1000.0,0.950,0.139754
1000.0,0.950,-0.135813
1000.0,0.950,-0.073447
1000.0,0.950,-0.029398
1000.0,0.950,0.012903
1000.0,0.950,0.005384
1000.0,0.950,-0.006959
1000.0,0.950,0.085153
1000.0,0.950,-0.004150
1000.0,0.950,0.066931
1000.0,0.950,-0.041043
1000.0,0.950,-0.023498
1000.0,0.950,0.044059
1000.0,0.950,0.065296
1000.0,0.950,0.111792
1000.0,0.950,0.009697
1000.0,0.950,0.085401
1000.0,0.950,-0.014539
1000.0,0.950,0.076873
1000.0,0.950,0.053741
1000.0,0.950,0.051612
1000.0,0.950,-0.067082
1000.0,0.950,0.025660
1000.0,0.950,0.062583
1000.0,0.950,0.106305
1000.0,0.950,-0.033674
1000.0,0.950,0.029887
1000.0,0.950,0.041171
1000.0,0.950,0.092006
1000.0,0.950,0.032280
1000.0,0.950,-0.083965
1000.0,0.950,0.100916
1000.0,0.950,-0.010553
1000.0,0.950,0.090330
1000.0,0.950,0.059996
1000.0,0.950,0.005739
1000.0,0.950,-0.005131
1000.0,0.950,-0.009623
1000.0,0.950,-0.038475
1000.0,0.950,-0.000494
1000.0,0.950,0.034552
1000.0,0.950,0.094111
1000.0,0.950,0.038556
1000.0,0.950,-0.032769
1000.0,0.950,0.072731
1000.0,0.950,-0.027985
1000.0,0.950,-0.010440
1000.0,0.950,0.055322
1000.0,0.950,0.008168
1000.0,0.950,0.076560
1000.0,0.950,-0.035677
1000.0,0.950,-0.098798
1000.0,0.950,-0.050431
1000.0,0.950,-0.000267
1000.0,0.950,0.096069
1000.0,0.950,0.107213
1000.0,0.950,-0.057975
1000.0,0.950,-0.024146
1000.0,0.850,0.032733
1000.0,0.850,-0.011203
1000.0,0.850,0.018112
1000.0,0.850,0.065988
1000.0,0.850,-0.005810
1000.0,0.850,0.007879
1000.0,0.850,-0.014023
1000.0,0.850,0.021848
1000.0,0.850,-0.003303
1000.0,0.850,0.004255
1000.0,0.850,0.004598
1000.0,0.850,-0.047439
1000.0,0.850,-0.034106
1000.0,0.850,-0.054105
1000.0,0.850,-0.010901
1000.0,0.850,-0.054463
1000.0,0.850,0.025551
1000.0,0.850,-0.012446
1000.0,0.850,0.012469
1000.0,0.850,0.006870
1000.0,0.850,-0.019580
1000.0,0.850,0.002358
1000.0,0.850,0.011066
1000.0,0.850,-0.031795
1000.0,0.850,-0.023464
1000.0,0.850,-0.003211
1000.0,0.850,-0.061469
1000.0,0.850,-0.088742
1000.0,0.850,-0.027702
1000.0,0.850,-0.016279
1000.0,0.850,-0.001624
1000.0,0.850,0.014792
1000.0,0.850,0.006869
1000.0,0.850,-0.019194
1000.0,0.850,-0.036776
1000.0,0.850,-0.055605
1000.0,0.850,-0.055429
1000.0,0.850,-0.066919
1000.0,0.850,0.006799
1000.0,0.850,-0.032151
1000.0,0.850,-0.071548
1000.0,0.850,-0.052560
1000.0,0.850,0.022882
1000.0,0.850,0.039748
1000.0,0.850,-0.002644
1000.0,0.850,0.022662
1000.0,0.850,0.004326
1000.0,0.850,0.023989
1000.0,0.850,-0.023581
1000.0,0.850,-0.045942
1000.0,0.850,0.050697
1000.0,0.850,-0.084748
1000.0,0.850,0.006470
1000.0,0.850,-0.013508
1000.0,0.850,-0.029321
1000.0,0.850,0.011741
1000.0,0.850,0.019162
1000.0,0.850,0.037485
1000.0,0.850,-0.019434
1000.0,0.850,-0.043303
1000.0,0.850,-0.057714
1000.0,0.850,0.020695
1000.0,0.850,-0.077622
1000.0,0.850,-0.068263
1000.0,0.850,-0.008609
1000.0,0.850,0.033757
1000.0,0.850,-0.005824
1000.0,0.850,-0.019939
1000.0,0.850,-0.028617
1000.0,0.850,-0.020098
1000.0,0.850,0.042488
1000.0,0.850,0.012113
1000.0,0.850,0.073950
1000.0,0.850,0.051982
1000.0,0.850,0.029822
1000.0,0.850,0.001649
1000.0,0.850,0.021048
1000.0,0.850,-0.042872
1000.0,0.850,0.038801
1000.0,0.850,-0.021086
1000.0,0.850,-0.013289
1000.0,0.850,0.021149
1000.0,0.850,-0.019841
1000.0,0.850,0.020160
1000.0,0.850,0.049302
1000.0,0.850,-0.005213
1000.0,0.850,-0.026895
1000.0,0.850,-0.074061
1000.0,0.850,0.032971
1000.0,0.850,0.036374
1000.0,0.850,-0.060500
1000.0,0.850,0.005119
1000.0,0.850,-0.058637
1000.0,0.850,0.000074
1000.0,0.850,0.017698
1000.0,0.850,-0.083273
1000.0,0.850,0.042404
1000.0,0.850,-0.005166
1000.0,0.850,-0.045550
1000.0,0.850,-0.033491
1000.0,0.903,0.013264
1000.0,0.903,0.020977
1000.0,0.903,0.046564
1000.0,0.903,0.090394
1000.0,0.903,-0.016772
1000.0,0.903,0.055829
1000.0,0.903,-0.029261
1000.0,0.903,0.010231
1000.0,0.903,-0.082347
1000.0,0.903,-0.085462
1000.0,0.903,0.048430
1000.0,0.903,-0.064895
1000.0,0.903,-0.005354
1000.0,0.903,-0.029369
1000.0,0.903,-0.003186
1000.0,0.903,-0.013772
1000.0,0.903,0.079210
1000.0,0.903,0.017660
1000.0,0.903,-0.029340
1000.0,0.903,0.021968
1000.0,0.903,-0.041290
1000.0,0.903,-0.034918
1000.0,0.903,0.048661
1000.0,0.903,-0.090039
1000.0,0.903,-0.098403
1000.0,0.903,0.035522
1000.0,0.903,-0.065736
1000.0,0.903,-0.087411
1000.0,0.903,-0.002690
1000.0,0.903,-0.068710
1000.0,0.903,-0.002193
1000.0,0.903,-0.027954
1000.0,0.903,0.027984
1000.0,0.903,0.015681
1000.0,0.903,-0.032534
1000.0,0.903,-0.005057
1000.0,0.903,-0.092015
1000.0,0.903,-0.069405
1000.0,0.903,0.041456
1000.0,0.903,-0.075210
1000.0,0.903,-0.102079
1000.0,0.903,-0.029675
1000.0,0.903,0.020234
1000.0,0.903,0.029207
1000.0,0.903,-0.016861
1000.0,0.903,-0.005635
1000.0,0.903,0.005544
1000.0,0.903,-0.001194
1000.0,0.903,-0.056742
1000.0,0.903,-0.022178
1000.0,0.903,0.050133
1000.0,0.903,-0.070585
1000.0,0.903,0.070846
1000.0,0.903,-0.026483
1000.0,0.903,-0.020506
1000.0,0.903,-0.018966
1000.0,0.903,0.055752
1000.0,0.903,-0.000046
1000.0,0.903,-0.045072
1000.0,0.903,-0.040653
1000.0,0.903,-0.070178
1000.0,0.903,-0.006570
1000.0,0.903,-0.057593
1000.0,0.903,-0.063329
1000.0,0.903,-0.040893
1000.0,0.903,0.024771
1000.0,0.903,0.008850
1000.0,0.903,-0.041983
1000.0,0.903,-0.021288
1000.0,0.903,-0.007597
1000.0,0.903,0.000998
1000.0,0.903,0.003510
1000.0,0.903,0.054003
1000.0,0.903,0.033231
1000.0,0.903,0.036088
1000.0,0.903,0.024763
1000.0,0.903,0.038130
1000.0,0.903,-0.071072
1000.0,0.903,0.023539
1000.0,0.903,-0.004728
1000.0,0.903,0.006098
1000.0,0.903,-0.014853
1000.0,0.903,-0.050472
1000.0,0.903,0.017304
1000.0,0.903,0.038839
1000.0,0.903,-0.031106
1000.0,0.903,0.011735
1000.0,0.903,-0.077633
1000.0,0.903,-0.008799
1000.0,0.903,0.035490
1000.0,0.903,-0.065303
1000.0,0.903,0.055057
1000.0,0.903,-0.030151
1000.0,0.903,-0.013300
1000.0,0.903,0.023141
1000.0,0.903,-0.076883
1000.0,0.903,0.041958
1000.0,0.903,-0.038898
1000.0,0.903,-0.096202
1000.0,0.903,-0.011700
1000.0,0.950,-0.040170
1000.0,0.950,0.028617
1000.0,0.950,0.009049
1000.0,0.950,0.078523
1000.0,0.950,-0.040870
1000.0,0.950,0.030584
1000.0,0.950,-0.064396
1000.0,0.950,0.088099
1000.0,0.950,-0.081415
1000.0,0.950,-0.050928
1000.0,0.950,0.061351
1000.0,0.950,-0.016474
1000.0,0.950,-0.027040
1000.0,0.950,-0.068242
1000.0,0.950,0.011002
1000.0,0.950,-0.050071
1000.0,0.950,0.077167
1000.0,0.950,0.057848
1000.0,0.950,-0.038640
1000.0,0.950,0.047644
1000.0,0.950,0.066181
1000.0,0.950,-0.034329
1000.0,0.950,0.077715
1000.0,0.950,-0.065944
1000.0,0.950,-0.144837
1000.0,0.950,-0.003276
1000.0,0.950,-0.077617
1000.0,0.950,-0.034426
1000.0,0.950,0.033373
1000.0,0.950,-0.094286
1000.0,0.950,-0.056680
1000.0,0.950,-0.012032
1000.0,0.950,0.029035
1000.0,0.950,-0.004925
1000.0,0.950,-0.066102
1000.0,0.950,-0.060764
1000.0,0.950,-0.087534
1000.0,0.950,-0.082044
1000.0,0.950,0.106598
1000.0,0.950,-0.072404
1000.0,0.950,-0.093076
1000.0,0.950,-0.033900
1000.0,0.950,-0.014692
1000.0,0.950,0.015485
1000.0,0.950,0.011315
1000.0,0.950,-0.027834
1000.0,0.950,-0.032711
1000.0,0.950,-0.021868
1000.0,0.950,-0.042965
1000.0,0.950,-0.030422
1000.0,0.950,0.024158
1000.0,0.950,-0.133892
1000.0,0.950,0.109457
1000.0,0.950,0.029182
1000.0,0.950,-0.005706
1000.0,0.950,-0.063014
1000.0,0.950,0.051174
1000.0,0.950,-0.020933
1000.0,0.950,-0.019398
1000.0,0.950,-0.011246
1000.0,0.950,-0.080742
1000.0,0.950,-0.018391
1000.0,0.950,-0.061572
1000.0,0.950,-0.085517
1000.0,0.950,-0.041957
1000.0,0.950,-0.024682
1000.0,0.950,0.020072
1000.0,0.950,-0.039416
1000.0,0.950,-0.015918
1000.0,0.950,-0.015497
1000.0,0.950,0.021860
1000.0,0.950,0.014309
1000.0,0.950,0.082392
1000.0,0.950,0.069853
1000.0,0.950,0.032456
1000.0,0.950,0.078816
1000.0,0.950,0.026295
1000.0,0.950,-0.050450
1000.0,0.950,0.001129
1000.0,0.950,-0.024519
1000.0,0.950,0.008726
1000.0,0.950,0.007160
1000.0,0.950,-0.054544
1000.0,0.950,0.039748
1000.0,0.950,0.007322
1000.0,0.950,-0.051939
1000.0,0.950,0.035716
1000.0,0.950,-0.080730
1000.0,0.950,-0.083452
1000.0,0.950,0.058962
1000.0,0.950,-0.047855
1000.0,0.950,0.092906
1000.0,0.950,-0.001570
1000.0,0.950,-0.013840
1000.0,0.950,0.000143
1000.0,0.950,-0.088659
1000.0,0.950,0.035614
1000.0,0.950,-0.077390
1000.0,0.950,-0.084108
1000.0,0.950,-0.047550
1000.0,0.850,0.062094
1000.0,0.850,0.012625
1000.0,0.850,0.007359
1000.0,0.850,0.016246
1000.0,0.850,0.034672
1000.0,0.850,-0.023716
1000.0,0.850,-0.027712
1000.0,0.850,-0.004587
1000.0,0.850,-0.084574
1000.0,0.850,-0.000457
1000.0,0.850,-0.029586
1000.0,0.850,-0.040223
1000.0,0.850,-0.047600
1000.0,0.850,-0.019114
1000.0,0.850,-0.004140
1000.0,0.850,0.092997
1000.0,0.850,-0.024302
1000.0,0.850,0.053494
1000.0,0.850,0.016212
1000.0,0.850,0.005862
1000.0,0.850,0.025536
1000.0,0.850,-0.082309
1000.0,0.850,-0.033175
1000.0,0.850,-0.010290
1000.0,0.850,0.013741
1000.0,0.850,-0.022672
1000.0,0.850,0.019443
1000.0,0.850,0.012495
1000.0,0.850,-0.021560
1000.0,0.850,0.066266
1000.0,0.850,0.074818
1000.0,0.850,-0.012503
1000.0,0.850,-0.002688
1000.0,0.850,0.051117
1000.0,0.850,0.008145
1000.0,0.850,-0.064364
1000.0,0.850,-0.001053
1000.0,0.850,0.029715
1000.0,0.850,0.022930
1000.0,0.850,-0.012361
1000.0,0.850,-0.019827
1000.0,0.850,-0.014118
1000.0,0.850,-0.010517
1000.0,0.850,0.035187
1000.0,0.850,0.072182
1000.0,0.850,-0.011386
1000.0,0.850,-0.024320
1000.0,0.850,-0.000571
1000.0,0.850,0.017701
1000.0,0.850,0.009923
1000.0,0.850,0.006155
1000.0,0.850,-0.002020
1000.0,0.850,0.033102
1000.0,0.850,0.109950
1000.0,0.850,0.079962
1000.0,0.850,-0.061108
1000.0,0.850,0.020435
1000.0,0.850,0.008565
1000.0,0.850,-0.049348
1000.0,0.850,0.027702
1000.0,0.850,0.075418
1000.0,0.850,-0.012967
1000.0,0.850,0.008369
1000.0,0.850,0.059881
1000.0,0.850,0.018064
1000.0,0.850,0.030999
1000.0,0.850,-0.015820
1000.0,0.850,-0.003942
1000.0,0.850,0.012479
1000.0,0.850,-0.010947
1000.0,0.850,0.001538
1000.0,0.850,-0.072307
1000.0,0.850,-0.007229
1000.0,0.850,-0.002965
1000.0,0.850,0.003007
1000.0,0.850,-0.087777
1000.0,0.850,0.016714
1000.0,0.850,-0.024622
1000.0,0.850,-0.033915
1000.0,0.850,0.012411
1000.0,0.850,0.063691
1000.0,0.850,-0.055212
1000.0,0.850,0.041648
1000.0,0.850,0.020986
1000.0,0.850,0.037249
1000.0,0.850,0.033925
1000.0,0.850,-0.034422
1000.0,0.850,-0.000437
1000.0,0.850,0.014286
1000.0,0.850,0.103327
1000.0,0.850,0.019204
1000.0,0.850,0.002405
1000.0,0.850,0.025797
1000.0,0.850,0.039972
1000.0,0.850,-0.009930
1000.0,0.850,0.031942
1000.0,0.850,0.032457
1000.0,0.850,-0.012241
1000.0,0.850,-0.070944
1000.0,0.850,0.034119
1000.0,0.903,0.061047
1000.0,0.903,-0.014426
1000.0,0.903,-0.000938
1000.0,0.903,0.025607
1000.0,0.903,0.030723
1000.0,0.903,-0.036642
1000.0,0.903,0.038681
1000.0,0.903,-0.047605
1000.0,0.903,-0.130262
1000.0,0.903,-0.014006
1000.0,0.903,0.011689
1000.0,0.903,-0.028245
1000.0,0.903,-0.024216
1000.0,0.903,-0.062264
1000.0,0.903,-0.009899
1000.0,0.903,0.157862
1000.0,0.903,0.009576
1000.0,0.903,0.019109
1000.0,0.903,-0.043549
1000.0,0.903,0.035458
1000.0,0.903,-0.025787
1000.0,0.903,0.011510
1000.0,0.903,-0.049742
1000.0,0.903,-0.023039
1000.0,0.903,-0.011979
1000.0,0.903,0.038898
1000.0,0.903,0.004881
1000.0,0.903,0.024296
1000.0,0.903,0.026647
1000.0,0.903,-0.029814
1000.0,0.903,0.059199
1000.0,0.903,0.056859
1000.0,0.903,-0.011276
1000.0,0.903,0.080584
1000.0,0.903,0.003678
1000.0,0.903,0.000000
1000.0,0.903,0.002324
1000.0,0.903,0.029943
1000.0,0.903,0.017220
1000.0,0.903,-0.106947
1000.0,0.903,-0.068359
1000.0,0.903,-0.011402
1000.0,0.903,0.014921
1000.0,0.903,0.022986
1000.0,0.903,0.051027
1000.0,0.903,0.006186
1000.0,0.903,0.008493
1000.0,0.903,-0.029368
1000.0,0.903,0.046254
1000.0,0.903,0.086835
1000.0,0.903,-0.015381
1000.0,0.903,-0.019677
1000.0,0.903,0.046540
1000.0,0.903,0.080426
1000.0,0.903,0.132545
1000.0,0.903,-0.067544
1000.0,0.903,-0.009518
1000.0,0.903,-0.002005
1000.0,0.903,-0.045205
1000.0,0.903,-0.000296
1000.0,0.903,0.121864
1000.0,0.903,-0.027361
1000.0,0.903,0.047220
1000.0,0.903,0.055242
1000.0,0.903,0.030095
1000.0,0.903,0.010886
1000.0,0.903,-0.007684
1000.0,0.903,-0.019326
1000.0,0.903,0.046955
1000.0,0.903,-0.020043
1000.0,0.903,0.011191
1000.0,0.903,-0.051478
1000.0,0.903,-0.048280
1000.0,0.903,-0.056063
1000.0,0.903,-0.039330
1000.0,0.903,-0.061334
1000.0,0.903,0.017120
1000.0,0.903,-0.047744
1000.0,0.903,-0.009583
1000.0,0.903,-0.036934
1000.0,0.903,0.043537
1000.0,0.903,-0.022796
1000.0,0.903,0.057958
1000.0,0.903,-0.002650
1000.0,0.903,0.073617
1000.0,0.903,0.052595
1000.0,0.903,0.014188
1000.0,0.903,-0.070149
1000.0,0.903,-0.043148
1000.0,0.903,0.094767
1000.0,0.903,-0.007404
1000.0,0.903,0.022123
1000.0,0.903,0.117752
1000.0,0.903,0.027607
1000.0,0.903,-0.003720
1000.0,0.903,0.027432
1000.0,0.903,0.033409
1000.0,0.903,-0.022517
1000.0,0.903,-0.101191
1000.0,0.903,0.025969
1000.0,0.950,0.025020
1000.0,0.950,-0.055212
1000.0,0.950,-0.007132
1000.0,0.950,0.012407
1000.0,0.950,-0.029531
1000.0,0.950,-0.050229
1000.0,0.950,0.043195
1000.0,0.950,-0.086469
1000.0,0.950,-0.100849
1000.0,0.950,-0.037780
1000.0,0.950,-0.023753
1000.0,0.950,-0.045614
1000.0,0.950,0.050599
1000.0,0.950,-0.033112
1000.0,0.950,-0.019654
1000.0,0.950,0.156238
1000.0,0.950,0.027480
1000.0,0.950,0.034228
1000.0,0.950,0.008525
1000.0,0.950,0.040078
1000.0,0.950,0.023576
1000.0,0.950,0.020781
1000.0,0.950,-0.109089
1000.0,0.950,-0.017316
1000.0,0.950,-0.044477
1000.0,0.950,0.011870
1000.0,0.950,-0.016672
1000.0,0.950,0.097423
1000.0,0.950,0.007755
1000.0,0.950,-0.050409
1000.0,0.950,0.069675
1000.0,0.950,0.088197
1000.0,0.950,-0.022918
1000.0,0.950,0.042626
1000.0,0.950,0.039539
1000.0,0.950,-0.028235
1000.0,0.950,0.004770
1000.0,0.950,0.014997
1000.0,0.950,0.030399
1000.0,0.950,-0.117178
1000.0,0.950,-0.000421
1000.0,0.950,-0.042178
1000.0,0.950,0.018560
1000.0,0.950,0.059728
1000.0,0.950,0.080393
1000.0,0.950,0.018628
1000.0,0.950,-0.076720
1000.0,0.950,-0.016563
1000.0,0.950,0.056722
1000.0,0.950,0.135751
1000.0,0.950,-0.073306
1000.0,0.950,-0.061073
1000.0,0.950,0.105425
1000.0,0.950,0.122285
1000.0,0.950,0.125082
1000.0,0.950,-0.080347
1000.0,0.950,-0.004922
1000.0,0.950,-0.023363
1000.0,0.950,-0.047892
1000.0,0.950,-0.031038
1000.0,0.950,0.112859
1000.0,0.950,0.043399
1000.0,0.950,-0.004014
1000.0,0.950,0.081890
1000.0,0.950,0.020748
1000.0,0.950,0.034922
1000.0,0.950,0.030945
1000.0,0.950,-0.022044
1000.0,0.950,0.003201
1000.0,0.950,-0.079836
1000.0,0.950,0.010800
1000.0,0.950,-0.037203
1000.0,0.950,0.004616
1000.0,0.950,-0.050236
1000.0,0.950,-0.035256
1000.0,0.950,-0.108098
1000.0,0.950,0.023483
1000.0,0.950,-0.084417
1000.0,0.950,-0.056129
1000.0,0.950,-0.049128
1000.0,0.950,0.019865
1000.0,0.950,-0.073711
1000.0,0.950,0.019013
1000.0,0.950,-0.004925
1000.0,0.950,0.094876
1000.0,0.950,0.054914
1000.0,0.950,0.044719
1000.0,0.950,-0.093747
1000.0,0.950,-0.087249
1000.0,0.950,0.133890
1000.0,0.950,0.018973
1000.0,0.950,-0.011522
1000.0,0.950,0.127372
1000.0,0.950,0.072854
1000.0,0.950,-0.046764
1000.0,0.950,0.053817
1000.0,0.950,0.065817
1000.0,0.950,0.023951
1000.0,0.950,0.033824
1000.0,0.950,0.051902
1000.0,0.850,0.020524
1000.0,0.850,0.034937
1000.0,0.850,-0.023187
1000.0,0.850,-0.023405
1000.0,0.850,0.010859
1000.0,0.850,0.031097
1000.0,0.850,0.016761
1000.0,0.850,-0.047186
1000.0,0.850,-0.005037
1000.0,0.850,0.076683
1000.0,0.850,0.058832
1000.0,0.850,-0.020268
1000.0,0.850,-0.016951
1000.0,0.850,0.026239
1000.0,0.850,0.053919
1000.0,0.850,-0.003917
1000.0,0.850,-0.040688
1000.0,0.850,0.028382
1000.0,0.850,0.037866
1000.0,0.850,0.007906
1000.0,0.850,-0.022805
1000.0,0.850,-0.069673
1000.0,0.850,-0.014684
1000.0,0.850,0.015851
1000.0,0.850,-0.031187
1000.0,0.850,-0.023846
1000.0,0.850,0.055082
1000.0,0.850,0.013181
1000.0,0.850,-0.009419
1000.0,0.850,-0.029488
1000.0,0.850,-0.012318
1000.0,0.850,-0.041780
1000.0,0.850,0.044754
1000.0,0.850,0.014604
1000.0,0.850,0.003616
1000.0,0.850,0.029592
1000.0,0.850,-0.010431
1000.0,0.850,0.012916
1000.0,0.850,-0.068022
1000.0,0.850,0.011382
1000.0,0.850,0.041844
1000.0,0.850,0.021611
1000.0,0.850,0.074755
1000.0,0.850,0.032311
1000.0,0.850,0.032475
1000.0,0.850,-0.005788
1000.0,0.850,-0.046796
1000.0,0.850,-0.018167
1000.0,0.850,-0.043068
1000.0,0.850,-0.037269
1000.0,0.850,0.005968
1000.0,0.850,0.024395
1000.0,0.850,0.003018
1000.0,0.850,-0.050179
1000.0,0.850,0.032724
1000.0,0.850,-0.008299
1000.0,0.850,0.023071
1000.0,0.850,0.031323
1000.0,0.850,-0.046585
1000.0,0.850,0.031941
1000.0,0.850,0.025080
1000.0,0.850,-0.018573
1000.0,0.850,-0.009500
1000.0,0.850,0.072181
1000.0,0.850,-0.062994
1000.0,0.850,-0.057839
1000.0,0.850,-0.019324
1000.0,0.850,-0.025435
1000.0,0.850,-0.054649
1000.0,0.850,-0.048305
1000.0,0.850,-0.044592
1000.0,0.850,-0.011604
1000.0,0.850,0.034376
1000.0,0.850,-0.026393
1000.0,0.850,0.033721
1000.0,0.850,0.052833
1000.0,0.850,0.007676
1000.0,0.850,-0.063927
1000.0,0.850,-0.007812
1000.0,0.850,-0.001135
1000.0,0.850,0.041054
1000.0,0.850,0.040711
1000.0,0.850,0.032326
1000.0,0.850,0.052915
1000.0,0.850,0.022410
1000.0,0.850,0.049208
1000.0,0.850,0.049185
1000.0,0.850,0.016344
1000.0,0.850,0.037675
1000.0,0.850,-0.056316
1000.0,0.850,-0.013436
1000.0,0.850,-0.090914
1000.0,0.850,0.066677
1000.0,0.850,-0.020456
1000.0,0.850,0.056163
1000.0,0.850,0.010462
1000.0,0.850,-0.016026
1000.0,0.850,-0.013452
1000.0,0.850,0.058435
1000.0,0.850,-0.011908
1000.0,0.903,-0.009348
1000.0,0.903,0.043194
1000.0,0.903,-0.031740
1000.0,0.903,-0.009275
1000.0,0.903,0.074192
1000.0,0.903,-0.063764
1000.0,0.903,0.018568
1000.0,0.903,-0.052277
1000.0,0.903,0.103942
1000.0,0.903,0.069118
1000.0,0.903,0.033001
1000.0,0.903,-0.023914
1000.0,0.903,-0.001071
1000.0,0.903,0.020938
1000.0,0.903,0.073541
1000.0,0.903,-0.070387
1000.0,0.903,-0.014960
1000.0,0.903,0.003738
1000.0,0.903,0.068045
1000.0,0.903,0.031623
1000.0,0.903,0.004549
1000.0,0.903,-0.046091
1000.0,0.903,-0.001341
1000.0,0.903,0.005829
1000.0,0.903,-0.029925
1000.0,0.903,0.019487
1000.0,0.903,0.103707
1000.0,0.903,-0.047101
1000.0,0.903,-0.039197
1000.0,0.903,0.037338
1000.0,0.903,-0.039799
1000.0,0.903,-0.033233
1000.0,0.903,0.056636
1000.0,0.903,0.010465
1000.0,0.903,0.007910
1000.0,0.903,0.065207
1000.0,0.903,0.014463
1000.0,0.903,-0.052387
1000.0,0.903,-0.047875
1000.0,0.903,0.021063
1000.0,0.903,-0.021611
1000.0,0.903,-0.016722
1000.0,0.903,0.142739
1000.0,0.903,0.033975
1000.0,0.903,0.079358
1000.0,0.903,-0.005822
1000.0,0.903,-0.011726
1000.0,0.903,-0.033519
1000.0,0.903,0.042393
1000.0,0.903,-0.035053
1000.0,0.903,-0.018685
1000.0,0.903,-0.014143
1000.0,0.903,0.024072
1000.0,0.903,-0.014990
1000.0,0.903,0.079299
1000.0,0.903,0.004640
1000.0,0.903,0.088069
1000.0,0.903,-0.006640
1000.0,0.903,-0.047716
1000.0,0.903,0.063046
1000.0,0.903,0.035620
1000.0,0.903,-0.059095
1000.0,0.903,0.011370
1000.0,0.903,0.086123
1000.0,0.903,-0.062533
1000.0,0.903,0.010091
1000.0,0.903,0.000985
1000.0,0.903,-0.013290
1000.0,0.903,-0.051937
1000.0,0.903,-0.038585
1000.0,0.903,0.006986
1000.0,0.903,-0.079222
1000.0,0.903,0.074547
1000.0,0.903,-0.055924
1000.0,0.903,-0.016993
1000.0,0.903,0.040071
1000.0,0.903,0.037683
1000.0,0.903,-0.084467
1000.0,0.903,0.035935
1000.0,0.903,0.052256
1000.0,0.903,0.059909
1000.0,0.903,0.010043
1000.0,0.903,0.052086
1000.0,0.903,0.051568
1000.0,0.903,0.015255
1000.0,0.903,0.042044
1000.0,0.903,0.048557
1000.0,0.903,0.063093
1000.0,0.903,0.012202
1000.0,0.903,-0.070036
1000.0,0.903,0.001517
1000.0,0.903,-0.066084
1000.0,0.903,0.091511
1000.0,0.903,-0.029425
1000.0,0.903,0.070262
1000.0,0.903,0.036402
1000.0,0.903,-0.025496
1000.0,0.903,-0.055683
1000.0,0.903,0.024757
1000.0,0.903,-0.020525
1000.0,0.950,0.043145
1000.0,0.950,0.096478
1000.0,0.950,-0.010515
1000.0,0.950,0.005768
1000.0,0.950,0.026001
1000.0,0.950,-0.056301
1000.0,0.950,0.011111
1000.0,0.950,-0.027555
1000.0,0.950,0.107814
1000.0,0.950,0.044238
1000.0,0.950,0.055050
1000.0,0.950,-0.020150
1000.0,0.950,0.042948
1000.0,0.950,-0.006800
1000.0,0.950,0.060091
1000.0,0.950,-0.077155
1000.0,0.950,-0.024728
1000.0,0.950,-0.043672
1000.0,0.950,-0.013545
1000.0,0.950,-0.026564
1000.0,0.950,-0.029899
1000.0,0.950,-0.076138
1000.0,0.950,0.024288
1000.0,0.950,0.016954
1000.0,0.950,-0.019685
1000.0,0.950,-0.010066
1000.0,0.950,0.093912
1000.0,0.950,-0.053072
1000.0,0.950,-0.030738
1000.0,0.950,0.081232
1000.0,0.950,0.001895
1000.0,0.950,-0.018862
1000.0,0.950,0.045295
1000.0,0.950,0.089995
1000.0,0.950,-0.036579
1000.0,0.950,0.071300
1000.0,0.950,0.020589
1000.0,0.950,-0.008953
1000.0,0.950,-0.078415
1000.0,0.950,0.078441
1000.0,0.950,-0.084398
1000.0,0.950,0.026923
1000.0,0.950,0.129372
1000.0,0.950,-0.006143
1000.0,0.950,0.124711
1000.0,0.950,-0.006434
1000.0,0.950,-0.057734
1000.0,0.950,-0.018215
1000.0,0.950,0.073721
1000.0,0.950,-0.082129
1000.0,0.950,-0.022519
1000.0,0.950,-0.063288
1000.0,0.950,0.062083
1000.0,0.950,-0.037631
1000.0,0.950,0.036710
1000.0,0.950,-0.005971
1000.0,0.950,0.115268
1000.0,0.950,-0.006570
1000.0,0.950,-0.036884
1000.0,0.950,0.040144
1000.0,0.950,0.033315
1000.0,0.950,-0.052512
1000.0,0.950,-0.042665
1000.0,0.950,0.116902
1000.0,0.950,-0.049597
1000.0,0.950,0.092576
1000.0,0.950,0.042092
1000.0,0.950,-0.064021
1000.0,0.950,-0.060711
1000.0,0.950,-0.042824
1000.0,0.950,0.027907
1000.0,0.950,-0.050160
1000.0,0.950,0.073929
1000.0,0.950,-0.073959
1000.0,0.950,0.004355
1000.0,0.950,-0.104063
1000.0,0.950,0.072991
1000.0,0.950,-0.124740
1000.0,0.950,0.022924
1000.0,0.950,-0.017755
1000.0,0.950,0.037275
1000.0,0.950,0.036713
1000.0,0.950,0.069484
1000.0,0.950,0.051387
1000.0,0.950,-0.032251
1000.0,0.950,0.045982
1000.0,0.950,0.085681
1000.0,0.950,0.054872
1000.0,0.950,-0.030762
1000.0,0.950,-0.095773
1000.0,0.950,0.011806
1000.0,0.950,-0.023532
1000.0,0.950,0.052796
1000.0,0.950,-0.011548
1000.0,0.950,0.070971
1000.0,0.950,0.050928
1000.0,0.950,-0.006712
1000.0,0.950,-0.061466
1000.0,0.950,0.083191
1000.0,0.950,-0.014030
1000.0,0.850,-0.070045
1000.0,0.850,-0.012593
1000.0,0.850,0.071583
1000.0,0.850,-0.052208
1000.0,0.850,0.008093
1000.0,0.850,0.018814
1000.0,0.850,0.034735
1000.0,0.850,0.008033
1000.0,0.850,-0.009105
1000.0,0.850,-0.033048
1000.0,0.850,0.117149
1000.0,0.850,-0.038162
1000.0,0.850,-0.013061
1000.0,0.850,-0.001309
1000.0,0.850,-0.038361
1000.0,0.850,-0.110722
1000.0,0.850,-0.057658
1000.0,0.850,-0.015915
1000.0,0.850,0.024276
1000.0,0.850,0.003107
1000.0,0.850,-0.036169
1000.0,0.850,0.072218
1000.0,0.850,-0.023152
1000.0,0.850,0.000214
1000.0,0.850,0.039895
1000.0,0.850,0.016227
1000.0,0.850,-0.040019
1000.0,0.850,0.019393
1000.0,0.850,0.033565
1000.0,0.850,0.039074
1000.0,0.850,-0.001735
1000.0,0.850,0.031402
1000.0,0.850,-0.071764
1000.0,0.850,-0.028403
1000.0,0.850,-0.016133
1000.0,0.850,0.008854
1000.0,0.850,-0.013922
1000.0,0.850,-0.042410
1000.0,0.850,-0.013766
1000.0,0.850,0.064462
1000.0,0.850,-0.043213
1000.0,0.850,0.017998
1000.0,0.850,0.045058
1000.0,0.850,-0.046426
1000.0,0.850,0.006943
1000.0,0.850,0.029010
1000.0,0.850,0.012870
1000.0,0.850,0.001529
1000.0,0.850,-0.046682
1000.0,0.850,0.006997
1000.0,0.850,0.021631
1000.0,0.850,0.048759
1000.0,0.850,0.046423
1000.0,0.850,0.017661
1000.0,0.850,0.012069
1000.0,0.850,-0.017724
1000.0,0.850,0.071301
1000.0,0.850,-0.067719
1000.0,0.850,-0.009012
1000.0,0.850,-0.019175
1000.0,0.850,-0.000214
1000.0,0.850,-0.068824
1000.0,0.850,-0.033423
1000.0,0.850,0.033294
1000.0,0.850,0.019296
1000.0,0.850,-0.048057
1000.0,0.850,0.012360
1000.0,0.850,-0.011560
1000.0,0.850,-0.003385
1000.0,0.850,-0.052329
1000.0,0.850,0.054955
1000.0,0.850,0.029063
1000.0,0.850,0.060892
1000.0,0.850,-0.064583
1000.0,0.850,-0.018347
1000.0,0.850,-0.024750
1000.0,0.850,-0.026481
1000.0,0.850,0.024868
1000.0,0.850,0.013826
1000.0,0.850,0.025551
1000.0,0.850,-0.030199
1000.0,0.850,-0.036072
1000.0,0.850,0.031311
1000.0,0.850,-0.016366
1000.0,0.850,-0.024739
1000.0,0.850,-0.025967
1000.0,0.850,0.017570
1000.0,0.850,-0.002980
1000.0,0.850,-0.016800
1000.0,0.850,-0.004060
1000.0,0.850,0.001998
1000.0,0.850,-0.002143
1000.0,0.850,-0.021057
1000.0,0.850,0.020417
1000.0,0.850,0.008326
1000.0,0.850,-0.010291
1000.0,0.850,-0.005981
1000.0,0.850,0.022159
1000.0,0.850,0.022159
1000.0,0.850,0.020420
1000.0,0.903,-0.041943
1000.0,0.903,-0.053683
1000.0,0.903,0.131825
1000.0,0.903,-0.044039
1000.0,0.903,0.033303
1000.0,0.903,0.047395
1000.0,0.903,0.040545
1000.0,0.903,-0.018058
1000.0,0.903,-0.045972
1000.0,0.903,-0.044679
1000.0,0.903,0.182803
1000.0,0.903,-0.044808
1000.0,0.903,-0.034901
1000.0,0.903,0.032440
1000.0,0.903,0.003387
1000.0,0.903,-0.135008
1000.0,0.903,-0.008962
1000.0,0.903,0.022382
1000.0,0.903,0.014928
1000.0,0.903,0.055272
1000.0,0.903,-0.080581
1000.0,0.903,0.088299
1000.0,0.903,0.016045
1000.0,0.903,0.038493
1000.0,0.903,0.032056
1000.0,0.903,0.051367
1000.0,0.903,-0.023291
1000.0,0.903,0.012480
1000.0,0.903,-0.006138
1000.0,0.903,0.034936
1000.0,0.903,-0.010669
1000.0,0.903,0.072894
1000.0,0.903,-0.014664
1000.0,0.903,-0.070956
1000.0,0.903,0.017338
1000.0,0.903,-0.027718
1000.0,0.903,-0.018089
1000.0,0.903,-0.029743
1000.0,0.903,0.026484
1000.0,0.903,0.016503
1000.0,0.903,0.006769
1000.0,0.903,-0.000220
1000.0,0.903,0.065121
1000.0,0.903,-0.048893
1000.0,0.903,0.073769
1000.0,0.903,0.026857
1000.0,0.903,0.024031
1000.0,0.903,-0.016628
1000.0,0.903,-0.003489
1000.0,0.903,0.034665
1000.0,0.903,0.024565
1000.0,0.903,0.109099
1000.0,0.903,0.093482
1000.0,0.903,0.035341
1000.0,0.903,0.008676
1000.0,0.903,0.008700
1000.0,0.903,0.043539
1000.0,0.903,-0.062218
1000.0,0.903,-0.064874
1000.0,0.903,-0.004624
1000.0,0.903,-0.033784
1000.0,0.903,-0.047471
1000.0,0.903,-0.040123
1000.0,0.903,-0.005941
1000.0,0.903,0.059859
1000.0,0.903,-0.053600
1000.0,0.903,-0.022589
1000.0,0.903,-0.041792
1000.0,0.903,-0.003394
1000.0,0.903,0.035090
1000.0,0.903,0.007134
1000.0,0.903,0.053349
1000.0,0.903,-0.003880
1000.0,0.903,-0.046759
1000.0,0.903,-0.050740
1000.0,0.903,0.004003
1000.0,0.903,0.021143
1000.0,0.903,0.021992
1000.0,0.903,0.016861
1000.0,0.903,0.001611
1000.0,0.903,-0.008181
1000.0,0.903,-0.050887
1000.0,0.903,0.079512
1000.0,0.903,-0.006832
1000.0,0.903,-0.067234
1000.0,0.903,0.005325
1000.0,0.903,0.015011
1000.0,0.903,-0.008242
1000.0,0.903,-0.010148
1000.0,0.903,-0.006363
1000.0,0.903,-0.044564
1000.0,0.903,-0.004827
1000.0,0.903,-0.006059
1000.0,0.903,0.003428
1000.0,0.903,0.016908
1000.0,0.903,-0.011124
1000.0,0.903,-0.003333
1000.0,0.903,0.035967
1000.0,0.903,-0.063079
1000.0,0.903,-0.015985
1000.0,0.950,-0.008340
1000.0,0.950,-0.075553
1000.0,0.950,0.133075
1000.0,0.950,-0.032506
1000.0,0.950,0.057142
1000.0,0.950,0.045922
1000.0,0.950,0.086988
1000.0,0.950,0.015964
1000.0,0.950,0.000990
1000.0,0.950,-0.028220
1000.0,0.950,0.157167
1000.0,0.950,-0.040268
1000.0,0.950,-0.014453
1000.0,0.950,0.045598
1000.0,0.950,-0.047615
1000.0,0.950,-0.132525
1000.0,0.950,-0.026159
1000.0,0.950,0.029774
1000.0,0.950,0.023548
1000.0,0.950,0.014440
1000.0,0.950,0.031204
1000.0,0.950,0.072746
1000.0,0.950,-0.000311
1000.0,0.950,0.001549
1000.0,0.950,0.033740
1000.0,0.950,0.017276
1000.0,0.950,-0.049080
1000.0,0.950,-0.038446
1000.0,0.950,-0.032251
1000.0,0.950,0.049458
1000.0,0.950,-0.093955
1000.0,0.950,0.077460
1000.0,0.950,0.024886
1000.0,0.950,-0.043955
1000.0,0.950,0.005802
1000.0,0.950,-0.061106
1000.0,0.950,-0.035441
1000.0,0.950,0.005744
1000.0,0.950,0.061848
1000.0,0.950,0.036161
1000.0,0.950,0.006851
1000.0,0.950,0.076983
1000.0,0.950,0.088484
1000.0,0.950,-0.097263
1000.0,0.950,0.098451
1000.0,0.950,0.002889
1000.0,0.950,-0.014398
1000.0,0.950,-0.069024
1000.0,0.950,-0.043671
1000.0,0.950,0.062055
1000.0,0.950,0.038625
1000.0,0.950,0.106577
1000.0,0.950,0.114444
1000.0,0.950,0.044373
1000.0,0.950,-0.012909
1000.0,0.950,-0.027029
1000.0,0.950,0.061298
1000.0,0.950,-0.029239
1000.0,0.950,-0.065312
1000.0,0.950,0.013175
1000.0,0.950,-0.068351
1000.0,0.950,-0.046664
1000.0,0.950,-0.006428
1000.0,0.950,0.023442
1000.0,0.950,0.083484
1000.0,0.950,-0.072056
1000.0,0.950,0.027519
1000.0,0.950,-0.057249
1000.0,0.950,0.028916
1000.0,0.950,-0.005140
1000.0,0.950,-0.007453
1000.0,0.950,-0.001389
1000.0,0.950,-0.065092
1000.0,0.950,-0.056490
1000.0,0.950,-0.068621
1000.0,0.950,-0.000410
1000.0,0.950,0.011435
1000.0,0.950,0.016296
1000.0,0.950,0.045580
1000.0,0.950,-0.036988
1000.0,0.950,-0.027912
1000.0,0.950,-0.017856
1000.0,0.950,0.000442
1000.0,0.950,0.033071
1000.0,0.950,-0.053277
1000.0,0.950,0.013039
1000.0,0.950,-0.027898
1000.0,0.950,-0.003326
1000.0,0.950,0.001013
1000.0,0.950,0.000082
1000.0,0.950,0.013254
1000.0,0.950,-0.032785
1000.0,0.950,0.030368
1000.0,0.950,0.035702
1000.0,0.950,0.097781
1000.0,0.950,-0.054040
1000.0,0.950,0.000090
1000.0,0.950,0.042980
1000.0,0.950,0.013806
1000.0,0.950,-0.055307
1000.0,0.850,-0.032495
1000.0,0.850,0.014238
1000.0,0.850,0.047318
1000.0,0.850,0.018255
1000.0,0.850,0.027698
1000.0,0.850,0.079582
1000.0,0.850,-0.032693
1000.0,0.850,-0.100210
1000.0,0.850,0.024073
1000.0,0.850,0.004217
1000.0,0.850,0.011723
1000.0,0.850,0.006101
1000.0,0.850,0.027035
1000.0,0.850,-0.007654
1000.0,0.850,-0.052971
1000.0,0.850,0.005577
1000.0,0.850,0.009767
1000.0,0.850,0.038316
1000.0,0.850,0.069661
1000.0,0.850,-0.044762
1000.0,0.850,0.005193
1000.0,0.850,-0.014037
1000.0,0.850,-0.012140
1000.0,0.850,0.021465
1000.0,0.850,0.083451
1000.0,0.850,0.051475
1000.0,0.850,-0.015907
1000.0,0.850,-0.103278
1000.0,0.850,-0.026239
1000.0,0.850,-0.011287
1000.0,0.850,-0.040995
1000.0,0.850,0.014646
1000.0,0.850,-0.029212
1000.0,0.850,0.007686
1000.0,0.850,0.025329
1000.0,0.850,0.115073
1000.0,0.850,0.042187
1000.0,0.850,-0.029072
1000.0,0.850,-0.005241
1000.0,0.850,0.006298
1000.0,0.850,-0.010778
1000.0,0.850,0.020340
1000.0,0.850,0.021873
1000.0,0.850,0.001017
1000.0,0.850,0.023023
1000.0,0.850,0.020632
1000.0,0.850,-0.016633
1000.0,0.850,-0.056820
1000.0,0.850,0.011340
1000.0,0.850,0.009673
1000.0,0.850,-0.093801
1000.0,0.850,0.061260
1000.0,0.850,-0.029020
1000.0,0.850,0.028313
1000.0,0.850,0.003653
1000.0,0.850,0.071720
1000.0,0.850,-0.043695
1000.0,0.850,0.000588
1000.0,0.850,-0.018601
1000.0,0.850,-0.059378
1000.0,0.850,0.066242
1000.0,0.850,0.006943
1000.0,0.850,0.003916
1000.0,0.850,-0.030820
1000.0,0.850,0.022019
1000.0,0.850,0.022504
1000.0,0.850,-0.081911
1000.0,0.850,-0.010149
1000.0,0.850,-0.046321
1000.0,0.850,0.051601
1000.0,0.850,0.010121
1000.0,0.850,0.073338
1000.0,0.850,-0.008454
1000.0,0.850,0.033551
1000.0,0.850,0.092993
1000.0,0.850,0.011881
1000.0,0.850,0.053358
1000.0,0.850,0.033680
1000.0,0.850,-0.019963
1000.0,0.850,-0.009445
1000.0,0.850,0.033648
1000.0,0.850,0.068582
1000.0,0.850,0.021868
1000.0,0.850,0.011705
1000.0,0.850,-0.042439
1000.0,0.850,0.009071
1000.0,0.850,-0.053349
1000.0,0.850,0.029479
1000.0,0.850,0.005236
1000.0,0.850,-0.001551
1000.0,0.850,0.081558
1000.0,0.850,-0.057610
1000.0,0.850,0.007384
1000.0,0.850,-0.020277
1000.0,0.850,0.042219
1000.0,0.850,0.006663
1000.0,0.850,-0.022726
1000.0,0.850,0.006320
1000.0,0.850,-0.016986
1000.0,0.850,0.039098
1000.0,0.903,0.001840
1000.0,0.903,0.016118
1000.0,0.903,0.091557
1000.0,0.903,0.031654
1000.0,0.903,0.086799
1000.0,0.903,0.120123
1000.0,0.903,-0.052999
1000.0,0.903,-0.113274
1000.0,0.903,0.005402
1000.0,0.903,-0.015099
1000.0,0.903,-0.018514
1000.0,0.903,0.063783
1000.0,0.903,-0.011533
1000.0,0.903,0.041948
1000.0,0.903,0.002862
1000.0,0.903,0.012626
1000.0,0.903,0.015696
1000.0,0.903,-0.037331
1000.0,0.903,0.056323
1000.0,0.903,0.010520
1000.0,0.903,-0.010755
1000.0,0.903,0.037986
1000.0,0.903,0.006654
1000.0,0.903,0.022411
1000.0,0.903,0.064925
1000.0,0.903,0.025509
1000.0,0.903,-0.003553
1000.0,0.903,-0.096277
1000.0,0.903,0.030012
1000.0,0.903,0.029991
1000.0,0.903,-0.064030
1000.0,0.903,-0.010958
1000.0,0.903,-0.070230
1000.0,0.903,0.029141
1000.0,0.903,0.104962
1000.0,0.903,0.069107
1000.0,0.903,-0.003327
1000.0,0.903,-0.018758
1000.0,0.903,-0.021714
1000.0,0.903,-0.018403
1000.0,0.903,-0.047473
1000.0,0.903,0.015296
1000.0,0.903,0.021970
1000.0,0.903,0.016811
1000.0,0.903,0.062404
1000.0,0.903,0.091959
1000.0,0.903,0.049157
1000.0,0.903,-0.047708
1000.0,0.903,-0.007978
1000.0,0.903,-0.011544
1000.0,0.903,-0.078191
1000.0,0.903,0.044996
1000.0,0.903,-0.030336
1000.0,0.903,0.040019
1000.0,0.903,-0.035971
1000.0,0.903,0.074681
1000.0,0.903,-0.031061
1000.0,0.903,0.011515
1000.0,0.903,-0.054307
1000.0,0.903,-0.067309
1000.0,0.903,0.050707
1000.0,0.903,-0.026792
1000.0,0.903,0.017075
1000.0,0.903,-0.084257
1000.0,0.903,0.030059
1000.0,0.903,0.135576
1000.0,0.903,0.008254
1000.0,0.903,0.012174
1000.0,0.903,-0.048090
1000.0,0.903,0.025051
1000.0,0.903,0.034411
1000.0,0.903,0.107584
1000.0,0.903,0.020731
1000.0,0.903,0.019340
1000.0,0.903,0.122672
1000.0,0.903,0.021149
1000.0,0.903,0.027824
1000.0,0.903,0.010235
1000.0,0.903,-0.024263
1000.0,0.903,-0.001971
1000.0,0.903,0.043322
1000.0,0.903,0.069988
1000.0,0.903,-0.023767
1000.0,0.903,0.050436
1000.0,0.903,-0.021332
1000.0,0.903,0.035938
1000.0,0.903,-0.059983
1000.0,0.903,0.078215
1000.0,0.903,0.009649
1000.0,0.903,-0.042152
1000.0,0.903,0.042458
1000.0,0.903,-0.081038
1000.0,0.903,0.059349
1000.0,0.903,-0.009778
1000.0,0.903,0.041591
1000.0,0.903,-0.014964
1000.0,0.903,-0.023501
1000.0,0.903,0.048548
1000.0,0.903,-0.014531
1000.0,0.903,0.068032
1000.0,0.950,-0.028515
1000.0,0.950,0.016851
1000.0,0.950,0.106125
1000.0,0.950,0.039622
1000.0,0.950,0.094480
1000.0,0.950,0.113674
1000.0,0.950,-0.063096
1000.0,0.950,-0.135512
1000.0,0.950,0.018612
1000.0,0.950,-0.057345
1000.0,0.950,-0.019398
1000.0,0.950,0.004778
1000.0,0.950,0.008512
1000.0,0.950,0.084764
1000.0,0.950,0.049768
1000.0,0.950,0.022168
1000.0,0.950,-0.017411
1000.0,0.950,-0.060959
1000.0,0.950,0.056065
1000.0,0.950,0.038254
1000.0,0.950,0.034629
1000.0,0.950,-0.038282
1000.0,0.950,-0.005379
1000.0,0.950,0.071327
1000.0,0.950,0.085621
1000.0,0.950,0.058968
1000.0,0.950,0.033215
1000.0,0.950,-0.106689
1000.0,0.950,0.090043
1000.0,0.950,0.020504
1000.0,0.950,-0.080232
1000.0,0.950,-0.008502
1000.0,0.950,-0.000601
1000.0,0.950,0.044631
1000.0,0.950,0.132151
1000.0,0.950,0.048837
1000.0,0.950,-0.033292
1000.0,0.950,0.001016
1000.0,0.950,-0.020559
1000.0,0.950,-0.002469
1000.0,0.950,-0.055922
1000.0,0.950,-0.043687
1000.0,0.950,0.046553
1000.0,0.950,0.042512
1000.0,0.950,0.117322
1000.0,0.950,0.149778
1000.0,0.950,0.059276
1000.0,0.950,-0.071993
1000.0,0.950,-0.052894
1000.0,0.950,0.009463
1000.0,0.950,-0.085146
1000.0,0.950,0.039489
1000.0,0.950,-0.035662
1000.0,0.950,0.083031
1000.0,0.950,-0.029266
1000.0,0.950,0.076866
1000.0,0.950,0.012279
1000.0,0.950,0.044868
1000.0,0.950,-0.031123
1000.0,0.950,-0.102274
1000.0,0.950,0.093359
1000.0,0.950,-0.040285
1000.0,0.950,-0.002284
1000.0,0.950,-0.131775
1000.0,0.950,0.012236
1000.0,0.950,0.123386
1000.0,0.950,-0.013839
1000.0,0.950,0.074078
1000.0,0.950,-0.029061
1000.0,0.950,0.022207
1000.0,0.950,0.047149
1000.0,0.950,0.088851
1000.0,0.950,0.027515
1000.0,0.950,-0.012438
1000.0,0.950,0.086359
1000.0,0.950,0.030245
1000.0,0.950,0.001204
1000.0,0.950,-0.011745
1000.0,0.950,-0.011929
1000.0,0.950,-0.012588
1000.0,0.950,0.043096
1000.0,0.950,0.072528
1000.0,0.950,0.007068
1000.0,0.950,0.053224
1000.0,0.950,0.000931
1000.0,0.950,0.012808
1000.0,0.950,-0.048412
1000.0,0.950,0.100297
1000.0,0.950,0.006728
1000.0,0.950,-0.007538
1000.0,0.950,0.071887
1000.0,0.950,-0.041475
1000.0,0.950,0.057486
1000.0,0.950,0.048573
1000.0,0.950,0.058218
1000.0,0.950,-0.032949
1000.0,0.950,-0.051884
1000.0,0.950,0.038988
1000.0,0.950,0.017958
1000.0,0.950,0.065276
1000.0,0.850,0.061087
1000.0,0.850,0.064823
1000.0,0.850,0.050048
1000.0,0.850,-0.038364
1000.0,0.850,-0.046301
1000.0,0.850,0.055993
1000.0,0.850,-0.018631
1000.0,0.850,0.000893
1000.0,0.850,-0.027825
1000.0,0.850,0.104010
1000.0,0.850,-0.040663
1000.0,0.850,0.083718
1000.0,0.850,-0.041525
1000.0,0.850,-0.049186
1000.0,0.850,-0.053902
1000.0,0.850,-0.012437
1000.0,0.850,0.041709
1000.0,0.850,0.049200
1000.0,0.850,-0.011623
1000.0,0.850,0.014201
1000.0,0.850,0.044840
1000.0,0.850,-0.000387
1000.0,0.850,0.059969
1000.0,0.850,0.007080
1000.0,0.850,-0.009613
1000.0,0.850,0.041587
1000.0,0.850,0.002096
1000.0,0.850,-0.000368
1000.0,0.850,-0.018777
1000.0,0.850,-0.051607
1000.0,0.850,0.009568
1000.0,0.850,0.043378
1000.0,0.850,0.082928
1000.0,0.850,-0.014586
1000.0,0.850,0.061395
1000.0,0.850,0.019194
1000.0,0.850,-0.045513
1000.0,0.850,0.022950
1000.0,0.850,0.069211
1000.0,0.850,0.029513
1000.0,0.850,-0.053788
1000.0,0.850,0.079787
1000.0,0.850,0.059405
1000.0,0.850,0.035015
1000.0,0.850,0.048702
1000.0,0.850,-0.006608
1000.0,0.850,0.061005
1000.0,0.850,-0.080114
1000.0,0.850,-0.059963
1000.0,0.850,0.015120
1000.0,0.850,-0.021969
1000.0,0.850,-0.023350
1000.0,0.850,0.015834
1000.0,0.850,-0.017242
1000.0,0.850,-0.011794
1000.0,0.850,0.024761
1000.0,0.850,0.023742
1000.0,0.850,0.003564
1000.0,0.850,-0.067494
1000.0,0.850,-0.000968
1000.0,0.850,0.009076
1000.0,0.850,0.059562
1000.0,0.850,-0.057380
1000.0,0.850,-0.072924
1000.0,0.850,0.072471
1000.0,0.850,-0.023476
1000.0,0.850,-0.066004
1000.0,0.850,0.001305
1000.0,0.850,-0.011090
1000.0,0.850,0.000703
1000.0,0.850,0.040192
1000.0,0.850,0.005165
1000.0,0.850,-0.045366
1000.0,0.850,-0.037785
1000.0,0.850,0.041356
1000.0,0.850,-0.040447
1000.0,0.850,0.021145
1000.0,0.850,0.001901
1000.0,0.850,0.002860
1000.0,0.850,0.002211
1000.0,0.850,0.025650
1000.0,0.850,-0.063172
1000.0,0.850,-0.010585
1000.0,0.850,0.037024
1000.0,0.850,-0.010812
1000.0,0.850,-0.016091
1000.0,0.850,0.062528
1000.0,0.850,-0.000200
1000.0,0.850,0.050794
1000.0,0.850,-0.001451
1000.0,0.850,0.045416
1000.0,0.850,-0.014851
1000.0,0.850,-0.007076
1000.0,0.850,0.051661
1000.0,0.850,-0.036702
1000.0,0.850,0.020489
1000.0,0.850,0.045305
1000.0,0.850,0.012649
1000.0,0.850,0.020590
1000.0,0.850,-0.002210
1000.0,0.903,0.047938
1000.0,0.903,0.077252
1000.0,0.903,-0.000384
1000.0,0.903,-0.037481
1000.0,0.903,-0.063992
1000.0,0.903,0.063501
1000.0,0.903,0.021126
1000.0,0.903,0.015612
1000.0,0.903,-0.004787
1000.0,0.903,0.090993
1000.0,0.903,-0.063237
1000.0,0.903,0.099298
1000.0,0.903,-0.015161
1000.0,0.903,-0.011974
1000.0,0.903,-0.017629
1000.0,0.903,-0.002893
1000.0,0.903,0.035643
1000.0,0.903,0.009504
1000.0,0.903,-0.032930
1000.0,0.903,0.014792
1000.0,0.903,0.072523
1000.0,0.903,0.007376
1000.0,0.903,0.087986
1000.0,0.903,-0.038280
1000.0,0.903,-0.020523
1000.0,0.903,0.028280
1000.0,0.903,0.069582
1000.0,0.903,-0.049764
1000.0,0.903,0.040193
1000.0,0.903,-0.075242
1000.0,0.903,-0.002860
1000.0,0.903,0.015320
1000.0,0.903,0.092383
1000.0,0.903,-0.049163
1000.0,0.903,-0.025022
1000.0,0.903,0.058039
1000.0,0.903,0.018721
1000.0,0.903,0.002853
1000.0,0.903,0.111944
1000.0,0.903,0.011720
1000.0,0.903,-0.074662
1000.0,0.903,0.062371
1000.0,0.903,0.010558
1000.0,0.903,-0.001106
1000.0,0.903,0.057599
1000.0,0.903,0.039056
1000.0,0.903,0.071360
1000.0,0.903,-0.079186
1000.0,0.903,-0.056340
1000.0,0.903,0.044100
1000.0,0.903,0.007308
1000.0,0.903,-0.062410
1000.0,0.903,0.023127
1000.0,0.903,-0.098178
1000.0,0.903,0.051075
1000.0,0.903,0.028115
1000.0,0.903,0.031863
1000.0,0.903,0.056027
1000.0,0.903,0.005626
1000.0,0.903,-0.001758
1000.0,0.903,-0.019087
1000.0,0.903,0.007245
1000.0,0.903,-0.037522
1000.0,0.903,-0.032937
1000.0,0.903,0.059096
1000.0,0.903,-0.029654
1000.0,0.903,-0.043614
1000.0,0.903,-0.007368
1000.0,0.903,-0.075137
1000.0,0.903,-0.048802
1000.0,0.903,0.016430
1000.0,0.903,-0.033615
1000.0,0.903,-0.049074
1000.0,0.903,-0.029338
1000.0,0.903,0.033302
1000.0,0.903,-0.014928
1000.0,0.903,0.071029
1000.0,0.903,-0.016712
1000.0,0.903,0.108822
1000.0,0.903,0.031202
1000.0,0.903,0.035947
1000.0,0.903,-0.119648
1000.0,0.903,-0.003521
1000.0,0.903,0.003337
1000.0,0.903,-0.038700
1000.0,0.903,0.028515
1000.0,0.903,0.059045
1000.0,0.903,0.014813
1000.0,0.903,0.062224
1000.0,0.903,0.019766
1000.0,0.903,0.051217
1000.0,0.903,-0.011972
1000.0,0.903,-0.018572
1000.0,0.903,0.045099
1000.0,0.903,-0.073480
1000.0,0.903,-0.014183
1000.0,0.903,0.078517
1000.0,0.903,0.004462
1000.0,0.903,0.032026
1000.0,0.903,0.014300
1000.0,0.950,0.003357
1000.0,0.950,0.123426
1000.0,0.950,-0.001230
1000.0,0.950,0.025108
1000.0,0.950,-0.077592
1000.0,0.950,0.070529
1000.0,0.950,-0.021715
1000.0,0.950,0.062407
1000.0,0.950,0.008484
1000.0,0.950,0.132364
1000.0,0.950,-0.062293
1000.0,0.950,0.110711
1000.0,0.950,0.068623
1000.0,0.950,0.013973
1000.0,0.950,-0.060693
1000.0,0.950,-0.041046
1000.0,0.950,0.019985
1000.0,0.950,-0.000599
1000.0,0.950,-0.064087
1000.0,0.950,-0.044337
1000.0,0.950,0.047643
1000.0,0.950,0.002667
1000.0,0.950,0.083029
1000.0,0.950,-0.062946
1000.0,0.950,-0.012067
1000.0,0.950,0.011697
1000.0,0.950,0.070649
1000.0,0.950,-0.120199
1000.0,0.950,0.026840
1000.0,0.950,-0.083830
1000.0,0.950,-0.012485
1000.0,0.950,0.039529
1000.0,0.950,0.079673
1000.0,0.950,-0.039079
1000.0,0.950,-0.019036
1000.0,0.950,0.077096
1000.0,0.950,0.029681
1000.0,0.950,0.034245
1000.0,0.950,0.085251
1000.0,0.950,-0.022701
1000.0,0.950,-0.020488
1000.0,0.950,0.034836
1000.0,0.950,0.002960
1000.0,0.950,0.042051
1000.0,0.950,0.065266
1000.0,0.950,0.030230
1000.0,0.950,0.089419
1000.0,0.950,-0.049357
1000.0,0.950,-0.006640
1000.0,0.950,0.082267
1000.0,0.950,-0.009006
1000.0,0.950,-0.026743
1000.0,0.950,0.061392
1000.0,0.950,-0.144257
1000.0,0.950,0.086838
1000.0,0.950,-0.011195
1000.0,0.950,-0.032856
1000.0,0.950,0.062204
1000.0,0.950,0.029096
1000.0,0.950,-0.009837
1000.0,0.950,-0.042363
1000.0,0.950,0.077021
1000.0,0.950,0.031968
1000.0,0.950,-0.005972
1000.0,0.950,0.087315
1000.0,0.950,-0.090145
1000.0,0.950,-0.033522
1000.0,0.950,0.017036
1000.0,0.950,-0.111860
1000.0,0.950,-0.074560
1000.0,0.950,0.029077
1000.0,0.950,-0.001836
1000.0,0.950,-0.102509
1000.0,0.950,-0.006811
1000.0,0.950,-0.015333
1000.0,0.950,-0.028142
1000.0,0.950,0.114297
1000.0,0.950,-0.007468
1000.0,0.950,0.082486
1000.0,0.950,0.058946
1000.0,0.950,0.055389
1000.0,0.950,-0.133398
1000.0,0.950,0.039682
1000.0,0.950,-0.016064
1000.0,0.950,-0.059065
1000.0,0.950,0.053951
1000.0,0.950,0.051234
1000.0,0.950,-0.058948
1000.0,0.950,0.051769
1000.0,0.950,0.035809
1000.0,0.950,0.025489
1000.0,0.950,0.073173
1000.0,0.950,-0.042160
1000.0,0.950,-0.009352
1000.0,0.950,-0.044801
1000.0,0.950,0.028054
1000.0,0.950,0.107910
1000.0,0.950,0.026851
1000.0,0.950,-0.030200
1000.0,0.950,0.017829
1000.0,0.850,0.060145
1000.0,0.850,0.005948
1000.0,0.850,-0.040456
1000.0,0.850,-0.093568
1000.0,0.850,0.030437
1000.0,0.850,-0.014458
1000.0,0.850,-0.039938
1000.0,0.850,0.015517
1000.0,0.850,-0.055282
1000.0,0.850,-0.005087
1000.0,0.850,0.034833
1000.0,0.850,0.035602
1000.0,0.850,-0.017230
1000.0,0.850,-0.028744
1000.0,0.850,0.059051
1000.0,0.850,0.051122
1000.0,0.850,0.088272
1000.0,0.850,-0.016042
1000.0,0.850,-0.037327
1000.0,0.850,-0.076074
1000.0,0.850,-0.053398
1000.0,0.850,0.013330
1000.0,0.850,0.008821
1000.0,0.850,-0.065360
1000.0,0.850,0.005436
1000.0,0.850,0.046416
1000.0,0.850,0.030542
1000.0,0.850,0.002863
1000.0,0.850,0.075164
1000.0,0.850,-0.028018
1000.0,0.850,-0.064960
1000.0,0.850,0.018546
1000.0,0.850,-0.009336
1000.0,0.850,-0.012563
1000.0,0.850,-0.000841
1000.0,0.850,-0.061723
1000.0,0.850,-0.053190
1000.0,0.850,-0.068454
1000.0,0.850,-0.024746
1000.0,0.850,0.042962
1000.0,0.850,-0.007511
1000.0,0.850,0.032114
1000.0,0.850,-0.061642
1000.0,0.850,-0.048243
1000.0,0.850,-0.034089
1000.0,0.850,-0.029886
1000.0,0.850,-0.014594
1000.0,0.850,-0.036260
1000.0,0.850,-0.010785
1000.0,0.850,-0.070881
1000.0,0.850,-0.026691
1000.0,0.850,0.009706
1000.0,0.850,0.035100
1000.0,0.850,0.000606
1000.0,0.850,0.007714
1000.0,0.850,0.035574
1000.0,0.850,0.015895
1000.0,0.850,0.006623
1000.0,0.850,0.027441
1000.0,0.850,0.008533
1000.0,0.850,-0.038214
1000.0,0.850,-0.047426
1000.0,0.850,0.039920
1000.0,0.850,-0.013339
1000.0,0.850,0.001890
1000.0,0.850,-0.023217
1000.0,0.850,0.041755
1000.0,0.850,0.091064
1000.0,0.850,0.013440
1000.0,0.850,0.029691
1000.0,0.850,0.027828
1000.0,0.850,0.089668
1000.0,0.850,0.025054
1000.0,0.850,0.006764
1000.0,0.850,-0.017000
1000.0,0.850,0.093076
1000.0,0.850,-0.025797
1000.0,0.850,0.088601
1000.0,0.850,0.057962
1000.0,0.850,0.040720
1000.0,0.850,0.008861
1000.0,0.850,-0.042852
1000.0,0.850,0.045714
1000.0,0.850,-0.062074
1000.0,0.850,-0.018432
1000.0,0.850,0.067629
1000.0,0.850,-0.033809
1000.0,0.850,0.031495
1000.0,0.850,-0.012113
1000.0,0.850,0.099911
1000.0,0.850,-0.012406
1000.0,0.850,0.006701
1000.0,0.850,-0.079677
1000.0,0.850,0.014194
1000.0,0.850,0.038431
1000.0,0.850,-0.006126
1000.0,0.850,-0.058226
1000.0,0.850,-0.017369
1000.0,0.850,0.073107
1000.0,0.850,-0.009685
1000.0,0.903,0.015799
1000.0,0.903,0.036069
1000.0,0.903,0.023137
1000.0,0.903,-0.044487
1000.0,0.903,0.042597
1000.0,0.903,0.030606
1000.0,0.903,-0.019698
1000.0,0.903,0.017607
1000.0,0.903,-0.097068
1000.0,0.903,0.060617
1000.0,0.903,0.045948
1000.0,0.903,0.035043
1000.0,0.903,-0.030150
1000.0,0.903,-0.022773
1000.0,0.903,0.080054
1000.0,0.903,0.092698
1000.0,0.903,0.139093
1000.0,0.903,-0.009809
1000.0,0.903,-0.027157
1000.0,0.903,-0.048140
1000.0,0.903,-0.074473
1000.0,0.903,0.041426
1000.0,0.903,0.030156
1000.0,0.903,-0.081069
1000.0,0.903,0.004584
1000.0,0.903,0.025659
1000.0,0.903,0.056682
1000.0,0.903,-0.002980
1000.0,0.903,0.062761
1000.0,0.903,0.015936
1000.0,0.903,-0.049905
1000.0,0.903,0.033501
1000.0,0.903,0.052038
1000.0,0.903,-0.046902
1000.0,0.903,0.038896
1000.0,0.903,-0.003554
1000.0,0.903,-0.081033
1000.0,0.903,-0.032354
1000.0,0.903,-0.034882
1000.0,0.903,0.080603
1000.0,0.903,-0.075193
1000.0,0.903,0.053156
1000.0,0.903,-0.052944
1000.0,0.903,0.001490
1000.0,0.903,0.023479
1000.0,0.903,0.010221
1000.0,0.903,0.022135
1000.0,0.903,0.022941
1000.0,0.903,0.014145
1000.0,0.903,-0.089252
1000.0,0.903,0.022396
1000.0,0.903,0.069015
1000.0,0.903,0.026471
1000.0,0.903,0.051987
1000.0,0.903,-0.033255
1000.0,0.903,-0.004627
1000.0,0.903,0.021733
1000.0,0.903,0.023138
1000.0,0.903,-0.016633
1000.0,0.903,-0.006634
1000.0,0.903,0.005646
1000.0,0.903,-0.097957
1000.0,0.903,-0.029851
1000.0,0.903,0.031392
1000.0,0.903,0.043316
1000.0,0.903,-0.048084
1000.0,0.903,0.032374
1000.0,0.903,0.129851
1000.0,0.903,0.051203
1000.0,0.903,0.071080
1000.0,0.903,0.020529
1000.0,0.903,0.054373
1000.0,0.903,0.015189
1000.0,0.903,0.015476
1000.0,0.903,-0.067753
1000.0,0.903,0.077173
1000.0,0.903,-0.012616
1000.0,0.903,0.107957
1000.0,0.903,-0.043091
1000.0,0.903,0.058537
1000.0,0.903,-0.006745
1000.0,0.903,-0.018571
1000.0,0.903,0.061143
1000.0,0.903,-0.102665
1000.0,0.903,0.030239
1000.0,0.903,0.043957
1000.0,0.903,-0.045030
1000.0,0.903,0.015135
1000.0,0.903,0.000273
1000.0,0.903,0.093465
1000.0,0.903,-0.004445
1000.0,0.903,-0.026061
1000.0,0.903,-0.101633
1000.0,0.903,0.033848
1000.0,0.903,0.032021
1000.0,0.903,-0.021914
1000.0,0.903,-0.020048
1000.0,0.903,0.029487
1000.0,0.903,0.119730
1000.0,0.903,0.015261
1000.0,0.950,0.051739
1000.0,0.950,0.038554
1000.0,0.950,-0.018128
1000.0,0.950,-0.037171
1000.0,0.950,0.040186
1000.0,0.950,-0.017334
1000.0,0.950,0.006673
1000.0,0.950,-0.011985
1000.0,0.950,-0.097780
1000.0,0.950,0.039483
1000.0,0.950,0.041293
1000.0,0.950,-0.017125
1000.0,0.950,-0.064921
1000.0,0.950,-0.074092
1000.0,0.950,0.041544
1000.0,0.950,0.106396
1000.0,0.950,0.146258
1000.0,0.950,0.017320
1000.0,0.950,-0.060281
1000.0,0.950,-0.024653
1000.0,0.950,-0.065860
1000.0,0.950,0.024684
1000.0,0.950,0.065330
1000.0,0.950,-0.084929
1000.0,0.950,0.001769
1000.0,0.950,0.004641
1000.0,0.950,0.111173
1000.0,0.950,0.039797
1000.0,0.950,0.066679
1000.0,0.950,0.028672
1000.0,0.950,-0.047497
1000.0,0.950,0.021477
1000.0,0.950,0.028161
1000.0,0.950,-0.028976
1000.0,0.950,0.044314
1000.0,0.950,0.071181
1000.0,0.950,-0.051074
1000.0,0.950,-0.035819
1000.0,0.950,-0.077783
1000.0,0.950,0.085500
1000.0,0.950,-0.036036
1000.0,0.950,0.083301
1000.0,0.950,-0.003462
1000.0,0.950,-0.028958
1000.0,0.950,0.028999
1000.0,0.950,0.018174
1000.0,0.950,-0.010982
1000.0,0.950,0.043272
1000.0,0.950,0.038621
1000.0,0.950,-0.067258
1000.0,0.950,0.027844
1000.0,0.950,0.060316
1000.0,0.950,-0.019237
1000.0,0.950,0.008873
1000.0,0.950,-0.023962
1000.0,0.950,0.011328
1000.0,0.950,0.047894
1000.0,0.950,0.083176
1000.0,0.950,-0.000618
1000.0,0.950,-0.049960
1000.0,0.950,0.028192
1000.0,0.950,-0.093644
1000.0,0.950,0.019910
1000.0,0.950,0.049228
1000.0,0.950,-0.028629
1000.0,0.950,-0.045710
1000.0,0.950,0.040198
1000.0,0.950,0.131065
1000.0,0.950,0.047565
1000.0,0.950,0.080067
1000.0,0.950,0.052071
1000.0,0.950,0.118246
1000.0,0.950,0.072871
1000.0,0.950,0.029410
1000.0,0.950,-0.059818
1000.0,0.950,0.041758
1000.0,0.950,-0.029089
1000.0,0.950,0.124528
1000.0,0.950,-0.078841
1000.0,0.950,0.044295
1000.0,0.950,-0.020250
1000.0,0.950,-0.059302
1000.0,0.950,0.092837
1000.0,0.950,-0.092363
1000.0,0.950,0.032889
1000.0,0.950,0.031822
1000.0,0.950,-0.021187
1000.0,0.950,0.035057
1000.0,0.950,0.003217
1000.0,0.950,0.002155
1000.0,0.950,0.007056
1000.0,0.950,-0.009757
1000.0,0.950,-0.092086
1000.0,0.950,0.052173
1000.0,0.950,0.017975
1000.0,0.950,-0.061999
1000.0,0.950,-0.049349
1000.0,0.950,0.025457
1000.0,0.950,0.084019
1000.0,0.950,0.010720
1000.0,0.850,0.029348
1000.0,0.850,0.024902
1000.0,0.850,-0.015404
1000.0,0.850,0.074861
1000.0,0.850,0.002954
1000.0,0.850,-0.005614
1000.0,0.850,0.035693
1000.0,0.850,-0.034857
1000.0,0.850,0.068188
1000.0,0.850,0.003184
1000.0,0.850,0.063553
1000.0,0.850,-0.003256
1000.0,0.850,0.035566
1000.0,0.850,-0.018178
1000.0,0.850,-0.021524
1000.0,0.850,-0.059797
1000.0,0.850,-0.020142
1000.0,0.850,0.010294
1000.0,0.850,0.027916
1000.0,0.850,-0.032602
1000.0,0.850,-0.034369
1000.0,0.850,0.027648
1000.0,0.850,0.007913
1000.0,0.850,0.031870
1000.0,0.850,0.060097
1000.0,0.850,0.045058
1000.0,0.850,-0.003549
1000.0,0.850,-0.004338
1000.0,0.850,-0.006464
1000.0,0.850,0.017798
1000.0,0.850,0.018055
1000.0,0.850,-0.024304
1000.0,0.850,0.075296
1000.0,0.850,-0.049718
1000.0,0.850,0.011437
1000.0,0.850,-0.016222
1000.0,0.850,0.031400
1000.0,0.850,0.076529
1000.0,0.850,0.045600
1000.0,0.850,0.012084
1000.0,0.850,0.010034
1000.0,0.850,0.004329
1000.0,0.850,-0.044985
1000.0,0.850,0.038959
1000.0,0.850,0.018671
1000.0,0.850,0.068260
1000.0,0.850,-0.049135
1000.0,0.850,0.069997
1000.0,0.850,0.006235
1000.0,0.850,0.013564
1000.0,0.850,-0.052445
1000.0,0.850,0.012040
1000.0,0.850,-0.014782
1000.0,0.850,-0.005079
1000.0,0.850,0.092931
1000.0,0.850,-0.040969
1000.0,0.850,-0.021399
1000.0,0.850,0.013696
1000.0,0.850,-0.003228
1000.0,0.850,0.028531
1000.0,0.850,-0.012018
1000.0,0.850,-0.045840
1000.0,0.850,-0.011132
1000.0,0.850,0.026176
1000.0,0.850,0.022852
1000.0,0.850,-0.068835
1000.0,0.850,-0.017260
1000.0,0.850,-0.033959
1000.0,0.850,-0.018287
1000.0,0.850,0.011216
1000.0,0.850,0.036234
1000.0,0.850,0.016539
1000.0,0.850,0.004639
1000.0,0.850,0.022604
1000.0,0.850,0.001297
1000.0,0.850,0.053633
1000.0,0.850,-0.045374
1000.0,0.850,0.109196
1000.0,0.850,0.041082
1000.0,0.850,0.008983
1000.0,0.850,0.009714
1000.0,0.850,0.058626
1000.0,0.850,0.011367
1000.0,0.850,-0.003131
1000.0,0.850,0.008206
1000.0,0.850,-0.005972
1000.0,0.850,0.022049
1000.0,0.850,-0.064309
1000.0,0.850,0.037752
1000.0,0.850,-0.022735
1000.0,0.850,0.065760
1000.0,0.850,0.030461
1000.0,0.850,-0.038334
1000.0,0.850,0.015399
1000.0,0.850,0.043740
1000.0,0.850,0.030029
1000.0,0.850,0.019881
1000.0,0.850,0.015004
1000.0,0.850,0.025001
1000.0,0.850,0.004182
1000.0,0.903,-0.021395
1000.0,0.903,0.012323
1000.0,0.903,-0.032195
1000.0,0.903,0.074751
1000.0,0.903,-0.002299
1000.0,0.903,0.009587
1000.0,0.903,0.013384
1000.0,0.903,0.004609
1000.0,0.903,0.042890
1000.0,0.903,0.013569
1000.0,0.903,0.115905
1000.0,0.903,0.010173
1000.0,0.903,-0.011167
1000.0,0.903,0.050111
1000.0,0.903,-0.052655
1000.0,0.903,-0.044666
1000.0,0.903,0.007938
1000.0,0.903,-0.037803
1000.0,0.903,-0.023680
1000.0,0.903,-0.060393
1000.0,0.903,0.001302
1000.0,0.903,0.002297
1000.0,0.903,0.015450
1000.0,0.903,0.030709
1000.0,0.903,0.129933
1000.0,0.903,-0.019308
1000.0,0.903,-0.024421
1000.0,0.903,0.008625
1000.0,0.903,-0.001647
1000.0,0.903,0.049445
1000.0,0.903,0.043507
1000.0,0.903,0.030741
1000.0,0.903,0.066765
1000.0,0.903,-0.039386
1000.0,0.903,0.007359
1000.0,0.903,-0.028739
1000.0,0.903,0.017280
1000.0,0.903,0.097391
1000.0,0.903,0.009828
1000.0,0.903,-0.006894
1000.0,0.903,-0.019757
1000.0,0.903,0.044235
1000.0,0.903,-0.037859
1000.0,0.903,-0.050912
1000.0,0.903,0.029518
1000.0,0.903,0.057058
1000.0,0.903,-0.032089
1000.0,0.903,0.041429
1000.0,0.903,0.036465
1000.0,0.903,0.040249
1000.0,0.903,-0.031683
1000.0,0.903,0.019215
1000.0,0.903,-0.054754
1000.0,0.903,-0.042335
1000.0,0.903,0.060050
1000.0,0.903,-0.057135
1000.0,0.903,-0.031809
1000.0,0.903,0.086285
1000.0,0.903,0.023355
1000.0,0.903,0.028270
1000.0,0.903,-0.000863
1000.0,0.903,-0.039132
1000.0,0.903,-0.012356
1000.0,0.903,0.107666
1000.0,0.903,0.005386
1000.0,0.903,-0.055781
1000.0,0.903,0.057971
1000.0,0.903,-0.023524
1000.0,0.903,0.000833
1000.0,0.903,-0.001721
1000.0,0.903,0.071088
1000.0,0.903,0.015799
1000.0,0.903,0.053926
1000.0,0.903,0.034184
1000.0,0.903,-0.020546
1000.0,0.903,0.033793
1000.0,0.903,0.001588
1000.0,0.903,0.132206
1000.0,0.903,0.039096
1000.0,0.903,-0.075775
1000.0,0.903,0.020348
1000.0,0.903,0.052812
1000.0,0.903,0.013240
1000.0,0.903,0.005223
1000.0,0.903,0.045644
1000.0,0.903,-0.105431
1000.0,0.903,0.016218
1000.0,0.903,-0.103283
1000.0,0.903,0.005161
1000.0,0.903,-0.057352
1000.0,0.903,0.041944
1000.0,0.903,0.062169
1000.0,0.903,0.010357
1000.0,0.903,-0.027581
1000.0,0.903,0.106660
1000.0,0.903,0.012569
1000.0,0.903,0.015339
1000.0,0.903,0.035458
1000.0,0.903,0.004847
1000.0,0.903,-0.035609
1000.0,0.950,-0.007605
1000.0,0.950,-0.033369
1000.0,0.950,-0.002706
1000.0,0.950,0.067612
1000.0,0.950,0.018759
1000.0,0.950,0.007565
1000.0,0.950,0.026604
1000.0,0.950,0.029018
1000.0,0.950,0.043975
1000.0,0.950,-0.023015
1000.0,0.950,0.117308
1000.0,0.950,0.016605
1000.0,0.950,0.034226
1000.0,0.950,-0.000761
1000.0,0.950,-0.075457
1000.0,0.950,-0.043780
1000.0,0.950,0.055688
1000.0,0.950,-0.035280
1000.0,0.950,0.010072
1000.0,0.950,-0.079132
1000.0,0.950,-0.004916
1000.0,0.950,0.025792
1000.0,0.950,-0.020803
1000.0,0.950,0.066614
1000.0,0.950,0.149988
1000.0,0.950,0.038363
1000.0,0.950,0.020205
1000.0,0.950,0.002098
1000.0,0.950,0.036764
1000.0,0.950,0.036525
1000.0,0.950,-0.010328
1000.0,0.950,-0.021673
1000.0,0.950,0.024730
1000.0,0.950,-0.084329
1000.0,0.950,0.005780
1000.0,0.950,-0.011556
1000.0,0.950,0.024304
1000.0,0.950,0.091808
1000.0,0.950,0.018911
1000.0,0.950,0.049832
1000.0,0.950,-0.082608
1000.0,0.950,0.014637
1000.0,0.950,-0.057001
1000.0,0.950,-0.050132
1000.0,0.950,0.089186
1000.0,0.950,0.088588
1000.0,0.950,0.027131
1000.0,0.950,0.037304
1000.0,0.950,0.098597
1000.0,0.950,0.065282
1000.0,0.950,0.022236
1000.0,0.950,0.024455
1000.0,0.950,0.015675
1000.0,0.950,-0.064137
1000.0,0.950,0.075404
1000.0,0.950,-0.008139
1000.0,0.950,-0.012389
1000.0,0.950,0.108973
1000.0,0.950,0.023441
1000.0,0.950,0.016215
1000.0,0.950,0.037962
1000.0,0.950,0.012434
1000.0,0.950,-0.011787
1000.0,0.950,0.160219
1000.0,0.950,0.036302
1000.0,0.950,-0.035916
1000.0,0.950,0.061060
1000.0,0.950,-0.035149
1000.0,0.950,-0.034680
1000.0,0.950,0.014835
1000.0,0.950,0.058826
1000.0,0.950,0.020656
1000.0,0.950,-0.000078
1000.0,0.950,0.048462
1000.0,0.950,0.023901
1000.0,0.950,0.084975
1000.0,0.950,0.033959
1000.0,0.950,0.153554
1000.0,0.950,0.070315
1000.0,0.950,-0.030426
1000.0,0.950,0.058727
1000.0,0.950,0.073729
1000.0,0.950,0.001405
1000.0,0.950,-0.008100
1000.0,0.950,0.085612
1000.0,0.950,-0.119630
1000.0,0.950,0.000096
1000.0,0.950,-0.102767
1000.0,0.950,0.069392
1000.0,0.950,-0.029738
1000.0,0.950,-0.013240
1000.0,0.950,0.154372
1000.0,0.950,0.052652
1000.0,0.950,0.014115
1000.0,0.950,0.161859
1000.0,0.950,-0.015369
1000.0,0.950,0.019766
1000.0,0.950,-0.033509
1000.0,0.950,-0.008844
1000.0,0.950,-0.024838
