final,best,alpha
-497.58856201171875,-731.194580078125,97
